2024-07-18T20:52:08.426-0300 [DEBUG] [org.gradle.launcher.daemon.bootstrap.DaemonMain] Assuming the daemon was started with following jvm opts: [--add-opens, java.base/java.util=ALL-UNNAMED, --add-opens, java.base/java.lang=ALL-UNNAMED, --add-opens, java.base/java.lang.invoke=ALL-UNNAMED, --add-opens, java.base/java.util=ALL-UNNAMED, --add-opens, java.prefs/java.util.prefs=ALL-UNNAMED, --add-opens, java.prefs/java.util.prefs=ALL-UNNAMED, --add-opens, java.base/java.nio.charset=ALL-UNNAMED, --add-opens, java.base/java.net=ALL-UNNAMED, --add-opens, java.base/java.util.concurrent.atomic=ALL-UNNAMED, -Xms128m, -Xmx1500m, -Dfile.encoding=UTF-8, -Duser.country=AR, -Duser.language=es, -Duser.variant]
2024-07-18T20:52:08.876-0300 [INFO] [org.gradle.launcher.daemon.server.Daemon] start() called on daemon - DefaultDaemonContext[uid=3c14c30f-4414-4328-8357-947247f96d09,javaHome=/home/adolfo/android-studio/jbr,daemonRegistryDir=/home/adolfo/Proyectos_Android_Studio/vaczine/daemon,pid=4271,idleTimeout=10800000,priority=NORMAL,daemonOpts=--add-opens,java.base/java.util=ALL-UNNAMED,--add-opens,java.base/java.lang=ALL-UNNAMED,--add-opens,java.base/java.lang.invoke=ALL-UNNAMED,--add-opens,java.base/java.util=ALL-UNNAMED,--add-opens,java.prefs/java.util.prefs=ALL-UNNAMED,--add-opens,java.prefs/java.util.prefs=ALL-UNNAMED,--add-opens,java.base/java.nio.charset=ALL-UNNAMED,--add-opens,java.base/java.net=ALL-UNNAMED,--add-opens,java.base/java.util.concurrent.atomic=ALL-UNNAMED,-Xms128m,-Xmx1500m,-Dfile.encoding=UTF-8,-Duser.country=AR,-Duser.language=es,-Duser.variant]
2024-07-18T20:52:08.983-0300 [DEBUG] [org.gradle.internal.remote.internal.inet.InetAddresses] Adding IP addresses for network interface wlp1s0
2024-07-18T20:52:08.984-0300 [DEBUG] [org.gradle.internal.remote.internal.inet.InetAddresses] Is this a loopback interface? false
2024-07-18T20:52:08.984-0300 [DEBUG] [org.gradle.internal.remote.internal.inet.InetAddresses] Adding remote address /fe80:0:0:0:5075:e910:2b18:2184%wlp1s0
2024-07-18T20:52:08.985-0300 [DEBUG] [org.gradle.internal.remote.internal.inet.InetAddresses] Adding remote address /192.168.1.108
2024-07-18T20:52:08.985-0300 [DEBUG] [org.gradle.internal.remote.internal.inet.InetAddresses] Adding IP addresses for network interface lo
2024-07-18T20:52:08.987-0300 [DEBUG] [org.gradle.internal.remote.internal.inet.InetAddresses] Is this a loopback interface? true
2024-07-18T20:52:08.987-0300 [DEBUG] [org.gradle.internal.remote.internal.inet.InetAddresses] Adding loopback address /0:0:0:0:0:0:0:1%lo
2024-07-18T20:52:08.988-0300 [DEBUG] [org.gradle.internal.remote.internal.inet.InetAddresses] Adding loopback address /127.0.0.1
2024-07-18T20:52:08.991-0300 [DEBUG] [org.gradle.internal.remote.internal.inet.TcpIncomingConnector] Listening on [22b18c51-9e7a-4980-96a0-27fd0824cfad port:42581, addresses:[localhost/127.0.0.1]].
2024-07-18T20:52:09.002-0300 [DEBUG] [org.gradle.launcher.daemon.server.Daemon] Daemon starting at: Thu Jul 18 20:52:08 ART 2024, with address: [22b18c51-9e7a-4980-96a0-27fd0824cfad port:42581, addresses:[localhost/127.0.0.1]]
2024-07-18T20:52:09.002-0300 [INFO] [org.gradle.launcher.daemon.server.DaemonRegistryUpdater] Advertising the daemon address to the clients: [22b18c51-9e7a-4980-96a0-27fd0824cfad port:42581, addresses:[localhost/127.0.0.1]]
2024-07-18T20:52:09.003-0300 [DEBUG] [org.gradle.launcher.daemon.server.DaemonRegistryUpdater] Advertised daemon context: DefaultDaemonContext[uid=3c14c30f-4414-4328-8357-947247f96d09,javaHome=/home/adolfo/android-studio/jbr,daemonRegistryDir=/home/adolfo/Proyectos_Android_Studio/vaczine/daemon,pid=4271,idleTimeout=10800000,priority=NORMAL,daemonOpts=--add-opens,java.base/java.util=ALL-UNNAMED,--add-opens,java.base/java.lang=ALL-UNNAMED,--add-opens,java.base/java.lang.invoke=ALL-UNNAMED,--add-opens,java.base/java.util=ALL-UNNAMED,--add-opens,java.prefs/java.util.prefs=ALL-UNNAMED,--add-opens,java.prefs/java.util.prefs=ALL-UNNAMED,--add-opens,java.base/java.nio.charset=ALL-UNNAMED,--add-opens,java.base/java.net=ALL-UNNAMED,--add-opens,java.base/java.util.concurrent.atomic=ALL-UNNAMED,-Xms128m,-Xmx1500m,-Dfile.encoding=UTF-8,-Duser.country=AR,-Duser.language=es,-Duser.variant]
2024-07-18T20:52:09.004-0300 [DEBUG] [org.gradle.launcher.daemon.registry.PersistentDaemonRegistry] Storing daemon address: [22b18c51-9e7a-4980-96a0-27fd0824cfad port:42581, addresses:[localhost/127.0.0.1]], context: DefaultDaemonContext[uid=3c14c30f-4414-4328-8357-947247f96d09,javaHome=/home/adolfo/android-studio/jbr,daemonRegistryDir=/home/adolfo/Proyectos_Android_Studio/vaczine/daemon,pid=4271,idleTimeout=10800000,priority=NORMAL,daemonOpts=--add-opens,java.base/java.util=ALL-UNNAMED,--add-opens,java.base/java.lang=ALL-UNNAMED,--add-opens,java.base/java.lang.invoke=ALL-UNNAMED,--add-opens,java.base/java.util=ALL-UNNAMED,--add-opens,java.prefs/java.util.prefs=ALL-UNNAMED,--add-opens,java.prefs/java.util.prefs=ALL-UNNAMED,--add-opens,java.base/java.nio.charset=ALL-UNNAMED,--add-opens,java.base/java.net=ALL-UNNAMED,--add-opens,java.base/java.util.concurrent.atomic=ALL-UNNAMED,-Xms128m,-Xmx1500m,-Dfile.encoding=UTF-8,-Duser.country=AR,-Duser.language=es,-Duser.variant]
2024-07-18T20:52:09.038-0300 [DEBUG] [org.gradle.cache.internal.DefaultFileLockManager] Waiting to acquire exclusive lock on daemon addresses registry.
2024-07-18T20:52:09.058-0300 [DEBUG] [org.gradle.cache.internal.DefaultFileLockManager] Lock acquired on daemon addresses registry.
2024-07-18T20:52:09.068-0300 [DEBUG] [org.gradle.cache.internal.DefaultFileLockManager] Releasing lock on daemon addresses registry.
2024-07-18T20:52:09.069-0300 [LIFECYCLE] [org.gradle.launcher.daemon.server.Daemon] Daemon server started.
2024-07-18T20:52:09.073-0300 [DEBUG] [org.gradle.launcher.daemon.bootstrap.DaemonStartupCommunication] Completed writing the daemon greeting. Closing streams...
2024-07-18T20:52:09.082-0300 [DEBUG] [org.gradle.launcher.daemon.server.Daemon] stopOnExpiration() called on daemon
2024-07-18T20:52:09.084-0300 [DEBUG] [org.gradle.launcher.daemon.server.Daemon] awaitExpiration() called on daemon
2024-07-18T20:52:09.085-0300 [DEBUG] [org.gradle.launcher.daemon.server.DaemonStateCoordinator] daemon is running. Sleeping until state changes.
2024-07-18T20:52:09.087-0300 [DEBUG] [org.gradle.internal.remote.internal.inet.TcpIncomingConnector] Accepted connection from /127.0.0.1:43040 to /127.0.0.1:42581.
2024-07-18T20:52:09.149-0300 [DEBUG] [org.gradle.launcher.daemon.server.SynchronizedDispatchConnection] thread 21: received class org.gradle.launcher.daemon.protocol.Build
2024-07-18T20:52:09.149-0300 [DEBUG] [org.gradle.launcher.daemon.server.DefaultDaemonConnection] thread 21: Received non-IO message from client: Build{id=07657215-900b-4fa5-b5ba-2c2832c32fa5, currentDir=/home/adolfo/Proyectos_Android_Studio/mozaikos_little}
2024-07-18T20:52:09.150-0300 [INFO] [org.gradle.launcher.daemon.server.DefaultIncomingConnectionHandler] Received command: Build{id=07657215-900b-4fa5-b5ba-2c2832c32fa5, currentDir=/home/adolfo/Proyectos_Android_Studio/mozaikos_little}.
2024-07-18T20:52:09.150-0300 [DEBUG] [org.gradle.launcher.daemon.server.DefaultIncomingConnectionHandler] Starting executing command: Build{id=07657215-900b-4fa5-b5ba-2c2832c32fa5, currentDir=/home/adolfo/Proyectos_Android_Studio/mozaikos_little} with connection: socket connection from /127.0.0.1:42581 to /127.0.0.1:43040.
2024-07-18T20:52:09.153-0300 [DEBUG] [org.gradle.launcher.daemon.server.DaemonStateCoordinator] Command execution: started DaemonCommandExecution[command = Build{id=07657215-900b-4fa5-b5ba-2c2832c32fa5, currentDir=/home/adolfo/Proyectos_Android_Studio/mozaikos_little}, connection = DefaultDaemonConnection: socket connection from /127.0.0.1:42581 to /127.0.0.1:43040] after 0.0 minutes of idle
2024-07-18T20:52:09.153-0300 [INFO] [org.gradle.launcher.daemon.server.DaemonRegistryUpdater] Marking the daemon as busy, address: [22b18c51-9e7a-4980-96a0-27fd0824cfad port:42581, addresses:[localhost/127.0.0.1]]
2024-07-18T20:52:09.154-0300 [DEBUG] [org.gradle.launcher.daemon.registry.PersistentDaemonRegistry] Marking busy by address: [22b18c51-9e7a-4980-96a0-27fd0824cfad port:42581, addresses:[localhost/127.0.0.1]]
2024-07-18T20:52:09.155-0300 [DEBUG] [org.gradle.cache.internal.DefaultFileLockManager] Waiting to acquire exclusive lock on daemon addresses registry.
2024-07-18T20:52:09.155-0300 [DEBUG] [org.gradle.cache.internal.DefaultFileLockManager] Lock acquired on daemon addresses registry.
2024-07-18T20:52:09.156-0300 [DEBUG] [org.gradle.cache.internal.DefaultFileLockManager] Releasing lock on daemon addresses registry.
2024-07-18T20:52:09.157-0300 [DEBUG] [org.gradle.launcher.daemon.server.DaemonStateCoordinator] resetting idle timer
2024-07-18T20:52:09.157-0300 [DEBUG] [org.gradle.launcher.daemon.server.DaemonStateCoordinator] daemon is running. Sleeping until state changes.
2024-07-18T20:52:09.158-0300 [INFO] [org.gradle.launcher.daemon.server.exec.StartBuildOrRespondWithBusy] Daemon is about to start building Build{id=07657215-900b-4fa5-b5ba-2c2832c32fa5, currentDir=/home/adolfo/Proyectos_Android_Studio/mozaikos_little}. Dispatching build started information...
2024-07-18T20:52:09.159-0300 [DEBUG] [org.gradle.launcher.daemon.server.SynchronizedDispatchConnection] thread 23: dispatching org.gradle.launcher.daemon.protocol.BuildStarted@51a8f8ed
2024-07-18T20:52:09.161-0300 [DEBUG] [org.gradle.launcher.daemon.server.exec.EstablishBuildEnvironment] Configuring env variables: [PATH, INVOCATION_ID, XAUTHORITY, XMODIFIERS, GDMSESSION, XDG_DATA_DIRS, QT_IM_MODULE, XDG_CONFIG_DIRS, LANG, DBUS_SESSION_BUS_ADDRESS, XDG_SESSION_TYPE, XDG_CURRENT_DESKTOP, JOURNAL_STREAM, DISPLAY, WAYLAND_DISPLAY, USERNAME, SESSION_MANAGER, LOGNAME, PWD, MANAGERPID, IM_CONFIG_PHASE, _, XDG_SESSION_CLASS, LANGUAGE, GJS_DEBUG_TOPICS, SHELL, GIO_LAUNCHED_DESKTOP_FILE, DESKTOP_SESSION, USER, XDG_MENU_PREFIX, GIO_LAUNCHED_DESKTOP_FILE_PID, QT_ACCESSIBILITY, GJS_DEBUG_OUTPUT, GNOME_DESKTOP_SESSION_ID, GTK_MODULES, SSH_AUTH_SOCK, GNOME_SHELL_SESSION_MODE, SYSTEMD_EXEC_PID, GNOME_SETUP_DISPLAY, XDG_RUNTIME_DIR, XDG_SESSION_DESKTOP, SSH_AGENT_LAUNCHER, SHLVL, HOME]
2024-07-18T20:52:09.164-0300 [DEBUG] [org.gradle.launcher.daemon.server.SynchronizedDispatchConnection] thread 21: received class org.gradle.launcher.daemon.protocol.CloseInput
2024-07-18T20:52:09.165-0300 [DEBUG] [org.gradle.launcher.daemon.server.DefaultDaemonConnection] thread 21: Received IO message from client: org.gradle.launcher.daemon.protocol.CloseInput@75519be5
2024-07-18T20:52:09.166-0300 [DEBUG] [org.gradle.launcher.daemon.server.exec.LogToClient] About to start relaying all logs to the client via the connection.
2024-07-18T20:52:09.166-0300 [INFO] [org.gradle.launcher.daemon.server.exec.LogToClient] The client will now receive all logging from the daemon (pid: 4271). The daemon log file: /home/adolfo/Proyectos_Android_Studio/vaczine/daemon/7.5.1/daemon-4271.out.log
2024-07-18T20:52:09.171-0300 [INFO] [org.gradle.launcher.daemon.server.exec.LogAndCheckHealth] Starting build in new daemon [memory: 1.4 GiB]
2024-07-18T20:52:09.173-0300 [INFO] [org.gradle.launcher.daemon.server.exec.ForwardClientInput] Closing daemon's stdin at end of input.
2024-07-18T20:52:09.173-0300 [INFO] [org.gradle.launcher.daemon.server.exec.ForwardClientInput] The daemon will no longer process any standard input.
2024-07-18T20:52:09.183-0300 [DEBUG] [org.gradle.launcher.daemon.server.exec.ExecuteBuild] The daemon has started executing the build.
2024-07-18T20:52:09.183-0300 [DEBUG] [org.gradle.launcher.daemon.server.exec.ExecuteBuild] Executing build with daemon context: DefaultDaemonContext[uid=3c14c30f-4414-4328-8357-947247f96d09,javaHome=/home/adolfo/android-studio/jbr,daemonRegistryDir=/home/adolfo/Proyectos_Android_Studio/vaczine/daemon,pid=4271,idleTimeout=10800000,priority=NORMAL,daemonOpts=--add-opens,java.base/java.util=ALL-UNNAMED,--add-opens,java.base/java.lang=ALL-UNNAMED,--add-opens,java.base/java.lang.invoke=ALL-UNNAMED,--add-opens,java.base/java.util=ALL-UNNAMED,--add-opens,java.prefs/java.util.prefs=ALL-UNNAMED,--add-opens,java.prefs/java.util.prefs=ALL-UNNAMED,--add-opens,java.base/java.nio.charset=ALL-UNNAMED,--add-opens,java.base/java.net=ALL-UNNAMED,--add-opens,java.base/java.util.concurrent.atomic=ALL-UNNAMED,-Xms128m,-Xmx1500m,-Dfile.encoding=UTF-8,-Duser.country=AR,-Duser.language=es,-Duser.variant]
Warning: Mapping new ns http://schemas.android.com/repository/android/common/02 to old ns http://schemas.android.com/repository/android/common/01
Warning: Mapping new ns http://schemas.android.com/repository/android/generic/02 to old ns http://schemas.android.com/repository/android/generic/01
Warning: Mapping new ns http://schemas.android.com/sdk/android/repo/addon2/02 to old ns http://schemas.android.com/sdk/android/repo/addon2/01
Warning: Mapping new ns http://schemas.android.com/sdk/android/repo/addon2/03 to old ns http://schemas.android.com/sdk/android/repo/addon2/01
Warning: Mapping new ns http://schemas.android.com/sdk/android/repo/repository2/02 to old ns http://schemas.android.com/sdk/android/repo/repository2/01
Warning: Mapping new ns http://schemas.android.com/sdk/android/repo/repository2/03 to old ns http://schemas.android.com/sdk/android/repo/repository2/01
Warning: Mapping new ns http://schemas.android.com/sdk/android/repo/sys-img2/03 to old ns http://schemas.android.com/sdk/android/repo/sys-img2/01
Warning: Mapping new ns http://schemas.android.com/sdk/android/repo/sys-img2/02 to old ns http://schemas.android.com/sdk/android/repo/sys-img2/01
Warning: elemento inesperado (URI:"", local:"extension-level"). Los elementos esperados son <{}codename>,<{}layoutlib>,<{}api-level>
Warning: elemento inesperado (URI:"", local:"base-extension"). Los elementos esperados son <{}codename>,<{}layoutlib>,<{}api-level>
warning: [options] source value 7 is obsolete and will be removed in a future release
warning: [options] target value 7 is obsolete and will be removed in a future release
warning: [options] To suppress warnings about obsolete options, use -Xlint:-options.
3 warnings
AGPBI: {"kind":"warning","text":"An API level of 34 is not supported by this compiler. Please use an API level of 30 or earlier","sources":[{}],"tool":"D8"}
Note: /home/adolfo/Proyectos_Android_Studio/mozaikos_little/android/src/com/mkosl/AndroidLauncher.java uses or overrides a deprecated API.
Note: Recompile with -Xlint:deprecation for details.
AGPBI: {"kind":"warning","text":"An API level of 34 is not supported by this compiler. Please use an API level of 30 or earlier","sources":[{}],"tool":"D8"}
AGPBI: {"kind":"warning","text":"An API level of 34 is not supported by this compiler. Please use an API level of 30 or earlier","sources":[{}],"tool":"D8"}
AGPBI: {"kind":"warning","text":"An API level of 34 is not supported by this compiler. Please use an API level of 30 or earlier","sources":[{}],"tool":"D8"}
AGPBI: {"kind":"warning","text":"An API level of 34 is not supported by this compiler. Please use an API level of 30 or earlier","sources":[{}],"tool":"D8"}
AGPBI: {"kind":"warning","text":"An API level of 34 is not supported by this compiler. Please use an API level of 30 or earlier","sources":[{}],"tool":"D8"}
AGPBI: {"kind":"warning","text":"An API level of 34 is not supported by this compiler. Please use an API level of 30 or earlier","sources":[{}],"tool":"D8"}
AGPBI: {"kind":"warning","text":"An API level of 34 is not supported by this compiler. Please use an API level of 30 or earlier","sources":[{}],"tool":"D8"}
AGPBI: {"kind":"warning","text":"An API level of 34 is not supported by this compiler. Please use an API level of 30 or earlier","sources":[{}],"tool":"D8"}

Deprecated Gradle features were used in this build, making it incompatible with Gradle 8.0.

You can use '--warning-mode all' to show the individual deprecation warnings and determine if they come from your own scripts or plugins.

See https://docs.gradle.org/7.5.1/userguide/command_line_interface.html#sec:command_line_warnings

BUILD SUCCESSFUL in 27s
33 actionable tasks: 10 executed, 23 up-to-date
2024-07-18T20:52:30.974-0300 [DEBUG] [org.gradle.launcher.daemon.server.exec.ExecuteBuild] The daemon has finished executing the build.
2024-07-18T20:52:30.984-0300 [DEBUG] [org.gradle.launcher.daemon.server.DaemonStateCoordinator] daemon is running. Sleeping until state changes.
2024-07-18T20:52:30.985-0300 [DEBUG] [org.gradle.launcher.daemon.server.DaemonStateCoordinator] Command execution: finished waiting for DaemonCommandExecution[command = Build{id=07657215-900b-4fa5-b5ba-2c2832c32fa5, currentDir=/home/adolfo/Proyectos_Android_Studio/mozaikos_little}, connection = DefaultDaemonConnection: socket connection from /127.0.0.1:42581 to /127.0.0.1:43040]. Result org.gradle.launcher.daemon.server.DaemonStateCoordinator@73dd5ce9 with state Busy
2024-07-18T20:52:30.985-0300 [DEBUG] [org.gradle.launcher.daemon.server.DaemonStateCoordinator] Command execution: completed DaemonCommandExecution[command = Build{id=07657215-900b-4fa5-b5ba-2c2832c32fa5, currentDir=/home/adolfo/Proyectos_Android_Studio/mozaikos_little}, connection = DefaultDaemonConnection: socket connection from /127.0.0.1:42581 to /127.0.0.1:43040]
2024-07-18T20:52:30.985-0300 [DEBUG] [org.gradle.launcher.daemon.server.DaemonStateCoordinator] resetting idle timer
2024-07-18T20:52:30.985-0300 [INFO] [org.gradle.launcher.daemon.server.DaemonRegistryUpdater] Marking the daemon as idle, address: [22b18c51-9e7a-4980-96a0-27fd0824cfad port:42581, addresses:[localhost/127.0.0.1]]
2024-07-18T20:52:30.985-0300 [DEBUG] [org.gradle.launcher.daemon.registry.PersistentDaemonRegistry] Marking busy by address: [22b18c51-9e7a-4980-96a0-27fd0824cfad port:42581, addresses:[localhost/127.0.0.1]]
2024-07-18T20:52:30.986-0300 [DEBUG] [org.gradle.cache.internal.DefaultFileLockManager] Waiting to acquire exclusive lock on daemon addresses registry.
2024-07-18T20:52:30.986-0300 [DEBUG] [org.gradle.cache.internal.DefaultFileLockManager] Lock acquired on daemon addresses registry.
2024-07-18T20:52:30.987-0300 [DEBUG] [org.gradle.cache.internal.DefaultFileLockManager] Releasing lock on daemon addresses registry.
2024-07-18T20:52:30.988-0300 [DEBUG] [org.gradle.launcher.daemon.server.DaemonStateCoordinator] daemon is running. Sleeping until state changes.
2024-07-18T20:52:30.988-0300 [DEBUG] [org.gradle.launcher.daemon.server.exec.ReturnResult] Daemon is dispatching the build result: Success[value=org.gradle.launcher.exec.BuildActionResult@3a683d1f]
2024-07-18T20:52:30.988-0300 [DEBUG] [org.gradle.launcher.daemon.server.SynchronizedDispatchConnection] thread 20: dispatching Success[value=org.gradle.launcher.exec.BuildActionResult@3a683d1f]
2024-07-18T20:52:30.989-0300 [DEBUG] [org.gradle.launcher.daemon.server.DefaultIncomingConnectionHandler] Finishing executing command: Build{id=07657215-900b-4fa5-b5ba-2c2832c32fa5, currentDir=/home/adolfo/Proyectos_Android_Studio/mozaikos_little}
2024-07-18T20:52:30.990-0300 [DEBUG] [org.gradle.launcher.daemon.server.SynchronizedDispatchConnection] thread 21: received class org.gradle.launcher.daemon.protocol.Finished
2024-07-18T20:52:30.991-0300 [DEBUG] [org.gradle.launcher.daemon.server.DefaultDaemonConnection] thread 21: Received non-IO message from client: org.gradle.launcher.daemon.protocol.Finished@77d2e9cf
2024-07-18T20:52:30.991-0300 [DEBUG] [org.gradle.launcher.daemon.server.DefaultIncomingConnectionHandler] Received finished message: org.gradle.launcher.daemon.protocol.Finished@77d2e9cf
2024-07-18T20:52:30.991-0300 [DEBUG] [org.gradle.launcher.daemon.server.SynchronizedDispatchConnection] thread 20: stopping connection
2024-07-18T20:52:30.991-0300 [DEBUG] [org.gradle.internal.remote.internal.inet.SocketConnection] Discarding EOFException: java.io.EOFException
2024-07-18T20:52:30.992-0300 [DEBUG] [org.gradle.launcher.daemon.server.SynchronizedDispatchConnection] thread 21: received null
2024-07-18T20:52:30.992-0300 [DEBUG] [org.gradle.launcher.daemon.server.DefaultDaemonConnection] thread 21: Received end-of-input from client.
2024-07-18T20:52:30.993-0300 [DEBUG] [org.gradle.launcher.daemon.server.SynchronizedDispatchConnection] thread 20: stopping connection
2024-07-18T20:52:39.084-0300 [DEBUG] [org.gradle.cache.internal.DefaultFileLockManager] Waiting to acquire shared lock on daemon addresses registry.
2024-07-18T20:52:39.084-0300 [DEBUG] [org.gradle.cache.internal.DefaultFileLockManager] Lock acquired on daemon addresses registry.
2024-07-18T20:52:39.085-0300 [DEBUG] [org.gradle.cache.internal.DefaultFileLockManager] Releasing lock on daemon addresses registry.
2024-07-18T20:52:39.085-0300 [DEBUG] [org.gradle.cache.internal.DefaultFileLockManager] Waiting to acquire shared lock on daemon addresses registry.
2024-07-18T20:52:39.085-0300 [DEBUG] [org.gradle.cache.internal.DefaultFileLockManager] Lock acquired on daemon addresses registry.
2024-07-18T20:52:39.086-0300 [DEBUG] [org.gradle.cache.internal.DefaultFileLockManager] Releasing lock on daemon addresses registry.
2024-07-18T20:52:49.084-0300 [DEBUG] [org.gradle.cache.internal.DefaultFileLockManager] Waiting to acquire shared lock on daemon addresses registry.
2024-07-18T20:52:49.084-0300 [DEBUG] [org.gradle.cache.internal.DefaultFileLockManager] Lock acquired on daemon addresses registry.
2024-07-18T20:52:49.084-0300 [DEBUG] [org.gradle.cache.internal.DefaultFileLockManager] Releasing lock on daemon addresses registry.
2024-07-18T20:52:49.085-0300 [DEBUG] [org.gradle.cache.internal.DefaultFileLockManager] Waiting to acquire shared lock on daemon addresses registry.
2024-07-18T20:52:49.085-0300 [DEBUG] [org.gradle.cache.internal.DefaultFileLockManager] Lock acquired on daemon addresses registry.
2024-07-18T20:52:49.086-0300 [DEBUG] [org.gradle.cache.internal.DefaultFileLockManager] Releasing lock on daemon addresses registry.
2024-07-18T20:52:49.086-0300 [DEBUG] [org.gradle.cache.internal.DefaultFileLockManager] Waiting to acquire shared lock on daemon addresses registry.
2024-07-18T20:52:49.086-0300 [DEBUG] [org.gradle.cache.internal.DefaultFileLockManager] Lock acquired on daemon addresses registry.
2024-07-18T20:52:49.086-0300 [DEBUG] [org.gradle.cache.internal.DefaultFileLockManager] Releasing lock on daemon addresses registry.
2024-07-18T20:52:59.084-0300 [DEBUG] [org.gradle.cache.internal.DefaultFileLockManager] Waiting to acquire shared lock on daemon addresses registry.
2024-07-18T20:52:59.085-0300 [DEBUG] [org.gradle.cache.internal.DefaultFileLockManager] Lock acquired on daemon addresses registry.
2024-07-18T20:52:59.085-0300 [DEBUG] [org.gradle.cache.internal.DefaultFileLockManager] Releasing lock on daemon addresses registry.
2024-07-18T20:52:59.086-0300 [DEBUG] [org.gradle.cache.internal.DefaultFileLockManager] Waiting to acquire shared lock on daemon addresses registry.
2024-07-18T20:52:59.086-0300 [DEBUG] [org.gradle.cache.internal.DefaultFileLockManager] Lock acquired on daemon addresses registry.
2024-07-18T20:52:59.086-0300 [DEBUG] [org.gradle.cache.internal.DefaultFileLockManager] Releasing lock on daemon addresses registry.
2024-07-18T20:52:59.086-0300 [DEBUG] [org.gradle.cache.internal.DefaultFileLockManager] Waiting to acquire shared lock on daemon addresses registry.
2024-07-18T20:52:59.086-0300 [DEBUG] [org.gradle.cache.internal.DefaultFileLockManager] Lock acquired on daemon addresses registry.
2024-07-18T20:52:59.087-0300 [DEBUG] [org.gradle.cache.internal.DefaultFileLockManager] Releasing lock on daemon addresses registry.
2024-07-18T20:53:09.084-0300 [DEBUG] [org.gradle.cache.internal.DefaultFileLockManager] Waiting to acquire shared lock on daemon addresses registry.
2024-07-18T20:53:09.084-0300 [DEBUG] [org.gradle.cache.internal.DefaultFileLockManager] Lock acquired on daemon addresses registry.
2024-07-18T20:53:09.084-0300 [DEBUG] [org.gradle.cache.internal.DefaultFileLockManager] Releasing lock on daemon addresses registry.
2024-07-18T20:53:09.085-0300 [DEBUG] [org.gradle.cache.internal.DefaultFileLockManager] Waiting to acquire shared lock on daemon addresses registry.
2024-07-18T20:53:09.085-0300 [DEBUG] [org.gradle.cache.internal.DefaultFileLockManager] Lock acquired on daemon addresses registry.
2024-07-18T20:53:09.085-0300 [DEBUG] [org.gradle.cache.internal.DefaultFileLockManager] Releasing lock on daemon addresses registry.
2024-07-18T20:53:09.086-0300 [DEBUG] [org.gradle.cache.internal.DefaultFileLockManager] Waiting to acquire shared lock on daemon addresses registry.
2024-07-18T20:53:09.086-0300 [DEBUG] [org.gradle.cache.internal.DefaultFileLockManager] Lock acquired on daemon addresses registry.
2024-07-18T20:53:09.086-0300 [DEBUG] [org.gradle.cache.internal.DefaultFileLockManager] Releasing lock on daemon addresses registry.
2024-07-18T20:53:19.084-0300 [DEBUG] [org.gradle.cache.internal.DefaultFileLockManager] Waiting to acquire shared lock on daemon addresses registry.
2024-07-18T20:53:19.085-0300 [DEBUG] [org.gradle.cache.internal.DefaultFileLockManager] Lock acquired on daemon addresses registry.
2024-07-18T20:53:19.085-0300 [DEBUG] [org.gradle.cache.internal.DefaultFileLockManager] Releasing lock on daemon addresses registry.
2024-07-18T20:53:19.085-0300 [DEBUG] [org.gradle.cache.internal.DefaultFileLockManager] Waiting to acquire shared lock on daemon addresses registry.
2024-07-18T20:53:19.085-0300 [DEBUG] [org.gradle.cache.internal.DefaultFileLockManager] Lock acquired on daemon addresses registry.
2024-07-18T20:53:19.086-0300 [DEBUG] [org.gradle.cache.internal.DefaultFileLockManager] Releasing lock on daemon addresses registry.
2024-07-18T20:53:19.086-0300 [DEBUG] [org.gradle.cache.internal.DefaultFileLockManager] Waiting to acquire shared lock on daemon addresses registry.
2024-07-18T20:53:19.086-0300 [DEBUG] [org.gradle.cache.internal.DefaultFileLockManager] Lock acquired on daemon addresses registry.
2024-07-18T20:53:19.086-0300 [DEBUG] [org.gradle.cache.internal.DefaultFileLockManager] Releasing lock on daemon addresses registry.
2024-07-18T20:53:29.084-0300 [DEBUG] [org.gradle.cache.internal.DefaultFileLockManager] Waiting to acquire shared lock on daemon addresses registry.
2024-07-18T20:53:29.084-0300 [DEBUG] [org.gradle.cache.internal.DefaultFileLockManager] Lock acquired on daemon addresses registry.
2024-07-18T20:53:29.085-0300 [DEBUG] [org.gradle.cache.internal.DefaultFileLockManager] Releasing lock on daemon addresses registry.
2024-07-18T20:53:29.086-0300 [DEBUG] [org.gradle.cache.internal.DefaultFileLockManager] Waiting to acquire shared lock on daemon addresses registry.
2024-07-18T20:53:29.086-0300 [DEBUG] [org.gradle.cache.internal.DefaultFileLockManager] Lock acquired on daemon addresses registry.
2024-07-18T20:53:29.086-0300 [DEBUG] [org.gradle.cache.internal.DefaultFileLockManager] Releasing lock on daemon addresses registry.
2024-07-18T20:53:29.086-0300 [DEBUG] [org.gradle.cache.internal.DefaultFileLockManager] Waiting to acquire shared lock on daemon addresses registry.
2024-07-18T20:53:29.087-0300 [DEBUG] [org.gradle.cache.internal.DefaultFileLockManager] Lock acquired on daemon addresses registry.
2024-07-18T20:53:29.087-0300 [DEBUG] [org.gradle.cache.internal.DefaultFileLockManager] Releasing lock on daemon addresses registry.
2024-07-18T20:53:39.084-0300 [DEBUG] [org.gradle.cache.internal.DefaultFileLockManager] Waiting to acquire shared lock on daemon addresses registry.
2024-07-18T20:53:39.084-0300 [DEBUG] [org.gradle.cache.internal.DefaultFileLockManager] Lock acquired on daemon addresses registry.
2024-07-18T20:53:39.085-0300 [DEBUG] [org.gradle.cache.internal.DefaultFileLockManager] Releasing lock on daemon addresses registry.
2024-07-18T20:53:39.085-0300 [DEBUG] [org.gradle.cache.internal.DefaultFileLockManager] Waiting to acquire shared lock on daemon addresses registry.
2024-07-18T20:53:39.085-0300 [DEBUG] [org.gradle.cache.internal.DefaultFileLockManager] Lock acquired on daemon addresses registry.
2024-07-18T20:53:39.086-0300 [DEBUG] [org.gradle.cache.internal.DefaultFileLockManager] Releasing lock on daemon addresses registry.
2024-07-18T20:53:39.086-0300 [DEBUG] [org.gradle.cache.internal.DefaultFileLockManager] Waiting to acquire shared lock on daemon addresses registry.
2024-07-18T20:53:39.086-0300 [DEBUG] [org.gradle.cache.internal.DefaultFileLockManager] Lock acquired on daemon addresses registry.
2024-07-18T20:53:39.086-0300 [DEBUG] [org.gradle.cache.internal.DefaultFileLockManager] Releasing lock on daemon addresses registry.
2024-07-18T20:53:49.084-0300 [DEBUG] [org.gradle.cache.internal.DefaultFileLockManager] Waiting to acquire shared lock on daemon addresses registry.
2024-07-18T20:53:49.084-0300 [DEBUG] [org.gradle.cache.internal.DefaultFileLockManager] Lock acquired on daemon addresses registry.
2024-07-18T20:53:49.084-0300 [DEBUG] [org.gradle.cache.internal.DefaultFileLockManager] Releasing lock on daemon addresses registry.
2024-07-18T20:53:49.085-0300 [DEBUG] [org.gradle.cache.internal.DefaultFileLockManager] Waiting to acquire shared lock on daemon addresses registry.
2024-07-18T20:53:49.085-0300 [DEBUG] [org.gradle.cache.internal.DefaultFileLockManager] Lock acquired on daemon addresses registry.
2024-07-18T20:53:49.085-0300 [DEBUG] [org.gradle.cache.internal.DefaultFileLockManager] Releasing lock on daemon addresses registry.
2024-07-18T20:53:49.085-0300 [DEBUG] [org.gradle.cache.internal.DefaultFileLockManager] Waiting to acquire shared lock on daemon addresses registry.
2024-07-18T20:53:49.086-0300 [DEBUG] [org.gradle.cache.internal.DefaultFileLockManager] Lock acquired on daemon addresses registry.
2024-07-18T20:53:49.086-0300 [DEBUG] [org.gradle.cache.internal.DefaultFileLockManager] Releasing lock on daemon addresses registry.
2024-07-18T20:53:59.085-0300 [DEBUG] [org.gradle.cache.internal.DefaultFileLockManager] Waiting to acquire shared lock on daemon addresses registry.
2024-07-18T20:53:59.085-0300 [DEBUG] [org.gradle.cache.internal.DefaultFileLockManager] Lock acquired on daemon addresses registry.
2024-07-18T20:53:59.086-0300 [DEBUG] [org.gradle.cache.internal.DefaultFileLockManager] Releasing lock on daemon addresses registry.
2024-07-18T20:53:59.086-0300 [DEBUG] [org.gradle.cache.internal.DefaultFileLockManager] Waiting to acquire shared lock on daemon addresses registry.
2024-07-18T20:53:59.086-0300 [DEBUG] [org.gradle.cache.internal.DefaultFileLockManager] Lock acquired on daemon addresses registry.
2024-07-18T20:53:59.087-0300 [DEBUG] [org.gradle.cache.internal.DefaultFileLockManager] Releasing lock on daemon addresses registry.
2024-07-18T20:53:59.087-0300 [DEBUG] [org.gradle.cache.internal.DefaultFileLockManager] Waiting to acquire shared lock on daemon addresses registry.
2024-07-18T20:53:59.087-0300 [DEBUG] [org.gradle.cache.internal.DefaultFileLockManager] Lock acquired on daemon addresses registry.
2024-07-18T20:53:59.087-0300 [DEBUG] [org.gradle.cache.internal.DefaultFileLockManager] Releasing lock on daemon addresses registry.
2024-07-18T20:54:09.085-0300 [DEBUG] [org.gradle.cache.internal.DefaultFileLockManager] Waiting to acquire shared lock on daemon addresses registry.
2024-07-18T20:54:09.085-0300 [DEBUG] [org.gradle.cache.internal.DefaultFileLockManager] Lock acquired on daemon addresses registry.
2024-07-18T20:54:09.086-0300 [DEBUG] [org.gradle.cache.internal.DefaultFileLockManager] Releasing lock on daemon addresses registry.
2024-07-18T20:54:09.086-0300 [DEBUG] [org.gradle.cache.internal.DefaultFileLockManager] Waiting to acquire shared lock on daemon addresses registry.
2024-07-18T20:54:09.087-0300 [DEBUG] [org.gradle.cache.internal.DefaultFileLockManager] Lock acquired on daemon addresses registry.
2024-07-18T20:54:09.087-0300 [DEBUG] [org.gradle.cache.internal.DefaultFileLockManager] Releasing lock on daemon addresses registry.
2024-07-18T20:54:09.087-0300 [DEBUG] [org.gradle.cache.internal.DefaultFileLockManager] Waiting to acquire shared lock on daemon addresses registry.
2024-07-18T20:54:09.087-0300 [DEBUG] [org.gradle.cache.internal.DefaultFileLockManager] Lock acquired on daemon addresses registry.
2024-07-18T20:54:09.087-0300 [DEBUG] [org.gradle.cache.internal.DefaultFileLockManager] Releasing lock on daemon addresses registry.
2024-07-18T20:54:19.085-0300 [DEBUG] [org.gradle.cache.internal.DefaultFileLockManager] Waiting to acquire shared lock on daemon addresses registry.
2024-07-18T20:54:19.085-0300 [DEBUG] [org.gradle.cache.internal.DefaultFileLockManager] Lock acquired on daemon addresses registry.
2024-07-18T20:54:19.086-0300 [DEBUG] [org.gradle.cache.internal.DefaultFileLockManager] Releasing lock on daemon addresses registry.
2024-07-18T20:54:19.086-0300 [DEBUG] [org.gradle.cache.internal.DefaultFileLockManager] Waiting to acquire shared lock on daemon addresses registry.
2024-07-18T20:54:19.087-0300 [DEBUG] [org.gradle.cache.internal.DefaultFileLockManager] Lock acquired on daemon addresses registry.
2024-07-18T20:54:19.087-0300 [DEBUG] [org.gradle.cache.internal.DefaultFileLockManager] Releasing lock on daemon addresses registry.
2024-07-18T20:54:19.087-0300 [DEBUG] [org.gradle.cache.internal.DefaultFileLockManager] Waiting to acquire shared lock on daemon addresses registry.
2024-07-18T20:54:19.087-0300 [DEBUG] [org.gradle.cache.internal.DefaultFileLockManager] Lock acquired on daemon addresses registry.
2024-07-18T20:54:19.087-0300 [DEBUG] [org.gradle.cache.internal.DefaultFileLockManager] Releasing lock on daemon addresses registry.
2024-07-18T20:54:29.085-0300 [DEBUG] [org.gradle.cache.internal.DefaultFileLockManager] Waiting to acquire shared lock on daemon addresses registry.
2024-07-18T20:54:29.085-0300 [DEBUG] [org.gradle.cache.internal.DefaultFileLockManager] Lock acquired on daemon addresses registry.
2024-07-18T20:54:29.086-0300 [DEBUG] [org.gradle.cache.internal.DefaultFileLockManager] Releasing lock on daemon addresses registry.
2024-07-18T20:54:29.086-0300 [DEBUG] [org.gradle.cache.internal.DefaultFileLockManager] Waiting to acquire shared lock on daemon addresses registry.
2024-07-18T20:54:29.086-0300 [DEBUG] [org.gradle.cache.internal.DefaultFileLockManager] Lock acquired on daemon addresses registry.
2024-07-18T20:54:29.087-0300 [DEBUG] [org.gradle.cache.internal.DefaultFileLockManager] Releasing lock on daemon addresses registry.
2024-07-18T20:54:29.087-0300 [DEBUG] [org.gradle.cache.internal.DefaultFileLockManager] Waiting to acquire shared lock on daemon addresses registry.
2024-07-18T20:54:29.087-0300 [DEBUG] [org.gradle.cache.internal.DefaultFileLockManager] Lock acquired on daemon addresses registry.
2024-07-18T20:54:29.087-0300 [DEBUG] [org.gradle.cache.internal.DefaultFileLockManager] Releasing lock on daemon addresses registry.
2024-07-18T20:54:39.084-0300 [DEBUG] [org.gradle.cache.internal.DefaultFileLockManager] Waiting to acquire shared lock on daemon addresses registry.
2024-07-18T20:54:39.085-0300 [DEBUG] [org.gradle.cache.internal.DefaultFileLockManager] Lock acquired on daemon addresses registry.
2024-07-18T20:54:39.085-0300 [DEBUG] [org.gradle.cache.internal.DefaultFileLockManager] Releasing lock on daemon addresses registry.
2024-07-18T20:54:39.086-0300 [DEBUG] [org.gradle.cache.internal.DefaultFileLockManager] Waiting to acquire shared lock on daemon addresses registry.
2024-07-18T20:54:39.086-0300 [DEBUG] [org.gradle.cache.internal.DefaultFileLockManager] Lock acquired on daemon addresses registry.
2024-07-18T20:54:39.086-0300 [DEBUG] [org.gradle.cache.internal.DefaultFileLockManager] Releasing lock on daemon addresses registry.
2024-07-18T20:54:39.087-0300 [DEBUG] [org.gradle.cache.internal.DefaultFileLockManager] Waiting to acquire shared lock on daemon addresses registry.
2024-07-18T20:54:39.087-0300 [DEBUG] [org.gradle.cache.internal.DefaultFileLockManager] Lock acquired on daemon addresses registry.
2024-07-18T20:54:39.087-0300 [DEBUG] [org.gradle.cache.internal.DefaultFileLockManager] Releasing lock on daemon addresses registry.
2024-07-18T20:54:49.085-0300 [DEBUG] [org.gradle.cache.internal.DefaultFileLockManager] Waiting to acquire shared lock on daemon addresses registry.
2024-07-18T20:54:49.085-0300 [DEBUG] [org.gradle.cache.internal.DefaultFileLockManager] Lock acquired on daemon addresses registry.
2024-07-18T20:54:49.085-0300 [DEBUG] [org.gradle.cache.internal.DefaultFileLockManager] Releasing lock on daemon addresses registry.
2024-07-18T20:54:49.086-0300 [DEBUG] [org.gradle.cache.internal.DefaultFileLockManager] Waiting to acquire shared lock on daemon addresses registry.
2024-07-18T20:54:49.086-0300 [DEBUG] [org.gradle.cache.internal.DefaultFileLockManager] Lock acquired on daemon addresses registry.
2024-07-18T20:54:49.086-0300 [DEBUG] [org.gradle.cache.internal.DefaultFileLockManager] Releasing lock on daemon addresses registry.
2024-07-18T20:54:49.086-0300 [DEBUG] [org.gradle.cache.internal.DefaultFileLockManager] Waiting to acquire shared lock on daemon addresses registry.
2024-07-18T20:54:49.086-0300 [DEBUG] [org.gradle.cache.internal.DefaultFileLockManager] Lock acquired on daemon addresses registry.
2024-07-18T20:54:49.087-0300 [DEBUG] [org.gradle.cache.internal.DefaultFileLockManager] Releasing lock on daemon addresses registry.
2024-07-18T20:54:49.202-0300 [DEBUG] [org.gradle.internal.remote.internal.inet.TcpIncomingConnector] Accepted connection from /127.0.0.1:37186 to /127.0.0.1:42581.
2024-07-18T20:54:49.206-0300 [DEBUG] [org.gradle.launcher.daemon.server.SynchronizedDispatchConnection] thread 227: received class org.gradle.launcher.daemon.protocol.Build
2024-07-18T20:54:49.206-0300 [DEBUG] [org.gradle.launcher.daemon.server.DefaultDaemonConnection] thread 227: Received non-IO message from client: Build{id=b2727b09-48f6-4d1f-95a0-4fe65a17ad30, currentDir=/home/adolfo/Proyectos_Android_Studio/mozaikos_little}
2024-07-18T20:54:49.206-0300 [INFO] [org.gradle.launcher.daemon.server.DefaultIncomingConnectionHandler] Received command: Build{id=b2727b09-48f6-4d1f-95a0-4fe65a17ad30, currentDir=/home/adolfo/Proyectos_Android_Studio/mozaikos_little}.
2024-07-18T20:54:49.207-0300 [DEBUG] [org.gradle.launcher.daemon.server.DefaultIncomingConnectionHandler] Starting executing command: Build{id=b2727b09-48f6-4d1f-95a0-4fe65a17ad30, currentDir=/home/adolfo/Proyectos_Android_Studio/mozaikos_little} with connection: socket connection from /127.0.0.1:42581 to /127.0.0.1:37186.
2024-07-18T20:54:49.208-0300 [DEBUG] [org.gradle.launcher.daemon.server.DaemonStateCoordinator] Command execution: started DaemonCommandExecution[command = Build{id=b2727b09-48f6-4d1f-95a0-4fe65a17ad30, currentDir=/home/adolfo/Proyectos_Android_Studio/mozaikos_little}, connection = DefaultDaemonConnection: socket connection from /127.0.0.1:42581 to /127.0.0.1:37186] after 2.0 minutes of idle
2024-07-18T20:54:49.208-0300 [INFO] [org.gradle.launcher.daemon.server.DaemonRegistryUpdater] Marking the daemon as busy, address: [22b18c51-9e7a-4980-96a0-27fd0824cfad port:42581, addresses:[localhost/127.0.0.1]]
2024-07-18T20:54:49.208-0300 [DEBUG] [org.gradle.launcher.daemon.registry.PersistentDaemonRegistry] Marking busy by address: [22b18c51-9e7a-4980-96a0-27fd0824cfad port:42581, addresses:[localhost/127.0.0.1]]
2024-07-18T20:54:49.208-0300 [DEBUG] [org.gradle.cache.internal.DefaultFileLockManager] Waiting to acquire exclusive lock on daemon addresses registry.
2024-07-18T20:54:49.209-0300 [DEBUG] [org.gradle.cache.internal.DefaultFileLockManager] Lock acquired on daemon addresses registry.
2024-07-18T20:54:49.209-0300 [DEBUG] [org.gradle.cache.internal.DefaultFileLockManager] Releasing lock on daemon addresses registry.
2024-07-18T20:54:49.210-0300 [DEBUG] [org.gradle.launcher.daemon.server.DaemonStateCoordinator] resetting idle timer
2024-07-18T20:54:49.210-0300 [DEBUG] [org.gradle.launcher.daemon.server.DaemonStateCoordinator] daemon is running. Sleeping until state changes.
2024-07-18T20:54:49.210-0300 [INFO] [org.gradle.launcher.daemon.server.exec.StartBuildOrRespondWithBusy] Daemon is about to start building Build{id=b2727b09-48f6-4d1f-95a0-4fe65a17ad30, currentDir=/home/adolfo/Proyectos_Android_Studio/mozaikos_little}. Dispatching build started information...
2024-07-18T20:54:49.210-0300 [DEBUG] [org.gradle.launcher.daemon.server.SynchronizedDispatchConnection] thread 229: dispatching org.gradle.launcher.daemon.protocol.BuildStarted@4e86e529
2024-07-18T20:54:49.211-0300 [DEBUG] [org.gradle.launcher.daemon.server.exec.EstablishBuildEnvironment] Configuring env variables: [PATH, INVOCATION_ID, XAUTHORITY, XMODIFIERS, GDMSESSION, XDG_DATA_DIRS, QT_IM_MODULE, XDG_CONFIG_DIRS, LANG, DBUS_SESSION_BUS_ADDRESS, XDG_SESSION_TYPE, XDG_CURRENT_DESKTOP, JOURNAL_STREAM, DISPLAY, WAYLAND_DISPLAY, USERNAME, SESSION_MANAGER, LOGNAME, PWD, MANAGERPID, IM_CONFIG_PHASE, _, XDG_SESSION_CLASS, LANGUAGE, GJS_DEBUG_TOPICS, SHELL, GIO_LAUNCHED_DESKTOP_FILE, DESKTOP_SESSION, USER, XDG_MENU_PREFIX, GIO_LAUNCHED_DESKTOP_FILE_PID, QT_ACCESSIBILITY, GJS_DEBUG_OUTPUT, GNOME_DESKTOP_SESSION_ID, GTK_MODULES, SSH_AUTH_SOCK, GNOME_SHELL_SESSION_MODE, SYSTEMD_EXEC_PID, GNOME_SETUP_DISPLAY, XDG_RUNTIME_DIR, XDG_SESSION_DESKTOP, SSH_AGENT_LAUNCHER, SHLVL, HOME]
2024-07-18T20:54:49.212-0300 [DEBUG] [org.gradle.launcher.daemon.server.exec.LogToClient] About to start relaying all logs to the client via the connection.
2024-07-18T20:54:49.212-0300 [DEBUG] [org.gradle.launcher.daemon.server.SynchronizedDispatchConnection] thread 227: received class org.gradle.launcher.daemon.protocol.CloseInput
2024-07-18T20:54:49.212-0300 [INFO] [org.gradle.launcher.daemon.server.exec.LogToClient] The client will now receive all logging from the daemon (pid: 4271). The daemon log file: /home/adolfo/Proyectos_Android_Studio/vaczine/daemon/7.5.1/daemon-4271.out.log
2024-07-18T20:54:49.213-0300 [DEBUG] [org.gradle.launcher.daemon.server.DefaultDaemonConnection] thread 227: Received IO message from client: org.gradle.launcher.daemon.protocol.CloseInput@294aa2a5
2024-07-18T20:54:49.213-0300 [INFO] [org.gradle.launcher.daemon.server.exec.LogAndCheckHealth] Starting 2nd build in daemon [uptime: 2 mins 40.623 secs, performance: 100%]
2024-07-18T20:54:49.214-0300 [DEBUG] [org.gradle.launcher.daemon.server.exec.ExecuteBuild] The daemon has started executing the build.
2024-07-18T20:54:49.214-0300 [INFO] [org.gradle.launcher.daemon.server.exec.ForwardClientInput] Closing daemon's stdin at end of input.
2024-07-18T20:54:49.214-0300 [INFO] [org.gradle.launcher.daemon.server.exec.ForwardClientInput] The daemon will no longer process any standard input.
2024-07-18T20:54:49.214-0300 [DEBUG] [org.gradle.launcher.daemon.server.exec.ExecuteBuild] Executing build with daemon context: DefaultDaemonContext[uid=3c14c30f-4414-4328-8357-947247f96d09,javaHome=/home/adolfo/android-studio/jbr,daemonRegistryDir=/home/adolfo/Proyectos_Android_Studio/vaczine/daemon,pid=4271,idleTimeout=10800000,priority=NORMAL,daemonOpts=--add-opens,java.base/java.util=ALL-UNNAMED,--add-opens,java.base/java.lang=ALL-UNNAMED,--add-opens,java.base/java.lang.invoke=ALL-UNNAMED,--add-opens,java.base/java.util=ALL-UNNAMED,--add-opens,java.prefs/java.util.prefs=ALL-UNNAMED,--add-opens,java.prefs/java.util.prefs=ALL-UNNAMED,--add-opens,java.base/java.nio.charset=ALL-UNNAMED,--add-opens,java.base/java.net=ALL-UNNAMED,--add-opens,java.base/java.util.concurrent.atomic=ALL-UNNAMED,-Xms128m,-Xmx1500m,-Dfile.encoding=UTF-8,-Duser.country=AR,-Duser.language=es,-Duser.variant]
Warning: Mapping new ns http://schemas.android.com/repository/android/common/02 to old ns http://schemas.android.com/repository/android/common/01
Warning: Mapping new ns http://schemas.android.com/repository/android/generic/02 to old ns http://schemas.android.com/repository/android/generic/01
Warning: Mapping new ns http://schemas.android.com/sdk/android/repo/addon2/02 to old ns http://schemas.android.com/sdk/android/repo/addon2/01
Warning: Mapping new ns http://schemas.android.com/sdk/android/repo/addon2/03 to old ns http://schemas.android.com/sdk/android/repo/addon2/01
Warning: Mapping new ns http://schemas.android.com/sdk/android/repo/repository2/02 to old ns http://schemas.android.com/sdk/android/repo/repository2/01
Warning: Mapping new ns http://schemas.android.com/sdk/android/repo/repository2/03 to old ns http://schemas.android.com/sdk/android/repo/repository2/01
Warning: Mapping new ns http://schemas.android.com/sdk/android/repo/sys-img2/03 to old ns http://schemas.android.com/sdk/android/repo/sys-img2/01
Warning: Mapping new ns http://schemas.android.com/sdk/android/repo/sys-img2/02 to old ns http://schemas.android.com/sdk/android/repo/sys-img2/01
Warning: elemento inesperado (URI:"", local:"extension-level"). Los elementos esperados son <{}codename>,<{}layoutlib>,<{}api-level>
Warning: elemento inesperado (URI:"", local:"base-extension"). Los elementos esperados son <{}codename>,<{}layoutlib>,<{}api-level>
Unable to strip the following libraries, packaging them as they are: libgdx-box2d.so, libgdx-freetype.so, libgdx.so.
Unable to extract native debug metadata from /home/adolfo/Proyectos_Android_Studio/mozaikos_little/android/build/intermediates/merged_native_libs/release/out/lib/x86/libgdx-box2d.so because unable to locate the objcopy executable for the x86 ABI.
Unable to extract native debug metadata from /home/adolfo/Proyectos_Android_Studio/mozaikos_little/android/build/intermediates/merged_native_libs/release/out/lib/x86/libgdx.so because unable to locate the objcopy executable for the x86 ABI.
Unable to extract native debug metadata from /home/adolfo/Proyectos_Android_Studio/mozaikos_little/android/build/intermediates/merged_native_libs/release/out/lib/x86/libgdx-freetype.so because unable to locate the objcopy executable for the x86 ABI.
Unable to extract native debug metadata from /home/adolfo/Proyectos_Android_Studio/mozaikos_little/android/build/intermediates/merged_native_libs/release/out/lib/x86_64/libgdx-box2d.so because unable to locate the objcopy executable for the x86_64 ABI.
Unable to extract native debug metadata from /home/adolfo/Proyectos_Android_Studio/mozaikos_little/android/build/intermediates/merged_native_libs/release/out/lib/x86_64/libgdx.so because unable to locate the objcopy executable for the x86_64 ABI.
Unable to extract native debug metadata from /home/adolfo/Proyectos_Android_Studio/mozaikos_little/android/build/intermediates/merged_native_libs/release/out/lib/x86_64/libgdx-freetype.so because unable to locate the objcopy executable for the x86_64 ABI.
Unable to extract native debug metadata from /home/adolfo/Proyectos_Android_Studio/mozaikos_little/android/build/intermediates/merged_native_libs/release/out/lib/armeabi-v7a/libgdx-box2d.so because unable to locate the objcopy executable for the armeabi-v7a ABI.
Unable to extract native debug metadata from /home/adolfo/Proyectos_Android_Studio/mozaikos_little/android/build/intermediates/merged_native_libs/release/out/lib/armeabi-v7a/libgdx.so because unable to locate the objcopy executable for the armeabi-v7a ABI.
Unable to extract native debug metadata from /home/adolfo/Proyectos_Android_Studio/mozaikos_little/android/build/intermediates/merged_native_libs/release/out/lib/armeabi-v7a/libgdx-freetype.so because unable to locate the objcopy executable for the armeabi-v7a ABI.
Unable to extract native debug metadata from /home/adolfo/Proyectos_Android_Studio/mozaikos_little/android/build/intermediates/merged_native_libs/release/out/lib/arm64-v8a/libgdx-box2d.so because unable to locate the objcopy executable for the arm64-v8a ABI.
Unable to extract native debug metadata from /home/adolfo/Proyectos_Android_Studio/mozaikos_little/android/build/intermediates/merged_native_libs/release/out/lib/arm64-v8a/libgdx.so because unable to locate the objcopy executable for the arm64-v8a ABI.
Unable to extract native debug metadata from /home/adolfo/Proyectos_Android_Studio/mozaikos_little/android/build/intermediates/merged_native_libs/release/out/lib/arm64-v8a/libgdx-freetype.so because unable to locate the objcopy executable for the arm64-v8a ABI.
Unable to extract native debug metadata from /home/adolfo/Proyectos_Android_Studio/mozaikos_little/android/build/intermediates/merged_native_libs/release/out/lib/armeabi/libgdx-box2d.so because unable to locate the objcopy executable for the armeabi ABI.
Unable to extract native debug metadata from /home/adolfo/Proyectos_Android_Studio/mozaikos_little/android/build/intermediates/merged_native_libs/release/out/lib/armeabi/libgdx.so because unable to locate the objcopy executable for the armeabi ABI.
Unable to extract native debug metadata from /home/adolfo/Proyectos_Android_Studio/mozaikos_little/android/build/intermediates/merged_native_libs/release/out/lib/armeabi/libgdx-freetype.so because unable to locate the objcopy executable for the armeabi ABI.

FAILURE: Build failed with an exception.

* What went wrong:
Execution failed for task ':android:processReleaseMainManifest'.
> Unable to make field private final java.lang.String java.io.File.path accessible: module java.base does not "opens java.io" to unnamed module @39f36621

* Try:
> Run with --stacktrace option to get the stack trace.
> Run with --info or --debug option to get more log output.
> Run with --scan to get full insights.

* Get more help at https://help.gradle.org

Deprecated Gradle features were used in this build, making it incompatible with Gradle 8.0.

You can use '--warning-mode all' to show the individual deprecation warnings and determine if they come from your own scripts or plugins.

See https://docs.gradle.org/7.5.1/userguide/command_line_interface.html#sec:command_line_warnings

BUILD FAILED in 4s
28 actionable tasks: 26 executed, 2 up-to-date
2024-07-18T20:54:53.854-0300 [DEBUG] [org.gradle.launcher.daemon.server.exec.ExecuteBuild] The daemon has finished executing the build.
2024-07-18T20:54:53.865-0300 [DEBUG] [org.gradle.launcher.daemon.server.DaemonStateCoordinator] daemon is running. Sleeping until state changes.
2024-07-18T20:54:53.865-0300 [DEBUG] [org.gradle.launcher.daemon.server.DaemonStateCoordinator] Command execution: finished waiting for DaemonCommandExecution[command = Build{id=b2727b09-48f6-4d1f-95a0-4fe65a17ad30, currentDir=/home/adolfo/Proyectos_Android_Studio/mozaikos_little}, connection = DefaultDaemonConnection: socket connection from /127.0.0.1:42581 to /127.0.0.1:37186]. Result org.gradle.launcher.daemon.server.DaemonStateCoordinator@73dd5ce9 with state Busy
2024-07-18T20:54:53.866-0300 [DEBUG] [org.gradle.launcher.daemon.server.DaemonStateCoordinator] Command execution: completed DaemonCommandExecution[command = Build{id=b2727b09-48f6-4d1f-95a0-4fe65a17ad30, currentDir=/home/adolfo/Proyectos_Android_Studio/mozaikos_little}, connection = DefaultDaemonConnection: socket connection from /127.0.0.1:42581 to /127.0.0.1:37186]
2024-07-18T20:54:53.866-0300 [DEBUG] [org.gradle.launcher.daemon.server.DaemonStateCoordinator] resetting idle timer
2024-07-18T20:54:53.866-0300 [INFO] [org.gradle.launcher.daemon.server.DaemonRegistryUpdater] Marking the daemon as idle, address: [22b18c51-9e7a-4980-96a0-27fd0824cfad port:42581, addresses:[localhost/127.0.0.1]]
2024-07-18T20:54:53.866-0300 [DEBUG] [org.gradle.launcher.daemon.registry.PersistentDaemonRegistry] Marking busy by address: [22b18c51-9e7a-4980-96a0-27fd0824cfad port:42581, addresses:[localhost/127.0.0.1]]
2024-07-18T20:54:53.866-0300 [DEBUG] [org.gradle.cache.internal.DefaultFileLockManager] Waiting to acquire exclusive lock on daemon addresses registry.
2024-07-18T20:54:53.866-0300 [DEBUG] [org.gradle.cache.internal.DefaultFileLockManager] Lock acquired on daemon addresses registry.
2024-07-18T20:54:53.867-0300 [DEBUG] [org.gradle.cache.internal.DefaultFileLockManager] Releasing lock on daemon addresses registry.
2024-07-18T20:54:53.867-0300 [DEBUG] [org.gradle.launcher.daemon.server.exec.ReturnResult] Daemon is dispatching the build result: Success[value=org.gradle.launcher.exec.BuildActionResult@34c54aa7]
2024-07-18T20:54:53.867-0300 [DEBUG] [org.gradle.launcher.daemon.server.DaemonStateCoordinator] daemon is running. Sleeping until state changes.
2024-07-18T20:54:53.867-0300 [DEBUG] [org.gradle.launcher.daemon.server.SynchronizedDispatchConnection] thread 226: dispatching Success[value=org.gradle.launcher.exec.BuildActionResult@34c54aa7]
2024-07-18T20:54:53.873-0300 [DEBUG] [org.gradle.launcher.daemon.server.DefaultIncomingConnectionHandler] Finishing executing command: Build{id=b2727b09-48f6-4d1f-95a0-4fe65a17ad30, currentDir=/home/adolfo/Proyectos_Android_Studio/mozaikos_little}
2024-07-18T20:54:53.886-0300 [DEBUG] [org.gradle.launcher.daemon.server.SynchronizedDispatchConnection] thread 227: received class org.gradle.launcher.daemon.protocol.Finished
2024-07-18T20:54:53.886-0300 [DEBUG] [org.gradle.launcher.daemon.server.DefaultDaemonConnection] thread 227: Received non-IO message from client: org.gradle.launcher.daemon.protocol.Finished@278d49fc
2024-07-18T20:54:53.887-0300 [DEBUG] [org.gradle.launcher.daemon.server.DefaultIncomingConnectionHandler] Received finished message: org.gradle.launcher.daemon.protocol.Finished@278d49fc
2024-07-18T20:54:53.887-0300 [DEBUG] [org.gradle.internal.remote.internal.inet.SocketConnection] Discarding EOFException: java.io.EOFException
2024-07-18T20:54:53.887-0300 [DEBUG] [org.gradle.launcher.daemon.server.SynchronizedDispatchConnection] thread 226: stopping connection
2024-07-18T20:54:53.887-0300 [DEBUG] [org.gradle.launcher.daemon.server.SynchronizedDispatchConnection] thread 227: received null
2024-07-18T20:54:53.887-0300 [DEBUG] [org.gradle.launcher.daemon.server.DefaultDaemonConnection] thread 227: Received end-of-input from client.
2024-07-18T20:54:53.888-0300 [DEBUG] [org.gradle.launcher.daemon.server.SynchronizedDispatchConnection] thread 226: stopping connection
2024-07-18T20:54:59.084-0300 [DEBUG] [org.gradle.cache.internal.DefaultFileLockManager] Waiting to acquire shared lock on daemon addresses registry.
2024-07-18T20:54:59.085-0300 [DEBUG] [org.gradle.cache.internal.DefaultFileLockManager] Lock acquired on daemon addresses registry.
2024-07-18T20:54:59.085-0300 [DEBUG] [org.gradle.cache.internal.DefaultFileLockManager] Releasing lock on daemon addresses registry.
2024-07-18T20:54:59.087-0300 [DEBUG] [org.gradle.cache.internal.DefaultFileLockManager] Waiting to acquire shared lock on daemon addresses registry.
2024-07-18T20:54:59.087-0300 [DEBUG] [org.gradle.cache.internal.DefaultFileLockManager] Lock acquired on daemon addresses registry.
2024-07-18T20:54:59.087-0300 [DEBUG] [org.gradle.cache.internal.DefaultFileLockManager] Releasing lock on daemon addresses registry.
2024-07-18T20:55:09.084-0300 [DEBUG] [org.gradle.cache.internal.DefaultFileLockManager] Waiting to acquire shared lock on daemon addresses registry.
2024-07-18T20:55:09.085-0300 [DEBUG] [org.gradle.cache.internal.DefaultFileLockManager] Lock acquired on daemon addresses registry.
2024-07-18T20:55:09.085-0300 [DEBUG] [org.gradle.cache.internal.DefaultFileLockManager] Releasing lock on daemon addresses registry.
2024-07-18T20:55:09.085-0300 [DEBUG] [org.gradle.cache.internal.DefaultFileLockManager] Waiting to acquire shared lock on daemon addresses registry.
2024-07-18T20:55:09.085-0300 [DEBUG] [org.gradle.cache.internal.DefaultFileLockManager] Lock acquired on daemon addresses registry.
2024-07-18T20:55:09.086-0300 [DEBUG] [org.gradle.cache.internal.DefaultFileLockManager] Releasing lock on daemon addresses registry.
2024-07-18T20:55:09.086-0300 [DEBUG] [org.gradle.cache.internal.DefaultFileLockManager] Waiting to acquire shared lock on daemon addresses registry.
2024-07-18T20:55:09.086-0300 [DEBUG] [org.gradle.cache.internal.DefaultFileLockManager] Lock acquired on daemon addresses registry.
2024-07-18T20:55:09.086-0300 [DEBUG] [org.gradle.cache.internal.DefaultFileLockManager] Releasing lock on daemon addresses registry.
2024-07-18T20:55:19.084-0300 [DEBUG] [org.gradle.cache.internal.DefaultFileLockManager] Waiting to acquire shared lock on daemon addresses registry.
2024-07-18T20:55:19.085-0300 [DEBUG] [org.gradle.cache.internal.DefaultFileLockManager] Lock acquired on daemon addresses registry.
2024-07-18T20:55:19.085-0300 [DEBUG] [org.gradle.cache.internal.DefaultFileLockManager] Releasing lock on daemon addresses registry.
2024-07-18T20:55:19.086-0300 [DEBUG] [org.gradle.cache.internal.DefaultFileLockManager] Waiting to acquire shared lock on daemon addresses registry.
2024-07-18T20:55:19.086-0300 [DEBUG] [org.gradle.cache.internal.DefaultFileLockManager] Lock acquired on daemon addresses registry.
2024-07-18T20:55:19.086-0300 [DEBUG] [org.gradle.cache.internal.DefaultFileLockManager] Releasing lock on daemon addresses registry.
2024-07-18T20:55:19.086-0300 [DEBUG] [org.gradle.cache.internal.DefaultFileLockManager] Waiting to acquire shared lock on daemon addresses registry.
2024-07-18T20:55:19.087-0300 [DEBUG] [org.gradle.cache.internal.DefaultFileLockManager] Lock acquired on daemon addresses registry.
2024-07-18T20:55:19.087-0300 [DEBUG] [org.gradle.cache.internal.DefaultFileLockManager] Releasing lock on daemon addresses registry.
2024-07-18T20:55:29.085-0300 [DEBUG] [org.gradle.cache.internal.DefaultFileLockManager] Waiting to acquire shared lock on daemon addresses registry.
2024-07-18T20:55:29.085-0300 [DEBUG] [org.gradle.cache.internal.DefaultFileLockManager] Lock acquired on daemon addresses registry.
2024-07-18T20:55:29.086-0300 [DEBUG] [org.gradle.cache.internal.DefaultFileLockManager] Releasing lock on daemon addresses registry.
2024-07-18T20:55:29.086-0300 [DEBUG] [org.gradle.cache.internal.DefaultFileLockManager] Waiting to acquire shared lock on daemon addresses registry.
2024-07-18T20:55:29.086-0300 [DEBUG] [org.gradle.cache.internal.DefaultFileLockManager] Lock acquired on daemon addresses registry.
2024-07-18T20:55:29.086-0300 [DEBUG] [org.gradle.cache.internal.DefaultFileLockManager] Releasing lock on daemon addresses registry.
2024-07-18T20:55:29.086-0300 [DEBUG] [org.gradle.cache.internal.DefaultFileLockManager] Waiting to acquire shared lock on daemon addresses registry.
2024-07-18T20:55:29.086-0300 [DEBUG] [org.gradle.cache.internal.DefaultFileLockManager] Lock acquired on daemon addresses registry.
2024-07-18T20:55:29.087-0300 [DEBUG] [org.gradle.cache.internal.DefaultFileLockManager] Releasing lock on daemon addresses registry.
2024-07-18T20:55:39.084-0300 [DEBUG] [org.gradle.cache.internal.DefaultFileLockManager] Waiting to acquire shared lock on daemon addresses registry.
2024-07-18T20:55:39.084-0300 [DEBUG] [org.gradle.cache.internal.DefaultFileLockManager] Lock acquired on daemon addresses registry.
2024-07-18T20:55:39.085-0300 [DEBUG] [org.gradle.cache.internal.DefaultFileLockManager] Releasing lock on daemon addresses registry.
2024-07-18T20:55:39.085-0300 [DEBUG] [org.gradle.cache.internal.DefaultFileLockManager] Waiting to acquire shared lock on daemon addresses registry.
2024-07-18T20:55:39.086-0300 [DEBUG] [org.gradle.cache.internal.DefaultFileLockManager] Lock acquired on daemon addresses registry.
2024-07-18T20:55:39.086-0300 [DEBUG] [org.gradle.cache.internal.DefaultFileLockManager] Releasing lock on daemon addresses registry.
2024-07-18T20:55:39.086-0300 [DEBUG] [org.gradle.cache.internal.DefaultFileLockManager] Waiting to acquire shared lock on daemon addresses registry.
2024-07-18T20:55:39.087-0300 [DEBUG] [org.gradle.cache.internal.DefaultFileLockManager] Lock acquired on daemon addresses registry.
2024-07-18T20:55:39.087-0300 [DEBUG] [org.gradle.cache.internal.DefaultFileLockManager] Releasing lock on daemon addresses registry.
2024-07-18T20:55:49.086-0300 [DEBUG] [org.gradle.cache.internal.DefaultFileLockManager] Waiting to acquire shared lock on daemon addresses registry.
2024-07-18T20:55:49.087-0300 [DEBUG] [org.gradle.cache.internal.DefaultFileLockManager] Lock acquired on daemon addresses registry.
2024-07-18T20:55:49.087-0300 [DEBUG] [org.gradle.cache.internal.DefaultFileLockManager] Releasing lock on daemon addresses registry.
2024-07-18T20:55:49.090-0300 [DEBUG] [org.gradle.cache.internal.DefaultFileLockManager] Waiting to acquire shared lock on daemon addresses registry.
2024-07-18T20:55:49.090-0300 [DEBUG] [org.gradle.cache.internal.DefaultFileLockManager] Lock acquired on daemon addresses registry.
2024-07-18T20:55:49.090-0300 [DEBUG] [org.gradle.cache.internal.DefaultFileLockManager] Releasing lock on daemon addresses registry.
2024-07-18T20:55:49.090-0300 [DEBUG] [org.gradle.cache.internal.DefaultFileLockManager] Waiting to acquire shared lock on daemon addresses registry.
2024-07-18T20:55:49.091-0300 [DEBUG] [org.gradle.cache.internal.DefaultFileLockManager] Lock acquired on daemon addresses registry.
2024-07-18T20:55:49.091-0300 [DEBUG] [org.gradle.cache.internal.DefaultFileLockManager] Releasing lock on daemon addresses registry.
2024-07-18T20:55:59.084-0300 [DEBUG] [org.gradle.cache.internal.DefaultFileLockManager] Waiting to acquire shared lock on daemon addresses registry.
2024-07-18T20:55:59.086-0300 [DEBUG] [org.gradle.cache.internal.DefaultFileLockManager] Lock acquired on daemon addresses registry.
2024-07-18T20:55:59.086-0300 [DEBUG] [org.gradle.cache.internal.DefaultFileLockManager] Releasing lock on daemon addresses registry.
2024-07-18T20:55:59.087-0300 [DEBUG] [org.gradle.cache.internal.DefaultFileLockManager] Waiting to acquire shared lock on daemon addresses registry.
2024-07-18T20:55:59.087-0300 [DEBUG] [org.gradle.cache.internal.DefaultFileLockManager] Lock acquired on daemon addresses registry.
2024-07-18T20:55:59.087-0300 [DEBUG] [org.gradle.cache.internal.DefaultFileLockManager] Releasing lock on daemon addresses registry.
2024-07-18T20:55:59.087-0300 [DEBUG] [org.gradle.cache.internal.DefaultFileLockManager] Waiting to acquire shared lock on daemon addresses registry.
2024-07-18T20:55:59.087-0300 [DEBUG] [org.gradle.cache.internal.DefaultFileLockManager] Lock acquired on daemon addresses registry.
2024-07-18T20:55:59.088-0300 [DEBUG] [org.gradle.cache.internal.DefaultFileLockManager] Releasing lock on daemon addresses registry.
2024-07-18T20:56:09.084-0300 [DEBUG] [org.gradle.cache.internal.DefaultFileLockManager] Waiting to acquire shared lock on daemon addresses registry.
2024-07-18T20:56:09.084-0300 [DEBUG] [org.gradle.cache.internal.DefaultFileLockManager] Lock acquired on daemon addresses registry.
2024-07-18T20:56:09.085-0300 [DEBUG] [org.gradle.cache.internal.DefaultFileLockManager] Releasing lock on daemon addresses registry.
2024-07-18T20:56:09.086-0300 [DEBUG] [org.gradle.cache.internal.DefaultFileLockManager] Waiting to acquire shared lock on daemon addresses registry.
2024-07-18T20:56:09.086-0300 [DEBUG] [org.gradle.cache.internal.DefaultFileLockManager] Lock acquired on daemon addresses registry.
2024-07-18T20:56:09.086-0300 [DEBUG] [org.gradle.cache.internal.DefaultFileLockManager] Releasing lock on daemon addresses registry.
2024-07-18T20:56:09.086-0300 [DEBUG] [org.gradle.cache.internal.DefaultFileLockManager] Waiting to acquire shared lock on daemon addresses registry.
2024-07-18T20:56:09.087-0300 [DEBUG] [org.gradle.cache.internal.DefaultFileLockManager] Lock acquired on daemon addresses registry.
2024-07-18T20:56:09.087-0300 [DEBUG] [org.gradle.cache.internal.DefaultFileLockManager] Releasing lock on daemon addresses registry.
2024-07-18T20:56:19.084-0300 [DEBUG] [org.gradle.cache.internal.DefaultFileLockManager] Waiting to acquire shared lock on daemon addresses registry.
2024-07-18T20:56:19.085-0300 [DEBUG] [org.gradle.cache.internal.DefaultFileLockManager] Lock acquired on daemon addresses registry.
2024-07-18T20:56:19.085-0300 [DEBUG] [org.gradle.cache.internal.DefaultFileLockManager] Releasing lock on daemon addresses registry.
2024-07-18T20:56:19.085-0300 [DEBUG] [org.gradle.cache.internal.DefaultFileLockManager] Waiting to acquire shared lock on daemon addresses registry.
2024-07-18T20:56:19.085-0300 [DEBUG] [org.gradle.cache.internal.DefaultFileLockManager] Lock acquired on daemon addresses registry.
2024-07-18T20:56:19.086-0300 [DEBUG] [org.gradle.cache.internal.DefaultFileLockManager] Releasing lock on daemon addresses registry.
2024-07-18T20:56:19.086-0300 [DEBUG] [org.gradle.cache.internal.DefaultFileLockManager] Waiting to acquire shared lock on daemon addresses registry.
2024-07-18T20:56:19.086-0300 [DEBUG] [org.gradle.cache.internal.DefaultFileLockManager] Lock acquired on daemon addresses registry.
2024-07-18T20:56:19.086-0300 [DEBUG] [org.gradle.cache.internal.DefaultFileLockManager] Releasing lock on daemon addresses registry.
2024-07-18T20:56:29.084-0300 [DEBUG] [org.gradle.cache.internal.DefaultFileLockManager] Waiting to acquire shared lock on daemon addresses registry.
2024-07-18T20:56:29.084-0300 [DEBUG] [org.gradle.cache.internal.DefaultFileLockManager] Lock acquired on daemon addresses registry.
2024-07-18T20:56:29.085-0300 [DEBUG] [org.gradle.cache.internal.DefaultFileLockManager] Releasing lock on daemon addresses registry.
2024-07-18T20:56:29.085-0300 [DEBUG] [org.gradle.cache.internal.DefaultFileLockManager] Waiting to acquire shared lock on daemon addresses registry.
2024-07-18T20:56:29.085-0300 [DEBUG] [org.gradle.cache.internal.DefaultFileLockManager] Lock acquired on daemon addresses registry.
2024-07-18T20:56:29.085-0300 [DEBUG] [org.gradle.cache.internal.DefaultFileLockManager] Releasing lock on daemon addresses registry.
2024-07-18T20:56:29.086-0300 [DEBUG] [org.gradle.cache.internal.DefaultFileLockManager] Waiting to acquire shared lock on daemon addresses registry.
2024-07-18T20:56:29.086-0300 [DEBUG] [org.gradle.cache.internal.DefaultFileLockManager] Lock acquired on daemon addresses registry.
2024-07-18T20:56:29.086-0300 [DEBUG] [org.gradle.cache.internal.DefaultFileLockManager] Releasing lock on daemon addresses registry.
2024-07-18T20:56:39.085-0300 [DEBUG] [org.gradle.cache.internal.DefaultFileLockManager] Waiting to acquire shared lock on daemon addresses registry.
2024-07-18T20:56:39.085-0300 [DEBUG] [org.gradle.cache.internal.DefaultFileLockManager] Lock acquired on daemon addresses registry.
2024-07-18T20:56:39.085-0300 [DEBUG] [org.gradle.cache.internal.DefaultFileLockManager] Releasing lock on daemon addresses registry.
2024-07-18T20:56:39.086-0300 [DEBUG] [org.gradle.cache.internal.DefaultFileLockManager] Waiting to acquire shared lock on daemon addresses registry.
2024-07-18T20:56:39.086-0300 [DEBUG] [org.gradle.cache.internal.DefaultFileLockManager] Lock acquired on daemon addresses registry.
2024-07-18T20:56:39.086-0300 [DEBUG] [org.gradle.cache.internal.DefaultFileLockManager] Releasing lock on daemon addresses registry.
2024-07-18T20:56:39.087-0300 [DEBUG] [org.gradle.cache.internal.DefaultFileLockManager] Waiting to acquire shared lock on daemon addresses registry.
2024-07-18T20:56:39.087-0300 [DEBUG] [org.gradle.cache.internal.DefaultFileLockManager] Lock acquired on daemon addresses registry.
2024-07-18T20:56:39.087-0300 [DEBUG] [org.gradle.cache.internal.DefaultFileLockManager] Releasing lock on daemon addresses registry.
2024-07-18T20:56:49.084-0300 [DEBUG] [org.gradle.cache.internal.DefaultFileLockManager] Waiting to acquire shared lock on daemon addresses registry.
2024-07-18T20:56:49.085-0300 [DEBUG] [org.gradle.cache.internal.DefaultFileLockManager] Lock acquired on daemon addresses registry.
2024-07-18T20:56:49.085-0300 [DEBUG] [org.gradle.cache.internal.DefaultFileLockManager] Releasing lock on daemon addresses registry.
2024-07-18T20:56:49.086-0300 [DEBUG] [org.gradle.cache.internal.DefaultFileLockManager] Waiting to acquire shared lock on daemon addresses registry.
2024-07-18T20:56:49.086-0300 [DEBUG] [org.gradle.cache.internal.DefaultFileLockManager] Lock acquired on daemon addresses registry.
2024-07-18T20:56:49.086-0300 [DEBUG] [org.gradle.cache.internal.DefaultFileLockManager] Releasing lock on daemon addresses registry.
2024-07-18T20:56:49.086-0300 [DEBUG] [org.gradle.cache.internal.DefaultFileLockManager] Waiting to acquire shared lock on daemon addresses registry.
2024-07-18T20:56:49.086-0300 [DEBUG] [org.gradle.cache.internal.DefaultFileLockManager] Lock acquired on daemon addresses registry.
2024-07-18T20:56:49.086-0300 [DEBUG] [org.gradle.cache.internal.DefaultFileLockManager] Releasing lock on daemon addresses registry.
2024-07-18T20:56:59.084-0300 [DEBUG] [org.gradle.cache.internal.DefaultFileLockManager] Waiting to acquire shared lock on daemon addresses registry.
2024-07-18T20:56:59.084-0300 [DEBUG] [org.gradle.cache.internal.DefaultFileLockManager] Lock acquired on daemon addresses registry.
2024-07-18T20:56:59.085-0300 [DEBUG] [org.gradle.cache.internal.DefaultFileLockManager] Releasing lock on daemon addresses registry.
2024-07-18T20:56:59.085-0300 [DEBUG] [org.gradle.cache.internal.DefaultFileLockManager] Waiting to acquire shared lock on daemon addresses registry.
2024-07-18T20:56:59.085-0300 [DEBUG] [org.gradle.cache.internal.DefaultFileLockManager] Lock acquired on daemon addresses registry.
2024-07-18T20:56:59.085-0300 [DEBUG] [org.gradle.cache.internal.DefaultFileLockManager] Releasing lock on daemon addresses registry.
2024-07-18T20:56:59.086-0300 [DEBUG] [org.gradle.cache.internal.DefaultFileLockManager] Waiting to acquire shared lock on daemon addresses registry.
2024-07-18T20:56:59.086-0300 [DEBUG] [org.gradle.cache.internal.DefaultFileLockManager] Lock acquired on daemon addresses registry.
2024-07-18T20:56:59.086-0300 [DEBUG] [org.gradle.cache.internal.DefaultFileLockManager] Releasing lock on daemon addresses registry.
2024-07-18T20:57:09.084-0300 [DEBUG] [org.gradle.cache.internal.DefaultFileLockManager] Waiting to acquire shared lock on daemon addresses registry.
2024-07-18T20:57:09.084-0300 [DEBUG] [org.gradle.cache.internal.DefaultFileLockManager] Lock acquired on daemon addresses registry.
2024-07-18T20:57:09.085-0300 [DEBUG] [org.gradle.cache.internal.DefaultFileLockManager] Releasing lock on daemon addresses registry.
2024-07-18T20:57:09.085-0300 [DEBUG] [org.gradle.cache.internal.DefaultFileLockManager] Waiting to acquire shared lock on daemon addresses registry.
2024-07-18T20:57:09.085-0300 [DEBUG] [org.gradle.cache.internal.DefaultFileLockManager] Lock acquired on daemon addresses registry.
2024-07-18T20:57:09.086-0300 [DEBUG] [org.gradle.cache.internal.DefaultFileLockManager] Releasing lock on daemon addresses registry.
2024-07-18T20:57:09.086-0300 [DEBUG] [org.gradle.cache.internal.DefaultFileLockManager] Waiting to acquire shared lock on daemon addresses registry.
2024-07-18T20:57:09.086-0300 [DEBUG] [org.gradle.cache.internal.DefaultFileLockManager] Lock acquired on daemon addresses registry.
2024-07-18T20:57:09.086-0300 [DEBUG] [org.gradle.cache.internal.DefaultFileLockManager] Releasing lock on daemon addresses registry.
2024-07-18T20:57:19.084-0300 [DEBUG] [org.gradle.cache.internal.DefaultFileLockManager] Waiting to acquire shared lock on daemon addresses registry.
2024-07-18T20:57:19.085-0300 [DEBUG] [org.gradle.cache.internal.DefaultFileLockManager] Lock acquired on daemon addresses registry.
2024-07-18T20:57:19.085-0300 [DEBUG] [org.gradle.cache.internal.DefaultFileLockManager] Releasing lock on daemon addresses registry.
2024-07-18T20:57:19.085-0300 [DEBUG] [org.gradle.cache.internal.DefaultFileLockManager] Waiting to acquire shared lock on daemon addresses registry.
2024-07-18T20:57:19.085-0300 [DEBUG] [org.gradle.cache.internal.DefaultFileLockManager] Lock acquired on daemon addresses registry.
2024-07-18T20:57:19.085-0300 [DEBUG] [org.gradle.cache.internal.DefaultFileLockManager] Releasing lock on daemon addresses registry.
2024-07-18T20:57:19.086-0300 [DEBUG] [org.gradle.cache.internal.DefaultFileLockManager] Waiting to acquire shared lock on daemon addresses registry.
2024-07-18T20:57:19.086-0300 [DEBUG] [org.gradle.cache.internal.DefaultFileLockManager] Lock acquired on daemon addresses registry.
2024-07-18T20:57:19.086-0300 [DEBUG] [org.gradle.cache.internal.DefaultFileLockManager] Releasing lock on daemon addresses registry.
2024-07-18T20:57:29.085-0300 [DEBUG] [org.gradle.cache.internal.DefaultFileLockManager] Waiting to acquire shared lock on daemon addresses registry.
2024-07-18T20:57:29.085-0300 [DEBUG] [org.gradle.cache.internal.DefaultFileLockManager] Lock acquired on daemon addresses registry.
2024-07-18T20:57:29.085-0300 [DEBUG] [org.gradle.cache.internal.DefaultFileLockManager] Releasing lock on daemon addresses registry.
2024-07-18T20:57:29.085-0300 [DEBUG] [org.gradle.cache.internal.DefaultFileLockManager] Waiting to acquire shared lock on daemon addresses registry.
2024-07-18T20:57:29.085-0300 [DEBUG] [org.gradle.cache.internal.DefaultFileLockManager] Lock acquired on daemon addresses registry.
2024-07-18T20:57:29.086-0300 [DEBUG] [org.gradle.cache.internal.DefaultFileLockManager] Releasing lock on daemon addresses registry.
2024-07-18T20:57:29.086-0300 [DEBUG] [org.gradle.cache.internal.DefaultFileLockManager] Waiting to acquire shared lock on daemon addresses registry.
2024-07-18T20:57:29.086-0300 [DEBUG] [org.gradle.cache.internal.DefaultFileLockManager] Lock acquired on daemon addresses registry.
2024-07-18T20:57:29.086-0300 [DEBUG] [org.gradle.cache.internal.DefaultFileLockManager] Releasing lock on daemon addresses registry.
2024-07-18T20:57:39.084-0300 [DEBUG] [org.gradle.cache.internal.DefaultFileLockManager] Waiting to acquire shared lock on daemon addresses registry.
2024-07-18T20:57:39.084-0300 [DEBUG] [org.gradle.cache.internal.DefaultFileLockManager] Lock acquired on daemon addresses registry.
2024-07-18T20:57:39.085-0300 [DEBUG] [org.gradle.cache.internal.DefaultFileLockManager] Releasing lock on daemon addresses registry.
2024-07-18T20:57:39.086-0300 [DEBUG] [org.gradle.cache.internal.DefaultFileLockManager] Waiting to acquire shared lock on daemon addresses registry.
2024-07-18T20:57:39.087-0300 [DEBUG] [org.gradle.cache.internal.DefaultFileLockManager] Lock acquired on daemon addresses registry.
2024-07-18T20:57:39.087-0300 [DEBUG] [org.gradle.cache.internal.DefaultFileLockManager] Releasing lock on daemon addresses registry.
2024-07-18T20:57:39.087-0300 [DEBUG] [org.gradle.cache.internal.DefaultFileLockManager] Waiting to acquire shared lock on daemon addresses registry.
2024-07-18T20:57:39.087-0300 [DEBUG] [org.gradle.cache.internal.DefaultFileLockManager] Lock acquired on daemon addresses registry.
2024-07-18T20:57:39.087-0300 [DEBUG] [org.gradle.cache.internal.DefaultFileLockManager] Releasing lock on daemon addresses registry.
2024-07-18T20:57:49.085-0300 [DEBUG] [org.gradle.cache.internal.DefaultFileLockManager] Waiting to acquire shared lock on daemon addresses registry.
2024-07-18T20:57:49.085-0300 [DEBUG] [org.gradle.cache.internal.DefaultFileLockManager] Lock acquired on daemon addresses registry.
2024-07-18T20:57:49.085-0300 [DEBUG] [org.gradle.cache.internal.DefaultFileLockManager] Releasing lock on daemon addresses registry.
2024-07-18T20:57:49.086-0300 [DEBUG] [org.gradle.cache.internal.DefaultFileLockManager] Waiting to acquire shared lock on daemon addresses registry.
2024-07-18T20:57:49.086-0300 [DEBUG] [org.gradle.cache.internal.DefaultFileLockManager] Lock acquired on daemon addresses registry.
2024-07-18T20:57:49.086-0300 [DEBUG] [org.gradle.cache.internal.DefaultFileLockManager] Releasing lock on daemon addresses registry.
2024-07-18T20:57:49.086-0300 [DEBUG] [org.gradle.cache.internal.DefaultFileLockManager] Waiting to acquire shared lock on daemon addresses registry.
2024-07-18T20:57:49.087-0300 [DEBUG] [org.gradle.cache.internal.DefaultFileLockManager] Lock acquired on daemon addresses registry.
2024-07-18T20:57:49.087-0300 [DEBUG] [org.gradle.cache.internal.DefaultFileLockManager] Releasing lock on daemon addresses registry.
2024-07-18T20:57:59.084-0300 [DEBUG] [org.gradle.cache.internal.DefaultFileLockManager] Waiting to acquire shared lock on daemon addresses registry.
2024-07-18T20:57:59.085-0300 [DEBUG] [org.gradle.cache.internal.DefaultFileLockManager] Lock acquired on daemon addresses registry.
2024-07-18T20:57:59.085-0300 [DEBUG] [org.gradle.cache.internal.DefaultFileLockManager] Releasing lock on daemon addresses registry.
2024-07-18T20:57:59.086-0300 [DEBUG] [org.gradle.cache.internal.DefaultFileLockManager] Waiting to acquire shared lock on daemon addresses registry.
2024-07-18T20:57:59.086-0300 [DEBUG] [org.gradle.cache.internal.DefaultFileLockManager] Lock acquired on daemon addresses registry.
2024-07-18T20:57:59.086-0300 [DEBUG] [org.gradle.cache.internal.DefaultFileLockManager] Releasing lock on daemon addresses registry.
2024-07-18T20:57:59.086-0300 [DEBUG] [org.gradle.cache.internal.DefaultFileLockManager] Waiting to acquire shared lock on daemon addresses registry.
2024-07-18T20:57:59.086-0300 [DEBUG] [org.gradle.cache.internal.DefaultFileLockManager] Lock acquired on daemon addresses registry.
2024-07-18T20:57:59.087-0300 [DEBUG] [org.gradle.cache.internal.DefaultFileLockManager] Releasing lock on daemon addresses registry.
2024-07-18T20:58:09.085-0300 [DEBUG] [org.gradle.cache.internal.DefaultFileLockManager] Waiting to acquire shared lock on daemon addresses registry.
2024-07-18T20:58:09.085-0300 [DEBUG] [org.gradle.cache.internal.DefaultFileLockManager] Lock acquired on daemon addresses registry.
2024-07-18T20:58:09.085-0300 [DEBUG] [org.gradle.cache.internal.DefaultFileLockManager] Releasing lock on daemon addresses registry.
2024-07-18T20:58:09.086-0300 [DEBUG] [org.gradle.cache.internal.DefaultFileLockManager] Waiting to acquire shared lock on daemon addresses registry.
2024-07-18T20:58:09.086-0300 [DEBUG] [org.gradle.cache.internal.DefaultFileLockManager] Lock acquired on daemon addresses registry.
2024-07-18T20:58:09.087-0300 [DEBUG] [org.gradle.cache.internal.DefaultFileLockManager] Releasing lock on daemon addresses registry.
2024-07-18T20:58:09.087-0300 [DEBUG] [org.gradle.cache.internal.DefaultFileLockManager] Waiting to acquire shared lock on daemon addresses registry.
2024-07-18T20:58:09.088-0300 [DEBUG] [org.gradle.cache.internal.DefaultFileLockManager] Lock acquired on daemon addresses registry.
2024-07-18T20:58:09.088-0300 [DEBUG] [org.gradle.cache.internal.DefaultFileLockManager] Releasing lock on daemon addresses registry.
2024-07-18T20:58:19.084-0300 [DEBUG] [org.gradle.cache.internal.DefaultFileLockManager] Waiting to acquire shared lock on daemon addresses registry.
2024-07-18T20:58:19.085-0300 [DEBUG] [org.gradle.cache.internal.DefaultFileLockManager] Lock acquired on daemon addresses registry.
2024-07-18T20:58:19.085-0300 [DEBUG] [org.gradle.cache.internal.DefaultFileLockManager] Releasing lock on daemon addresses registry.
2024-07-18T20:58:19.085-0300 [DEBUG] [org.gradle.cache.internal.DefaultFileLockManager] Waiting to acquire shared lock on daemon addresses registry.
2024-07-18T20:58:19.085-0300 [DEBUG] [org.gradle.cache.internal.DefaultFileLockManager] Lock acquired on daemon addresses registry.
2024-07-18T20:58:19.085-0300 [DEBUG] [org.gradle.cache.internal.DefaultFileLockManager] Releasing lock on daemon addresses registry.
2024-07-18T20:58:19.085-0300 [DEBUG] [org.gradle.cache.internal.DefaultFileLockManager] Waiting to acquire shared lock on daemon addresses registry.
2024-07-18T20:58:19.086-0300 [DEBUG] [org.gradle.cache.internal.DefaultFileLockManager] Lock acquired on daemon addresses registry.
2024-07-18T20:58:19.086-0300 [DEBUG] [org.gradle.cache.internal.DefaultFileLockManager] Releasing lock on daemon addresses registry.
2024-07-18T20:58:29.084-0300 [DEBUG] [org.gradle.cache.internal.DefaultFileLockManager] Waiting to acquire shared lock on daemon addresses registry.
2024-07-18T20:58:29.084-0300 [DEBUG] [org.gradle.cache.internal.DefaultFileLockManager] Lock acquired on daemon addresses registry.
2024-07-18T20:58:29.084-0300 [DEBUG] [org.gradle.cache.internal.DefaultFileLockManager] Releasing lock on daemon addresses registry.
2024-07-18T20:58:29.085-0300 [DEBUG] [org.gradle.cache.internal.DefaultFileLockManager] Waiting to acquire shared lock on daemon addresses registry.
2024-07-18T20:58:29.085-0300 [DEBUG] [org.gradle.cache.internal.DefaultFileLockManager] Lock acquired on daemon addresses registry.
2024-07-18T20:58:29.085-0300 [DEBUG] [org.gradle.cache.internal.DefaultFileLockManager] Releasing lock on daemon addresses registry.
2024-07-18T20:58:29.086-0300 [DEBUG] [org.gradle.cache.internal.DefaultFileLockManager] Waiting to acquire shared lock on daemon addresses registry.
2024-07-18T20:58:29.086-0300 [DEBUG] [org.gradle.cache.internal.DefaultFileLockManager] Lock acquired on daemon addresses registry.
2024-07-18T20:58:29.086-0300 [DEBUG] [org.gradle.cache.internal.DefaultFileLockManager] Releasing lock on daemon addresses registry.
2024-07-18T20:58:39.084-0300 [DEBUG] [org.gradle.cache.internal.DefaultFileLockManager] Waiting to acquire shared lock on daemon addresses registry.
2024-07-18T20:58:39.085-0300 [DEBUG] [org.gradle.cache.internal.DefaultFileLockManager] Lock acquired on daemon addresses registry.
2024-07-18T20:58:39.086-0300 [DEBUG] [org.gradle.cache.internal.DefaultFileLockManager] Releasing lock on daemon addresses registry.
2024-07-18T20:58:39.087-0300 [DEBUG] [org.gradle.cache.internal.DefaultFileLockManager] Waiting to acquire shared lock on daemon addresses registry.
2024-07-18T20:58:39.087-0300 [DEBUG] [org.gradle.cache.internal.DefaultFileLockManager] Lock acquired on daemon addresses registry.
2024-07-18T20:58:39.087-0300 [DEBUG] [org.gradle.cache.internal.DefaultFileLockManager] Releasing lock on daemon addresses registry.
2024-07-18T20:58:39.087-0300 [DEBUG] [org.gradle.cache.internal.DefaultFileLockManager] Waiting to acquire shared lock on daemon addresses registry.
2024-07-18T20:58:39.088-0300 [DEBUG] [org.gradle.cache.internal.DefaultFileLockManager] Lock acquired on daemon addresses registry.
2024-07-18T20:58:39.088-0300 [DEBUG] [org.gradle.cache.internal.DefaultFileLockManager] Releasing lock on daemon addresses registry.
2024-07-18T20:58:49.085-0300 [DEBUG] [org.gradle.cache.internal.DefaultFileLockManager] Waiting to acquire shared lock on daemon addresses registry.
2024-07-18T20:58:49.086-0300 [DEBUG] [org.gradle.cache.internal.DefaultFileLockManager] Lock acquired on daemon addresses registry.
2024-07-18T20:58:49.087-0300 [DEBUG] [org.gradle.cache.internal.DefaultFileLockManager] Releasing lock on daemon addresses registry.
2024-07-18T20:58:49.087-0300 [DEBUG] [org.gradle.cache.internal.DefaultFileLockManager] Waiting to acquire shared lock on daemon addresses registry.
2024-07-18T20:58:49.088-0300 [DEBUG] [org.gradle.cache.internal.DefaultFileLockManager] Lock acquired on daemon addresses registry.
2024-07-18T20:58:49.088-0300 [DEBUG] [org.gradle.cache.internal.DefaultFileLockManager] Releasing lock on daemon addresses registry.
2024-07-18T20:58:49.088-0300 [DEBUG] [org.gradle.cache.internal.DefaultFileLockManager] Waiting to acquire shared lock on daemon addresses registry.
2024-07-18T20:58:49.088-0300 [DEBUG] [org.gradle.cache.internal.DefaultFileLockManager] Lock acquired on daemon addresses registry.
2024-07-18T20:58:49.088-0300 [DEBUG] [org.gradle.cache.internal.DefaultFileLockManager] Releasing lock on daemon addresses registry.
2024-07-18T20:58:59.085-0300 [DEBUG] [org.gradle.cache.internal.DefaultFileLockManager] Waiting to acquire shared lock on daemon addresses registry.
2024-07-18T20:58:59.085-0300 [DEBUG] [org.gradle.cache.internal.DefaultFileLockManager] Lock acquired on daemon addresses registry.
2024-07-18T20:58:59.085-0300 [DEBUG] [org.gradle.cache.internal.DefaultFileLockManager] Releasing lock on daemon addresses registry.
2024-07-18T20:58:59.086-0300 [DEBUG] [org.gradle.cache.internal.DefaultFileLockManager] Waiting to acquire shared lock on daemon addresses registry.
2024-07-18T20:58:59.086-0300 [DEBUG] [org.gradle.cache.internal.DefaultFileLockManager] Lock acquired on daemon addresses registry.
2024-07-18T20:58:59.088-0300 [DEBUG] [org.gradle.cache.internal.DefaultFileLockManager] Releasing lock on daemon addresses registry.
2024-07-18T20:58:59.088-0300 [DEBUG] [org.gradle.cache.internal.DefaultFileLockManager] Waiting to acquire shared lock on daemon addresses registry.
2024-07-18T20:58:59.088-0300 [DEBUG] [org.gradle.cache.internal.DefaultFileLockManager] Lock acquired on daemon addresses registry.
2024-07-18T20:58:59.088-0300 [DEBUG] [org.gradle.cache.internal.DefaultFileLockManager] Releasing lock on daemon addresses registry.
2024-07-18T20:59:09.084-0300 [DEBUG] [org.gradle.cache.internal.DefaultFileLockManager] Waiting to acquire shared lock on daemon addresses registry.
2024-07-18T20:59:09.085-0300 [DEBUG] [org.gradle.cache.internal.DefaultFileLockManager] Lock acquired on daemon addresses registry.
2024-07-18T20:59:09.085-0300 [DEBUG] [org.gradle.cache.internal.DefaultFileLockManager] Releasing lock on daemon addresses registry.
2024-07-18T20:59:09.085-0300 [DEBUG] [org.gradle.cache.internal.DefaultFileLockManager] Waiting to acquire shared lock on daemon addresses registry.
2024-07-18T20:59:09.085-0300 [DEBUG] [org.gradle.cache.internal.DefaultFileLockManager] Lock acquired on daemon addresses registry.
2024-07-18T20:59:09.085-0300 [DEBUG] [org.gradle.cache.internal.DefaultFileLockManager] Releasing lock on daemon addresses registry.
2024-07-18T20:59:09.086-0300 [DEBUG] [org.gradle.cache.internal.DefaultFileLockManager] Waiting to acquire shared lock on daemon addresses registry.
2024-07-18T20:59:09.086-0300 [DEBUG] [org.gradle.cache.internal.DefaultFileLockManager] Lock acquired on daemon addresses registry.
2024-07-18T20:59:09.086-0300 [DEBUG] [org.gradle.cache.internal.DefaultFileLockManager] Releasing lock on daemon addresses registry.
2024-07-18T20:59:19.085-0300 [DEBUG] [org.gradle.cache.internal.DefaultFileLockManager] Waiting to acquire shared lock on daemon addresses registry.
2024-07-18T20:59:19.085-0300 [DEBUG] [org.gradle.cache.internal.DefaultFileLockManager] Lock acquired on daemon addresses registry.
2024-07-18T20:59:19.085-0300 [DEBUG] [org.gradle.cache.internal.DefaultFileLockManager] Releasing lock on daemon addresses registry.
2024-07-18T20:59:19.088-0300 [DEBUG] [org.gradle.cache.internal.DefaultFileLockManager] Waiting to acquire shared lock on daemon addresses registry.
2024-07-18T20:59:19.088-0300 [DEBUG] [org.gradle.cache.internal.DefaultFileLockManager] Lock acquired on daemon addresses registry.
2024-07-18T20:59:19.088-0300 [DEBUG] [org.gradle.cache.internal.DefaultFileLockManager] Releasing lock on daemon addresses registry.
2024-07-18T20:59:19.089-0300 [DEBUG] [org.gradle.cache.internal.DefaultFileLockManager] Waiting to acquire shared lock on daemon addresses registry.
2024-07-18T20:59:19.089-0300 [DEBUG] [org.gradle.cache.internal.DefaultFileLockManager] Lock acquired on daemon addresses registry.
2024-07-18T20:59:19.090-0300 [DEBUG] [org.gradle.cache.internal.DefaultFileLockManager] Releasing lock on daemon addresses registry.
2024-07-18T20:59:29.085-0300 [DEBUG] [org.gradle.cache.internal.DefaultFileLockManager] Waiting to acquire shared lock on daemon addresses registry.
2024-07-18T20:59:29.085-0300 [DEBUG] [org.gradle.cache.internal.DefaultFileLockManager] Lock acquired on daemon addresses registry.
2024-07-18T20:59:29.087-0300 [DEBUG] [org.gradle.cache.internal.DefaultFileLockManager] Releasing lock on daemon addresses registry.
2024-07-18T20:59:29.088-0300 [DEBUG] [org.gradle.cache.internal.DefaultFileLockManager] Waiting to acquire shared lock on daemon addresses registry.
2024-07-18T20:59:29.088-0300 [DEBUG] [org.gradle.cache.internal.DefaultFileLockManager] Lock acquired on daemon addresses registry.
2024-07-18T20:59:29.089-0300 [DEBUG] [org.gradle.cache.internal.DefaultFileLockManager] Releasing lock on daemon addresses registry.
2024-07-18T20:59:29.089-0300 [DEBUG] [org.gradle.cache.internal.DefaultFileLockManager] Waiting to acquire shared lock on daemon addresses registry.
2024-07-18T20:59:29.089-0300 [DEBUG] [org.gradle.cache.internal.DefaultFileLockManager] Lock acquired on daemon addresses registry.
2024-07-18T20:59:29.089-0300 [DEBUG] [org.gradle.cache.internal.DefaultFileLockManager] Releasing lock on daemon addresses registry.
2024-07-18T20:59:39.084-0300 [DEBUG] [org.gradle.cache.internal.DefaultFileLockManager] Waiting to acquire shared lock on daemon addresses registry.
2024-07-18T20:59:39.084-0300 [DEBUG] [org.gradle.cache.internal.DefaultFileLockManager] Lock acquired on daemon addresses registry.
2024-07-18T20:59:39.085-0300 [DEBUG] [org.gradle.cache.internal.DefaultFileLockManager] Releasing lock on daemon addresses registry.
2024-07-18T20:59:39.085-0300 [DEBUG] [org.gradle.cache.internal.DefaultFileLockManager] Waiting to acquire shared lock on daemon addresses registry.
2024-07-18T20:59:39.086-0300 [DEBUG] [org.gradle.cache.internal.DefaultFileLockManager] Lock acquired on daemon addresses registry.
2024-07-18T20:59:39.086-0300 [DEBUG] [org.gradle.cache.internal.DefaultFileLockManager] Releasing lock on daemon addresses registry.
2024-07-18T20:59:39.086-0300 [DEBUG] [org.gradle.cache.internal.DefaultFileLockManager] Waiting to acquire shared lock on daemon addresses registry.
2024-07-18T20:59:39.087-0300 [DEBUG] [org.gradle.cache.internal.DefaultFileLockManager] Lock acquired on daemon addresses registry.
2024-07-18T20:59:39.088-0300 [DEBUG] [org.gradle.cache.internal.DefaultFileLockManager] Releasing lock on daemon addresses registry.
2024-07-18T20:59:49.084-0300 [DEBUG] [org.gradle.cache.internal.DefaultFileLockManager] Waiting to acquire shared lock on daemon addresses registry.
2024-07-18T20:59:49.084-0300 [DEBUG] [org.gradle.cache.internal.DefaultFileLockManager] Lock acquired on daemon addresses registry.
2024-07-18T20:59:49.085-0300 [DEBUG] [org.gradle.cache.internal.DefaultFileLockManager] Releasing lock on daemon addresses registry.
2024-07-18T20:59:49.085-0300 [DEBUG] [org.gradle.cache.internal.DefaultFileLockManager] Waiting to acquire shared lock on daemon addresses registry.
2024-07-18T20:59:49.085-0300 [DEBUG] [org.gradle.cache.internal.DefaultFileLockManager] Lock acquired on daemon addresses registry.
2024-07-18T20:59:49.085-0300 [DEBUG] [org.gradle.cache.internal.DefaultFileLockManager] Releasing lock on daemon addresses registry.
2024-07-18T20:59:49.086-0300 [DEBUG] [org.gradle.cache.internal.DefaultFileLockManager] Waiting to acquire shared lock on daemon addresses registry.
2024-07-18T20:59:49.086-0300 [DEBUG] [org.gradle.cache.internal.DefaultFileLockManager] Lock acquired on daemon addresses registry.
2024-07-18T20:59:49.086-0300 [DEBUG] [org.gradle.cache.internal.DefaultFileLockManager] Releasing lock on daemon addresses registry.
2024-07-18T20:59:59.084-0300 [DEBUG] [org.gradle.cache.internal.DefaultFileLockManager] Waiting to acquire shared lock on daemon addresses registry.
2024-07-18T20:59:59.084-0300 [DEBUG] [org.gradle.cache.internal.DefaultFileLockManager] Lock acquired on daemon addresses registry.
2024-07-18T20:59:59.084-0300 [DEBUG] [org.gradle.cache.internal.DefaultFileLockManager] Releasing lock on daemon addresses registry.
2024-07-18T20:59:59.085-0300 [DEBUG] [org.gradle.cache.internal.DefaultFileLockManager] Waiting to acquire shared lock on daemon addresses registry.
2024-07-18T20:59:59.085-0300 [DEBUG] [org.gradle.cache.internal.DefaultFileLockManager] Lock acquired on daemon addresses registry.
2024-07-18T20:59:59.085-0300 [DEBUG] [org.gradle.cache.internal.DefaultFileLockManager] Releasing lock on daemon addresses registry.
2024-07-18T20:59:59.085-0300 [DEBUG] [org.gradle.cache.internal.DefaultFileLockManager] Waiting to acquire shared lock on daemon addresses registry.
2024-07-18T20:59:59.085-0300 [DEBUG] [org.gradle.cache.internal.DefaultFileLockManager] Lock acquired on daemon addresses registry.
2024-07-18T20:59:59.087-0300 [DEBUG] [org.gradle.cache.internal.DefaultFileLockManager] Releasing lock on daemon addresses registry.
2024-07-18T21:00:09.085-0300 [DEBUG] [org.gradle.cache.internal.DefaultFileLockManager] Waiting to acquire shared lock on daemon addresses registry.
2024-07-18T21:00:09.085-0300 [DEBUG] [org.gradle.cache.internal.DefaultFileLockManager] Lock acquired on daemon addresses registry.
2024-07-18T21:00:09.085-0300 [DEBUG] [org.gradle.cache.internal.DefaultFileLockManager] Releasing lock on daemon addresses registry.
2024-07-18T21:00:09.086-0300 [DEBUG] [org.gradle.cache.internal.DefaultFileLockManager] Waiting to acquire shared lock on daemon addresses registry.
2024-07-18T21:00:09.086-0300 [DEBUG] [org.gradle.cache.internal.DefaultFileLockManager] Lock acquired on daemon addresses registry.
2024-07-18T21:00:09.086-0300 [DEBUG] [org.gradle.cache.internal.DefaultFileLockManager] Releasing lock on daemon addresses registry.
2024-07-18T21:00:09.086-0300 [DEBUG] [org.gradle.cache.internal.DefaultFileLockManager] Waiting to acquire shared lock on daemon addresses registry.
2024-07-18T21:00:09.086-0300 [DEBUG] [org.gradle.cache.internal.DefaultFileLockManager] Lock acquired on daemon addresses registry.
2024-07-18T21:00:09.087-0300 [DEBUG] [org.gradle.cache.internal.DefaultFileLockManager] Releasing lock on daemon addresses registry.
2024-07-18T21:00:19.084-0300 [DEBUG] [org.gradle.cache.internal.DefaultFileLockManager] Waiting to acquire shared lock on daemon addresses registry.
2024-07-18T21:00:19.084-0300 [DEBUG] [org.gradle.cache.internal.DefaultFileLockManager] Lock acquired on daemon addresses registry.
2024-07-18T21:00:19.084-0300 [DEBUG] [org.gradle.cache.internal.DefaultFileLockManager] Releasing lock on daemon addresses registry.
2024-07-18T21:00:19.087-0300 [DEBUG] [org.gradle.cache.internal.DefaultFileLockManager] Waiting to acquire shared lock on daemon addresses registry.
2024-07-18T21:00:19.087-0300 [DEBUG] [org.gradle.cache.internal.DefaultFileLockManager] Lock acquired on daemon addresses registry.
2024-07-18T21:00:19.087-0300 [DEBUG] [org.gradle.cache.internal.DefaultFileLockManager] Releasing lock on daemon addresses registry.
2024-07-18T21:00:19.088-0300 [DEBUG] [org.gradle.cache.internal.DefaultFileLockManager] Waiting to acquire shared lock on daemon addresses registry.
2024-07-18T21:00:19.088-0300 [DEBUG] [org.gradle.cache.internal.DefaultFileLockManager] Lock acquired on daemon addresses registry.
2024-07-18T21:00:19.088-0300 [DEBUG] [org.gradle.cache.internal.DefaultFileLockManager] Releasing lock on daemon addresses registry.
2024-07-18T21:00:29.084-0300 [DEBUG] [org.gradle.cache.internal.DefaultFileLockManager] Waiting to acquire shared lock on daemon addresses registry.
2024-07-18T21:00:29.084-0300 [DEBUG] [org.gradle.cache.internal.DefaultFileLockManager] Lock acquired on daemon addresses registry.
2024-07-18T21:00:29.085-0300 [DEBUG] [org.gradle.cache.internal.DefaultFileLockManager] Releasing lock on daemon addresses registry.
2024-07-18T21:00:29.087-0300 [DEBUG] [org.gradle.cache.internal.DefaultFileLockManager] Waiting to acquire shared lock on daemon addresses registry.
2024-07-18T21:00:29.087-0300 [DEBUG] [org.gradle.cache.internal.DefaultFileLockManager] Lock acquired on daemon addresses registry.
2024-07-18T21:00:29.087-0300 [DEBUG] [org.gradle.cache.internal.DefaultFileLockManager] Releasing lock on daemon addresses registry.
2024-07-18T21:00:29.087-0300 [DEBUG] [org.gradle.cache.internal.DefaultFileLockManager] Waiting to acquire shared lock on daemon addresses registry.
2024-07-18T21:00:29.088-0300 [DEBUG] [org.gradle.cache.internal.DefaultFileLockManager] Lock acquired on daemon addresses registry.
2024-07-18T21:00:29.088-0300 [DEBUG] [org.gradle.cache.internal.DefaultFileLockManager] Releasing lock on daemon addresses registry.
2024-07-18T21:00:39.084-0300 [DEBUG] [org.gradle.cache.internal.DefaultFileLockManager] Waiting to acquire shared lock on daemon addresses registry.
2024-07-18T21:00:39.084-0300 [DEBUG] [org.gradle.cache.internal.DefaultFileLockManager] Lock acquired on daemon addresses registry.
2024-07-18T21:00:39.085-0300 [DEBUG] [org.gradle.cache.internal.DefaultFileLockManager] Releasing lock on daemon addresses registry.
2024-07-18T21:00:39.085-0300 [DEBUG] [org.gradle.cache.internal.DefaultFileLockManager] Waiting to acquire shared lock on daemon addresses registry.
2024-07-18T21:00:39.085-0300 [DEBUG] [org.gradle.cache.internal.DefaultFileLockManager] Lock acquired on daemon addresses registry.
2024-07-18T21:00:39.086-0300 [DEBUG] [org.gradle.cache.internal.DefaultFileLockManager] Releasing lock on daemon addresses registry.
2024-07-18T21:00:39.086-0300 [DEBUG] [org.gradle.cache.internal.DefaultFileLockManager] Waiting to acquire shared lock on daemon addresses registry.
2024-07-18T21:00:39.086-0300 [DEBUG] [org.gradle.cache.internal.DefaultFileLockManager] Lock acquired on daemon addresses registry.
2024-07-18T21:00:39.086-0300 [DEBUG] [org.gradle.cache.internal.DefaultFileLockManager] Releasing lock on daemon addresses registry.
2024-07-18T21:00:49.085-0300 [DEBUG] [org.gradle.cache.internal.DefaultFileLockManager] Waiting to acquire shared lock on daemon addresses registry.
2024-07-18T21:00:49.085-0300 [DEBUG] [org.gradle.cache.internal.DefaultFileLockManager] Lock acquired on daemon addresses registry.
2024-07-18T21:00:49.085-0300 [DEBUG] [org.gradle.cache.internal.DefaultFileLockManager] Releasing lock on daemon addresses registry.
2024-07-18T21:00:49.085-0300 [DEBUG] [org.gradle.cache.internal.DefaultFileLockManager] Waiting to acquire shared lock on daemon addresses registry.
2024-07-18T21:00:49.085-0300 [DEBUG] [org.gradle.cache.internal.DefaultFileLockManager] Lock acquired on daemon addresses registry.
2024-07-18T21:00:49.085-0300 [DEBUG] [org.gradle.cache.internal.DefaultFileLockManager] Releasing lock on daemon addresses registry.
2024-07-18T21:00:49.086-0300 [DEBUG] [org.gradle.cache.internal.DefaultFileLockManager] Waiting to acquire shared lock on daemon addresses registry.
2024-07-18T21:00:49.086-0300 [DEBUG] [org.gradle.cache.internal.DefaultFileLockManager] Lock acquired on daemon addresses registry.
2024-07-18T21:00:49.086-0300 [DEBUG] [org.gradle.cache.internal.DefaultFileLockManager] Releasing lock on daemon addresses registry.
2024-07-18T21:00:59.085-0300 [DEBUG] [org.gradle.cache.internal.DefaultFileLockManager] Waiting to acquire shared lock on daemon addresses registry.
2024-07-18T21:00:59.085-0300 [DEBUG] [org.gradle.cache.internal.DefaultFileLockManager] Lock acquired on daemon addresses registry.
2024-07-18T21:00:59.088-0300 [DEBUG] [org.gradle.cache.internal.DefaultFileLockManager] Releasing lock on daemon addresses registry.
2024-07-18T21:00:59.089-0300 [DEBUG] [org.gradle.cache.internal.DefaultFileLockManager] Waiting to acquire shared lock on daemon addresses registry.
2024-07-18T21:00:59.090-0300 [DEBUG] [org.gradle.cache.internal.DefaultFileLockManager] Lock acquired on daemon addresses registry.
2024-07-18T21:00:59.090-0300 [DEBUG] [org.gradle.cache.internal.DefaultFileLockManager] Releasing lock on daemon addresses registry.
2024-07-18T21:00:59.090-0300 [DEBUG] [org.gradle.cache.internal.DefaultFileLockManager] Waiting to acquire shared lock on daemon addresses registry.
2024-07-18T21:00:59.090-0300 [DEBUG] [org.gradle.cache.internal.DefaultFileLockManager] Lock acquired on daemon addresses registry.
2024-07-18T21:00:59.090-0300 [DEBUG] [org.gradle.cache.internal.DefaultFileLockManager] Releasing lock on daemon addresses registry.
2024-07-18T21:01:09.085-0300 [DEBUG] [org.gradle.cache.internal.DefaultFileLockManager] Waiting to acquire shared lock on daemon addresses registry.
2024-07-18T21:01:09.085-0300 [DEBUG] [org.gradle.cache.internal.DefaultFileLockManager] Lock acquired on daemon addresses registry.
2024-07-18T21:01:09.085-0300 [DEBUG] [org.gradle.cache.internal.DefaultFileLockManager] Releasing lock on daemon addresses registry.
2024-07-18T21:01:09.086-0300 [DEBUG] [org.gradle.cache.internal.DefaultFileLockManager] Waiting to acquire shared lock on daemon addresses registry.
2024-07-18T21:01:09.086-0300 [DEBUG] [org.gradle.cache.internal.DefaultFileLockManager] Lock acquired on daemon addresses registry.
2024-07-18T21:01:09.087-0300 [DEBUG] [org.gradle.cache.internal.DefaultFileLockManager] Releasing lock on daemon addresses registry.
2024-07-18T21:01:09.087-0300 [DEBUG] [org.gradle.cache.internal.DefaultFileLockManager] Waiting to acquire shared lock on daemon addresses registry.
2024-07-18T21:01:09.087-0300 [DEBUG] [org.gradle.cache.internal.DefaultFileLockManager] Lock acquired on daemon addresses registry.
2024-07-18T21:01:09.087-0300 [DEBUG] [org.gradle.cache.internal.DefaultFileLockManager] Releasing lock on daemon addresses registry.
2024-07-18T21:01:19.084-0300 [DEBUG] [org.gradle.cache.internal.DefaultFileLockManager] Waiting to acquire shared lock on daemon addresses registry.
2024-07-18T21:01:19.084-0300 [DEBUG] [org.gradle.cache.internal.DefaultFileLockManager] Lock acquired on daemon addresses registry.
2024-07-18T21:01:19.085-0300 [DEBUG] [org.gradle.cache.internal.DefaultFileLockManager] Releasing lock on daemon addresses registry.
2024-07-18T21:01:19.085-0300 [DEBUG] [org.gradle.cache.internal.DefaultFileLockManager] Waiting to acquire shared lock on daemon addresses registry.
2024-07-18T21:01:19.085-0300 [DEBUG] [org.gradle.cache.internal.DefaultFileLockManager] Lock acquired on daemon addresses registry.
2024-07-18T21:01:19.086-0300 [DEBUG] [org.gradle.cache.internal.DefaultFileLockManager] Releasing lock on daemon addresses registry.
2024-07-18T21:01:19.086-0300 [DEBUG] [org.gradle.cache.internal.DefaultFileLockManager] Waiting to acquire shared lock on daemon addresses registry.
2024-07-18T21:01:19.086-0300 [DEBUG] [org.gradle.cache.internal.DefaultFileLockManager] Lock acquired on daemon addresses registry.
2024-07-18T21:01:19.086-0300 [DEBUG] [org.gradle.cache.internal.DefaultFileLockManager] Releasing lock on daemon addresses registry.
2024-07-18T21:01:29.084-0300 [DEBUG] [org.gradle.cache.internal.DefaultFileLockManager] Waiting to acquire shared lock on daemon addresses registry.
2024-07-18T21:01:29.084-0300 [DEBUG] [org.gradle.cache.internal.DefaultFileLockManager] Lock acquired on daemon addresses registry.
2024-07-18T21:01:29.085-0300 [DEBUG] [org.gradle.cache.internal.DefaultFileLockManager] Releasing lock on daemon addresses registry.
2024-07-18T21:01:29.085-0300 [DEBUG] [org.gradle.cache.internal.DefaultFileLockManager] Waiting to acquire shared lock on daemon addresses registry.
2024-07-18T21:01:29.085-0300 [DEBUG] [org.gradle.cache.internal.DefaultFileLockManager] Lock acquired on daemon addresses registry.
2024-07-18T21:01:29.085-0300 [DEBUG] [org.gradle.cache.internal.DefaultFileLockManager] Releasing lock on daemon addresses registry.
2024-07-18T21:01:29.086-0300 [DEBUG] [org.gradle.cache.internal.DefaultFileLockManager] Waiting to acquire shared lock on daemon addresses registry.
2024-07-18T21:01:29.086-0300 [DEBUG] [org.gradle.cache.internal.DefaultFileLockManager] Lock acquired on daemon addresses registry.
2024-07-18T21:01:29.086-0300 [DEBUG] [org.gradle.cache.internal.DefaultFileLockManager] Releasing lock on daemon addresses registry.
2024-07-18T21:01:39.084-0300 [DEBUG] [org.gradle.cache.internal.DefaultFileLockManager] Waiting to acquire shared lock on daemon addresses registry.
2024-07-18T21:01:39.084-0300 [DEBUG] [org.gradle.cache.internal.DefaultFileLockManager] Lock acquired on daemon addresses registry.
2024-07-18T21:01:39.084-0300 [DEBUG] [org.gradle.cache.internal.DefaultFileLockManager] Releasing lock on daemon addresses registry.
2024-07-18T21:01:39.085-0300 [DEBUG] [org.gradle.cache.internal.DefaultFileLockManager] Waiting to acquire shared lock on daemon addresses registry.
2024-07-18T21:01:39.085-0300 [DEBUG] [org.gradle.cache.internal.DefaultFileLockManager] Lock acquired on daemon addresses registry.
2024-07-18T21:01:39.085-0300 [DEBUG] [org.gradle.cache.internal.DefaultFileLockManager] Releasing lock on daemon addresses registry.
2024-07-18T21:01:39.086-0300 [DEBUG] [org.gradle.cache.internal.DefaultFileLockManager] Waiting to acquire shared lock on daemon addresses registry.
2024-07-18T21:01:39.086-0300 [DEBUG] [org.gradle.cache.internal.DefaultFileLockManager] Lock acquired on daemon addresses registry.
2024-07-18T21:01:39.086-0300 [DEBUG] [org.gradle.cache.internal.DefaultFileLockManager] Releasing lock on daemon addresses registry.
2024-07-18T21:01:49.084-0300 [DEBUG] [org.gradle.cache.internal.DefaultFileLockManager] Waiting to acquire shared lock on daemon addresses registry.
2024-07-18T21:01:49.084-0300 [DEBUG] [org.gradle.cache.internal.DefaultFileLockManager] Lock acquired on daemon addresses registry.
2024-07-18T21:01:49.085-0300 [DEBUG] [org.gradle.cache.internal.DefaultFileLockManager] Releasing lock on daemon addresses registry.
2024-07-18T21:01:49.085-0300 [DEBUG] [org.gradle.cache.internal.DefaultFileLockManager] Waiting to acquire shared lock on daemon addresses registry.
2024-07-18T21:01:49.085-0300 [DEBUG] [org.gradle.cache.internal.DefaultFileLockManager] Lock acquired on daemon addresses registry.
2024-07-18T21:01:49.085-0300 [DEBUG] [org.gradle.cache.internal.DefaultFileLockManager] Releasing lock on daemon addresses registry.
2024-07-18T21:01:49.086-0300 [DEBUG] [org.gradle.cache.internal.DefaultFileLockManager] Waiting to acquire shared lock on daemon addresses registry.
2024-07-18T21:01:49.086-0300 [DEBUG] [org.gradle.cache.internal.DefaultFileLockManager] Lock acquired on daemon addresses registry.
2024-07-18T21:01:49.086-0300 [DEBUG] [org.gradle.cache.internal.DefaultFileLockManager] Releasing lock on daemon addresses registry.
2024-07-18T21:01:59.084-0300 [DEBUG] [org.gradle.cache.internal.DefaultFileLockManager] Waiting to acquire shared lock on daemon addresses registry.
2024-07-18T21:01:59.084-0300 [DEBUG] [org.gradle.cache.internal.DefaultFileLockManager] Lock acquired on daemon addresses registry.
2024-07-18T21:01:59.085-0300 [DEBUG] [org.gradle.cache.internal.DefaultFileLockManager] Releasing lock on daemon addresses registry.
2024-07-18T21:01:59.085-0300 [DEBUG] [org.gradle.cache.internal.DefaultFileLockManager] Waiting to acquire shared lock on daemon addresses registry.
2024-07-18T21:01:59.085-0300 [DEBUG] [org.gradle.cache.internal.DefaultFileLockManager] Lock acquired on daemon addresses registry.
2024-07-18T21:01:59.086-0300 [DEBUG] [org.gradle.cache.internal.DefaultFileLockManager] Releasing lock on daemon addresses registry.
2024-07-18T21:01:59.086-0300 [DEBUG] [org.gradle.cache.internal.DefaultFileLockManager] Waiting to acquire shared lock on daemon addresses registry.
2024-07-18T21:01:59.086-0300 [DEBUG] [org.gradle.cache.internal.DefaultFileLockManager] Lock acquired on daemon addresses registry.
2024-07-18T21:01:59.086-0300 [DEBUG] [org.gradle.cache.internal.DefaultFileLockManager] Releasing lock on daemon addresses registry.
2024-07-18T21:02:09.084-0300 [DEBUG] [org.gradle.cache.internal.DefaultFileLockManager] Waiting to acquire shared lock on daemon addresses registry.
2024-07-18T21:02:09.085-0300 [DEBUG] [org.gradle.cache.internal.DefaultFileLockManager] Lock acquired on daemon addresses registry.
2024-07-18T21:02:09.085-0300 [DEBUG] [org.gradle.cache.internal.DefaultFileLockManager] Releasing lock on daemon addresses registry.
2024-07-18T21:02:09.085-0300 [DEBUG] [org.gradle.cache.internal.DefaultFileLockManager] Waiting to acquire shared lock on daemon addresses registry.
2024-07-18T21:02:09.085-0300 [DEBUG] [org.gradle.cache.internal.DefaultFileLockManager] Lock acquired on daemon addresses registry.
2024-07-18T21:02:09.086-0300 [DEBUG] [org.gradle.cache.internal.DefaultFileLockManager] Releasing lock on daemon addresses registry.
2024-07-18T21:02:09.086-0300 [DEBUG] [org.gradle.cache.internal.DefaultFileLockManager] Waiting to acquire shared lock on daemon addresses registry.
2024-07-18T21:02:09.086-0300 [DEBUG] [org.gradle.cache.internal.DefaultFileLockManager] Lock acquired on daemon addresses registry.
2024-07-18T21:02:09.086-0300 [DEBUG] [org.gradle.cache.internal.DefaultFileLockManager] Releasing lock on daemon addresses registry.
2024-07-18T21:02:19.084-0300 [DEBUG] [org.gradle.cache.internal.DefaultFileLockManager] Waiting to acquire shared lock on daemon addresses registry.
2024-07-18T21:02:19.084-0300 [DEBUG] [org.gradle.cache.internal.DefaultFileLockManager] Lock acquired on daemon addresses registry.
2024-07-18T21:02:19.084-0300 [DEBUG] [org.gradle.cache.internal.DefaultFileLockManager] Releasing lock on daemon addresses registry.
2024-07-18T21:02:19.085-0300 [DEBUG] [org.gradle.cache.internal.DefaultFileLockManager] Waiting to acquire shared lock on daemon addresses registry.
2024-07-18T21:02:19.085-0300 [DEBUG] [org.gradle.cache.internal.DefaultFileLockManager] Lock acquired on daemon addresses registry.
2024-07-18T21:02:19.085-0300 [DEBUG] [org.gradle.cache.internal.DefaultFileLockManager] Releasing lock on daemon addresses registry.
2024-07-18T21:02:19.085-0300 [DEBUG] [org.gradle.cache.internal.DefaultFileLockManager] Waiting to acquire shared lock on daemon addresses registry.
2024-07-18T21:02:19.085-0300 [DEBUG] [org.gradle.cache.internal.DefaultFileLockManager] Lock acquired on daemon addresses registry.
2024-07-18T21:02:19.085-0300 [DEBUG] [org.gradle.cache.internal.DefaultFileLockManager] Releasing lock on daemon addresses registry.
2024-07-18T21:02:29.084-0300 [DEBUG] [org.gradle.cache.internal.DefaultFileLockManager] Waiting to acquire shared lock on daemon addresses registry.
2024-07-18T21:02:29.084-0300 [DEBUG] [org.gradle.cache.internal.DefaultFileLockManager] Lock acquired on daemon addresses registry.
2024-07-18T21:02:29.085-0300 [DEBUG] [org.gradle.cache.internal.DefaultFileLockManager] Releasing lock on daemon addresses registry.
2024-07-18T21:02:29.085-0300 [DEBUG] [org.gradle.cache.internal.DefaultFileLockManager] Waiting to acquire shared lock on daemon addresses registry.
2024-07-18T21:02:29.085-0300 [DEBUG] [org.gradle.cache.internal.DefaultFileLockManager] Lock acquired on daemon addresses registry.
2024-07-18T21:02:29.085-0300 [DEBUG] [org.gradle.cache.internal.DefaultFileLockManager] Releasing lock on daemon addresses registry.
2024-07-18T21:02:29.085-0300 [DEBUG] [org.gradle.cache.internal.DefaultFileLockManager] Waiting to acquire shared lock on daemon addresses registry.
2024-07-18T21:02:29.086-0300 [DEBUG] [org.gradle.cache.internal.DefaultFileLockManager] Lock acquired on daemon addresses registry.
2024-07-18T21:02:29.086-0300 [DEBUG] [org.gradle.cache.internal.DefaultFileLockManager] Releasing lock on daemon addresses registry.
2024-07-18T21:02:39.084-0300 [DEBUG] [org.gradle.cache.internal.DefaultFileLockManager] Waiting to acquire shared lock on daemon addresses registry.
2024-07-18T21:02:39.084-0300 [DEBUG] [org.gradle.cache.internal.DefaultFileLockManager] Lock acquired on daemon addresses registry.
2024-07-18T21:02:39.085-0300 [DEBUG] [org.gradle.cache.internal.DefaultFileLockManager] Releasing lock on daemon addresses registry.
2024-07-18T21:02:39.085-0300 [DEBUG] [org.gradle.cache.internal.DefaultFileLockManager] Waiting to acquire shared lock on daemon addresses registry.
2024-07-18T21:02:39.085-0300 [DEBUG] [org.gradle.cache.internal.DefaultFileLockManager] Lock acquired on daemon addresses registry.
2024-07-18T21:02:39.086-0300 [DEBUG] [org.gradle.cache.internal.DefaultFileLockManager] Releasing lock on daemon addresses registry.
2024-07-18T21:02:39.086-0300 [DEBUG] [org.gradle.cache.internal.DefaultFileLockManager] Waiting to acquire shared lock on daemon addresses registry.
2024-07-18T21:02:39.086-0300 [DEBUG] [org.gradle.cache.internal.DefaultFileLockManager] Lock acquired on daemon addresses registry.
2024-07-18T21:02:39.086-0300 [DEBUG] [org.gradle.cache.internal.DefaultFileLockManager] Releasing lock on daemon addresses registry.
2024-07-18T21:02:49.085-0300 [DEBUG] [org.gradle.cache.internal.DefaultFileLockManager] Waiting to acquire shared lock on daemon addresses registry.
2024-07-18T21:02:49.085-0300 [DEBUG] [org.gradle.cache.internal.DefaultFileLockManager] Lock acquired on daemon addresses registry.
2024-07-18T21:02:49.085-0300 [DEBUG] [org.gradle.cache.internal.DefaultFileLockManager] Releasing lock on daemon addresses registry.
2024-07-18T21:02:49.086-0300 [DEBUG] [org.gradle.cache.internal.DefaultFileLockManager] Waiting to acquire shared lock on daemon addresses registry.
2024-07-18T21:02:49.086-0300 [DEBUG] [org.gradle.cache.internal.DefaultFileLockManager] Lock acquired on daemon addresses registry.
2024-07-18T21:02:49.086-0300 [DEBUG] [org.gradle.cache.internal.DefaultFileLockManager] Releasing lock on daemon addresses registry.
2024-07-18T21:02:49.087-0300 [DEBUG] [org.gradle.cache.internal.DefaultFileLockManager] Waiting to acquire shared lock on daemon addresses registry.
2024-07-18T21:02:49.087-0300 [DEBUG] [org.gradle.cache.internal.DefaultFileLockManager] Lock acquired on daemon addresses registry.
2024-07-18T21:02:49.088-0300 [DEBUG] [org.gradle.cache.internal.DefaultFileLockManager] Releasing lock on daemon addresses registry.
2024-07-18T21:02:59.085-0300 [DEBUG] [org.gradle.cache.internal.DefaultFileLockManager] Waiting to acquire shared lock on daemon addresses registry.
2024-07-18T21:02:59.086-0300 [DEBUG] [org.gradle.cache.internal.DefaultFileLockManager] Lock acquired on daemon addresses registry.
2024-07-18T21:02:59.087-0300 [DEBUG] [org.gradle.cache.internal.DefaultFileLockManager] Releasing lock on daemon addresses registry.
2024-07-18T21:02:59.087-0300 [DEBUG] [org.gradle.cache.internal.DefaultFileLockManager] Waiting to acquire shared lock on daemon addresses registry.
2024-07-18T21:02:59.091-0300 [DEBUG] [org.gradle.cache.internal.DefaultFileLockManager] Lock acquired on daemon addresses registry.
2024-07-18T21:02:59.091-0300 [DEBUG] [org.gradle.cache.internal.DefaultFileLockManager] Releasing lock on daemon addresses registry.
2024-07-18T21:02:59.091-0300 [DEBUG] [org.gradle.cache.internal.DefaultFileLockManager] Waiting to acquire shared lock on daemon addresses registry.
2024-07-18T21:02:59.091-0300 [DEBUG] [org.gradle.cache.internal.DefaultFileLockManager] Lock acquired on daemon addresses registry.
2024-07-18T21:02:59.092-0300 [DEBUG] [org.gradle.cache.internal.DefaultFileLockManager] Releasing lock on daemon addresses registry.
2024-07-18T21:03:09.084-0300 [DEBUG] [org.gradle.cache.internal.DefaultFileLockManager] Waiting to acquire shared lock on daemon addresses registry.
2024-07-18T21:03:09.085-0300 [DEBUG] [org.gradle.cache.internal.DefaultFileLockManager] Lock acquired on daemon addresses registry.
2024-07-18T21:03:09.085-0300 [DEBUG] [org.gradle.cache.internal.DefaultFileLockManager] Releasing lock on daemon addresses registry.
2024-07-18T21:03:09.085-0300 [DEBUG] [org.gradle.cache.internal.DefaultFileLockManager] Waiting to acquire shared lock on daemon addresses registry.
2024-07-18T21:03:09.085-0300 [DEBUG] [org.gradle.cache.internal.DefaultFileLockManager] Lock acquired on daemon addresses registry.
2024-07-18T21:03:09.085-0300 [DEBUG] [org.gradle.cache.internal.DefaultFileLockManager] Releasing lock on daemon addresses registry.
2024-07-18T21:03:09.086-0300 [DEBUG] [org.gradle.cache.internal.DefaultFileLockManager] Waiting to acquire shared lock on daemon addresses registry.
2024-07-18T21:03:09.086-0300 [DEBUG] [org.gradle.cache.internal.DefaultFileLockManager] Lock acquired on daemon addresses registry.
2024-07-18T21:03:09.086-0300 [DEBUG] [org.gradle.cache.internal.DefaultFileLockManager] Releasing lock on daemon addresses registry.
2024-07-18T21:03:19.084-0300 [DEBUG] [org.gradle.cache.internal.DefaultFileLockManager] Waiting to acquire shared lock on daemon addresses registry.
2024-07-18T21:03:19.085-0300 [DEBUG] [org.gradle.cache.internal.DefaultFileLockManager] Lock acquired on daemon addresses registry.
2024-07-18T21:03:19.085-0300 [DEBUG] [org.gradle.cache.internal.DefaultFileLockManager] Releasing lock on daemon addresses registry.
2024-07-18T21:03:19.085-0300 [DEBUG] [org.gradle.cache.internal.DefaultFileLockManager] Waiting to acquire shared lock on daemon addresses registry.
2024-07-18T21:03:19.085-0300 [DEBUG] [org.gradle.cache.internal.DefaultFileLockManager] Lock acquired on daemon addresses registry.
2024-07-18T21:03:19.085-0300 [DEBUG] [org.gradle.cache.internal.DefaultFileLockManager] Releasing lock on daemon addresses registry.
2024-07-18T21:03:19.086-0300 [DEBUG] [org.gradle.cache.internal.DefaultFileLockManager] Waiting to acquire shared lock on daemon addresses registry.
2024-07-18T21:03:19.086-0300 [DEBUG] [org.gradle.cache.internal.DefaultFileLockManager] Lock acquired on daemon addresses registry.
2024-07-18T21:03:19.086-0300 [DEBUG] [org.gradle.cache.internal.DefaultFileLockManager] Releasing lock on daemon addresses registry.
2024-07-18T21:03:29.084-0300 [DEBUG] [org.gradle.cache.internal.DefaultFileLockManager] Waiting to acquire shared lock on daemon addresses registry.
2024-07-18T21:03:29.084-0300 [DEBUG] [org.gradle.cache.internal.DefaultFileLockManager] Lock acquired on daemon addresses registry.
2024-07-18T21:03:29.084-0300 [DEBUG] [org.gradle.cache.internal.DefaultFileLockManager] Releasing lock on daemon addresses registry.
2024-07-18T21:03:29.084-0300 [DEBUG] [org.gradle.cache.internal.DefaultFileLockManager] Waiting to acquire shared lock on daemon addresses registry.
2024-07-18T21:03:29.085-0300 [DEBUG] [org.gradle.cache.internal.DefaultFileLockManager] Lock acquired on daemon addresses registry.
2024-07-18T21:03:29.086-0300 [DEBUG] [org.gradle.cache.internal.DefaultFileLockManager] Releasing lock on daemon addresses registry.
2024-07-18T21:03:29.086-0300 [DEBUG] [org.gradle.cache.internal.DefaultFileLockManager] Waiting to acquire shared lock on daemon addresses registry.
2024-07-18T21:03:29.086-0300 [DEBUG] [org.gradle.cache.internal.DefaultFileLockManager] Lock acquired on daemon addresses registry.
2024-07-18T21:03:29.086-0300 [DEBUG] [org.gradle.cache.internal.DefaultFileLockManager] Releasing lock on daemon addresses registry.
2024-07-18T21:03:39.085-0300 [DEBUG] [org.gradle.cache.internal.DefaultFileLockManager] Waiting to acquire shared lock on daemon addresses registry.
2024-07-18T21:03:39.085-0300 [DEBUG] [org.gradle.cache.internal.DefaultFileLockManager] Lock acquired on daemon addresses registry.
2024-07-18T21:03:39.085-0300 [DEBUG] [org.gradle.cache.internal.DefaultFileLockManager] Releasing lock on daemon addresses registry.
2024-07-18T21:03:39.086-0300 [DEBUG] [org.gradle.cache.internal.DefaultFileLockManager] Waiting to acquire shared lock on daemon addresses registry.
2024-07-18T21:03:39.086-0300 [DEBUG] [org.gradle.cache.internal.DefaultFileLockManager] Lock acquired on daemon addresses registry.
2024-07-18T21:03:39.086-0300 [DEBUG] [org.gradle.cache.internal.DefaultFileLockManager] Releasing lock on daemon addresses registry.
2024-07-18T21:03:39.086-0300 [DEBUG] [org.gradle.cache.internal.DefaultFileLockManager] Waiting to acquire shared lock on daemon addresses registry.
2024-07-18T21:03:39.086-0300 [DEBUG] [org.gradle.cache.internal.DefaultFileLockManager] Lock acquired on daemon addresses registry.
2024-07-18T21:03:39.086-0300 [DEBUG] [org.gradle.cache.internal.DefaultFileLockManager] Releasing lock on daemon addresses registry.
2024-07-18T21:03:49.084-0300 [DEBUG] [org.gradle.cache.internal.DefaultFileLockManager] Waiting to acquire shared lock on daemon addresses registry.
2024-07-18T21:03:49.084-0300 [DEBUG] [org.gradle.cache.internal.DefaultFileLockManager] Lock acquired on daemon addresses registry.
2024-07-18T21:03:49.084-0300 [DEBUG] [org.gradle.cache.internal.DefaultFileLockManager] Releasing lock on daemon addresses registry.
2024-07-18T21:03:49.085-0300 [DEBUG] [org.gradle.cache.internal.DefaultFileLockManager] Waiting to acquire shared lock on daemon addresses registry.
2024-07-18T21:03:49.085-0300 [DEBUG] [org.gradle.cache.internal.DefaultFileLockManager] Lock acquired on daemon addresses registry.
2024-07-18T21:03:49.085-0300 [DEBUG] [org.gradle.cache.internal.DefaultFileLockManager] Releasing lock on daemon addresses registry.
2024-07-18T21:03:49.085-0300 [DEBUG] [org.gradle.cache.internal.DefaultFileLockManager] Waiting to acquire shared lock on daemon addresses registry.
2024-07-18T21:03:49.085-0300 [DEBUG] [org.gradle.cache.internal.DefaultFileLockManager] Lock acquired on daemon addresses registry.
2024-07-18T21:03:49.086-0300 [DEBUG] [org.gradle.cache.internal.DefaultFileLockManager] Releasing lock on daemon addresses registry.
2024-07-18T21:03:59.084-0300 [DEBUG] [org.gradle.cache.internal.DefaultFileLockManager] Waiting to acquire shared lock on daemon addresses registry.
2024-07-18T21:03:59.084-0300 [DEBUG] [org.gradle.cache.internal.DefaultFileLockManager] Lock acquired on daemon addresses registry.
2024-07-18T21:03:59.084-0300 [DEBUG] [org.gradle.cache.internal.DefaultFileLockManager] Releasing lock on daemon addresses registry.
2024-07-18T21:03:59.085-0300 [DEBUG] [org.gradle.cache.internal.DefaultFileLockManager] Waiting to acquire shared lock on daemon addresses registry.
2024-07-18T21:03:59.085-0300 [DEBUG] [org.gradle.cache.internal.DefaultFileLockManager] Lock acquired on daemon addresses registry.
2024-07-18T21:03:59.085-0300 [DEBUG] [org.gradle.cache.internal.DefaultFileLockManager] Releasing lock on daemon addresses registry.
2024-07-18T21:03:59.085-0300 [DEBUG] [org.gradle.cache.internal.DefaultFileLockManager] Waiting to acquire shared lock on daemon addresses registry.
2024-07-18T21:03:59.085-0300 [DEBUG] [org.gradle.cache.internal.DefaultFileLockManager] Lock acquired on daemon addresses registry.
2024-07-18T21:03:59.085-0300 [DEBUG] [org.gradle.cache.internal.DefaultFileLockManager] Releasing lock on daemon addresses registry.
2024-07-18T21:04:09.085-0300 [DEBUG] [org.gradle.cache.internal.DefaultFileLockManager] Waiting to acquire shared lock on daemon addresses registry.
2024-07-18T21:04:09.085-0300 [DEBUG] [org.gradle.cache.internal.DefaultFileLockManager] Lock acquired on daemon addresses registry.
2024-07-18T21:04:09.085-0300 [DEBUG] [org.gradle.cache.internal.DefaultFileLockManager] Releasing lock on daemon addresses registry.
2024-07-18T21:04:09.086-0300 [DEBUG] [org.gradle.cache.internal.DefaultFileLockManager] Waiting to acquire shared lock on daemon addresses registry.
2024-07-18T21:04:09.086-0300 [DEBUG] [org.gradle.cache.internal.DefaultFileLockManager] Lock acquired on daemon addresses registry.
2024-07-18T21:04:09.086-0300 [DEBUG] [org.gradle.cache.internal.DefaultFileLockManager] Releasing lock on daemon addresses registry.
2024-07-18T21:04:09.086-0300 [DEBUG] [org.gradle.cache.internal.DefaultFileLockManager] Waiting to acquire shared lock on daemon addresses registry.
2024-07-18T21:04:09.086-0300 [DEBUG] [org.gradle.cache.internal.DefaultFileLockManager] Lock acquired on daemon addresses registry.
2024-07-18T21:04:09.086-0300 [DEBUG] [org.gradle.cache.internal.DefaultFileLockManager] Releasing lock on daemon addresses registry.
2024-07-18T21:04:19.084-0300 [DEBUG] [org.gradle.cache.internal.DefaultFileLockManager] Waiting to acquire shared lock on daemon addresses registry.
2024-07-18T21:04:19.084-0300 [DEBUG] [org.gradle.cache.internal.DefaultFileLockManager] Lock acquired on daemon addresses registry.
2024-07-18T21:04:19.085-0300 [DEBUG] [org.gradle.cache.internal.DefaultFileLockManager] Releasing lock on daemon addresses registry.
2024-07-18T21:04:19.087-0300 [DEBUG] [org.gradle.cache.internal.DefaultFileLockManager] Waiting to acquire shared lock on daemon addresses registry.
2024-07-18T21:04:19.087-0300 [DEBUG] [org.gradle.cache.internal.DefaultFileLockManager] Lock acquired on daemon addresses registry.
2024-07-18T21:04:19.087-0300 [DEBUG] [org.gradle.cache.internal.DefaultFileLockManager] Releasing lock on daemon addresses registry.
2024-07-18T21:04:19.087-0300 [DEBUG] [org.gradle.cache.internal.DefaultFileLockManager] Waiting to acquire shared lock on daemon addresses registry.
2024-07-18T21:04:19.087-0300 [DEBUG] [org.gradle.cache.internal.DefaultFileLockManager] Lock acquired on daemon addresses registry.
2024-07-18T21:04:19.088-0300 [DEBUG] [org.gradle.cache.internal.DefaultFileLockManager] Releasing lock on daemon addresses registry.
2024-07-18T21:04:29.084-0300 [DEBUG] [org.gradle.cache.internal.DefaultFileLockManager] Waiting to acquire shared lock on daemon addresses registry.
2024-07-18T21:04:29.085-0300 [DEBUG] [org.gradle.cache.internal.DefaultFileLockManager] Lock acquired on daemon addresses registry.
2024-07-18T21:04:29.085-0300 [DEBUG] [org.gradle.cache.internal.DefaultFileLockManager] Releasing lock on daemon addresses registry.
2024-07-18T21:04:29.085-0300 [DEBUG] [org.gradle.cache.internal.DefaultFileLockManager] Waiting to acquire shared lock on daemon addresses registry.
2024-07-18T21:04:29.086-0300 [DEBUG] [org.gradle.cache.internal.DefaultFileLockManager] Lock acquired on daemon addresses registry.
2024-07-18T21:04:29.086-0300 [DEBUG] [org.gradle.cache.internal.DefaultFileLockManager] Releasing lock on daemon addresses registry.
2024-07-18T21:04:29.086-0300 [DEBUG] [org.gradle.cache.internal.DefaultFileLockManager] Waiting to acquire shared lock on daemon addresses registry.
2024-07-18T21:04:29.086-0300 [DEBUG] [org.gradle.cache.internal.DefaultFileLockManager] Lock acquired on daemon addresses registry.
2024-07-18T21:04:29.086-0300 [DEBUG] [org.gradle.cache.internal.DefaultFileLockManager] Releasing lock on daemon addresses registry.
2024-07-18T21:04:39.084-0300 [DEBUG] [org.gradle.cache.internal.DefaultFileLockManager] Waiting to acquire shared lock on daemon addresses registry.
2024-07-18T21:04:39.084-0300 [DEBUG] [org.gradle.cache.internal.DefaultFileLockManager] Lock acquired on daemon addresses registry.
2024-07-18T21:04:39.085-0300 [DEBUG] [org.gradle.cache.internal.DefaultFileLockManager] Releasing lock on daemon addresses registry.
2024-07-18T21:04:39.085-0300 [DEBUG] [org.gradle.cache.internal.DefaultFileLockManager] Waiting to acquire shared lock on daemon addresses registry.
2024-07-18T21:04:39.085-0300 [DEBUG] [org.gradle.cache.internal.DefaultFileLockManager] Lock acquired on daemon addresses registry.
2024-07-18T21:04:39.272-0300 [DEBUG] [org.gradle.cache.internal.DefaultFileLockManager] Releasing lock on daemon addresses registry.
2024-07-18T21:04:39.273-0300 [DEBUG] [org.gradle.cache.internal.DefaultFileLockManager] Waiting to acquire shared lock on daemon addresses registry.
2024-07-18T21:04:39.273-0300 [DEBUG] [org.gradle.cache.internal.DefaultFileLockManager] Lock acquired on daemon addresses registry.
2024-07-18T21:04:39.273-0300 [DEBUG] [org.gradle.cache.internal.DefaultFileLockManager] Releasing lock on daemon addresses registry.
2024-07-18T21:04:49.084-0300 [DEBUG] [org.gradle.cache.internal.DefaultFileLockManager] Waiting to acquire shared lock on daemon addresses registry.
2024-07-18T21:04:49.084-0300 [DEBUG] [org.gradle.cache.internal.DefaultFileLockManager] Lock acquired on daemon addresses registry.
2024-07-18T21:04:49.086-0300 [DEBUG] [org.gradle.cache.internal.DefaultFileLockManager] Releasing lock on daemon addresses registry.
2024-07-18T21:04:49.087-0300 [DEBUG] [org.gradle.cache.internal.DefaultFileLockManager] Waiting to acquire shared lock on daemon addresses registry.
2024-07-18T21:04:49.087-0300 [DEBUG] [org.gradle.cache.internal.DefaultFileLockManager] Lock acquired on daemon addresses registry.
2024-07-18T21:04:49.088-0300 [DEBUG] [org.gradle.cache.internal.DefaultFileLockManager] Releasing lock on daemon addresses registry.
2024-07-18T21:04:49.088-0300 [DEBUG] [org.gradle.cache.internal.DefaultFileLockManager] Waiting to acquire shared lock on daemon addresses registry.
2024-07-18T21:04:49.088-0300 [DEBUG] [org.gradle.cache.internal.DefaultFileLockManager] Lock acquired on daemon addresses registry.
2024-07-18T21:04:49.088-0300 [DEBUG] [org.gradle.cache.internal.DefaultFileLockManager] Releasing lock on daemon addresses registry.
2024-07-18T21:04:59.088-0300 [DEBUG] [org.gradle.cache.internal.DefaultFileLockManager] Waiting to acquire shared lock on daemon addresses registry.
2024-07-18T21:04:59.088-0300 [DEBUG] [org.gradle.cache.internal.DefaultFileLockManager] Lock acquired on daemon addresses registry.
2024-07-18T21:04:59.089-0300 [DEBUG] [org.gradle.cache.internal.DefaultFileLockManager] Releasing lock on daemon addresses registry.
2024-07-18T21:04:59.090-0300 [DEBUG] [org.gradle.cache.internal.DefaultFileLockManager] Waiting to acquire shared lock on daemon addresses registry.
2024-07-18T21:04:59.090-0300 [DEBUG] [org.gradle.cache.internal.DefaultFileLockManager] Lock acquired on daemon addresses registry.
2024-07-18T21:04:59.090-0300 [DEBUG] [org.gradle.cache.internal.DefaultFileLockManager] Releasing lock on daemon addresses registry.
2024-07-18T21:04:59.090-0300 [DEBUG] [org.gradle.cache.internal.DefaultFileLockManager] Waiting to acquire shared lock on daemon addresses registry.
2024-07-18T21:04:59.090-0300 [DEBUG] [org.gradle.cache.internal.DefaultFileLockManager] Lock acquired on daemon addresses registry.
2024-07-18T21:04:59.091-0300 [DEBUG] [org.gradle.cache.internal.DefaultFileLockManager] Releasing lock on daemon addresses registry.
2024-07-18T21:05:09.085-0300 [DEBUG] [org.gradle.cache.internal.DefaultFileLockManager] Waiting to acquire shared lock on daemon addresses registry.
2024-07-18T21:05:09.085-0300 [DEBUG] [org.gradle.cache.internal.DefaultFileLockManager] Lock acquired on daemon addresses registry.
2024-07-18T21:05:09.086-0300 [DEBUG] [org.gradle.cache.internal.DefaultFileLockManager] Releasing lock on daemon addresses registry.
2024-07-18T21:05:09.086-0300 [DEBUG] [org.gradle.cache.internal.DefaultFileLockManager] Waiting to acquire shared lock on daemon addresses registry.
2024-07-18T21:05:09.086-0300 [DEBUG] [org.gradle.cache.internal.DefaultFileLockManager] Lock acquired on daemon addresses registry.
2024-07-18T21:05:09.086-0300 [DEBUG] [org.gradle.cache.internal.DefaultFileLockManager] Releasing lock on daemon addresses registry.
2024-07-18T21:05:09.086-0300 [DEBUG] [org.gradle.cache.internal.DefaultFileLockManager] Waiting to acquire shared lock on daemon addresses registry.
2024-07-18T21:05:09.086-0300 [DEBUG] [org.gradle.cache.internal.DefaultFileLockManager] Lock acquired on daemon addresses registry.
2024-07-18T21:05:09.086-0300 [DEBUG] [org.gradle.cache.internal.DefaultFileLockManager] Releasing lock on daemon addresses registry.
2024-07-18T21:05:19.084-0300 [DEBUG] [org.gradle.cache.internal.DefaultFileLockManager] Waiting to acquire shared lock on daemon addresses registry.
2024-07-18T21:05:19.084-0300 [DEBUG] [org.gradle.cache.internal.DefaultFileLockManager] Lock acquired on daemon addresses registry.
2024-07-18T21:05:19.085-0300 [DEBUG] [org.gradle.cache.internal.DefaultFileLockManager] Releasing lock on daemon addresses registry.
2024-07-18T21:05:19.085-0300 [DEBUG] [org.gradle.cache.internal.DefaultFileLockManager] Waiting to acquire shared lock on daemon addresses registry.
2024-07-18T21:05:19.085-0300 [DEBUG] [org.gradle.cache.internal.DefaultFileLockManager] Lock acquired on daemon addresses registry.
2024-07-18T21:05:19.085-0300 [DEBUG] [org.gradle.cache.internal.DefaultFileLockManager] Releasing lock on daemon addresses registry.
2024-07-18T21:05:19.086-0300 [DEBUG] [org.gradle.cache.internal.DefaultFileLockManager] Waiting to acquire shared lock on daemon addresses registry.
2024-07-18T21:05:19.086-0300 [DEBUG] [org.gradle.cache.internal.DefaultFileLockManager] Lock acquired on daemon addresses registry.
2024-07-18T21:05:19.086-0300 [DEBUG] [org.gradle.cache.internal.DefaultFileLockManager] Releasing lock on daemon addresses registry.
2024-07-18T21:05:29.085-0300 [DEBUG] [org.gradle.cache.internal.DefaultFileLockManager] Waiting to acquire shared lock on daemon addresses registry.
2024-07-18T21:05:29.085-0300 [DEBUG] [org.gradle.cache.internal.DefaultFileLockManager] Lock acquired on daemon addresses registry.
2024-07-18T21:05:29.085-0300 [DEBUG] [org.gradle.cache.internal.DefaultFileLockManager] Releasing lock on daemon addresses registry.
2024-07-18T21:05:29.085-0300 [DEBUG] [org.gradle.cache.internal.DefaultFileLockManager] Waiting to acquire shared lock on daemon addresses registry.
2024-07-18T21:05:29.085-0300 [DEBUG] [org.gradle.cache.internal.DefaultFileLockManager] Lock acquired on daemon addresses registry.
2024-07-18T21:05:29.085-0300 [DEBUG] [org.gradle.cache.internal.DefaultFileLockManager] Releasing lock on daemon addresses registry.
2024-07-18T21:05:29.086-0300 [DEBUG] [org.gradle.cache.internal.DefaultFileLockManager] Waiting to acquire shared lock on daemon addresses registry.
2024-07-18T21:05:29.086-0300 [DEBUG] [org.gradle.cache.internal.DefaultFileLockManager] Lock acquired on daemon addresses registry.
2024-07-18T21:05:29.087-0300 [DEBUG] [org.gradle.cache.internal.DefaultFileLockManager] Releasing lock on daemon addresses registry.
2024-07-18T21:05:39.086-0300 [DEBUG] [org.gradle.cache.internal.DefaultFileLockManager] Waiting to acquire shared lock on daemon addresses registry.
2024-07-18T21:05:39.086-0300 [DEBUG] [org.gradle.cache.internal.DefaultFileLockManager] Lock acquired on daemon addresses registry.
2024-07-18T21:05:39.086-0300 [DEBUG] [org.gradle.cache.internal.DefaultFileLockManager] Releasing lock on daemon addresses registry.
2024-07-18T21:05:39.087-0300 [DEBUG] [org.gradle.cache.internal.DefaultFileLockManager] Waiting to acquire shared lock on daemon addresses registry.
2024-07-18T21:05:39.087-0300 [DEBUG] [org.gradle.cache.internal.DefaultFileLockManager] Lock acquired on daemon addresses registry.
2024-07-18T21:05:39.087-0300 [DEBUG] [org.gradle.cache.internal.DefaultFileLockManager] Releasing lock on daemon addresses registry.
2024-07-18T21:05:39.087-0300 [DEBUG] [org.gradle.cache.internal.DefaultFileLockManager] Waiting to acquire shared lock on daemon addresses registry.
2024-07-18T21:05:39.087-0300 [DEBUG] [org.gradle.cache.internal.DefaultFileLockManager] Lock acquired on daemon addresses registry.
2024-07-18T21:05:39.087-0300 [DEBUG] [org.gradle.cache.internal.DefaultFileLockManager] Releasing lock on daemon addresses registry.
2024-07-18T21:05:49.084-0300 [DEBUG] [org.gradle.cache.internal.DefaultFileLockManager] Waiting to acquire shared lock on daemon addresses registry.
2024-07-18T21:05:49.084-0300 [DEBUG] [org.gradle.cache.internal.DefaultFileLockManager] Lock acquired on daemon addresses registry.
2024-07-18T21:05:49.084-0300 [DEBUG] [org.gradle.cache.internal.DefaultFileLockManager] Releasing lock on daemon addresses registry.
2024-07-18T21:05:49.085-0300 [DEBUG] [org.gradle.cache.internal.DefaultFileLockManager] Waiting to acquire shared lock on daemon addresses registry.
2024-07-18T21:05:49.085-0300 [DEBUG] [org.gradle.cache.internal.DefaultFileLockManager] Lock acquired on daemon addresses registry.
2024-07-18T21:05:49.085-0300 [DEBUG] [org.gradle.cache.internal.DefaultFileLockManager] Releasing lock on daemon addresses registry.
2024-07-18T21:05:49.085-0300 [DEBUG] [org.gradle.cache.internal.DefaultFileLockManager] Waiting to acquire shared lock on daemon addresses registry.
2024-07-18T21:05:49.085-0300 [DEBUG] [org.gradle.cache.internal.DefaultFileLockManager] Lock acquired on daemon addresses registry.
2024-07-18T21:05:49.085-0300 [DEBUG] [org.gradle.cache.internal.DefaultFileLockManager] Releasing lock on daemon addresses registry.
2024-07-18T21:05:59.084-0300 [DEBUG] [org.gradle.cache.internal.DefaultFileLockManager] Waiting to acquire shared lock on daemon addresses registry.
2024-07-18T21:05:59.084-0300 [DEBUG] [org.gradle.cache.internal.DefaultFileLockManager] Lock acquired on daemon addresses registry.
2024-07-18T21:05:59.085-0300 [DEBUG] [org.gradle.cache.internal.DefaultFileLockManager] Releasing lock on daemon addresses registry.
2024-07-18T21:05:59.085-0300 [DEBUG] [org.gradle.cache.internal.DefaultFileLockManager] Waiting to acquire shared lock on daemon addresses registry.
2024-07-18T21:05:59.085-0300 [DEBUG] [org.gradle.cache.internal.DefaultFileLockManager] Lock acquired on daemon addresses registry.
2024-07-18T21:05:59.085-0300 [DEBUG] [org.gradle.cache.internal.DefaultFileLockManager] Releasing lock on daemon addresses registry.
2024-07-18T21:05:59.086-0300 [DEBUG] [org.gradle.cache.internal.DefaultFileLockManager] Waiting to acquire shared lock on daemon addresses registry.
2024-07-18T21:05:59.086-0300 [DEBUG] [org.gradle.cache.internal.DefaultFileLockManager] Lock acquired on daemon addresses registry.
2024-07-18T21:05:59.086-0300 [DEBUG] [org.gradle.cache.internal.DefaultFileLockManager] Releasing lock on daemon addresses registry.
2024-07-18T21:06:09.085-0300 [DEBUG] [org.gradle.cache.internal.DefaultFileLockManager] Waiting to acquire shared lock on daemon addresses registry.
2024-07-18T21:06:09.085-0300 [DEBUG] [org.gradle.cache.internal.DefaultFileLockManager] Lock acquired on daemon addresses registry.
2024-07-18T21:06:09.085-0300 [DEBUG] [org.gradle.cache.internal.DefaultFileLockManager] Releasing lock on daemon addresses registry.
2024-07-18T21:06:09.085-0300 [DEBUG] [org.gradle.cache.internal.DefaultFileLockManager] Waiting to acquire shared lock on daemon addresses registry.
2024-07-18T21:06:09.086-0300 [DEBUG] [org.gradle.cache.internal.DefaultFileLockManager] Lock acquired on daemon addresses registry.
2024-07-18T21:06:09.086-0300 [DEBUG] [org.gradle.cache.internal.DefaultFileLockManager] Releasing lock on daemon addresses registry.
2024-07-18T21:06:09.086-0300 [DEBUG] [org.gradle.cache.internal.DefaultFileLockManager] Waiting to acquire shared lock on daemon addresses registry.
2024-07-18T21:06:09.086-0300 [DEBUG] [org.gradle.cache.internal.DefaultFileLockManager] Lock acquired on daemon addresses registry.
2024-07-18T21:06:09.086-0300 [DEBUG] [org.gradle.cache.internal.DefaultFileLockManager] Releasing lock on daemon addresses registry.
2024-07-18T21:06:19.084-0300 [DEBUG] [org.gradle.cache.internal.DefaultFileLockManager] Waiting to acquire shared lock on daemon addresses registry.
2024-07-18T21:06:19.084-0300 [DEBUG] [org.gradle.cache.internal.DefaultFileLockManager] Lock acquired on daemon addresses registry.
2024-07-18T21:06:19.084-0300 [DEBUG] [org.gradle.cache.internal.DefaultFileLockManager] Releasing lock on daemon addresses registry.
2024-07-18T21:06:19.085-0300 [DEBUG] [org.gradle.cache.internal.DefaultFileLockManager] Waiting to acquire shared lock on daemon addresses registry.
2024-07-18T21:06:19.085-0300 [DEBUG] [org.gradle.cache.internal.DefaultFileLockManager] Lock acquired on daemon addresses registry.
2024-07-18T21:06:19.085-0300 [DEBUG] [org.gradle.cache.internal.DefaultFileLockManager] Releasing lock on daemon addresses registry.
2024-07-18T21:06:19.085-0300 [DEBUG] [org.gradle.cache.internal.DefaultFileLockManager] Waiting to acquire shared lock on daemon addresses registry.
2024-07-18T21:06:19.085-0300 [DEBUG] [org.gradle.cache.internal.DefaultFileLockManager] Lock acquired on daemon addresses registry.
2024-07-18T21:06:19.085-0300 [DEBUG] [org.gradle.cache.internal.DefaultFileLockManager] Releasing lock on daemon addresses registry.
2024-07-18T21:06:29.085-0300 [DEBUG] [org.gradle.cache.internal.DefaultFileLockManager] Waiting to acquire shared lock on daemon addresses registry.
2024-07-18T21:06:29.085-0300 [DEBUG] [org.gradle.cache.internal.DefaultFileLockManager] Lock acquired on daemon addresses registry.
2024-07-18T21:06:29.085-0300 [DEBUG] [org.gradle.cache.internal.DefaultFileLockManager] Releasing lock on daemon addresses registry.
2024-07-18T21:06:29.086-0300 [DEBUG] [org.gradle.cache.internal.DefaultFileLockManager] Waiting to acquire shared lock on daemon addresses registry.
2024-07-18T21:06:29.086-0300 [DEBUG] [org.gradle.cache.internal.DefaultFileLockManager] Lock acquired on daemon addresses registry.
2024-07-18T21:06:29.086-0300 [DEBUG] [org.gradle.cache.internal.DefaultFileLockManager] Releasing lock on daemon addresses registry.
2024-07-18T21:06:29.086-0300 [DEBUG] [org.gradle.cache.internal.DefaultFileLockManager] Waiting to acquire shared lock on daemon addresses registry.
2024-07-18T21:06:29.086-0300 [DEBUG] [org.gradle.cache.internal.DefaultFileLockManager] Lock acquired on daemon addresses registry.
2024-07-18T21:06:29.086-0300 [DEBUG] [org.gradle.cache.internal.DefaultFileLockManager] Releasing lock on daemon addresses registry.
2024-07-18T21:06:39.084-0300 [DEBUG] [org.gradle.cache.internal.DefaultFileLockManager] Waiting to acquire shared lock on daemon addresses registry.
2024-07-18T21:06:39.085-0300 [DEBUG] [org.gradle.cache.internal.DefaultFileLockManager] Lock acquired on daemon addresses registry.
2024-07-18T21:06:39.085-0300 [DEBUG] [org.gradle.cache.internal.DefaultFileLockManager] Releasing lock on daemon addresses registry.
2024-07-18T21:06:39.086-0300 [DEBUG] [org.gradle.cache.internal.DefaultFileLockManager] Waiting to acquire shared lock on daemon addresses registry.
2024-07-18T21:06:39.086-0300 [DEBUG] [org.gradle.cache.internal.DefaultFileLockManager] Lock acquired on daemon addresses registry.
2024-07-18T21:06:39.086-0300 [DEBUG] [org.gradle.cache.internal.DefaultFileLockManager] Releasing lock on daemon addresses registry.
2024-07-18T21:06:39.086-0300 [DEBUG] [org.gradle.cache.internal.DefaultFileLockManager] Waiting to acquire shared lock on daemon addresses registry.
2024-07-18T21:06:39.086-0300 [DEBUG] [org.gradle.cache.internal.DefaultFileLockManager] Lock acquired on daemon addresses registry.
2024-07-18T21:06:39.086-0300 [DEBUG] [org.gradle.cache.internal.DefaultFileLockManager] Releasing lock on daemon addresses registry.
2024-07-18T21:06:49.084-0300 [DEBUG] [org.gradle.cache.internal.DefaultFileLockManager] Waiting to acquire shared lock on daemon addresses registry.
2024-07-18T21:06:49.084-0300 [DEBUG] [org.gradle.cache.internal.DefaultFileLockManager] Lock acquired on daemon addresses registry.
2024-07-18T21:06:49.085-0300 [DEBUG] [org.gradle.cache.internal.DefaultFileLockManager] Releasing lock on daemon addresses registry.
2024-07-18T21:06:49.085-0300 [DEBUG] [org.gradle.cache.internal.DefaultFileLockManager] Waiting to acquire shared lock on daemon addresses registry.
2024-07-18T21:06:49.085-0300 [DEBUG] [org.gradle.cache.internal.DefaultFileLockManager] Lock acquired on daemon addresses registry.
2024-07-18T21:06:49.085-0300 [DEBUG] [org.gradle.cache.internal.DefaultFileLockManager] Releasing lock on daemon addresses registry.
2024-07-18T21:06:49.086-0300 [DEBUG] [org.gradle.cache.internal.DefaultFileLockManager] Waiting to acquire shared lock on daemon addresses registry.
2024-07-18T21:06:49.086-0300 [DEBUG] [org.gradle.cache.internal.DefaultFileLockManager] Lock acquired on daemon addresses registry.
2024-07-18T21:06:49.086-0300 [DEBUG] [org.gradle.cache.internal.DefaultFileLockManager] Releasing lock on daemon addresses registry.
2024-07-18T21:06:59.084-0300 [DEBUG] [org.gradle.cache.internal.DefaultFileLockManager] Waiting to acquire shared lock on daemon addresses registry.
2024-07-18T21:06:59.084-0300 [DEBUG] [org.gradle.cache.internal.DefaultFileLockManager] Lock acquired on daemon addresses registry.
2024-07-18T21:06:59.085-0300 [DEBUG] [org.gradle.cache.internal.DefaultFileLockManager] Releasing lock on daemon addresses registry.
2024-07-18T21:06:59.085-0300 [DEBUG] [org.gradle.cache.internal.DefaultFileLockManager] Waiting to acquire shared lock on daemon addresses registry.
2024-07-18T21:06:59.085-0300 [DEBUG] [org.gradle.cache.internal.DefaultFileLockManager] Lock acquired on daemon addresses registry.
2024-07-18T21:06:59.086-0300 [DEBUG] [org.gradle.cache.internal.DefaultFileLockManager] Releasing lock on daemon addresses registry.
2024-07-18T21:06:59.086-0300 [DEBUG] [org.gradle.cache.internal.DefaultFileLockManager] Waiting to acquire shared lock on daemon addresses registry.
2024-07-18T21:06:59.086-0300 [DEBUG] [org.gradle.cache.internal.DefaultFileLockManager] Lock acquired on daemon addresses registry.
2024-07-18T21:06:59.086-0300 [DEBUG] [org.gradle.cache.internal.DefaultFileLockManager] Releasing lock on daemon addresses registry.
2024-07-18T21:07:09.084-0300 [DEBUG] [org.gradle.cache.internal.DefaultFileLockManager] Waiting to acquire shared lock on daemon addresses registry.
2024-07-18T21:07:09.085-0300 [DEBUG] [org.gradle.cache.internal.DefaultFileLockManager] Lock acquired on daemon addresses registry.
2024-07-18T21:07:09.085-0300 [DEBUG] [org.gradle.cache.internal.DefaultFileLockManager] Releasing lock on daemon addresses registry.
2024-07-18T21:07:09.085-0300 [DEBUG] [org.gradle.cache.internal.DefaultFileLockManager] Waiting to acquire shared lock on daemon addresses registry.
2024-07-18T21:07:09.085-0300 [DEBUG] [org.gradle.cache.internal.DefaultFileLockManager] Lock acquired on daemon addresses registry.
2024-07-18T21:07:09.086-0300 [DEBUG] [org.gradle.cache.internal.DefaultFileLockManager] Releasing lock on daemon addresses registry.
2024-07-18T21:07:09.086-0300 [DEBUG] [org.gradle.cache.internal.DefaultFileLockManager] Waiting to acquire shared lock on daemon addresses registry.
2024-07-18T21:07:09.086-0300 [DEBUG] [org.gradle.cache.internal.DefaultFileLockManager] Lock acquired on daemon addresses registry.
2024-07-18T21:07:09.086-0300 [DEBUG] [org.gradle.cache.internal.DefaultFileLockManager] Releasing lock on daemon addresses registry.
2024-07-18T21:07:19.084-0300 [DEBUG] [org.gradle.cache.internal.DefaultFileLockManager] Waiting to acquire shared lock on daemon addresses registry.
2024-07-18T21:07:19.084-0300 [DEBUG] [org.gradle.cache.internal.DefaultFileLockManager] Lock acquired on daemon addresses registry.
2024-07-18T21:07:19.085-0300 [DEBUG] [org.gradle.cache.internal.DefaultFileLockManager] Releasing lock on daemon addresses registry.
2024-07-18T21:07:19.085-0300 [DEBUG] [org.gradle.cache.internal.DefaultFileLockManager] Waiting to acquire shared lock on daemon addresses registry.
2024-07-18T21:07:19.085-0300 [DEBUG] [org.gradle.cache.internal.DefaultFileLockManager] Lock acquired on daemon addresses registry.
2024-07-18T21:07:19.086-0300 [DEBUG] [org.gradle.cache.internal.DefaultFileLockManager] Releasing lock on daemon addresses registry.
2024-07-18T21:07:19.087-0300 [DEBUG] [org.gradle.cache.internal.DefaultFileLockManager] Waiting to acquire shared lock on daemon addresses registry.
2024-07-18T21:07:19.087-0300 [DEBUG] [org.gradle.cache.internal.DefaultFileLockManager] Lock acquired on daemon addresses registry.
2024-07-18T21:07:19.088-0300 [DEBUG] [org.gradle.cache.internal.DefaultFileLockManager] Releasing lock on daemon addresses registry.
2024-07-18T21:07:29.085-0300 [DEBUG] [org.gradle.cache.internal.DefaultFileLockManager] Waiting to acquire shared lock on daemon addresses registry.
2024-07-18T21:07:29.085-0300 [DEBUG] [org.gradle.cache.internal.DefaultFileLockManager] Lock acquired on daemon addresses registry.
2024-07-18T21:07:29.086-0300 [DEBUG] [org.gradle.cache.internal.DefaultFileLockManager] Releasing lock on daemon addresses registry.
2024-07-18T21:07:29.086-0300 [DEBUG] [org.gradle.cache.internal.DefaultFileLockManager] Waiting to acquire shared lock on daemon addresses registry.
2024-07-18T21:07:29.086-0300 [DEBUG] [org.gradle.cache.internal.DefaultFileLockManager] Lock acquired on daemon addresses registry.
2024-07-18T21:07:29.086-0300 [DEBUG] [org.gradle.cache.internal.DefaultFileLockManager] Releasing lock on daemon addresses registry.
2024-07-18T21:07:29.087-0300 [DEBUG] [org.gradle.cache.internal.DefaultFileLockManager] Waiting to acquire shared lock on daemon addresses registry.
2024-07-18T21:07:29.087-0300 [DEBUG] [org.gradle.cache.internal.DefaultFileLockManager] Lock acquired on daemon addresses registry.
2024-07-18T21:07:29.087-0300 [DEBUG] [org.gradle.cache.internal.DefaultFileLockManager] Releasing lock on daemon addresses registry.
2024-07-18T21:07:39.085-0300 [DEBUG] [org.gradle.cache.internal.DefaultFileLockManager] Waiting to acquire shared lock on daemon addresses registry.
2024-07-18T21:07:39.085-0300 [DEBUG] [org.gradle.cache.internal.DefaultFileLockManager] Lock acquired on daemon addresses registry.
2024-07-18T21:07:39.085-0300 [DEBUG] [org.gradle.cache.internal.DefaultFileLockManager] Releasing lock on daemon addresses registry.
2024-07-18T21:07:39.088-0300 [DEBUG] [org.gradle.cache.internal.DefaultFileLockManager] Waiting to acquire shared lock on daemon addresses registry.
2024-07-18T21:07:39.088-0300 [DEBUG] [org.gradle.cache.internal.DefaultFileLockManager] Lock acquired on daemon addresses registry.
2024-07-18T21:07:39.088-0300 [DEBUG] [org.gradle.cache.internal.DefaultFileLockManager] Releasing lock on daemon addresses registry.
2024-07-18T21:07:39.088-0300 [DEBUG] [org.gradle.cache.internal.DefaultFileLockManager] Waiting to acquire shared lock on daemon addresses registry.
2024-07-18T21:07:39.089-0300 [DEBUG] [org.gradle.cache.internal.DefaultFileLockManager] Lock acquired on daemon addresses registry.
2024-07-18T21:07:39.089-0300 [DEBUG] [org.gradle.cache.internal.DefaultFileLockManager] Releasing lock on daemon addresses registry.
2024-07-18T21:07:49.084-0300 [DEBUG] [org.gradle.cache.internal.DefaultFileLockManager] Waiting to acquire shared lock on daemon addresses registry.
2024-07-18T21:07:49.084-0300 [DEBUG] [org.gradle.cache.internal.DefaultFileLockManager] Lock acquired on daemon addresses registry.
2024-07-18T21:07:49.085-0300 [DEBUG] [org.gradle.cache.internal.DefaultFileLockManager] Releasing lock on daemon addresses registry.
2024-07-18T21:07:49.085-0300 [DEBUG] [org.gradle.cache.internal.DefaultFileLockManager] Waiting to acquire shared lock on daemon addresses registry.
2024-07-18T21:07:49.085-0300 [DEBUG] [org.gradle.cache.internal.DefaultFileLockManager] Lock acquired on daemon addresses registry.
2024-07-18T21:07:49.085-0300 [DEBUG] [org.gradle.cache.internal.DefaultFileLockManager] Releasing lock on daemon addresses registry.
2024-07-18T21:07:49.086-0300 [DEBUG] [org.gradle.cache.internal.DefaultFileLockManager] Waiting to acquire shared lock on daemon addresses registry.
2024-07-18T21:07:49.086-0300 [DEBUG] [org.gradle.cache.internal.DefaultFileLockManager] Lock acquired on daemon addresses registry.
2024-07-18T21:07:49.086-0300 [DEBUG] [org.gradle.cache.internal.DefaultFileLockManager] Releasing lock on daemon addresses registry.
2024-07-18T21:07:59.084-0300 [DEBUG] [org.gradle.cache.internal.DefaultFileLockManager] Waiting to acquire shared lock on daemon addresses registry.
2024-07-18T21:07:59.084-0300 [DEBUG] [org.gradle.cache.internal.DefaultFileLockManager] Lock acquired on daemon addresses registry.
2024-07-18T21:07:59.085-0300 [DEBUG] [org.gradle.cache.internal.DefaultFileLockManager] Releasing lock on daemon addresses registry.
2024-07-18T21:07:59.085-0300 [DEBUG] [org.gradle.cache.internal.DefaultFileLockManager] Waiting to acquire shared lock on daemon addresses registry.
2024-07-18T21:07:59.085-0300 [DEBUG] [org.gradle.cache.internal.DefaultFileLockManager] Lock acquired on daemon addresses registry.
2024-07-18T21:07:59.085-0300 [DEBUG] [org.gradle.cache.internal.DefaultFileLockManager] Releasing lock on daemon addresses registry.
2024-07-18T21:07:59.085-0300 [DEBUG] [org.gradle.cache.internal.DefaultFileLockManager] Waiting to acquire shared lock on daemon addresses registry.
2024-07-18T21:07:59.086-0300 [DEBUG] [org.gradle.cache.internal.DefaultFileLockManager] Lock acquired on daemon addresses registry.
2024-07-18T21:07:59.087-0300 [DEBUG] [org.gradle.cache.internal.DefaultFileLockManager] Releasing lock on daemon addresses registry.
2024-07-18T21:08:09.084-0300 [DEBUG] [org.gradle.cache.internal.DefaultFileLockManager] Waiting to acquire shared lock on daemon addresses registry.
2024-07-18T21:08:09.085-0300 [DEBUG] [org.gradle.cache.internal.DefaultFileLockManager] Lock acquired on daemon addresses registry.
2024-07-18T21:08:09.085-0300 [DEBUG] [org.gradle.cache.internal.DefaultFileLockManager] Releasing lock on daemon addresses registry.
2024-07-18T21:08:09.087-0300 [DEBUG] [org.gradle.cache.internal.DefaultFileLockManager] Waiting to acquire shared lock on daemon addresses registry.
2024-07-18T21:08:09.087-0300 [DEBUG] [org.gradle.cache.internal.DefaultFileLockManager] Lock acquired on daemon addresses registry.
2024-07-18T21:08:09.087-0300 [DEBUG] [org.gradle.cache.internal.DefaultFileLockManager] Releasing lock on daemon addresses registry.
2024-07-18T21:08:09.088-0300 [DEBUG] [org.gradle.cache.internal.DefaultFileLockManager] Waiting to acquire shared lock on daemon addresses registry.
2024-07-18T21:08:09.088-0300 [DEBUG] [org.gradle.cache.internal.DefaultFileLockManager] Lock acquired on daemon addresses registry.
2024-07-18T21:08:09.088-0300 [DEBUG] [org.gradle.cache.internal.DefaultFileLockManager] Releasing lock on daemon addresses registry.
2024-07-18T21:08:19.084-0300 [DEBUG] [org.gradle.cache.internal.DefaultFileLockManager] Waiting to acquire shared lock on daemon addresses registry.
2024-07-18T21:08:19.084-0300 [DEBUG] [org.gradle.cache.internal.DefaultFileLockManager] Lock acquired on daemon addresses registry.
2024-07-18T21:08:19.084-0300 [DEBUG] [org.gradle.cache.internal.DefaultFileLockManager] Releasing lock on daemon addresses registry.
2024-07-18T21:08:19.087-0300 [DEBUG] [org.gradle.cache.internal.DefaultFileLockManager] Waiting to acquire shared lock on daemon addresses registry.
2024-07-18T21:08:19.087-0300 [DEBUG] [org.gradle.cache.internal.DefaultFileLockManager] Lock acquired on daemon addresses registry.
2024-07-18T21:08:19.087-0300 [DEBUG] [org.gradle.cache.internal.DefaultFileLockManager] Releasing lock on daemon addresses registry.
2024-07-18T21:08:19.087-0300 [DEBUG] [org.gradle.cache.internal.DefaultFileLockManager] Waiting to acquire shared lock on daemon addresses registry.
2024-07-18T21:08:19.088-0300 [DEBUG] [org.gradle.cache.internal.DefaultFileLockManager] Lock acquired on daemon addresses registry.
2024-07-18T21:08:19.088-0300 [DEBUG] [org.gradle.cache.internal.DefaultFileLockManager] Releasing lock on daemon addresses registry.
2024-07-18T21:08:29.085-0300 [DEBUG] [org.gradle.cache.internal.DefaultFileLockManager] Waiting to acquire shared lock on daemon addresses registry.
2024-07-18T21:08:29.085-0300 [DEBUG] [org.gradle.cache.internal.DefaultFileLockManager] Lock acquired on daemon addresses registry.
2024-07-18T21:08:29.085-0300 [DEBUG] [org.gradle.cache.internal.DefaultFileLockManager] Releasing lock on daemon addresses registry.
2024-07-18T21:08:29.086-0300 [DEBUG] [org.gradle.cache.internal.DefaultFileLockManager] Waiting to acquire shared lock on daemon addresses registry.
2024-07-18T21:08:29.086-0300 [DEBUG] [org.gradle.cache.internal.DefaultFileLockManager] Lock acquired on daemon addresses registry.
2024-07-18T21:08:29.086-0300 [DEBUG] [org.gradle.cache.internal.DefaultFileLockManager] Releasing lock on daemon addresses registry.
2024-07-18T21:08:29.086-0300 [DEBUG] [org.gradle.cache.internal.DefaultFileLockManager] Waiting to acquire shared lock on daemon addresses registry.
2024-07-18T21:08:29.087-0300 [DEBUG] [org.gradle.cache.internal.DefaultFileLockManager] Lock acquired on daemon addresses registry.
2024-07-18T21:08:29.087-0300 [DEBUG] [org.gradle.cache.internal.DefaultFileLockManager] Releasing lock on daemon addresses registry.
2024-07-18T21:08:39.084-0300 [DEBUG] [org.gradle.cache.internal.DefaultFileLockManager] Waiting to acquire shared lock on daemon addresses registry.
2024-07-18T21:08:39.084-0300 [DEBUG] [org.gradle.cache.internal.DefaultFileLockManager] Lock acquired on daemon addresses registry.
2024-07-18T21:08:39.084-0300 [DEBUG] [org.gradle.cache.internal.DefaultFileLockManager] Releasing lock on daemon addresses registry.
2024-07-18T21:08:39.085-0300 [DEBUG] [org.gradle.cache.internal.DefaultFileLockManager] Waiting to acquire shared lock on daemon addresses registry.
2024-07-18T21:08:39.085-0300 [DEBUG] [org.gradle.cache.internal.DefaultFileLockManager] Lock acquired on daemon addresses registry.
2024-07-18T21:08:39.085-0300 [DEBUG] [org.gradle.cache.internal.DefaultFileLockManager] Releasing lock on daemon addresses registry.
2024-07-18T21:08:39.085-0300 [DEBUG] [org.gradle.cache.internal.DefaultFileLockManager] Waiting to acquire shared lock on daemon addresses registry.
2024-07-18T21:08:39.085-0300 [DEBUG] [org.gradle.cache.internal.DefaultFileLockManager] Lock acquired on daemon addresses registry.
2024-07-18T21:08:39.085-0300 [DEBUG] [org.gradle.cache.internal.DefaultFileLockManager] Releasing lock on daemon addresses registry.
2024-07-18T21:08:49.084-0300 [DEBUG] [org.gradle.cache.internal.DefaultFileLockManager] Waiting to acquire shared lock on daemon addresses registry.
2024-07-18T21:08:49.084-0300 [DEBUG] [org.gradle.cache.internal.DefaultFileLockManager] Lock acquired on daemon addresses registry.
2024-07-18T21:08:49.085-0300 [DEBUG] [org.gradle.cache.internal.DefaultFileLockManager] Releasing lock on daemon addresses registry.
2024-07-18T21:08:49.085-0300 [DEBUG] [org.gradle.cache.internal.DefaultFileLockManager] Waiting to acquire shared lock on daemon addresses registry.
2024-07-18T21:08:49.085-0300 [DEBUG] [org.gradle.cache.internal.DefaultFileLockManager] Lock acquired on daemon addresses registry.
2024-07-18T21:08:49.085-0300 [DEBUG] [org.gradle.cache.internal.DefaultFileLockManager] Releasing lock on daemon addresses registry.
2024-07-18T21:08:49.085-0300 [DEBUG] [org.gradle.cache.internal.DefaultFileLockManager] Waiting to acquire shared lock on daemon addresses registry.
2024-07-18T21:08:49.086-0300 [DEBUG] [org.gradle.cache.internal.DefaultFileLockManager] Lock acquired on daemon addresses registry.
2024-07-18T21:08:49.086-0300 [DEBUG] [org.gradle.cache.internal.DefaultFileLockManager] Releasing lock on daemon addresses registry.
2024-07-18T21:08:59.084-0300 [DEBUG] [org.gradle.cache.internal.DefaultFileLockManager] Waiting to acquire shared lock on daemon addresses registry.
2024-07-18T21:08:59.084-0300 [DEBUG] [org.gradle.cache.internal.DefaultFileLockManager] Lock acquired on daemon addresses registry.
2024-07-18T21:08:59.085-0300 [DEBUG] [org.gradle.cache.internal.DefaultFileLockManager] Releasing lock on daemon addresses registry.
2024-07-18T21:08:59.085-0300 [DEBUG] [org.gradle.cache.internal.DefaultFileLockManager] Waiting to acquire shared lock on daemon addresses registry.
2024-07-18T21:08:59.085-0300 [DEBUG] [org.gradle.cache.internal.DefaultFileLockManager] Lock acquired on daemon addresses registry.
2024-07-18T21:08:59.085-0300 [DEBUG] [org.gradle.cache.internal.DefaultFileLockManager] Releasing lock on daemon addresses registry.
2024-07-18T21:08:59.085-0300 [DEBUG] [org.gradle.cache.internal.DefaultFileLockManager] Waiting to acquire shared lock on daemon addresses registry.
2024-07-18T21:08:59.085-0300 [DEBUG] [org.gradle.cache.internal.DefaultFileLockManager] Lock acquired on daemon addresses registry.
2024-07-18T21:08:59.086-0300 [DEBUG] [org.gradle.cache.internal.DefaultFileLockManager] Releasing lock on daemon addresses registry.
2024-07-18T21:09:09.084-0300 [DEBUG] [org.gradle.cache.internal.DefaultFileLockManager] Waiting to acquire shared lock on daemon addresses registry.
2024-07-18T21:09:09.085-0300 [DEBUG] [org.gradle.cache.internal.DefaultFileLockManager] Lock acquired on daemon addresses registry.
2024-07-18T21:09:09.085-0300 [DEBUG] [org.gradle.cache.internal.DefaultFileLockManager] Releasing lock on daemon addresses registry.
2024-07-18T21:09:09.085-0300 [DEBUG] [org.gradle.cache.internal.DefaultFileLockManager] Waiting to acquire shared lock on daemon addresses registry.
2024-07-18T21:09:09.085-0300 [DEBUG] [org.gradle.cache.internal.DefaultFileLockManager] Lock acquired on daemon addresses registry.
2024-07-18T21:09:09.085-0300 [DEBUG] [org.gradle.cache.internal.DefaultFileLockManager] Releasing lock on daemon addresses registry.
2024-07-18T21:09:09.086-0300 [DEBUG] [org.gradle.cache.internal.DefaultFileLockManager] Waiting to acquire shared lock on daemon addresses registry.
2024-07-18T21:09:09.086-0300 [DEBUG] [org.gradle.cache.internal.DefaultFileLockManager] Lock acquired on daemon addresses registry.
2024-07-18T21:09:09.086-0300 [DEBUG] [org.gradle.cache.internal.DefaultFileLockManager] Releasing lock on daemon addresses registry.
2024-07-18T21:09:19.084-0300 [DEBUG] [org.gradle.cache.internal.DefaultFileLockManager] Waiting to acquire shared lock on daemon addresses registry.
2024-07-18T21:09:19.084-0300 [DEBUG] [org.gradle.cache.internal.DefaultFileLockManager] Lock acquired on daemon addresses registry.
2024-07-18T21:09:19.085-0300 [DEBUG] [org.gradle.cache.internal.DefaultFileLockManager] Releasing lock on daemon addresses registry.
2024-07-18T21:09:19.085-0300 [DEBUG] [org.gradle.cache.internal.DefaultFileLockManager] Waiting to acquire shared lock on daemon addresses registry.
2024-07-18T21:09:19.085-0300 [DEBUG] [org.gradle.cache.internal.DefaultFileLockManager] Lock acquired on daemon addresses registry.
2024-07-18T21:09:19.085-0300 [DEBUG] [org.gradle.cache.internal.DefaultFileLockManager] Releasing lock on daemon addresses registry.
2024-07-18T21:09:19.086-0300 [DEBUG] [org.gradle.cache.internal.DefaultFileLockManager] Waiting to acquire shared lock on daemon addresses registry.
2024-07-18T21:09:19.086-0300 [DEBUG] [org.gradle.cache.internal.DefaultFileLockManager] Lock acquired on daemon addresses registry.
2024-07-18T21:09:19.086-0300 [DEBUG] [org.gradle.cache.internal.DefaultFileLockManager] Releasing lock on daemon addresses registry.
2024-07-18T21:09:29.084-0300 [DEBUG] [org.gradle.cache.internal.DefaultFileLockManager] Waiting to acquire shared lock on daemon addresses registry.
2024-07-18T21:09:29.084-0300 [DEBUG] [org.gradle.cache.internal.DefaultFileLockManager] Lock acquired on daemon addresses registry.
2024-07-18T21:09:29.085-0300 [DEBUG] [org.gradle.cache.internal.DefaultFileLockManager] Releasing lock on daemon addresses registry.
2024-07-18T21:09:29.085-0300 [DEBUG] [org.gradle.cache.internal.DefaultFileLockManager] Waiting to acquire shared lock on daemon addresses registry.
2024-07-18T21:09:29.085-0300 [DEBUG] [org.gradle.cache.internal.DefaultFileLockManager] Lock acquired on daemon addresses registry.
2024-07-18T21:09:29.086-0300 [DEBUG] [org.gradle.cache.internal.DefaultFileLockManager] Releasing lock on daemon addresses registry.
2024-07-18T21:09:29.086-0300 [DEBUG] [org.gradle.cache.internal.DefaultFileLockManager] Waiting to acquire shared lock on daemon addresses registry.
2024-07-18T21:09:29.086-0300 [DEBUG] [org.gradle.cache.internal.DefaultFileLockManager] Lock acquired on daemon addresses registry.
2024-07-18T21:09:29.086-0300 [DEBUG] [org.gradle.cache.internal.DefaultFileLockManager] Releasing lock on daemon addresses registry.
2024-07-18T21:09:39.084-0300 [DEBUG] [org.gradle.cache.internal.DefaultFileLockManager] Waiting to acquire shared lock on daemon addresses registry.
2024-07-18T21:09:39.084-0300 [DEBUG] [org.gradle.cache.internal.DefaultFileLockManager] Lock acquired on daemon addresses registry.
2024-07-18T21:09:39.085-0300 [DEBUG] [org.gradle.cache.internal.DefaultFileLockManager] Releasing lock on daemon addresses registry.
2024-07-18T21:09:39.085-0300 [DEBUG] [org.gradle.cache.internal.DefaultFileLockManager] Waiting to acquire shared lock on daemon addresses registry.
2024-07-18T21:09:39.085-0300 [DEBUG] [org.gradle.cache.internal.DefaultFileLockManager] Lock acquired on daemon addresses registry.
2024-07-18T21:09:39.085-0300 [DEBUG] [org.gradle.cache.internal.DefaultFileLockManager] Releasing lock on daemon addresses registry.
2024-07-18T21:09:39.086-0300 [DEBUG] [org.gradle.cache.internal.DefaultFileLockManager] Waiting to acquire shared lock on daemon addresses registry.
2024-07-18T21:09:39.086-0300 [DEBUG] [org.gradle.cache.internal.DefaultFileLockManager] Lock acquired on daemon addresses registry.
2024-07-18T21:09:39.086-0300 [DEBUG] [org.gradle.cache.internal.DefaultFileLockManager] Releasing lock on daemon addresses registry.
2024-07-18T21:09:49.085-0300 [DEBUG] [org.gradle.cache.internal.DefaultFileLockManager] Waiting to acquire shared lock on daemon addresses registry.
2024-07-18T21:09:49.085-0300 [DEBUG] [org.gradle.cache.internal.DefaultFileLockManager] Lock acquired on daemon addresses registry.
2024-07-18T21:09:49.085-0300 [DEBUG] [org.gradle.cache.internal.DefaultFileLockManager] Releasing lock on daemon addresses registry.
2024-07-18T21:09:49.085-0300 [DEBUG] [org.gradle.cache.internal.DefaultFileLockManager] Waiting to acquire shared lock on daemon addresses registry.
2024-07-18T21:09:49.085-0300 [DEBUG] [org.gradle.cache.internal.DefaultFileLockManager] Lock acquired on daemon addresses registry.
2024-07-18T21:09:49.085-0300 [DEBUG] [org.gradle.cache.internal.DefaultFileLockManager] Releasing lock on daemon addresses registry.
2024-07-18T21:09:49.085-0300 [DEBUG] [org.gradle.cache.internal.DefaultFileLockManager] Waiting to acquire shared lock on daemon addresses registry.
2024-07-18T21:09:49.086-0300 [DEBUG] [org.gradle.cache.internal.DefaultFileLockManager] Lock acquired on daemon addresses registry.
2024-07-18T21:09:49.086-0300 [DEBUG] [org.gradle.cache.internal.DefaultFileLockManager] Releasing lock on daemon addresses registry.
2024-07-18T21:09:59.085-0300 [DEBUG] [org.gradle.cache.internal.DefaultFileLockManager] Waiting to acquire shared lock on daemon addresses registry.
2024-07-18T21:09:59.085-0300 [DEBUG] [org.gradle.cache.internal.DefaultFileLockManager] Lock acquired on daemon addresses registry.
2024-07-18T21:09:59.085-0300 [DEBUG] [org.gradle.cache.internal.DefaultFileLockManager] Releasing lock on daemon addresses registry.
2024-07-18T21:09:59.087-0300 [DEBUG] [org.gradle.cache.internal.DefaultFileLockManager] Waiting to acquire shared lock on daemon addresses registry.
2024-07-18T21:09:59.087-0300 [DEBUG] [org.gradle.cache.internal.DefaultFileLockManager] Lock acquired on daemon addresses registry.
2024-07-18T21:09:59.087-0300 [DEBUG] [org.gradle.cache.internal.DefaultFileLockManager] Releasing lock on daemon addresses registry.
2024-07-18T21:09:59.087-0300 [DEBUG] [org.gradle.cache.internal.DefaultFileLockManager] Waiting to acquire shared lock on daemon addresses registry.
2024-07-18T21:09:59.088-0300 [DEBUG] [org.gradle.cache.internal.DefaultFileLockManager] Lock acquired on daemon addresses registry.
2024-07-18T21:09:59.088-0300 [DEBUG] [org.gradle.cache.internal.DefaultFileLockManager] Releasing lock on daemon addresses registry.
2024-07-18T21:10:09.084-0300 [DEBUG] [org.gradle.cache.internal.DefaultFileLockManager] Waiting to acquire shared lock on daemon addresses registry.
2024-07-18T21:10:09.084-0300 [DEBUG] [org.gradle.cache.internal.DefaultFileLockManager] Lock acquired on daemon addresses registry.
2024-07-18T21:10:09.084-0300 [DEBUG] [org.gradle.cache.internal.DefaultFileLockManager] Releasing lock on daemon addresses registry.
2024-07-18T21:10:09.085-0300 [DEBUG] [org.gradle.cache.internal.DefaultFileLockManager] Waiting to acquire shared lock on daemon addresses registry.
2024-07-18T21:10:09.085-0300 [DEBUG] [org.gradle.cache.internal.DefaultFileLockManager] Lock acquired on daemon addresses registry.
2024-07-18T21:10:09.085-0300 [DEBUG] [org.gradle.cache.internal.DefaultFileLockManager] Releasing lock on daemon addresses registry.
2024-07-18T21:10:09.085-0300 [DEBUG] [org.gradle.cache.internal.DefaultFileLockManager] Waiting to acquire shared lock on daemon addresses registry.
2024-07-18T21:10:09.085-0300 [DEBUG] [org.gradle.cache.internal.DefaultFileLockManager] Lock acquired on daemon addresses registry.
2024-07-18T21:10:09.085-0300 [DEBUG] [org.gradle.cache.internal.DefaultFileLockManager] Releasing lock on daemon addresses registry.
2024-07-18T21:10:19.084-0300 [DEBUG] [org.gradle.cache.internal.DefaultFileLockManager] Waiting to acquire shared lock on daemon addresses registry.
2024-07-18T21:10:19.084-0300 [DEBUG] [org.gradle.cache.internal.DefaultFileLockManager] Lock acquired on daemon addresses registry.
2024-07-18T21:10:19.085-0300 [DEBUG] [org.gradle.cache.internal.DefaultFileLockManager] Releasing lock on daemon addresses registry.
2024-07-18T21:10:19.085-0300 [DEBUG] [org.gradle.cache.internal.DefaultFileLockManager] Waiting to acquire shared lock on daemon addresses registry.
2024-07-18T21:10:19.085-0300 [DEBUG] [org.gradle.cache.internal.DefaultFileLockManager] Lock acquired on daemon addresses registry.
2024-07-18T21:10:19.085-0300 [DEBUG] [org.gradle.cache.internal.DefaultFileLockManager] Releasing lock on daemon addresses registry.
2024-07-18T21:10:19.085-0300 [DEBUG] [org.gradle.cache.internal.DefaultFileLockManager] Waiting to acquire shared lock on daemon addresses registry.
2024-07-18T21:10:19.085-0300 [DEBUG] [org.gradle.cache.internal.DefaultFileLockManager] Lock acquired on daemon addresses registry.
2024-07-18T21:10:19.085-0300 [DEBUG] [org.gradle.cache.internal.DefaultFileLockManager] Releasing lock on daemon addresses registry.
2024-07-18T21:10:29.084-0300 [DEBUG] [org.gradle.cache.internal.DefaultFileLockManager] Waiting to acquire shared lock on daemon addresses registry.
2024-07-18T21:10:29.084-0300 [DEBUG] [org.gradle.cache.internal.DefaultFileLockManager] Lock acquired on daemon addresses registry.
2024-07-18T21:10:29.085-0300 [DEBUG] [org.gradle.cache.internal.DefaultFileLockManager] Releasing lock on daemon addresses registry.
2024-07-18T21:10:29.085-0300 [DEBUG] [org.gradle.cache.internal.DefaultFileLockManager] Waiting to acquire shared lock on daemon addresses registry.
2024-07-18T21:10:29.085-0300 [DEBUG] [org.gradle.cache.internal.DefaultFileLockManager] Lock acquired on daemon addresses registry.
2024-07-18T21:10:29.085-0300 [DEBUG] [org.gradle.cache.internal.DefaultFileLockManager] Releasing lock on daemon addresses registry.
2024-07-18T21:10:29.085-0300 [DEBUG] [org.gradle.cache.internal.DefaultFileLockManager] Waiting to acquire shared lock on daemon addresses registry.
2024-07-18T21:10:29.086-0300 [DEBUG] [org.gradle.cache.internal.DefaultFileLockManager] Lock acquired on daemon addresses registry.
2024-07-18T21:10:29.086-0300 [DEBUG] [org.gradle.cache.internal.DefaultFileLockManager] Releasing lock on daemon addresses registry.
2024-07-18T21:10:39.084-0300 [DEBUG] [org.gradle.cache.internal.DefaultFileLockManager] Waiting to acquire shared lock on daemon addresses registry.
2024-07-18T21:10:39.084-0300 [DEBUG] [org.gradle.cache.internal.DefaultFileLockManager] Lock acquired on daemon addresses registry.
2024-07-18T21:10:39.084-0300 [DEBUG] [org.gradle.cache.internal.DefaultFileLockManager] Releasing lock on daemon addresses registry.
2024-07-18T21:10:39.084-0300 [DEBUG] [org.gradle.cache.internal.DefaultFileLockManager] Waiting to acquire shared lock on daemon addresses registry.
2024-07-18T21:10:39.084-0300 [DEBUG] [org.gradle.cache.internal.DefaultFileLockManager] Lock acquired on daemon addresses registry.
2024-07-18T21:10:39.084-0300 [DEBUG] [org.gradle.cache.internal.DefaultFileLockManager] Releasing lock on daemon addresses registry.
2024-07-18T21:10:39.085-0300 [DEBUG] [org.gradle.cache.internal.DefaultFileLockManager] Waiting to acquire shared lock on daemon addresses registry.
2024-07-18T21:10:39.085-0300 [DEBUG] [org.gradle.cache.internal.DefaultFileLockManager] Lock acquired on daemon addresses registry.
2024-07-18T21:10:39.085-0300 [DEBUG] [org.gradle.cache.internal.DefaultFileLockManager] Releasing lock on daemon addresses registry.
2024-07-18T21:10:49.084-0300 [DEBUG] [org.gradle.cache.internal.DefaultFileLockManager] Waiting to acquire shared lock on daemon addresses registry.
2024-07-18T21:10:49.084-0300 [DEBUG] [org.gradle.cache.internal.DefaultFileLockManager] Lock acquired on daemon addresses registry.
2024-07-18T21:10:49.085-0300 [DEBUG] [org.gradle.cache.internal.DefaultFileLockManager] Releasing lock on daemon addresses registry.
2024-07-18T21:10:49.085-0300 [DEBUG] [org.gradle.cache.internal.DefaultFileLockManager] Waiting to acquire shared lock on daemon addresses registry.
2024-07-18T21:10:49.085-0300 [DEBUG] [org.gradle.cache.internal.DefaultFileLockManager] Lock acquired on daemon addresses registry.
2024-07-18T21:10:49.085-0300 [DEBUG] [org.gradle.cache.internal.DefaultFileLockManager] Releasing lock on daemon addresses registry.
2024-07-18T21:10:49.085-0300 [DEBUG] [org.gradle.cache.internal.DefaultFileLockManager] Waiting to acquire shared lock on daemon addresses registry.
2024-07-18T21:10:49.085-0300 [DEBUG] [org.gradle.cache.internal.DefaultFileLockManager] Lock acquired on daemon addresses registry.
2024-07-18T21:10:49.086-0300 [DEBUG] [org.gradle.cache.internal.DefaultFileLockManager] Releasing lock on daemon addresses registry.
2024-07-18T21:10:59.084-0300 [DEBUG] [org.gradle.cache.internal.DefaultFileLockManager] Waiting to acquire shared lock on daemon addresses registry.
2024-07-18T21:10:59.084-0300 [DEBUG] [org.gradle.cache.internal.DefaultFileLockManager] Lock acquired on daemon addresses registry.
2024-07-18T21:10:59.084-0300 [DEBUG] [org.gradle.cache.internal.DefaultFileLockManager] Releasing lock on daemon addresses registry.
2024-07-18T21:10:59.085-0300 [DEBUG] [org.gradle.cache.internal.DefaultFileLockManager] Waiting to acquire shared lock on daemon addresses registry.
2024-07-18T21:10:59.085-0300 [DEBUG] [org.gradle.cache.internal.DefaultFileLockManager] Lock acquired on daemon addresses registry.
2024-07-18T21:10:59.085-0300 [DEBUG] [org.gradle.cache.internal.DefaultFileLockManager] Releasing lock on daemon addresses registry.
2024-07-18T21:10:59.085-0300 [DEBUG] [org.gradle.cache.internal.DefaultFileLockManager] Waiting to acquire shared lock on daemon addresses registry.
2024-07-18T21:10:59.085-0300 [DEBUG] [org.gradle.cache.internal.DefaultFileLockManager] Lock acquired on daemon addresses registry.
2024-07-18T21:10:59.085-0300 [DEBUG] [org.gradle.cache.internal.DefaultFileLockManager] Releasing lock on daemon addresses registry.
2024-07-18T21:11:09.084-0300 [DEBUG] [org.gradle.cache.internal.DefaultFileLockManager] Waiting to acquire shared lock on daemon addresses registry.
2024-07-18T21:11:09.084-0300 [DEBUG] [org.gradle.cache.internal.DefaultFileLockManager] Lock acquired on daemon addresses registry.
2024-07-18T21:11:09.084-0300 [DEBUG] [org.gradle.cache.internal.DefaultFileLockManager] Releasing lock on daemon addresses registry.
2024-07-18T21:11:09.085-0300 [DEBUG] [org.gradle.cache.internal.DefaultFileLockManager] Waiting to acquire shared lock on daemon addresses registry.
2024-07-18T21:11:09.085-0300 [DEBUG] [org.gradle.cache.internal.DefaultFileLockManager] Lock acquired on daemon addresses registry.
2024-07-18T21:11:09.085-0300 [DEBUG] [org.gradle.cache.internal.DefaultFileLockManager] Releasing lock on daemon addresses registry.
2024-07-18T21:11:09.085-0300 [DEBUG] [org.gradle.cache.internal.DefaultFileLockManager] Waiting to acquire shared lock on daemon addresses registry.
2024-07-18T21:11:09.085-0300 [DEBUG] [org.gradle.cache.internal.DefaultFileLockManager] Lock acquired on daemon addresses registry.
2024-07-18T21:11:09.085-0300 [DEBUG] [org.gradle.cache.internal.DefaultFileLockManager] Releasing lock on daemon addresses registry.
2024-07-18T21:11:19.085-0300 [DEBUG] [org.gradle.cache.internal.DefaultFileLockManager] Waiting to acquire shared lock on daemon addresses registry.
2024-07-18T21:11:19.085-0300 [DEBUG] [org.gradle.cache.internal.DefaultFileLockManager] Lock acquired on daemon addresses registry.
2024-07-18T21:11:19.085-0300 [DEBUG] [org.gradle.cache.internal.DefaultFileLockManager] Releasing lock on daemon addresses registry.
2024-07-18T21:11:19.085-0300 [DEBUG] [org.gradle.cache.internal.DefaultFileLockManager] Waiting to acquire shared lock on daemon addresses registry.
2024-07-18T21:11:19.086-0300 [DEBUG] [org.gradle.cache.internal.DefaultFileLockManager] Lock acquired on daemon addresses registry.
2024-07-18T21:11:19.086-0300 [DEBUG] [org.gradle.cache.internal.DefaultFileLockManager] Releasing lock on daemon addresses registry.
2024-07-18T21:11:19.086-0300 [DEBUG] [org.gradle.cache.internal.DefaultFileLockManager] Waiting to acquire shared lock on daemon addresses registry.
2024-07-18T21:11:19.086-0300 [DEBUG] [org.gradle.cache.internal.DefaultFileLockManager] Lock acquired on daemon addresses registry.
2024-07-18T21:11:19.086-0300 [DEBUG] [org.gradle.cache.internal.DefaultFileLockManager] Releasing lock on daemon addresses registry.
2024-07-18T21:11:29.084-0300 [DEBUG] [org.gradle.cache.internal.DefaultFileLockManager] Waiting to acquire shared lock on daemon addresses registry.
2024-07-18T21:11:29.084-0300 [DEBUG] [org.gradle.cache.internal.DefaultFileLockManager] Lock acquired on daemon addresses registry.
2024-07-18T21:11:29.085-0300 [DEBUG] [org.gradle.cache.internal.DefaultFileLockManager] Releasing lock on daemon addresses registry.
2024-07-18T21:11:29.087-0300 [DEBUG] [org.gradle.cache.internal.DefaultFileLockManager] Waiting to acquire shared lock on daemon addresses registry.
2024-07-18T21:11:29.087-0300 [DEBUG] [org.gradle.cache.internal.DefaultFileLockManager] Lock acquired on daemon addresses registry.
2024-07-18T21:11:29.087-0300 [DEBUG] [org.gradle.cache.internal.DefaultFileLockManager] Releasing lock on daemon addresses registry.
2024-07-18T21:11:29.087-0300 [DEBUG] [org.gradle.cache.internal.DefaultFileLockManager] Waiting to acquire shared lock on daemon addresses registry.
2024-07-18T21:11:29.087-0300 [DEBUG] [org.gradle.cache.internal.DefaultFileLockManager] Lock acquired on daemon addresses registry.
2024-07-18T21:11:29.087-0300 [DEBUG] [org.gradle.cache.internal.DefaultFileLockManager] Releasing lock on daemon addresses registry.
2024-07-18T21:11:39.084-0300 [DEBUG] [org.gradle.cache.internal.DefaultFileLockManager] Waiting to acquire shared lock on daemon addresses registry.
2024-07-18T21:11:39.084-0300 [DEBUG] [org.gradle.cache.internal.DefaultFileLockManager] Lock acquired on daemon addresses registry.
2024-07-18T21:11:39.085-0300 [DEBUG] [org.gradle.cache.internal.DefaultFileLockManager] Releasing lock on daemon addresses registry.
2024-07-18T21:11:39.085-0300 [DEBUG] [org.gradle.cache.internal.DefaultFileLockManager] Waiting to acquire shared lock on daemon addresses registry.
2024-07-18T21:11:39.086-0300 [DEBUG] [org.gradle.cache.internal.DefaultFileLockManager] Lock acquired on daemon addresses registry.
2024-07-18T21:11:39.087-0300 [DEBUG] [org.gradle.cache.internal.DefaultFileLockManager] Releasing lock on daemon addresses registry.
2024-07-18T21:11:39.087-0300 [DEBUG] [org.gradle.cache.internal.DefaultFileLockManager] Waiting to acquire shared lock on daemon addresses registry.
2024-07-18T21:11:39.087-0300 [DEBUG] [org.gradle.cache.internal.DefaultFileLockManager] Lock acquired on daemon addresses registry.
2024-07-18T21:11:39.087-0300 [DEBUG] [org.gradle.cache.internal.DefaultFileLockManager] Releasing lock on daemon addresses registry.
2024-07-18T21:11:44.134-0300 [DEBUG] [org.gradle.cache.internal.LockOnDemandCrossProcessCacheAccess] Lock on journal cache (/home/adolfo/Proyectos_Android_Studio/vaczine/caches/journal-1) requested by another process - releasing lock.
2024-07-18T21:11:44.135-0300 [DEBUG] [org.gradle.cache.internal.LockOnDemandCrossProcessCacheAccess] Releasing file lock for journal cache (/home/adolfo/Proyectos_Android_Studio/vaczine/caches/journal-1)
2024-07-18T21:11:44.138-0300 [DEBUG] [org.gradle.cache.internal.btree.BTreePersistentIndexedCache] Closing cache file-access.bin (/home/adolfo/Proyectos_Android_Studio/vaczine/caches/journal-1/file-access.bin)
2024-07-18T21:11:44.149-0300 [DEBUG] [org.gradle.cache.internal.DefaultFileLockManager] Releasing lock on journal cache (/home/adolfo/Proyectos_Android_Studio/vaczine/caches/journal-1).
2024-07-18T21:11:44.150-0300 [DEBUG] [org.gradle.cache.internal.locklistener.FileLockCommunicator] Confirming lock release to Gradle process at port 39486 for lock with id -3906013188956240069.
2024-07-18T21:11:44.152-0300 [DEBUG] [org.gradle.cache.internal.locklistener.FileLockCommunicator] Confirming lock release to Gradle process at port 39486 for lock with id -3906013188956240069.
2024-07-18T21:11:46.137-0300 [DEBUG] [org.gradle.cache.internal.LockOnDemandCrossProcessCacheAccess] Lock on jars (/home/adolfo/Proyectos_Android_Studio/vaczine/caches/jars-9) requested by another process - releasing lock.
2024-07-18T21:11:46.137-0300 [DEBUG] [org.gradle.cache.internal.LockOnDemandCrossProcessCacheAccess] Releasing file lock for jars (/home/adolfo/Proyectos_Android_Studio/vaczine/caches/jars-9)
2024-07-18T21:11:46.137-0300 [DEBUG] [org.gradle.cache.internal.DefaultFileLockManager] Releasing lock on jars (/home/adolfo/Proyectos_Android_Studio/vaczine/caches/jars-9).
2024-07-18T21:11:46.137-0300 [DEBUG] [org.gradle.cache.internal.locklistener.FileLockCommunicator] Confirming lock release to Gradle process at port 39486 for lock with id 2857290964607773203.
2024-07-18T21:11:46.137-0300 [DEBUG] [org.gradle.cache.internal.locklistener.FileLockCommunicator] Confirming lock release to Gradle process at port 39486 for lock with id 2857290964607773203.
2024-07-18T21:11:48.225-0300 [DEBUG] [org.gradle.cache.internal.LockOnDemandCrossProcessCacheAccess] Lock on artifact cache (/home/adolfo/Proyectos_Android_Studio/vaczine/caches/modules-2) requested by another process - releasing lock.
2024-07-18T21:11:48.225-0300 [DEBUG] [org.gradle.cache.internal.LockOnDemandCrossProcessCacheAccess] Releasing file lock for artifact cache (/home/adolfo/Proyectos_Android_Studio/vaczine/caches/modules-2)
2024-07-18T21:11:48.226-0300 [DEBUG] [org.gradle.cache.internal.btree.BTreePersistentIndexedCache] Closing cache module-metadata.bin (/home/adolfo/Proyectos_Android_Studio/vaczine/caches/modules-2/metadata-2.99/module-metadata.bin)
2024-07-18T21:11:48.226-0300 [DEBUG] [org.gradle.cache.internal.btree.BTreePersistentIndexedCache] Closing cache module-artifact.bin (/home/adolfo/Proyectos_Android_Studio/vaczine/caches/modules-2/metadata-2.99/module-artifact.bin)
2024-07-18T21:11:48.227-0300 [DEBUG] [org.gradle.cache.internal.DefaultFileLockManager] Releasing lock on artifact cache (/home/adolfo/Proyectos_Android_Studio/vaczine/caches/modules-2).
2024-07-18T21:11:48.227-0300 [DEBUG] [org.gradle.cache.internal.locklistener.FileLockCommunicator] Confirming lock release to Gradle process at port 39486 for lock with id 7570905268682745552.
2024-07-18T21:11:48.227-0300 [DEBUG] [org.gradle.cache.internal.locklistener.FileLockCommunicator] Confirming lock release to Gradle process at port 39486 for lock with id 7570905268682745552.
2024-07-18T21:11:49.084-0300 [DEBUG] [org.gradle.cache.internal.DefaultFileLockManager] Waiting to acquire shared lock on daemon addresses registry.
2024-07-18T21:11:49.084-0300 [DEBUG] [org.gradle.cache.internal.DefaultFileLockManager] Lock acquired on daemon addresses registry.
2024-07-18T21:11:49.085-0300 [DEBUG] [org.gradle.cache.internal.DefaultFileLockManager] Releasing lock on daemon addresses registry.
2024-07-18T21:11:49.087-0300 [DEBUG] [org.gradle.cache.internal.DefaultFileLockManager] Waiting to acquire shared lock on daemon addresses registry.
2024-07-18T21:11:49.087-0300 [DEBUG] [org.gradle.cache.internal.DefaultFileLockManager] Lock acquired on daemon addresses registry.
2024-07-18T21:11:49.087-0300 [DEBUG] [org.gradle.cache.internal.DefaultFileLockManager] Releasing lock on daemon addresses registry.
2024-07-18T21:11:49.087-0300 [DEBUG] [org.gradle.cache.internal.DefaultFileLockManager] Waiting to acquire shared lock on daemon addresses registry.
2024-07-18T21:11:49.087-0300 [DEBUG] [org.gradle.cache.internal.DefaultFileLockManager] Lock acquired on daemon addresses registry.
2024-07-18T21:11:49.087-0300 [DEBUG] [org.gradle.cache.internal.DefaultFileLockManager] Releasing lock on daemon addresses registry.
2024-07-18T21:11:59.084-0300 [DEBUG] [org.gradle.cache.internal.DefaultFileLockManager] Waiting to acquire shared lock on daemon addresses registry.
2024-07-18T21:11:59.084-0300 [DEBUG] [org.gradle.cache.internal.DefaultFileLockManager] Lock acquired on daemon addresses registry.
2024-07-18T21:11:59.084-0300 [DEBUG] [org.gradle.cache.internal.DefaultFileLockManager] Releasing lock on daemon addresses registry.
2024-07-18T21:11:59.085-0300 [DEBUG] [org.gradle.cache.internal.DefaultFileLockManager] Waiting to acquire shared lock on daemon addresses registry.
2024-07-18T21:11:59.085-0300 [DEBUG] [org.gradle.cache.internal.DefaultFileLockManager] Lock acquired on daemon addresses registry.
2024-07-18T21:11:59.085-0300 [DEBUG] [org.gradle.cache.internal.DefaultFileLockManager] Releasing lock on daemon addresses registry.
2024-07-18T21:11:59.085-0300 [DEBUG] [org.gradle.cache.internal.DefaultFileLockManager] Waiting to acquire shared lock on daemon addresses registry.
2024-07-18T21:11:59.085-0300 [DEBUG] [org.gradle.cache.internal.DefaultFileLockManager] Lock acquired on daemon addresses registry.
2024-07-18T21:11:59.085-0300 [DEBUG] [org.gradle.cache.internal.DefaultFileLockManager] Releasing lock on daemon addresses registry.
2024-07-18T21:12:09.084-0300 [DEBUG] [org.gradle.cache.internal.DefaultFileLockManager] Waiting to acquire shared lock on daemon addresses registry.
2024-07-18T21:12:09.084-0300 [DEBUG] [org.gradle.cache.internal.DefaultFileLockManager] Lock acquired on daemon addresses registry.
2024-07-18T21:12:09.084-0300 [DEBUG] [org.gradle.cache.internal.DefaultFileLockManager] Releasing lock on daemon addresses registry.
2024-07-18T21:12:09.085-0300 [DEBUG] [org.gradle.cache.internal.DefaultFileLockManager] Waiting to acquire shared lock on daemon addresses registry.
2024-07-18T21:12:09.085-0300 [DEBUG] [org.gradle.cache.internal.DefaultFileLockManager] Lock acquired on daemon addresses registry.
2024-07-18T21:12:09.085-0300 [DEBUG] [org.gradle.cache.internal.DefaultFileLockManager] Releasing lock on daemon addresses registry.
2024-07-18T21:12:09.085-0300 [DEBUG] [org.gradle.cache.internal.DefaultFileLockManager] Waiting to acquire shared lock on daemon addresses registry.
2024-07-18T21:12:09.085-0300 [DEBUG] [org.gradle.cache.internal.DefaultFileLockManager] Lock acquired on daemon addresses registry.
2024-07-18T21:12:09.085-0300 [DEBUG] [org.gradle.cache.internal.DefaultFileLockManager] Releasing lock on daemon addresses registry.
2024-07-18T21:12:19.084-0300 [DEBUG] [org.gradle.cache.internal.DefaultFileLockManager] Waiting to acquire shared lock on daemon addresses registry.
2024-07-18T21:12:19.084-0300 [DEBUG] [org.gradle.cache.internal.DefaultFileLockManager] Lock acquired on daemon addresses registry.
2024-07-18T21:12:19.084-0300 [DEBUG] [org.gradle.cache.internal.DefaultFileLockManager] Releasing lock on daemon addresses registry.
2024-07-18T21:12:19.085-0300 [DEBUG] [org.gradle.cache.internal.DefaultFileLockManager] Waiting to acquire shared lock on daemon addresses registry.
2024-07-18T21:12:19.085-0300 [DEBUG] [org.gradle.cache.internal.DefaultFileLockManager] Lock acquired on daemon addresses registry.
2024-07-18T21:12:19.085-0300 [DEBUG] [org.gradle.cache.internal.DefaultFileLockManager] Releasing lock on daemon addresses registry.
2024-07-18T21:12:19.085-0300 [DEBUG] [org.gradle.cache.internal.DefaultFileLockManager] Waiting to acquire shared lock on daemon addresses registry.
2024-07-18T21:12:19.085-0300 [DEBUG] [org.gradle.cache.internal.DefaultFileLockManager] Lock acquired on daemon addresses registry.
2024-07-18T21:12:19.085-0300 [DEBUG] [org.gradle.cache.internal.DefaultFileLockManager] Releasing lock on daemon addresses registry.
2024-07-18T21:12:29.086-0300 [DEBUG] [org.gradle.cache.internal.DefaultFileLockManager] Waiting to acquire shared lock on daemon addresses registry.
2024-07-18T21:12:29.086-0300 [DEBUG] [org.gradle.cache.internal.DefaultFileLockManager] Lock acquired on daemon addresses registry.
2024-07-18T21:12:29.086-0300 [DEBUG] [org.gradle.cache.internal.DefaultFileLockManager] Releasing lock on daemon addresses registry.
2024-07-18T21:12:29.089-0300 [DEBUG] [org.gradle.cache.internal.DefaultFileLockManager] Waiting to acquire shared lock on daemon addresses registry.
2024-07-18T21:12:29.089-0300 [DEBUG] [org.gradle.cache.internal.DefaultFileLockManager] Lock acquired on daemon addresses registry.
2024-07-18T21:12:29.089-0300 [DEBUG] [org.gradle.cache.internal.DefaultFileLockManager] Releasing lock on daemon addresses registry.
2024-07-18T21:12:29.089-0300 [DEBUG] [org.gradle.cache.internal.DefaultFileLockManager] Waiting to acquire shared lock on daemon addresses registry.
2024-07-18T21:12:29.089-0300 [DEBUG] [org.gradle.cache.internal.DefaultFileLockManager] Lock acquired on daemon addresses registry.
2024-07-18T21:12:29.090-0300 [DEBUG] [org.gradle.cache.internal.DefaultFileLockManager] Releasing lock on daemon addresses registry.
2024-07-18T21:12:39.085-0300 [DEBUG] [org.gradle.cache.internal.DefaultFileLockManager] Waiting to acquire shared lock on daemon addresses registry.
2024-07-18T21:12:39.085-0300 [DEBUG] [org.gradle.cache.internal.DefaultFileLockManager] Lock acquired on daemon addresses registry.
2024-07-18T21:12:39.085-0300 [DEBUG] [org.gradle.cache.internal.DefaultFileLockManager] Releasing lock on daemon addresses registry.
2024-07-18T21:12:39.085-0300 [DEBUG] [org.gradle.cache.internal.DefaultFileLockManager] Waiting to acquire shared lock on daemon addresses registry.
2024-07-18T21:12:39.086-0300 [DEBUG] [org.gradle.cache.internal.DefaultFileLockManager] Lock acquired on daemon addresses registry.
2024-07-18T21:12:39.086-0300 [DEBUG] [org.gradle.cache.internal.DefaultFileLockManager] Releasing lock on daemon addresses registry.
2024-07-18T21:12:39.086-0300 [DEBUG] [org.gradle.cache.internal.DefaultFileLockManager] Waiting to acquire shared lock on daemon addresses registry.
2024-07-18T21:12:39.086-0300 [DEBUG] [org.gradle.cache.internal.DefaultFileLockManager] Lock acquired on daemon addresses registry.
2024-07-18T21:12:39.086-0300 [DEBUG] [org.gradle.cache.internal.DefaultFileLockManager] Releasing lock on daemon addresses registry.
2024-07-18T21:12:49.084-0300 [DEBUG] [org.gradle.cache.internal.DefaultFileLockManager] Waiting to acquire shared lock on daemon addresses registry.
2024-07-18T21:12:49.084-0300 [DEBUG] [org.gradle.cache.internal.DefaultFileLockManager] Lock acquired on daemon addresses registry.
2024-07-18T21:12:49.084-0300 [DEBUG] [org.gradle.cache.internal.DefaultFileLockManager] Releasing lock on daemon addresses registry.
2024-07-18T21:12:49.085-0300 [DEBUG] [org.gradle.cache.internal.DefaultFileLockManager] Waiting to acquire shared lock on daemon addresses registry.
2024-07-18T21:12:49.085-0300 [DEBUG] [org.gradle.cache.internal.DefaultFileLockManager] Lock acquired on daemon addresses registry.
2024-07-18T21:12:49.085-0300 [DEBUG] [org.gradle.cache.internal.DefaultFileLockManager] Releasing lock on daemon addresses registry.
2024-07-18T21:12:49.085-0300 [DEBUG] [org.gradle.cache.internal.DefaultFileLockManager] Waiting to acquire shared lock on daemon addresses registry.
2024-07-18T21:12:49.085-0300 [DEBUG] [org.gradle.cache.internal.DefaultFileLockManager] Lock acquired on daemon addresses registry.
2024-07-18T21:12:49.085-0300 [DEBUG] [org.gradle.cache.internal.DefaultFileLockManager] Releasing lock on daemon addresses registry.
2024-07-18T21:12:59.084-0300 [DEBUG] [org.gradle.cache.internal.DefaultFileLockManager] Waiting to acquire shared lock on daemon addresses registry.
2024-07-18T21:12:59.084-0300 [DEBUG] [org.gradle.cache.internal.DefaultFileLockManager] Lock acquired on daemon addresses registry.
2024-07-18T21:12:59.084-0300 [DEBUG] [org.gradle.cache.internal.DefaultFileLockManager] Releasing lock on daemon addresses registry.
2024-07-18T21:12:59.085-0300 [DEBUG] [org.gradle.cache.internal.DefaultFileLockManager] Waiting to acquire shared lock on daemon addresses registry.
2024-07-18T21:12:59.085-0300 [DEBUG] [org.gradle.cache.internal.DefaultFileLockManager] Lock acquired on daemon addresses registry.
2024-07-18T21:12:59.085-0300 [DEBUG] [org.gradle.cache.internal.DefaultFileLockManager] Releasing lock on daemon addresses registry.
2024-07-18T21:12:59.085-0300 [DEBUG] [org.gradle.cache.internal.DefaultFileLockManager] Waiting to acquire shared lock on daemon addresses registry.
2024-07-18T21:12:59.085-0300 [DEBUG] [org.gradle.cache.internal.DefaultFileLockManager] Lock acquired on daemon addresses registry.
2024-07-18T21:12:59.085-0300 [DEBUG] [org.gradle.cache.internal.DefaultFileLockManager] Releasing lock on daemon addresses registry.
2024-07-18T21:13:09.086-0300 [DEBUG] [org.gradle.cache.internal.DefaultFileLockManager] Waiting to acquire shared lock on daemon addresses registry.
2024-07-18T21:13:09.086-0300 [DEBUG] [org.gradle.cache.internal.DefaultFileLockManager] Lock acquired on daemon addresses registry.
2024-07-18T21:13:09.086-0300 [DEBUG] [org.gradle.cache.internal.DefaultFileLockManager] Releasing lock on daemon addresses registry.
2024-07-18T21:13:09.087-0300 [DEBUG] [org.gradle.cache.internal.DefaultFileLockManager] Waiting to acquire shared lock on daemon addresses registry.
2024-07-18T21:13:09.087-0300 [DEBUG] [org.gradle.cache.internal.DefaultFileLockManager] Lock acquired on daemon addresses registry.
2024-07-18T21:13:09.087-0300 [DEBUG] [org.gradle.cache.internal.DefaultFileLockManager] Releasing lock on daemon addresses registry.
2024-07-18T21:13:09.087-0300 [DEBUG] [org.gradle.cache.internal.DefaultFileLockManager] Waiting to acquire shared lock on daemon addresses registry.
2024-07-18T21:13:09.087-0300 [DEBUG] [org.gradle.cache.internal.DefaultFileLockManager] Lock acquired on daemon addresses registry.
2024-07-18T21:13:09.087-0300 [DEBUG] [org.gradle.cache.internal.DefaultFileLockManager] Releasing lock on daemon addresses registry.
2024-07-18T21:13:19.084-0300 [DEBUG] [org.gradle.cache.internal.DefaultFileLockManager] Waiting to acquire shared lock on daemon addresses registry.
2024-07-18T21:13:19.084-0300 [DEBUG] [org.gradle.cache.internal.DefaultFileLockManager] Lock acquired on daemon addresses registry.
2024-07-18T21:13:19.085-0300 [DEBUG] [org.gradle.cache.internal.DefaultFileLockManager] Releasing lock on daemon addresses registry.
2024-07-18T21:13:19.085-0300 [DEBUG] [org.gradle.cache.internal.DefaultFileLockManager] Waiting to acquire shared lock on daemon addresses registry.
2024-07-18T21:13:19.085-0300 [DEBUG] [org.gradle.cache.internal.DefaultFileLockManager] Lock acquired on daemon addresses registry.
2024-07-18T21:13:19.086-0300 [DEBUG] [org.gradle.cache.internal.DefaultFileLockManager] Releasing lock on daemon addresses registry.
2024-07-18T21:13:19.086-0300 [DEBUG] [org.gradle.cache.internal.DefaultFileLockManager] Waiting to acquire shared lock on daemon addresses registry.
2024-07-18T21:13:19.086-0300 [DEBUG] [org.gradle.cache.internal.DefaultFileLockManager] Lock acquired on daemon addresses registry.
2024-07-18T21:13:19.086-0300 [DEBUG] [org.gradle.cache.internal.DefaultFileLockManager] Releasing lock on daemon addresses registry.
2024-07-18T21:13:29.084-0300 [DEBUG] [org.gradle.cache.internal.DefaultFileLockManager] Waiting to acquire shared lock on daemon addresses registry.
2024-07-18T21:13:29.084-0300 [DEBUG] [org.gradle.cache.internal.DefaultFileLockManager] Lock acquired on daemon addresses registry.
2024-07-18T21:13:29.084-0300 [DEBUG] [org.gradle.cache.internal.DefaultFileLockManager] Releasing lock on daemon addresses registry.
2024-07-18T21:13:29.085-0300 [DEBUG] [org.gradle.cache.internal.DefaultFileLockManager] Waiting to acquire shared lock on daemon addresses registry.
2024-07-18T21:13:29.085-0300 [DEBUG] [org.gradle.cache.internal.DefaultFileLockManager] Lock acquired on daemon addresses registry.
2024-07-18T21:13:29.085-0300 [DEBUG] [org.gradle.cache.internal.DefaultFileLockManager] Releasing lock on daemon addresses registry.
2024-07-18T21:13:29.085-0300 [DEBUG] [org.gradle.cache.internal.DefaultFileLockManager] Waiting to acquire shared lock on daemon addresses registry.
2024-07-18T21:13:29.086-0300 [DEBUG] [org.gradle.cache.internal.DefaultFileLockManager] Lock acquired on daemon addresses registry.
2024-07-18T21:13:29.086-0300 [DEBUG] [org.gradle.cache.internal.DefaultFileLockManager] Releasing lock on daemon addresses registry.
2024-07-18T21:13:39.085-0300 [DEBUG] [org.gradle.cache.internal.DefaultFileLockManager] Waiting to acquire shared lock on daemon addresses registry.
2024-07-18T21:13:39.085-0300 [DEBUG] [org.gradle.cache.internal.DefaultFileLockManager] Lock acquired on daemon addresses registry.
2024-07-18T21:13:39.085-0300 [DEBUG] [org.gradle.cache.internal.DefaultFileLockManager] Releasing lock on daemon addresses registry.
2024-07-18T21:13:39.085-0300 [DEBUG] [org.gradle.cache.internal.DefaultFileLockManager] Waiting to acquire shared lock on daemon addresses registry.
2024-07-18T21:13:39.085-0300 [DEBUG] [org.gradle.cache.internal.DefaultFileLockManager] Lock acquired on daemon addresses registry.
2024-07-18T21:13:39.086-0300 [DEBUG] [org.gradle.cache.internal.DefaultFileLockManager] Releasing lock on daemon addresses registry.
2024-07-18T21:13:39.086-0300 [DEBUG] [org.gradle.cache.internal.DefaultFileLockManager] Waiting to acquire shared lock on daemon addresses registry.
2024-07-18T21:13:39.086-0300 [DEBUG] [org.gradle.cache.internal.DefaultFileLockManager] Lock acquired on daemon addresses registry.
2024-07-18T21:13:39.086-0300 [DEBUG] [org.gradle.cache.internal.DefaultFileLockManager] Releasing lock on daemon addresses registry.
2024-07-18T21:13:49.084-0300 [DEBUG] [org.gradle.cache.internal.DefaultFileLockManager] Waiting to acquire shared lock on daemon addresses registry.
2024-07-18T21:13:49.084-0300 [DEBUG] [org.gradle.cache.internal.DefaultFileLockManager] Lock acquired on daemon addresses registry.
2024-07-18T21:13:49.084-0300 [DEBUG] [org.gradle.cache.internal.DefaultFileLockManager] Releasing lock on daemon addresses registry.
2024-07-18T21:13:49.085-0300 [DEBUG] [org.gradle.cache.internal.DefaultFileLockManager] Waiting to acquire shared lock on daemon addresses registry.
2024-07-18T21:13:49.085-0300 [DEBUG] [org.gradle.cache.internal.DefaultFileLockManager] Lock acquired on daemon addresses registry.
2024-07-18T21:13:49.085-0300 [DEBUG] [org.gradle.cache.internal.DefaultFileLockManager] Releasing lock on daemon addresses registry.
2024-07-18T21:13:49.086-0300 [DEBUG] [org.gradle.cache.internal.DefaultFileLockManager] Waiting to acquire shared lock on daemon addresses registry.
2024-07-18T21:13:49.086-0300 [DEBUG] [org.gradle.cache.internal.DefaultFileLockManager] Lock acquired on daemon addresses registry.
2024-07-18T21:13:49.086-0300 [DEBUG] [org.gradle.cache.internal.DefaultFileLockManager] Releasing lock on daemon addresses registry.
2024-07-18T21:13:59.085-0300 [DEBUG] [org.gradle.cache.internal.DefaultFileLockManager] Waiting to acquire shared lock on daemon addresses registry.
2024-07-18T21:13:59.085-0300 [DEBUG] [org.gradle.cache.internal.DefaultFileLockManager] Lock acquired on daemon addresses registry.
2024-07-18T21:13:59.085-0300 [DEBUG] [org.gradle.cache.internal.DefaultFileLockManager] Releasing lock on daemon addresses registry.
2024-07-18T21:13:59.085-0300 [DEBUG] [org.gradle.cache.internal.DefaultFileLockManager] Waiting to acquire shared lock on daemon addresses registry.
2024-07-18T21:13:59.085-0300 [DEBUG] [org.gradle.cache.internal.DefaultFileLockManager] Lock acquired on daemon addresses registry.
2024-07-18T21:13:59.086-0300 [DEBUG] [org.gradle.cache.internal.DefaultFileLockManager] Releasing lock on daemon addresses registry.
2024-07-18T21:13:59.086-0300 [DEBUG] [org.gradle.cache.internal.DefaultFileLockManager] Waiting to acquire shared lock on daemon addresses registry.
2024-07-18T21:13:59.086-0300 [DEBUG] [org.gradle.cache.internal.DefaultFileLockManager] Lock acquired on daemon addresses registry.
2024-07-18T21:13:59.086-0300 [DEBUG] [org.gradle.cache.internal.DefaultFileLockManager] Releasing lock on daemon addresses registry.
2024-07-18T21:14:09.084-0300 [DEBUG] [org.gradle.cache.internal.DefaultFileLockManager] Waiting to acquire shared lock on daemon addresses registry.
2024-07-18T21:14:09.084-0300 [DEBUG] [org.gradle.cache.internal.DefaultFileLockManager] Lock acquired on daemon addresses registry.
2024-07-18T21:14:09.084-0300 [DEBUG] [org.gradle.cache.internal.DefaultFileLockManager] Releasing lock on daemon addresses registry.
2024-07-18T21:14:09.085-0300 [DEBUG] [org.gradle.cache.internal.DefaultFileLockManager] Waiting to acquire shared lock on daemon addresses registry.
2024-07-18T21:14:09.085-0300 [DEBUG] [org.gradle.cache.internal.DefaultFileLockManager] Lock acquired on daemon addresses registry.
2024-07-18T21:14:09.085-0300 [DEBUG] [org.gradle.cache.internal.DefaultFileLockManager] Releasing lock on daemon addresses registry.
2024-07-18T21:14:09.085-0300 [DEBUG] [org.gradle.cache.internal.DefaultFileLockManager] Waiting to acquire shared lock on daemon addresses registry.
2024-07-18T21:14:09.085-0300 [DEBUG] [org.gradle.cache.internal.DefaultFileLockManager] Lock acquired on daemon addresses registry.
2024-07-18T21:14:09.085-0300 [DEBUG] [org.gradle.cache.internal.DefaultFileLockManager] Releasing lock on daemon addresses registry.
2024-07-18T21:14:19.084-0300 [DEBUG] [org.gradle.cache.internal.DefaultFileLockManager] Waiting to acquire shared lock on daemon addresses registry.
2024-07-18T21:14:19.084-0300 [DEBUG] [org.gradle.cache.internal.DefaultFileLockManager] Lock acquired on daemon addresses registry.
2024-07-18T21:14:19.084-0300 [DEBUG] [org.gradle.cache.internal.DefaultFileLockManager] Releasing lock on daemon addresses registry.
2024-07-18T21:14:19.085-0300 [DEBUG] [org.gradle.cache.internal.DefaultFileLockManager] Waiting to acquire shared lock on daemon addresses registry.
2024-07-18T21:14:19.085-0300 [DEBUG] [org.gradle.cache.internal.DefaultFileLockManager] Lock acquired on daemon addresses registry.
2024-07-18T21:14:19.085-0300 [DEBUG] [org.gradle.cache.internal.DefaultFileLockManager] Releasing lock on daemon addresses registry.
2024-07-18T21:14:19.085-0300 [DEBUG] [org.gradle.cache.internal.DefaultFileLockManager] Waiting to acquire shared lock on daemon addresses registry.
2024-07-18T21:14:19.085-0300 [DEBUG] [org.gradle.cache.internal.DefaultFileLockManager] Lock acquired on daemon addresses registry.
2024-07-18T21:14:19.085-0300 [DEBUG] [org.gradle.cache.internal.DefaultFileLockManager] Releasing lock on daemon addresses registry.
2024-07-18T21:14:29.084-0300 [DEBUG] [org.gradle.cache.internal.DefaultFileLockManager] Waiting to acquire shared lock on daemon addresses registry.
2024-07-18T21:14:29.084-0300 [DEBUG] [org.gradle.cache.internal.DefaultFileLockManager] Lock acquired on daemon addresses registry.
2024-07-18T21:14:29.084-0300 [DEBUG] [org.gradle.cache.internal.DefaultFileLockManager] Releasing lock on daemon addresses registry.
2024-07-18T21:14:29.085-0300 [DEBUG] [org.gradle.cache.internal.DefaultFileLockManager] Waiting to acquire shared lock on daemon addresses registry.
2024-07-18T21:14:29.085-0300 [DEBUG] [org.gradle.cache.internal.DefaultFileLockManager] Lock acquired on daemon addresses registry.
2024-07-18T21:14:29.086-0300 [DEBUG] [org.gradle.cache.internal.DefaultFileLockManager] Releasing lock on daemon addresses registry.
2024-07-18T21:14:29.086-0300 [DEBUG] [org.gradle.cache.internal.DefaultFileLockManager] Waiting to acquire shared lock on daemon addresses registry.
2024-07-18T21:14:29.086-0300 [DEBUG] [org.gradle.cache.internal.DefaultFileLockManager] Lock acquired on daemon addresses registry.
2024-07-18T21:14:29.086-0300 [DEBUG] [org.gradle.cache.internal.DefaultFileLockManager] Releasing lock on daemon addresses registry.
2024-07-18T21:14:39.084-0300 [DEBUG] [org.gradle.cache.internal.DefaultFileLockManager] Waiting to acquire shared lock on daemon addresses registry.
2024-07-18T21:14:39.084-0300 [DEBUG] [org.gradle.cache.internal.DefaultFileLockManager] Lock acquired on daemon addresses registry.
2024-07-18T21:14:39.084-0300 [DEBUG] [org.gradle.cache.internal.DefaultFileLockManager] Releasing lock on daemon addresses registry.
2024-07-18T21:14:39.084-0300 [DEBUG] [org.gradle.cache.internal.DefaultFileLockManager] Waiting to acquire shared lock on daemon addresses registry.
2024-07-18T21:14:39.085-0300 [DEBUG] [org.gradle.cache.internal.DefaultFileLockManager] Lock acquired on daemon addresses registry.
2024-07-18T21:14:39.085-0300 [DEBUG] [org.gradle.cache.internal.DefaultFileLockManager] Releasing lock on daemon addresses registry.
2024-07-18T21:14:39.085-0300 [DEBUG] [org.gradle.cache.internal.DefaultFileLockManager] Waiting to acquire shared lock on daemon addresses registry.
2024-07-18T21:14:39.085-0300 [DEBUG] [org.gradle.cache.internal.DefaultFileLockManager] Lock acquired on daemon addresses registry.
2024-07-18T21:14:39.085-0300 [DEBUG] [org.gradle.cache.internal.DefaultFileLockManager] Releasing lock on daemon addresses registry.
2024-07-18T21:14:49.085-0300 [DEBUG] [org.gradle.cache.internal.DefaultFileLockManager] Waiting to acquire shared lock on daemon addresses registry.
2024-07-18T21:14:49.085-0300 [DEBUG] [org.gradle.cache.internal.DefaultFileLockManager] Lock acquired on daemon addresses registry.
2024-07-18T21:14:49.085-0300 [DEBUG] [org.gradle.cache.internal.DefaultFileLockManager] Releasing lock on daemon addresses registry.
2024-07-18T21:14:49.086-0300 [DEBUG] [org.gradle.cache.internal.DefaultFileLockManager] Waiting to acquire shared lock on daemon addresses registry.
2024-07-18T21:14:49.086-0300 [DEBUG] [org.gradle.cache.internal.DefaultFileLockManager] Lock acquired on daemon addresses registry.
2024-07-18T21:14:49.086-0300 [DEBUG] [org.gradle.cache.internal.DefaultFileLockManager] Releasing lock on daemon addresses registry.
2024-07-18T21:14:49.086-0300 [DEBUG] [org.gradle.cache.internal.DefaultFileLockManager] Waiting to acquire shared lock on daemon addresses registry.
2024-07-18T21:14:49.086-0300 [DEBUG] [org.gradle.cache.internal.DefaultFileLockManager] Lock acquired on daemon addresses registry.
2024-07-18T21:14:49.086-0300 [DEBUG] [org.gradle.cache.internal.DefaultFileLockManager] Releasing lock on daemon addresses registry.
2024-07-18T21:14:59.084-0300 [DEBUG] [org.gradle.cache.internal.DefaultFileLockManager] Waiting to acquire shared lock on daemon addresses registry.
2024-07-18T21:14:59.086-0300 [DEBUG] [org.gradle.cache.internal.DefaultFileLockManager] Lock acquired on daemon addresses registry.
2024-07-18T21:14:59.086-0300 [DEBUG] [org.gradle.cache.internal.DefaultFileLockManager] Releasing lock on daemon addresses registry.
2024-07-18T21:14:59.087-0300 [DEBUG] [org.gradle.cache.internal.DefaultFileLockManager] Waiting to acquire shared lock on daemon addresses registry.
2024-07-18T21:14:59.087-0300 [DEBUG] [org.gradle.cache.internal.DefaultFileLockManager] Lock acquired on daemon addresses registry.
2024-07-18T21:14:59.087-0300 [DEBUG] [org.gradle.cache.internal.DefaultFileLockManager] Releasing lock on daemon addresses registry.
2024-07-18T21:14:59.087-0300 [DEBUG] [org.gradle.cache.internal.DefaultFileLockManager] Waiting to acquire shared lock on daemon addresses registry.
2024-07-18T21:14:59.087-0300 [DEBUG] [org.gradle.cache.internal.DefaultFileLockManager] Lock acquired on daemon addresses registry.
2024-07-18T21:14:59.087-0300 [DEBUG] [org.gradle.cache.internal.DefaultFileLockManager] Releasing lock on daemon addresses registry.
2024-07-18T21:15:09.085-0300 [DEBUG] [org.gradle.cache.internal.DefaultFileLockManager] Waiting to acquire shared lock on daemon addresses registry.
2024-07-18T21:15:09.085-0300 [DEBUG] [org.gradle.cache.internal.DefaultFileLockManager] Lock acquired on daemon addresses registry.
2024-07-18T21:15:09.085-0300 [DEBUG] [org.gradle.cache.internal.DefaultFileLockManager] Releasing lock on daemon addresses registry.
2024-07-18T21:15:09.089-0300 [DEBUG] [org.gradle.cache.internal.DefaultFileLockManager] Waiting to acquire shared lock on daemon addresses registry.
2024-07-18T21:15:09.089-0300 [DEBUG] [org.gradle.cache.internal.DefaultFileLockManager] Lock acquired on daemon addresses registry.
2024-07-18T21:15:09.089-0300 [DEBUG] [org.gradle.cache.internal.DefaultFileLockManager] Releasing lock on daemon addresses registry.
2024-07-18T21:15:09.089-0300 [DEBUG] [org.gradle.cache.internal.DefaultFileLockManager] Waiting to acquire shared lock on daemon addresses registry.
2024-07-18T21:15:09.089-0300 [DEBUG] [org.gradle.cache.internal.DefaultFileLockManager] Lock acquired on daemon addresses registry.
2024-07-18T21:15:09.089-0300 [DEBUG] [org.gradle.cache.internal.DefaultFileLockManager] Releasing lock on daemon addresses registry.
2024-07-18T21:15:19.089-0300 [DEBUG] [org.gradle.cache.internal.DefaultFileLockManager] Waiting to acquire shared lock on daemon addresses registry.
2024-07-18T21:15:19.090-0300 [DEBUG] [org.gradle.cache.internal.DefaultFileLockManager] Lock acquired on daemon addresses registry.
2024-07-18T21:15:19.091-0300 [DEBUG] [org.gradle.cache.internal.DefaultFileLockManager] Releasing lock on daemon addresses registry.
2024-07-18T21:15:19.134-0300 [DEBUG] [org.gradle.cache.internal.DefaultFileLockManager] Waiting to acquire shared lock on daemon addresses registry.
2024-07-18T21:15:19.134-0300 [DEBUG] [org.gradle.cache.internal.DefaultFileLockManager] Lock acquired on daemon addresses registry.
2024-07-18T21:15:19.134-0300 [DEBUG] [org.gradle.cache.internal.DefaultFileLockManager] Releasing lock on daemon addresses registry.
2024-07-18T21:15:19.134-0300 [DEBUG] [org.gradle.cache.internal.DefaultFileLockManager] Waiting to acquire shared lock on daemon addresses registry.
2024-07-18T21:15:19.134-0300 [DEBUG] [org.gradle.cache.internal.DefaultFileLockManager] Lock acquired on daemon addresses registry.
2024-07-18T21:15:19.134-0300 [DEBUG] [org.gradle.cache.internal.DefaultFileLockManager] Releasing lock on daemon addresses registry.
2024-07-18T21:15:29.084-0300 [DEBUG] [org.gradle.cache.internal.DefaultFileLockManager] Waiting to acquire shared lock on daemon addresses registry.
2024-07-18T21:15:29.085-0300 [DEBUG] [org.gradle.cache.internal.DefaultFileLockManager] Lock acquired on daemon addresses registry.
2024-07-18T21:15:29.085-0300 [DEBUG] [org.gradle.cache.internal.DefaultFileLockManager] Releasing lock on daemon addresses registry.
2024-07-18T21:15:29.091-0300 [DEBUG] [org.gradle.cache.internal.DefaultFileLockManager] Waiting to acquire shared lock on daemon addresses registry.
2024-07-18T21:15:29.091-0300 [DEBUG] [org.gradle.cache.internal.DefaultFileLockManager] Lock acquired on daemon addresses registry.
2024-07-18T21:15:29.091-0300 [DEBUG] [org.gradle.cache.internal.DefaultFileLockManager] Releasing lock on daemon addresses registry.
2024-07-18T21:15:29.091-0300 [DEBUG] [org.gradle.cache.internal.DefaultFileLockManager] Waiting to acquire shared lock on daemon addresses registry.
2024-07-18T21:15:29.091-0300 [DEBUG] [org.gradle.cache.internal.DefaultFileLockManager] Lock acquired on daemon addresses registry.
2024-07-18T21:15:29.091-0300 [DEBUG] [org.gradle.cache.internal.DefaultFileLockManager] Releasing lock on daemon addresses registry.
2024-07-18T21:15:36.697-0300 [DEBUG] [org.gradle.cache.internal.LockOnDemandCrossProcessCacheAccess] Lock on Artifact transforms cache (/home/adolfo/Proyectos_Android_Studio/vaczine/caches/transforms-3) requested by another process - releasing lock.
2024-07-18T21:15:36.697-0300 [DEBUG] [org.gradle.cache.internal.LockOnDemandCrossProcessCacheAccess] Releasing file lock for Artifact transforms cache (/home/adolfo/Proyectos_Android_Studio/vaczine/caches/transforms-3)
2024-07-18T21:15:36.697-0300 [DEBUG] [org.gradle.cache.internal.DefaultFileLockManager] Releasing lock on Artifact transforms cache (/home/adolfo/Proyectos_Android_Studio/vaczine/caches/transforms-3).
2024-07-18T21:15:36.698-0300 [DEBUG] [org.gradle.cache.internal.locklistener.FileLockCommunicator] Confirming lock release to Gradle process at port 39486 for lock with id 3746113580284437389.
2024-07-18T21:15:36.698-0300 [DEBUG] [org.gradle.cache.internal.locklistener.FileLockCommunicator] Confirming lock release to Gradle process at port 39486 for lock with id 3746113580284437389.
2024-07-18T21:15:39.084-0300 [DEBUG] [org.gradle.cache.internal.DefaultFileLockManager] Waiting to acquire shared lock on daemon addresses registry.
2024-07-18T21:15:39.085-0300 [DEBUG] [org.gradle.cache.internal.DefaultFileLockManager] Lock acquired on daemon addresses registry.
2024-07-18T21:15:39.085-0300 [DEBUG] [org.gradle.cache.internal.DefaultFileLockManager] Releasing lock on daemon addresses registry.
2024-07-18T21:15:39.090-0300 [DEBUG] [org.gradle.cache.internal.DefaultFileLockManager] Waiting to acquire shared lock on daemon addresses registry.
2024-07-18T21:15:39.090-0300 [DEBUG] [org.gradle.cache.internal.DefaultFileLockManager] Lock acquired on daemon addresses registry.
2024-07-18T21:15:39.090-0300 [DEBUG] [org.gradle.cache.internal.DefaultFileLockManager] Releasing lock on daemon addresses registry.
2024-07-18T21:15:39.090-0300 [DEBUG] [org.gradle.cache.internal.DefaultFileLockManager] Waiting to acquire shared lock on daemon addresses registry.
2024-07-18T21:15:39.090-0300 [DEBUG] [org.gradle.cache.internal.DefaultFileLockManager] Lock acquired on daemon addresses registry.
2024-07-18T21:15:39.090-0300 [DEBUG] [org.gradle.cache.internal.DefaultFileLockManager] Releasing lock on daemon addresses registry.
2024-07-18T21:15:49.084-0300 [DEBUG] [org.gradle.cache.internal.DefaultFileLockManager] Waiting to acquire shared lock on daemon addresses registry.
2024-07-18T21:15:49.085-0300 [DEBUG] [org.gradle.cache.internal.DefaultFileLockManager] Lock acquired on daemon addresses registry.
2024-07-18T21:15:49.085-0300 [DEBUG] [org.gradle.cache.internal.DefaultFileLockManager] Releasing lock on daemon addresses registry.
2024-07-18T21:15:49.087-0300 [DEBUG] [org.gradle.cache.internal.DefaultFileLockManager] Waiting to acquire shared lock on daemon addresses registry.
2024-07-18T21:15:49.087-0300 [DEBUG] [org.gradle.cache.internal.DefaultFileLockManager] Lock acquired on daemon addresses registry.
2024-07-18T21:15:49.087-0300 [DEBUG] [org.gradle.cache.internal.DefaultFileLockManager] Releasing lock on daemon addresses registry.
2024-07-18T21:15:49.087-0300 [DEBUG] [org.gradle.cache.internal.DefaultFileLockManager] Waiting to acquire shared lock on daemon addresses registry.
2024-07-18T21:15:49.087-0300 [DEBUG] [org.gradle.cache.internal.DefaultFileLockManager] Lock acquired on daemon addresses registry.
2024-07-18T21:15:49.087-0300 [DEBUG] [org.gradle.cache.internal.DefaultFileLockManager] Releasing lock on daemon addresses registry.
2024-07-18T21:15:59.084-0300 [DEBUG] [org.gradle.cache.internal.DefaultFileLockManager] Waiting to acquire shared lock on daemon addresses registry.
2024-07-18T21:15:59.085-0300 [DEBUG] [org.gradle.cache.internal.DefaultFileLockManager] Lock acquired on daemon addresses registry.
2024-07-18T21:15:59.085-0300 [DEBUG] [org.gradle.cache.internal.DefaultFileLockManager] Releasing lock on daemon addresses registry.
2024-07-18T21:15:59.091-0300 [DEBUG] [org.gradle.cache.internal.DefaultFileLockManager] Waiting to acquire shared lock on daemon addresses registry.
2024-07-18T21:15:59.091-0300 [DEBUG] [org.gradle.cache.internal.DefaultFileLockManager] Lock acquired on daemon addresses registry.
2024-07-18T21:15:59.092-0300 [DEBUG] [org.gradle.cache.internal.DefaultFileLockManager] Releasing lock on daemon addresses registry.
2024-07-18T21:15:59.092-0300 [DEBUG] [org.gradle.cache.internal.DefaultFileLockManager] Waiting to acquire shared lock on daemon addresses registry.
2024-07-18T21:15:59.092-0300 [DEBUG] [org.gradle.cache.internal.DefaultFileLockManager] Lock acquired on daemon addresses registry.
2024-07-18T21:15:59.092-0300 [DEBUG] [org.gradle.cache.internal.DefaultFileLockManager] Releasing lock on daemon addresses registry.
2024-07-18T21:16:09.098-0300 [DEBUG] [org.gradle.cache.internal.DefaultFileLockManager] Waiting to acquire shared lock on daemon addresses registry.
2024-07-18T21:16:09.113-0300 [DEBUG] [org.gradle.cache.internal.DefaultFileLockManager] Lock acquired on daemon addresses registry.
2024-07-18T21:16:09.118-0300 [DEBUG] [org.gradle.cache.internal.DefaultFileLockManager] Releasing lock on daemon addresses registry.
2024-07-18T21:16:09.213-0300 [DEBUG] [org.gradle.cache.internal.DefaultFileLockManager] Waiting to acquire shared lock on daemon addresses registry.
2024-07-18T21:16:09.213-0300 [DEBUG] [org.gradle.cache.internal.DefaultFileLockManager] Lock acquired on daemon addresses registry.
2024-07-18T21:16:09.213-0300 [DEBUG] [org.gradle.cache.internal.DefaultFileLockManager] Releasing lock on daemon addresses registry.
2024-07-18T21:16:09.213-0300 [DEBUG] [org.gradle.cache.internal.DefaultFileLockManager] Waiting to acquire shared lock on daemon addresses registry.
2024-07-18T21:16:09.213-0300 [DEBUG] [org.gradle.cache.internal.DefaultFileLockManager] Lock acquired on daemon addresses registry.
2024-07-18T21:16:09.213-0300 [DEBUG] [org.gradle.cache.internal.DefaultFileLockManager] Releasing lock on daemon addresses registry.
2024-07-18T21:16:19.099-0300 [DEBUG] [org.gradle.cache.internal.DefaultFileLockManager] Waiting to acquire shared lock on daemon addresses registry.
2024-07-18T21:16:19.150-0300 [DEBUG] [org.gradle.cache.internal.DefaultFileLockManager] Lock acquired on daemon addresses registry.
2024-07-18T21:16:19.161-0300 [DEBUG] [org.gradle.cache.internal.DefaultFileLockManager] Releasing lock on daemon addresses registry.
2024-07-18T21:16:19.388-0300 [DEBUG] [org.gradle.cache.internal.DefaultFileLockManager] Waiting to acquire shared lock on daemon addresses registry.
2024-07-18T21:16:19.388-0300 [DEBUG] [org.gradle.cache.internal.DefaultFileLockManager] Lock acquired on daemon addresses registry.
2024-07-18T21:16:19.388-0300 [DEBUG] [org.gradle.cache.internal.DefaultFileLockManager] Releasing lock on daemon addresses registry.
2024-07-18T21:16:19.388-0300 [DEBUG] [org.gradle.cache.internal.DefaultFileLockManager] Waiting to acquire shared lock on daemon addresses registry.
2024-07-18T21:16:19.388-0300 [DEBUG] [org.gradle.cache.internal.DefaultFileLockManager] Lock acquired on daemon addresses registry.
2024-07-18T21:16:19.388-0300 [DEBUG] [org.gradle.cache.internal.DefaultFileLockManager] Releasing lock on daemon addresses registry.
2024-07-18T21:16:29.085-0300 [DEBUG] [org.gradle.cache.internal.DefaultFileLockManager] Waiting to acquire shared lock on daemon addresses registry.
2024-07-18T21:16:29.085-0300 [DEBUG] [org.gradle.cache.internal.DefaultFileLockManager] Lock acquired on daemon addresses registry.
2024-07-18T21:16:29.085-0300 [DEBUG] [org.gradle.cache.internal.DefaultFileLockManager] Releasing lock on daemon addresses registry.
2024-07-18T21:16:29.089-0300 [DEBUG] [org.gradle.cache.internal.DefaultFileLockManager] Waiting to acquire shared lock on daemon addresses registry.
2024-07-18T21:16:29.089-0300 [DEBUG] [org.gradle.cache.internal.DefaultFileLockManager] Lock acquired on daemon addresses registry.
2024-07-18T21:16:29.089-0300 [DEBUG] [org.gradle.cache.internal.DefaultFileLockManager] Releasing lock on daemon addresses registry.
2024-07-18T21:16:29.089-0300 [DEBUG] [org.gradle.cache.internal.DefaultFileLockManager] Waiting to acquire shared lock on daemon addresses registry.
2024-07-18T21:16:29.089-0300 [DEBUG] [org.gradle.cache.internal.DefaultFileLockManager] Lock acquired on daemon addresses registry.
2024-07-18T21:16:29.089-0300 [DEBUG] [org.gradle.cache.internal.DefaultFileLockManager] Releasing lock on daemon addresses registry.
2024-07-18T21:16:39.088-0300 [DEBUG] [org.gradle.cache.internal.DefaultFileLockManager] Waiting to acquire shared lock on daemon addresses registry.
2024-07-18T21:16:39.094-0300 [DEBUG] [org.gradle.cache.internal.DefaultFileLockManager] Lock acquired on daemon addresses registry.
2024-07-18T21:16:39.095-0300 [DEBUG] [org.gradle.cache.internal.DefaultFileLockManager] Releasing lock on daemon addresses registry.
2024-07-18T21:16:39.118-0300 [DEBUG] [org.gradle.cache.internal.DefaultFileLockManager] Waiting to acquire shared lock on daemon addresses registry.
2024-07-18T21:16:39.118-0300 [DEBUG] [org.gradle.cache.internal.DefaultFileLockManager] Lock acquired on daemon addresses registry.
2024-07-18T21:16:39.118-0300 [DEBUG] [org.gradle.cache.internal.DefaultFileLockManager] Releasing lock on daemon addresses registry.
2024-07-18T21:16:39.118-0300 [DEBUG] [org.gradle.cache.internal.DefaultFileLockManager] Waiting to acquire shared lock on daemon addresses registry.
2024-07-18T21:16:39.118-0300 [DEBUG] [org.gradle.cache.internal.DefaultFileLockManager] Lock acquired on daemon addresses registry.
2024-07-18T21:16:39.119-0300 [DEBUG] [org.gradle.cache.internal.DefaultFileLockManager] Releasing lock on daemon addresses registry.
2024-07-18T21:16:49.114-0300 [DEBUG] [org.gradle.cache.internal.DefaultFileLockManager] Waiting to acquire shared lock on daemon addresses registry.
2024-07-18T21:16:49.117-0300 [DEBUG] [org.gradle.cache.internal.DefaultFileLockManager] Lock acquired on daemon addresses registry.
2024-07-18T21:16:49.151-0300 [DEBUG] [org.gradle.cache.internal.DefaultFileLockManager] Releasing lock on daemon addresses registry.
2024-07-18T21:16:49.255-0300 [DEBUG] [org.gradle.cache.internal.DefaultFileLockManager] Waiting to acquire shared lock on daemon addresses registry.
2024-07-18T21:16:49.255-0300 [DEBUG] [org.gradle.cache.internal.DefaultFileLockManager] Lock acquired on daemon addresses registry.
2024-07-18T21:16:49.262-0300 [DEBUG] [org.gradle.cache.internal.DefaultFileLockManager] Releasing lock on daemon addresses registry.
2024-07-18T21:16:49.271-0300 [DEBUG] [org.gradle.cache.internal.DefaultFileLockManager] Waiting to acquire shared lock on daemon addresses registry.
2024-07-18T21:16:49.313-0300 [DEBUG] [org.gradle.cache.internal.DefaultFileLockManager] Lock acquired on daemon addresses registry.
2024-07-18T21:16:49.329-0300 [DEBUG] [org.gradle.cache.internal.DefaultFileLockManager] Releasing lock on daemon addresses registry.
2024-07-18T21:16:59.093-0300 [DEBUG] [org.gradle.cache.internal.DefaultFileLockManager] Waiting to acquire shared lock on daemon addresses registry.
2024-07-18T21:16:59.093-0300 [DEBUG] [org.gradle.cache.internal.DefaultFileLockManager] Lock acquired on daemon addresses registry.
2024-07-18T21:16:59.094-0300 [DEBUG] [org.gradle.cache.internal.DefaultFileLockManager] Releasing lock on daemon addresses registry.
2024-07-18T21:16:59.099-0300 [DEBUG] [org.gradle.cache.internal.DefaultFileLockManager] Waiting to acquire shared lock on daemon addresses registry.
2024-07-18T21:16:59.099-0300 [DEBUG] [org.gradle.cache.internal.DefaultFileLockManager] Lock acquired on daemon addresses registry.
2024-07-18T21:16:59.099-0300 [DEBUG] [org.gradle.cache.internal.DefaultFileLockManager] Releasing lock on daemon addresses registry.
2024-07-18T21:16:59.100-0300 [DEBUG] [org.gradle.cache.internal.DefaultFileLockManager] Waiting to acquire shared lock on daemon addresses registry.
2024-07-18T21:16:59.100-0300 [DEBUG] [org.gradle.cache.internal.DefaultFileLockManager] Lock acquired on daemon addresses registry.
2024-07-18T21:16:59.100-0300 [DEBUG] [org.gradle.cache.internal.DefaultFileLockManager] Releasing lock on daemon addresses registry.
2024-07-18T21:17:09.086-0300 [DEBUG] [org.gradle.cache.internal.DefaultFileLockManager] Waiting to acquire shared lock on daemon addresses registry.
2024-07-18T21:17:09.086-0300 [DEBUG] [org.gradle.cache.internal.DefaultFileLockManager] Lock acquired on daemon addresses registry.
2024-07-18T21:17:09.086-0300 [DEBUG] [org.gradle.cache.internal.DefaultFileLockManager] Releasing lock on daemon addresses registry.
2024-07-18T21:17:09.090-0300 [DEBUG] [org.gradle.cache.internal.DefaultFileLockManager] Waiting to acquire shared lock on daemon addresses registry.
2024-07-18T21:17:09.091-0300 [DEBUG] [org.gradle.cache.internal.DefaultFileLockManager] Lock acquired on daemon addresses registry.
2024-07-18T21:17:09.091-0300 [DEBUG] [org.gradle.cache.internal.DefaultFileLockManager] Releasing lock on daemon addresses registry.
2024-07-18T21:17:09.091-0300 [DEBUG] [org.gradle.cache.internal.DefaultFileLockManager] Waiting to acquire shared lock on daemon addresses registry.
2024-07-18T21:17:09.091-0300 [DEBUG] [org.gradle.cache.internal.DefaultFileLockManager] Lock acquired on daemon addresses registry.
2024-07-18T21:17:09.091-0300 [DEBUG] [org.gradle.cache.internal.DefaultFileLockManager] Releasing lock on daemon addresses registry.
2024-07-18T21:17:19.085-0300 [DEBUG] [org.gradle.cache.internal.DefaultFileLockManager] Waiting to acquire shared lock on daemon addresses registry.
2024-07-18T21:17:19.085-0300 [DEBUG] [org.gradle.cache.internal.DefaultFileLockManager] Lock acquired on daemon addresses registry.
2024-07-18T21:17:19.085-0300 [DEBUG] [org.gradle.cache.internal.DefaultFileLockManager] Releasing lock on daemon addresses registry.
2024-07-18T21:17:19.089-0300 [DEBUG] [org.gradle.cache.internal.DefaultFileLockManager] Waiting to acquire shared lock on daemon addresses registry.
2024-07-18T21:17:19.089-0300 [DEBUG] [org.gradle.cache.internal.DefaultFileLockManager] Lock acquired on daemon addresses registry.
2024-07-18T21:17:19.089-0300 [DEBUG] [org.gradle.cache.internal.DefaultFileLockManager] Releasing lock on daemon addresses registry.
2024-07-18T21:17:19.089-0300 [DEBUG] [org.gradle.cache.internal.DefaultFileLockManager] Waiting to acquire shared lock on daemon addresses registry.
2024-07-18T21:17:19.089-0300 [DEBUG] [org.gradle.cache.internal.DefaultFileLockManager] Lock acquired on daemon addresses registry.
2024-07-18T21:17:19.089-0300 [DEBUG] [org.gradle.cache.internal.DefaultFileLockManager] Releasing lock on daemon addresses registry.
2024-07-18T21:17:29.084-0300 [DEBUG] [org.gradle.cache.internal.DefaultFileLockManager] Waiting to acquire shared lock on daemon addresses registry.
2024-07-18T21:17:29.084-0300 [DEBUG] [org.gradle.cache.internal.DefaultFileLockManager] Lock acquired on daemon addresses registry.
2024-07-18T21:17:29.085-0300 [DEBUG] [org.gradle.cache.internal.DefaultFileLockManager] Releasing lock on daemon addresses registry.
2024-07-18T21:17:29.085-0300 [DEBUG] [org.gradle.cache.internal.DefaultFileLockManager] Waiting to acquire shared lock on daemon addresses registry.
2024-07-18T21:17:29.085-0300 [DEBUG] [org.gradle.cache.internal.DefaultFileLockManager] Lock acquired on daemon addresses registry.
2024-07-18T21:17:29.085-0300 [DEBUG] [org.gradle.cache.internal.DefaultFileLockManager] Releasing lock on daemon addresses registry.
2024-07-18T21:17:29.085-0300 [DEBUG] [org.gradle.cache.internal.DefaultFileLockManager] Waiting to acquire shared lock on daemon addresses registry.
2024-07-18T21:17:29.086-0300 [DEBUG] [org.gradle.cache.internal.DefaultFileLockManager] Lock acquired on daemon addresses registry.
2024-07-18T21:17:29.086-0300 [DEBUG] [org.gradle.cache.internal.DefaultFileLockManager] Releasing lock on daemon addresses registry.
2024-07-18T21:17:39.085-0300 [DEBUG] [org.gradle.cache.internal.DefaultFileLockManager] Waiting to acquire shared lock on daemon addresses registry.
2024-07-18T21:17:39.086-0300 [DEBUG] [org.gradle.cache.internal.DefaultFileLockManager] Lock acquired on daemon addresses registry.
2024-07-18T21:17:39.087-0300 [DEBUG] [org.gradle.cache.internal.DefaultFileLockManager] Releasing lock on daemon addresses registry.
2024-07-18T21:17:39.087-0300 [DEBUG] [org.gradle.cache.internal.DefaultFileLockManager] Waiting to acquire shared lock on daemon addresses registry.
2024-07-18T21:17:39.087-0300 [DEBUG] [org.gradle.cache.internal.DefaultFileLockManager] Lock acquired on daemon addresses registry.
2024-07-18T21:17:39.087-0300 [DEBUG] [org.gradle.cache.internal.DefaultFileLockManager] Releasing lock on daemon addresses registry.
2024-07-18T21:17:39.087-0300 [DEBUG] [org.gradle.cache.internal.DefaultFileLockManager] Waiting to acquire shared lock on daemon addresses registry.
2024-07-18T21:17:39.087-0300 [DEBUG] [org.gradle.cache.internal.DefaultFileLockManager] Lock acquired on daemon addresses registry.
2024-07-18T21:17:39.088-0300 [DEBUG] [org.gradle.cache.internal.DefaultFileLockManager] Releasing lock on daemon addresses registry.
2024-07-18T21:17:49.084-0300 [DEBUG] [org.gradle.cache.internal.DefaultFileLockManager] Waiting to acquire shared lock on daemon addresses registry.
2024-07-18T21:17:49.084-0300 [DEBUG] [org.gradle.cache.internal.DefaultFileLockManager] Lock acquired on daemon addresses registry.
2024-07-18T21:17:49.084-0300 [DEBUG] [org.gradle.cache.internal.DefaultFileLockManager] Releasing lock on daemon addresses registry.
2024-07-18T21:17:49.086-0300 [DEBUG] [org.gradle.cache.internal.DefaultFileLockManager] Waiting to acquire shared lock on daemon addresses registry.
2024-07-18T21:17:49.086-0300 [DEBUG] [org.gradle.cache.internal.DefaultFileLockManager] Lock acquired on daemon addresses registry.
2024-07-18T21:17:49.086-0300 [DEBUG] [org.gradle.cache.internal.DefaultFileLockManager] Releasing lock on daemon addresses registry.
2024-07-18T21:17:49.086-0300 [DEBUG] [org.gradle.cache.internal.DefaultFileLockManager] Waiting to acquire shared lock on daemon addresses registry.
2024-07-18T21:17:49.086-0300 [DEBUG] [org.gradle.cache.internal.DefaultFileLockManager] Lock acquired on daemon addresses registry.
2024-07-18T21:17:49.086-0300 [DEBUG] [org.gradle.cache.internal.DefaultFileLockManager] Releasing lock on daemon addresses registry.
2024-07-18T21:17:59.106-0300 [DEBUG] [org.gradle.cache.internal.DefaultFileLockManager] Waiting to acquire shared lock on daemon addresses registry.
2024-07-18T21:17:59.114-0300 [DEBUG] [org.gradle.cache.internal.DefaultFileLockManager] Lock acquired on daemon addresses registry.
2024-07-18T21:17:59.124-0300 [DEBUG] [org.gradle.cache.internal.DefaultFileLockManager] Releasing lock on daemon addresses registry.
2024-07-18T21:17:59.264-0300 [DEBUG] [org.gradle.cache.internal.DefaultFileLockManager] Waiting to acquire shared lock on daemon addresses registry.
2024-07-18T21:17:59.264-0300 [DEBUG] [org.gradle.cache.internal.DefaultFileLockManager] Lock acquired on daemon addresses registry.
2024-07-18T21:17:59.268-0300 [DEBUG] [org.gradle.cache.internal.DefaultFileLockManager] Releasing lock on daemon addresses registry.
2024-07-18T21:17:59.269-0300 [DEBUG] [org.gradle.cache.internal.DefaultFileLockManager] Waiting to acquire shared lock on daemon addresses registry.
2024-07-18T21:17:59.269-0300 [DEBUG] [org.gradle.cache.internal.DefaultFileLockManager] Lock acquired on daemon addresses registry.
2024-07-18T21:17:59.269-0300 [DEBUG] [org.gradle.cache.internal.DefaultFileLockManager] Releasing lock on daemon addresses registry.
2024-07-18T21:18:09.121-0300 [DEBUG] [org.gradle.cache.internal.DefaultFileLockManager] Waiting to acquire shared lock on daemon addresses registry.
2024-07-18T21:18:09.164-0300 [DEBUG] [org.gradle.cache.internal.DefaultFileLockManager] Lock acquired on daemon addresses registry.
2024-07-18T21:18:09.171-0300 [DEBUG] [org.gradle.cache.internal.DefaultFileLockManager] Releasing lock on daemon addresses registry.
2024-07-18T21:18:09.320-0300 [DEBUG] [org.gradle.cache.internal.DefaultFileLockManager] Waiting to acquire shared lock on daemon addresses registry.
2024-07-18T21:18:09.320-0300 [DEBUG] [org.gradle.cache.internal.DefaultFileLockManager] Lock acquired on daemon addresses registry.
2024-07-18T21:18:09.321-0300 [DEBUG] [org.gradle.cache.internal.DefaultFileLockManager] Releasing lock on daemon addresses registry.
2024-07-18T21:18:09.321-0300 [DEBUG] [org.gradle.cache.internal.DefaultFileLockManager] Waiting to acquire shared lock on daemon addresses registry.
2024-07-18T21:18:09.321-0300 [DEBUG] [org.gradle.cache.internal.DefaultFileLockManager] Lock acquired on daemon addresses registry.
2024-07-18T21:18:09.321-0300 [DEBUG] [org.gradle.cache.internal.DefaultFileLockManager] Releasing lock on daemon addresses registry.
2024-07-18T21:18:19.131-0300 [DEBUG] [org.gradle.cache.internal.DefaultFileLockManager] Waiting to acquire shared lock on daemon addresses registry.
2024-07-18T21:18:19.143-0300 [DEBUG] [org.gradle.cache.internal.DefaultFileLockManager] Lock acquired on daemon addresses registry.
2024-07-18T21:18:19.147-0300 [DEBUG] [org.gradle.cache.internal.DefaultFileLockManager] Releasing lock on daemon addresses registry.
2024-07-18T21:18:19.178-0300 [DEBUG] [org.gradle.cache.internal.DefaultFileLockManager] Waiting to acquire shared lock on daemon addresses registry.
2024-07-18T21:18:19.179-0300 [DEBUG] [org.gradle.cache.internal.DefaultFileLockManager] Lock acquired on daemon addresses registry.
2024-07-18T21:18:19.179-0300 [DEBUG] [org.gradle.cache.internal.DefaultFileLockManager] Releasing lock on daemon addresses registry.
2024-07-18T21:18:19.187-0300 [DEBUG] [org.gradle.cache.internal.DefaultFileLockManager] Waiting to acquire shared lock on daemon addresses registry.
2024-07-18T21:18:19.187-0300 [DEBUG] [org.gradle.cache.internal.DefaultFileLockManager] Lock acquired on daemon addresses registry.
2024-07-18T21:18:19.187-0300 [DEBUG] [org.gradle.cache.internal.DefaultFileLockManager] Releasing lock on daemon addresses registry.
2024-07-18T21:18:25.570-0300 [DEBUG] [org.gradle.internal.watch.registry.impl.DefaultFileWatcherProbeRegistry] Triggering watch probe for /home/adolfo/Proyectos_Android_Studio/mozaikos_little
2024-07-18T21:18:25.570-0300 [DEBUG] [org.gradle.internal.watch.registry.impl.DefaultFileWatcherProbeRegistry] Triggering watch probe for /home/adolfo/Proyectos_Android_Studio/mozaikos_little
2024-07-18T21:18:25.594-0300 [DEBUG] [org.gradle.internal.watch.vfs.impl.WatchingVirtualFileSystem] Handling VFS change REMOVED /home/adolfo/Proyectos_Android_Studio/mozaikos_little/core/build/generated/sources/annotationProcessor/java/main
2024-07-18T21:18:25.609-0300 [INFO] [org.gradle.internal.watch.registry.impl.NonHierarchicalFileWatcherUpdater] Watching 419 directories to track changes
2024-07-18T21:18:25.615-0300 [INFO] [net.rubygrapefruit.platform.internal.jni.NativeLogger] Path is not watched: /home/adolfo/Proyectos_Android_Studio/mozaikos_little/core/build/generated/sources/annotationProcessor/java/main
2024-07-18T21:18:25.623-0300 [DEBUG] [org.gradle.internal.watch.registry.impl.NonHierarchicalFileWatcherUpdater] Couldn't stop watching directories: [/home/adolfo/Proyectos_Android_Studio/mozaikos_little/core/build/generated/sources/annotationProcessor/java/main]
2024-07-18T21:18:25.639-0300 [DEBUG] [org.gradle.internal.watch.vfs.impl.WatchingVirtualFileSystem] Handling VFS change REMOVED /home/adolfo/Proyectos_Android_Studio/mozaikos_little/core/build/generated/sources/headers/java/main
2024-07-18T21:18:25.639-0300 [INFO] [org.gradle.internal.watch.registry.impl.NonHierarchicalFileWatcherUpdater] Watching 418 directories to track changes
2024-07-18T21:18:25.640-0300 [INFO] [net.rubygrapefruit.platform.internal.jni.NativeLogger] Path is not watched: /home/adolfo/Proyectos_Android_Studio/mozaikos_little/core/build/generated/sources/headers/java/main
2024-07-18T21:18:25.640-0300 [DEBUG] [org.gradle.internal.watch.registry.impl.NonHierarchicalFileWatcherUpdater] Couldn't stop watching directories: [/home/adolfo/Proyectos_Android_Studio/mozaikos_little/core/build/generated/sources/headers/java/main]
2024-07-18T21:18:25.647-0300 [DEBUG] [org.gradle.internal.watch.vfs.impl.WatchingVirtualFileSystem] Handling VFS change REMOVED /home/adolfo/Proyectos_Android_Studio/mozaikos_little/core/build/classes/java/main/com/mkosl/ScreenShot.class
2024-07-18T21:18:25.654-0300 [INFO] [org.gradle.internal.watch.registry.impl.NonHierarchicalFileWatcherUpdater] Watching 416 directories to track changes
2024-07-18T21:18:25.655-0300 [INFO] [net.rubygrapefruit.platform.internal.jni.NativeLogger] Path is not watched: /home/adolfo/Proyectos_Android_Studio/mozaikos_little/core/build/classes/java/main/com
2024-07-18T21:18:25.655-0300 [INFO] [net.rubygrapefruit.platform.internal.jni.NativeLogger] Path is not watched: /home/adolfo/Proyectos_Android_Studio/mozaikos_little/core/build/classes/java/main
2024-07-18T21:18:25.655-0300 [DEBUG] [org.gradle.internal.watch.registry.impl.NonHierarchicalFileWatcherUpdater] Couldn't stop watching directories: [/home/adolfo/Proyectos_Android_Studio/mozaikos_little/core/build/classes/java/main/com, /home/adolfo/Proyectos_Android_Studio/mozaikos_little/core/build/classes/java/main]
2024-07-18T21:18:25.655-0300 [DEBUG] [org.gradle.internal.watch.vfs.impl.WatchingVirtualFileSystem] Handling VFS change REMOVED /home/adolfo/Proyectos_Android_Studio/mozaikos_little/core/build/classes/java/main/com/mkosl/PantallaJuego.class
2024-07-18T21:18:25.655-0300 [INFO] [org.gradle.internal.watch.registry.impl.NonHierarchicalFileWatcherUpdater] Watching 416 directories to track changes
2024-07-18T21:18:25.655-0300 [DEBUG] [org.gradle.internal.watch.vfs.impl.WatchingVirtualFileSystem] Handling VFS change REMOVED /home/adolfo/Proyectos_Android_Studio/mozaikos_little/core/build/classes/java/main/com/mkosl/PantallaMiJuego.class
2024-07-18T21:18:25.655-0300 [INFO] [org.gradle.internal.watch.registry.impl.NonHierarchicalFileWatcherUpdater] Watching 416 directories to track changes
2024-07-18T21:18:25.655-0300 [DEBUG] [org.gradle.internal.watch.vfs.impl.WatchingVirtualFileSystem] Handling VFS change REMOVED /home/adolfo/Proyectos_Android_Studio/mozaikos_little/core/build/classes/java/main/com/mkosl/PantallaAyuda1$1.class
2024-07-18T21:18:25.655-0300 [INFO] [org.gradle.internal.watch.registry.impl.NonHierarchicalFileWatcherUpdater] Watching 416 directories to track changes
2024-07-18T21:18:25.655-0300 [DEBUG] [org.gradle.internal.watch.vfs.impl.WatchingVirtualFileSystem] Handling VFS change REMOVED /home/adolfo/Proyectos_Android_Studio/mozaikos_little/core/build/classes/java/main/com/mkosl/PantallaAyuda3$3.class
2024-07-18T21:18:25.656-0300 [INFO] [org.gradle.internal.watch.registry.impl.NonHierarchicalFileWatcherUpdater] Watching 416 directories to track changes
2024-07-18T21:18:25.656-0300 [DEBUG] [org.gradle.internal.watch.vfs.impl.WatchingVirtualFileSystem] Handling VFS change REMOVED /home/adolfo/Proyectos_Android_Studio/mozaikos_little/core/build/classes/java/main/com/mkosl/PantallaMiFinal.class
2024-07-18T21:18:25.656-0300 [INFO] [org.gradle.internal.watch.registry.impl.NonHierarchicalFileWatcherUpdater] Watching 416 directories to track changes
2024-07-18T21:18:25.656-0300 [DEBUG] [org.gradle.internal.watch.vfs.impl.WatchingVirtualFileSystem] Handling VFS change REMOVED /home/adolfo/Proyectos_Android_Studio/mozaikos_little/core/build/classes/java/main/com/mkosl/PantallaAyuda3.class
2024-07-18T21:18:25.656-0300 [INFO] [org.gradle.internal.watch.registry.impl.NonHierarchicalFileWatcherUpdater] Watching 416 directories to track changes
2024-07-18T21:18:25.656-0300 [DEBUG] [org.gradle.internal.watch.vfs.impl.WatchingVirtualFileSystem] Handling VFS change REMOVED /home/adolfo/Proyectos_Android_Studio/mozaikos_little/core/build/classes/java/main/com/mkosl/PantallaAyuda1$2.class
2024-07-18T21:18:25.656-0300 [INFO] [org.gradle.internal.watch.registry.impl.NonHierarchicalFileWatcherUpdater] Watching 416 directories to track changes
2024-07-18T21:18:25.656-0300 [DEBUG] [org.gradle.internal.watch.vfs.impl.WatchingVirtualFileSystem] Handling VFS change REMOVED /home/adolfo/Proyectos_Android_Studio/mozaikos_little/core/build/classes/java/main/com/mkosl/PantallaMenu$4.class
2024-07-18T21:18:25.656-0300 [INFO] [org.gradle.internal.watch.registry.impl.NonHierarchicalFileWatcherUpdater] Watching 416 directories to track changes
2024-07-18T21:18:25.656-0300 [DEBUG] [org.gradle.internal.watch.vfs.impl.WatchingVirtualFileSystem] Handling VFS change REMOVED /home/adolfo/Proyectos_Android_Studio/mozaikos_little/core/build/classes/java/main/com/mkosl/PantallaAyuda1$3.class
2024-07-18T21:18:25.656-0300 [INFO] [org.gradle.internal.watch.registry.impl.NonHierarchicalFileWatcherUpdater] Watching 416 directories to track changes
2024-07-18T21:18:25.656-0300 [DEBUG] [org.gradle.internal.watch.vfs.impl.WatchingVirtualFileSystem] Handling VFS change REMOVED /home/adolfo/Proyectos_Android_Studio/mozaikos_little/core/build/classes/java/main/com/mkosl/PantallaMenu$6.class
2024-07-18T21:18:25.656-0300 [INFO] [org.gradle.internal.watch.registry.impl.NonHierarchicalFileWatcherUpdater] Watching 416 directories to track changes
2024-07-18T21:18:25.656-0300 [DEBUG] [org.gradle.internal.watch.vfs.impl.WatchingVirtualFileSystem] Handling VFS change REMOVED /home/adolfo/Proyectos_Android_Studio/mozaikos_little/core/build/classes/java/main/com/mkosl/PantallaMenu$9.class
2024-07-18T21:18:25.656-0300 [INFO] [org.gradle.internal.watch.registry.impl.NonHierarchicalFileWatcherUpdater] Watching 416 directories to track changes
2024-07-18T21:18:25.656-0300 [DEBUG] [org.gradle.internal.watch.vfs.impl.WatchingVirtualFileSystem] Handling VFS change REMOVED /home/adolfo/Proyectos_Android_Studio/mozaikos_little/core/build/classes/java/main/com/mkosl/PantallaMenu$2.class
2024-07-18T21:18:25.656-0300 [INFO] [org.gradle.internal.watch.registry.impl.NonHierarchicalFileWatcherUpdater] Watching 416 directories to track changes
2024-07-18T21:18:25.656-0300 [DEBUG] [org.gradle.internal.watch.vfs.impl.WatchingVirtualFileSystem] Handling VFS change REMOVED /home/adolfo/Proyectos_Android_Studio/mozaikos_little/core/build/classes/java/main/com/mkosl/PantallaJuego$3.class
2024-07-18T21:18:25.656-0300 [INFO] [org.gradle.internal.watch.registry.impl.NonHierarchicalFileWatcherUpdater] Watching 416 directories to track changes
2024-07-18T21:18:25.656-0300 [DEBUG] [org.gradle.internal.watch.vfs.impl.WatchingVirtualFileSystem] Handling VFS change REMOVED /home/adolfo/Proyectos_Android_Studio/mozaikos_little/core/build/classes/java/main/com/mkosl/PantallaMiImagen$2.class
2024-07-18T21:18:25.656-0300 [INFO] [org.gradle.internal.watch.registry.impl.NonHierarchicalFileWatcherUpdater] Watching 416 directories to track changes
2024-07-18T21:18:25.656-0300 [DEBUG] [org.gradle.internal.watch.vfs.impl.WatchingVirtualFileSystem] Handling VFS change REMOVED /home/adolfo/Proyectos_Android_Studio/mozaikos_little/core/build/classes/java/main/com/mkosl/PantallaMiJuego$5.class
2024-07-18T21:18:25.656-0300 [INFO] [org.gradle.internal.watch.registry.impl.NonHierarchicalFileWatcherUpdater] Watching 416 directories to track changes
2024-07-18T21:18:25.657-0300 [DEBUG] [org.gradle.internal.watch.vfs.impl.WatchingVirtualFileSystem] Handling VFS change REMOVED /home/adolfo/Proyectos_Android_Studio/mozaikos_little/core/build/classes/java/main/com/mkosl/PantallaMiFinal$1.class
2024-07-18T21:18:25.657-0300 [INFO] [org.gradle.internal.watch.registry.impl.NonHierarchicalFileWatcherUpdater] Watching 416 directories to track changes
2024-07-18T21:18:25.657-0300 [DEBUG] [org.gradle.internal.watch.vfs.impl.WatchingVirtualFileSystem] Handling VFS change REMOVED /home/adolfo/Proyectos_Android_Studio/mozaikos_little/core/build/classes/java/main/com/mkosl/PantallaAyuda2$3.class
2024-07-18T21:18:25.657-0300 [INFO] [org.gradle.internal.watch.registry.impl.NonHierarchicalFileWatcherUpdater] Watching 416 directories to track changes
2024-07-18T21:18:25.657-0300 [DEBUG] [org.gradle.internal.watch.vfs.impl.WatchingVirtualFileSystem] Handling VFS change REMOVED /home/adolfo/Proyectos_Android_Studio/mozaikos_little/core/build/classes/java/main/com/mkosl/MensajeEo.class
2024-07-18T21:18:25.657-0300 [INFO] [org.gradle.internal.watch.registry.impl.NonHierarchicalFileWatcherUpdater] Watching 416 directories to track changes
2024-07-18T21:18:25.657-0300 [DEBUG] [org.gradle.internal.watch.vfs.impl.WatchingVirtualFileSystem] Handling VFS change REMOVED /home/adolfo/Proyectos_Android_Studio/mozaikos_little/core/build/classes/java/main/com/mkosl/CoreGame.class
2024-07-18T21:18:25.657-0300 [INFO] [org.gradle.internal.watch.registry.impl.NonHierarchicalFileWatcherUpdater] Watching 416 directories to track changes
2024-07-18T21:18:25.657-0300 [DEBUG] [org.gradle.internal.watch.vfs.impl.WatchingVirtualFileSystem] Handling VFS change REMOVED /home/adolfo/Proyectos_Android_Studio/mozaikos_little/core/build/classes/java/main/com/mkosl/PantallaContinuar$1.class
2024-07-18T21:18:25.658-0300 [INFO] [org.gradle.internal.watch.registry.impl.NonHierarchicalFileWatcherUpdater] Watching 416 directories to track changes
2024-07-18T21:18:25.658-0300 [DEBUG] [org.gradle.internal.watch.vfs.impl.WatchingVirtualFileSystem] Handling VFS change REMOVED /home/adolfo/Proyectos_Android_Studio/mozaikos_little/core/build/classes/java/main/com/mkosl/Pieza.class
2024-07-18T21:18:25.658-0300 [INFO] [org.gradle.internal.watch.registry.impl.NonHierarchicalFileWatcherUpdater] Watching 416 directories to track changes
2024-07-18T21:18:25.658-0300 [DEBUG] [org.gradle.internal.watch.vfs.impl.WatchingVirtualFileSystem] Handling VFS change REMOVED /home/adolfo/Proyectos_Android_Studio/mozaikos_little/core/build/classes/java/main/com/mkosl/PantallaAyuda3$1.class
2024-07-18T21:18:25.658-0300 [INFO] [org.gradle.internal.watch.registry.impl.NonHierarchicalFileWatcherUpdater] Watching 416 directories to track changes
2024-07-18T21:18:25.658-0300 [DEBUG] [org.gradle.internal.watch.vfs.impl.WatchingVirtualFileSystem] Handling VFS change REMOVED /home/adolfo/Proyectos_Android_Studio/mozaikos_little/core/build/classes/java/main/com/mkosl/PantallaMiImagen.class
2024-07-18T21:18:25.658-0300 [INFO] [org.gradle.internal.watch.registry.impl.NonHierarchicalFileWatcherUpdater] Watching 416 directories to track changes
2024-07-18T21:18:25.658-0300 [DEBUG] [org.gradle.internal.watch.vfs.impl.WatchingVirtualFileSystem] Handling VFS change REMOVED /home/adolfo/Proyectos_Android_Studio/mozaikos_little/core/build/classes/java/main/com/mkosl/PantallaComenzar$1.class
2024-07-18T21:18:25.658-0300 [INFO] [org.gradle.internal.watch.registry.impl.NonHierarchicalFileWatcherUpdater] Watching 416 directories to track changes
2024-07-18T21:18:25.658-0300 [DEBUG] [org.gradle.internal.watch.vfs.impl.WatchingVirtualFileSystem] Handling VFS change REMOVED /home/adolfo/Proyectos_Android_Studio/mozaikos_little/core/build/classes/java/main/com/mkosl/PantallaMenu$8.class
2024-07-18T21:18:25.658-0300 [INFO] [org.gradle.internal.watch.registry.impl.NonHierarchicalFileWatcherUpdater] Watching 416 directories to track changes
2024-07-18T21:18:25.658-0300 [DEBUG] [org.gradle.internal.watch.vfs.impl.WatchingVirtualFileSystem] Handling VFS change REMOVED /home/adolfo/Proyectos_Android_Studio/mozaikos_little/core/build/classes/java/main/com/mkosl/Texto.class
2024-07-18T21:18:25.658-0300 [INFO] [org.gradle.internal.watch.registry.impl.NonHierarchicalFileWatcherUpdater] Watching 416 directories to track changes
2024-07-18T21:18:25.658-0300 [DEBUG] [org.gradle.internal.watch.vfs.impl.WatchingVirtualFileSystem] Handling VFS change REMOVED /home/adolfo/Proyectos_Android_Studio/mozaikos_little/core/build/classes/java/main/com/mkosl/PantallaJuego$1.class
2024-07-18T21:18:25.658-0300 [INFO] [org.gradle.internal.watch.registry.impl.NonHierarchicalFileWatcherUpdater] Watching 416 directories to track changes
2024-07-18T21:18:25.659-0300 [DEBUG] [org.gradle.internal.watch.vfs.impl.WatchingVirtualFileSystem] Handling VFS change REMOVED /home/adolfo/Proyectos_Android_Studio/mozaikos_little/core/build/classes/java/main/com/mkosl/GalleryOpener.class
2024-07-18T21:18:25.659-0300 [INFO] [org.gradle.internal.watch.registry.impl.NonHierarchicalFileWatcherUpdater] Watching 416 directories to track changes
2024-07-18T21:18:25.659-0300 [DEBUG] [org.gradle.internal.watch.vfs.impl.WatchingVirtualFileSystem] Handling VFS change REMOVED /home/adolfo/Proyectos_Android_Studio/mozaikos_little/core/build/classes/java/main/com/mkosl/PantallaAyuda3$2.class
2024-07-18T21:18:25.659-0300 [INFO] [org.gradle.internal.watch.registry.impl.NonHierarchicalFileWatcherUpdater] Watching 416 directories to track changes
2024-07-18T21:18:25.659-0300 [DEBUG] [org.gradle.internal.watch.vfs.impl.WatchingVirtualFileSystem] Handling VFS change REMOVED /home/adolfo/Proyectos_Android_Studio/mozaikos_little/core/build/classes/java/main/com/mkosl/CoreGame$2.class
2024-07-18T21:18:25.659-0300 [INFO] [org.gradle.internal.watch.registry.impl.NonHierarchicalFileWatcherUpdater] Watching 416 directories to track changes
2024-07-18T21:18:25.659-0300 [DEBUG] [org.gradle.internal.watch.vfs.impl.WatchingVirtualFileSystem] Handling VFS change REMOVED /home/adolfo/Proyectos_Android_Studio/mozaikos_little/core/build/classes/java/main/com/mkosl/PantallaJuego$6.class
2024-07-18T21:18:25.659-0300 [INFO] [org.gradle.internal.watch.registry.impl.NonHierarchicalFileWatcherUpdater] Watching 416 directories to track changes
2024-07-18T21:18:25.659-0300 [DEBUG] [org.gradle.internal.watch.vfs.impl.WatchingVirtualFileSystem] Handling VFS change REMOVED /home/adolfo/Proyectos_Android_Studio/mozaikos_little/core/build/classes/java/main/com/mkosl/PantallaFin$2.class
2024-07-18T21:18:25.659-0300 [INFO] [org.gradle.internal.watch.registry.impl.NonHierarchicalFileWatcherUpdater] Watching 416 directories to track changes
2024-07-18T21:18:25.659-0300 [DEBUG] [org.gradle.internal.watch.vfs.impl.WatchingVirtualFileSystem] Handling VFS change REMOVED /home/adolfo/Proyectos_Android_Studio/mozaikos_little/core/build/classes/java/main/com/mkosl/PantallaJuego$5.class
2024-07-18T21:18:25.660-0300 [INFO] [org.gradle.internal.watch.registry.impl.NonHierarchicalFileWatcherUpdater] Watching 416 directories to track changes
2024-07-18T21:18:25.660-0300 [DEBUG] [org.gradle.internal.watch.vfs.impl.WatchingVirtualFileSystem] Handling VFS change REMOVED /home/adolfo/Proyectos_Android_Studio/mozaikos_little/core/build/classes/java/main/com/mkosl/PantallaAyuda1.class
2024-07-18T21:18:25.660-0300 [INFO] [org.gradle.internal.watch.registry.impl.NonHierarchicalFileWatcherUpdater] Watching 416 directories to track changes
2024-07-18T21:18:25.660-0300 [DEBUG] [org.gradle.internal.watch.vfs.impl.WatchingVirtualFileSystem] Handling VFS change REMOVED /home/adolfo/Proyectos_Android_Studio/mozaikos_little/core/build/classes/java/main/com/mkosl/PantallaMiJuego$3.class
2024-07-18T21:18:25.660-0300 [INFO] [org.gradle.internal.watch.registry.impl.NonHierarchicalFileWatcherUpdater] Watching 416 directories to track changes
2024-07-18T21:18:25.663-0300 [DEBUG] [org.gradle.internal.watch.vfs.impl.WatchingVirtualFileSystem] Handling VFS change REMOVED /home/adolfo/Proyectos_Android_Studio/mozaikos_little/core/build/classes/java/main/com/mkosl/PantallaComenzar.class
2024-07-18T21:18:25.663-0300 [INFO] [org.gradle.internal.watch.registry.impl.NonHierarchicalFileWatcherUpdater] Watching 416 directories to track changes
2024-07-18T21:18:25.664-0300 [DEBUG] [org.gradle.internal.watch.vfs.impl.WatchingVirtualFileSystem] Handling VFS change REMOVED /home/adolfo/Proyectos_Android_Studio/mozaikos_little/core/build/classes/java/main/com/mkosl/PantallaJuego$2.class
2024-07-18T21:18:25.664-0300 [INFO] [org.gradle.internal.watch.registry.impl.NonHierarchicalFileWatcherUpdater] Watching 416 directories to track changes
2024-07-18T21:18:25.664-0300 [DEBUG] [org.gradle.internal.watch.vfs.impl.WatchingVirtualFileSystem] Handling VFS change REMOVED /home/adolfo/Proyectos_Android_Studio/mozaikos_little/core/build/classes/java/main/com/mkosl/PantallaMenu$1.class
2024-07-18T21:18:25.664-0300 [INFO] [org.gradle.internal.watch.registry.impl.NonHierarchicalFileWatcherUpdater] Watching 416 directories to track changes
2024-07-18T21:18:25.664-0300 [DEBUG] [org.gradle.internal.watch.vfs.impl.WatchingVirtualFileSystem] Handling VFS change REMOVED /home/adolfo/Proyectos_Android_Studio/mozaikos_little/core/build/classes/java/main/com/mkosl/PantallaAyuda2$1.class
2024-07-18T21:18:25.664-0300 [INFO] [org.gradle.internal.watch.registry.impl.NonHierarchicalFileWatcherUpdater] Watching 416 directories to track changes
2024-07-18T21:18:25.664-0300 [DEBUG] [org.gradle.internal.watch.vfs.impl.WatchingVirtualFileSystem] Handling VFS change REMOVED /home/adolfo/Proyectos_Android_Studio/mozaikos_little/core/build/classes/java/main/com/mkosl/PantallaMenu$3.class
2024-07-18T21:18:25.664-0300 [INFO] [org.gradle.internal.watch.registry.impl.NonHierarchicalFileWatcherUpdater] Watching 416 directories to track changes
2024-07-18T21:18:25.664-0300 [DEBUG] [org.gradle.internal.watch.vfs.impl.WatchingVirtualFileSystem] Handling VFS change REMOVED /home/adolfo/Proyectos_Android_Studio/mozaikos_little/core/build/classes/java/main/com/mkosl/PantallaFin$1.class
2024-07-18T21:18:25.664-0300 [INFO] [org.gradle.internal.watch.registry.impl.NonHierarchicalFileWatcherUpdater] Watching 416 directories to track changes
2024-07-18T21:18:25.665-0300 [DEBUG] [org.gradle.internal.watch.vfs.impl.WatchingVirtualFileSystem] Handling VFS change REMOVED /home/adolfo/Proyectos_Android_Studio/mozaikos_little/core/build/classes/java/main/com/mkosl/Adshandler.class
2024-07-18T21:18:25.665-0300 [INFO] [org.gradle.internal.watch.registry.impl.NonHierarchicalFileWatcherUpdater] Watching 416 directories to track changes
2024-07-18T21:18:25.666-0300 [DEBUG] [org.gradle.internal.watch.vfs.impl.WatchingVirtualFileSystem] Handling VFS change REMOVED /home/adolfo/Proyectos_Android_Studio/mozaikos_little/core/build/classes/java/main/com/mkosl/PantallaContinuar.class
2024-07-18T21:18:25.666-0300 [INFO] [org.gradle.internal.watch.registry.impl.NonHierarchicalFileWatcherUpdater] Watching 416 directories to track changes
2024-07-18T21:18:25.666-0300 [DEBUG] [org.gradle.internal.watch.vfs.impl.WatchingVirtualFileSystem] Handling VFS change REMOVED /home/adolfo/Proyectos_Android_Studio/mozaikos_little/core/build/classes/java/main/com/mkosl/PantallaMiJuego$1.class
2024-07-18T21:18:25.667-0300 [INFO] [org.gradle.internal.watch.registry.impl.NonHierarchicalFileWatcherUpdater] Watching 416 directories to track changes
2024-07-18T21:18:25.667-0300 [DEBUG] [org.gradle.internal.watch.vfs.impl.WatchingVirtualFileSystem] Handling VFS change REMOVED /home/adolfo/Proyectos_Android_Studio/mozaikos_little/core/build/classes/java/main/com/mkosl/PantallaAyuda2$2.class
2024-07-18T21:18:25.667-0300 [INFO] [org.gradle.internal.watch.registry.impl.NonHierarchicalFileWatcherUpdater] Watching 416 directories to track changes
2024-07-18T21:18:25.667-0300 [DEBUG] [org.gradle.internal.watch.vfs.impl.WatchingVirtualFileSystem] Handling VFS change REMOVED /home/adolfo/Proyectos_Android_Studio/mozaikos_little/core/build/classes/java/main/com/mkosl/PantallaMenu.class
2024-07-18T21:18:25.667-0300 [INFO] [org.gradle.internal.watch.registry.impl.NonHierarchicalFileWatcherUpdater] Watching 416 directories to track changes
2024-07-18T21:18:25.667-0300 [DEBUG] [org.gradle.internal.watch.vfs.impl.WatchingVirtualFileSystem] Handling VFS change REMOVED /home/adolfo/Proyectos_Android_Studio/mozaikos_little/core/build/classes/java/main/com/mkosl/PantallaMiJuego$4.class
2024-07-18T21:18:25.667-0300 [INFO] [org.gradle.internal.watch.registry.impl.NonHierarchicalFileWatcherUpdater] Watching 416 directories to track changes
2024-07-18T21:18:25.667-0300 [DEBUG] [org.gradle.internal.watch.vfs.impl.WatchingVirtualFileSystem] Handling VFS change REMOVED /home/adolfo/Proyectos_Android_Studio/mozaikos_little/core/build/classes/java/main/com/mkosl/PantallaFin.class
2024-07-18T21:18:25.667-0300 [INFO] [org.gradle.internal.watch.registry.impl.NonHierarchicalFileWatcherUpdater] Watching 416 directories to track changes
2024-07-18T21:18:25.667-0300 [DEBUG] [org.gradle.internal.watch.vfs.impl.WatchingVirtualFileSystem] Handling VFS change REMOVED /home/adolfo/Proyectos_Android_Studio/mozaikos_little/core/build/classes/java/main/com/mkosl/PantallaMiImagen$1.class
2024-07-18T21:18:25.667-0300 [INFO] [org.gradle.internal.watch.registry.impl.NonHierarchicalFileWatcherUpdater] Watching 416 directories to track changes
2024-07-18T21:18:25.667-0300 [DEBUG] [org.gradle.internal.watch.vfs.impl.WatchingVirtualFileSystem] Handling VFS change REMOVED /home/adolfo/Proyectos_Android_Studio/mozaikos_little/core/build/classes/java/main/com/mkosl/PantallaMiImagen$4.class
2024-07-18T21:18:25.668-0300 [INFO] [org.gradle.internal.watch.registry.impl.NonHierarchicalFileWatcherUpdater] Watching 416 directories to track changes
2024-07-18T21:18:25.668-0300 [DEBUG] [org.gradle.internal.watch.vfs.impl.WatchingVirtualFileSystem] Handling VFS change REMOVED /home/adolfo/Proyectos_Android_Studio/mozaikos_little/core/build/classes/java/main/com/mkosl/CoreGame$4.class
2024-07-18T21:18:25.668-0300 [INFO] [org.gradle.internal.watch.registry.impl.NonHierarchicalFileWatcherUpdater] Watching 416 directories to track changes
2024-07-18T21:18:25.668-0300 [DEBUG] [org.gradle.internal.watch.vfs.impl.WatchingVirtualFileSystem] Handling VFS change REMOVED /home/adolfo/Proyectos_Android_Studio/mozaikos_little/core/build/classes/java/main/com/mkosl/PantallaMenu$10.class
2024-07-18T21:18:25.668-0300 [INFO] [org.gradle.internal.watch.registry.impl.NonHierarchicalFileWatcherUpdater] Watching 416 directories to track changes
2024-07-18T21:18:25.668-0300 [DEBUG] [org.gradle.internal.watch.vfs.impl.WatchingVirtualFileSystem] Handling VFS change REMOVED /home/adolfo/Proyectos_Android_Studio/mozaikos_little/core/build/classes/java/main/com/mkosl/PantallaMiImagen$3.class
2024-07-18T21:18:25.668-0300 [INFO] [org.gradle.internal.watch.registry.impl.NonHierarchicalFileWatcherUpdater] Watching 416 directories to track changes
2024-07-18T21:18:25.668-0300 [DEBUG] [org.gradle.internal.watch.vfs.impl.WatchingVirtualFileSystem] Handling VFS change REMOVED /home/adolfo/Proyectos_Android_Studio/mozaikos_little/core/build/classes/java/main/com/mkosl/PantallaJuego$4.class
2024-07-18T21:18:25.668-0300 [INFO] [org.gradle.internal.watch.registry.impl.NonHierarchicalFileWatcherUpdater] Watching 416 directories to track changes
2024-07-18T21:18:25.668-0300 [DEBUG] [org.gradle.internal.watch.vfs.impl.WatchingVirtualFileSystem] Handling VFS change REMOVED /home/adolfo/Proyectos_Android_Studio/mozaikos_little/core/build/classes/java/main/com/mkosl/PantallaFin$3.class
2024-07-18T21:18:25.668-0300 [INFO] [org.gradle.internal.watch.registry.impl.NonHierarchicalFileWatcherUpdater] Watching 416 directories to track changes
2024-07-18T21:18:25.668-0300 [DEBUG] [org.gradle.internal.watch.vfs.impl.WatchingVirtualFileSystem] Handling VFS change REMOVED /home/adolfo/Proyectos_Android_Studio/mozaikos_little/core/build/classes/java/main/com/mkosl/Controles2.class
2024-07-18T21:18:25.668-0300 [INFO] [org.gradle.internal.watch.registry.impl.NonHierarchicalFileWatcherUpdater] Watching 416 directories to track changes
2024-07-18T21:18:25.669-0300 [DEBUG] [org.gradle.internal.watch.vfs.impl.WatchingVirtualFileSystem] Handling VFS change REMOVED /home/adolfo/Proyectos_Android_Studio/mozaikos_little/core/build/classes/java/main/com/mkosl/Share.class
2024-07-18T21:18:25.669-0300 [INFO] [org.gradle.internal.watch.registry.impl.NonHierarchicalFileWatcherUpdater] Watching 416 directories to track changes
2024-07-18T21:18:25.669-0300 [DEBUG] [org.gradle.internal.watch.vfs.impl.WatchingVirtualFileSystem] Handling VFS change REMOVED /home/adolfo/Proyectos_Android_Studio/mozaikos_little/core/build/classes/java/main/com/mkosl/PantallaMenu$7.class
2024-07-18T21:18:25.669-0300 [INFO] [org.gradle.internal.watch.registry.impl.NonHierarchicalFileWatcherUpdater] Watching 416 directories to track changes
2024-07-18T21:18:25.669-0300 [DEBUG] [org.gradle.internal.watch.vfs.impl.WatchingVirtualFileSystem] Handling VFS change REMOVED /home/adolfo/Proyectos_Android_Studio/mozaikos_little/core/build/classes/java/main/com/mkosl/PantallaMiJuego$2.class
2024-07-18T21:18:25.669-0300 [INFO] [org.gradle.internal.watch.registry.impl.NonHierarchicalFileWatcherUpdater] Watching 416 directories to track changes
2024-07-18T21:18:25.669-0300 [DEBUG] [org.gradle.internal.watch.vfs.impl.WatchingVirtualFileSystem] Handling VFS change REMOVED /home/adolfo/Proyectos_Android_Studio/mozaikos_little/core/build/classes/java/main/com/mkosl/Controles.class
2024-07-18T21:18:25.669-0300 [INFO] [org.gradle.internal.watch.registry.impl.NonHierarchicalFileWatcherUpdater] Watching 416 directories to track changes
2024-07-18T21:18:25.669-0300 [DEBUG] [org.gradle.internal.watch.vfs.impl.WatchingVirtualFileSystem] Handling VFS change REMOVED /home/adolfo/Proyectos_Android_Studio/mozaikos_little/core/build/classes/java/main/com/mkosl/PantallaMenu$5.class
2024-07-18T21:18:25.669-0300 [INFO] [org.gradle.internal.watch.registry.impl.NonHierarchicalFileWatcherUpdater] Watching 416 directories to track changes
2024-07-18T21:18:25.669-0300 [DEBUG] [org.gradle.internal.watch.vfs.impl.WatchingVirtualFileSystem] Handling VFS change REMOVED /home/adolfo/Proyectos_Android_Studio/mozaikos_little/core/build/classes/java/main/com/mkosl/PantallaAyuda2.class
2024-07-18T21:18:25.671-0300 [INFO] [org.gradle.internal.watch.registry.impl.NonHierarchicalFileWatcherUpdater] Watching 416 directories to track changes
2024-07-18T21:18:25.671-0300 [DEBUG] [org.gradle.internal.watch.vfs.impl.WatchingVirtualFileSystem] Handling VFS change REMOVED /home/adolfo/Proyectos_Android_Studio/mozaikos_little/core/build/classes/java/main/com/mkosl/CoreGame$3.class
2024-07-18T21:18:25.671-0300 [INFO] [org.gradle.internal.watch.registry.impl.NonHierarchicalFileWatcherUpdater] Watching 416 directories to track changes
2024-07-18T21:18:25.671-0300 [DEBUG] [org.gradle.internal.watch.vfs.impl.WatchingVirtualFileSystem] Handling VFS change REMOVED /home/adolfo/Proyectos_Android_Studio/mozaikos_little/core/build/classes/java/main/com/mkosl/CoreGame$1.class
2024-07-18T21:18:25.671-0300 [INFO] [org.gradle.internal.watch.registry.impl.NonHierarchicalFileWatcherUpdater] Watching 415 directories to track changes
2024-07-18T21:18:25.671-0300 [INFO] [net.rubygrapefruit.platform.internal.jni.NativeLogger] Path is not watched: /home/adolfo/Proyectos_Android_Studio/mozaikos_little/core/build/classes/java/main/com/mkosl
2024-07-18T21:18:25.671-0300 [DEBUG] [org.gradle.internal.watch.registry.impl.NonHierarchicalFileWatcherUpdater] Couldn't stop watching directories: [/home/adolfo/Proyectos_Android_Studio/mozaikos_little/core/build/classes/java/main/com/mkosl]
2024-07-18T21:18:25.671-0300 [DEBUG] [org.gradle.internal.watch.vfs.impl.WatchingVirtualFileSystem] Handling VFS change REMOVED /home/adolfo/Proyectos_Android_Studio/mozaikos_little/core/build/classes/java/main/com/mkosl
2024-07-18T21:18:25.671-0300 [DEBUG] [org.gradle.internal.watch.vfs.impl.WatchingVirtualFileSystem] Handling VFS change REMOVED /home/adolfo/Proyectos_Android_Studio/mozaikos_little/core/build/classes/java/main/com
2024-07-18T21:18:25.671-0300 [DEBUG] [org.gradle.internal.watch.vfs.impl.WatchingVirtualFileSystem] Handling VFS change REMOVED /home/adolfo/Proyectos_Android_Studio/mozaikos_little/core/build/classes/java/main
2024-07-18T21:18:25.672-0300 [DEBUG] [org.gradle.internal.watch.vfs.impl.WatchingVirtualFileSystem] Handling VFS change REMOVED /home/adolfo/Proyectos_Android_Studio/mozaikos_little/core/build/tmp/compileJava/previous-compilation-data.bin
2024-07-18T21:18:25.672-0300 [INFO] [org.gradle.internal.watch.registry.impl.NonHierarchicalFileWatcherUpdater] Watching 414 directories to track changes
2024-07-18T21:18:28.082-0300 [DEBUG] [org.gradle.internal.watch.vfs.impl.WatchingVirtualFileSystem] Handling VFS change REMOVED /home/adolfo/Proyectos_Android_Studio/mozaikos_little/core/build/libs/core-1.0.jar
2024-07-18T21:18:28.082-0300 [INFO] [org.gradle.internal.watch.registry.impl.NonHierarchicalFileWatcherUpdater] Watching 413 directories to track changes
2024-07-18T21:18:28.140-0300 [DEBUG] [org.gradle.internal.watch.vfs.impl.WatchingVirtualFileSystem] Handling VFS change REMOVED /home/adolfo/Proyectos_Android_Studio/mozaikos_little/android/build/intermediates/renderscript_lib/debug/lib
2024-07-18T21:18:28.140-0300 [INFO] [org.gradle.internal.watch.registry.impl.NonHierarchicalFileWatcherUpdater] Watching 412 directories to track changes
2024-07-18T21:18:28.141-0300 [INFO] [net.rubygrapefruit.platform.internal.jni.NativeLogger] Path is not watched: /home/adolfo/Proyectos_Android_Studio/mozaikos_little/android/build/intermediates/renderscript_lib/debug/lib
2024-07-18T21:18:28.141-0300 [DEBUG] [org.gradle.internal.watch.registry.impl.NonHierarchicalFileWatcherUpdater] Couldn't stop watching directories: [/home/adolfo/Proyectos_Android_Studio/mozaikos_little/android/build/intermediates/renderscript_lib/debug/lib]
2024-07-18T21:18:28.141-0300 [DEBUG] [org.gradle.internal.watch.vfs.impl.WatchingVirtualFileSystem] Handling VFS change REMOVED /home/adolfo/Proyectos_Android_Studio/mozaikos_little/android/build/intermediates/rs/debug/obj
2024-07-18T21:18:28.141-0300 [INFO] [org.gradle.internal.watch.registry.impl.NonHierarchicalFileWatcherUpdater] Watching 411 directories to track changes
2024-07-18T21:18:28.142-0300 [INFO] [net.rubygrapefruit.platform.internal.jni.NativeLogger] Path is not watched: /home/adolfo/Proyectos_Android_Studio/mozaikos_little/android/build/intermediates/rs/debug/obj
2024-07-18T21:18:28.142-0300 [DEBUG] [org.gradle.internal.watch.registry.impl.NonHierarchicalFileWatcherUpdater] Couldn't stop watching directories: [/home/adolfo/Proyectos_Android_Studio/mozaikos_little/android/build/intermediates/rs/debug/obj]
2024-07-18T21:18:28.142-0300 [DEBUG] [org.gradle.internal.watch.vfs.impl.WatchingVirtualFileSystem] Handling VFS change REMOVED /home/adolfo/Proyectos_Android_Studio/mozaikos_little/android/build/generated/res/rs/debug
2024-07-18T21:18:28.142-0300 [INFO] [org.gradle.internal.watch.registry.impl.NonHierarchicalFileWatcherUpdater] Watching 410 directories to track changes
2024-07-18T21:18:28.142-0300 [INFO] [net.rubygrapefruit.platform.internal.jni.NativeLogger] Path is not watched: /home/adolfo/Proyectos_Android_Studio/mozaikos_little/android/build/generated/res/rs/debug
2024-07-18T21:18:28.142-0300 [DEBUG] [org.gradle.internal.watch.registry.impl.NonHierarchicalFileWatcherUpdater] Couldn't stop watching directories: [/home/adolfo/Proyectos_Android_Studio/mozaikos_little/android/build/generated/res/rs/debug]
2024-07-18T21:18:28.143-0300 [DEBUG] [org.gradle.internal.watch.vfs.impl.WatchingVirtualFileSystem] Handling VFS change REMOVED /home/adolfo/Proyectos_Android_Studio/mozaikos_little/android/build/generated/renderscript_source_output_dir/debug/out
2024-07-18T21:18:28.143-0300 [INFO] [org.gradle.internal.watch.registry.impl.NonHierarchicalFileWatcherUpdater] Watching 409 directories to track changes
2024-07-18T21:18:28.143-0300 [INFO] [net.rubygrapefruit.platform.internal.jni.NativeLogger] Path is not watched: /home/adolfo/Proyectos_Android_Studio/mozaikos_little/android/build/generated/renderscript_source_output_dir/debug/out
2024-07-18T21:18:28.144-0300 [DEBUG] [org.gradle.internal.watch.registry.impl.NonHierarchicalFileWatcherUpdater] Couldn't stop watching directories: [/home/adolfo/Proyectos_Android_Studio/mozaikos_little/android/build/generated/renderscript_source_output_dir/debug/out]
2024-07-18T21:18:28.234-0300 [DEBUG] [org.gradle.internal.watch.vfs.impl.WatchingVirtualFileSystem] Handling VFS change REMOVED /home/adolfo/Proyectos_Android_Studio/mozaikos_little/android/build/generated/source/buildConfig/debug/com/mkosl/BuildConfig.java
2024-07-18T21:18:28.235-0300 [INFO] [org.gradle.internal.watch.registry.impl.NonHierarchicalFileWatcherUpdater] Watching 406 directories to track changes
2024-07-18T21:18:28.235-0300 [INFO] [net.rubygrapefruit.platform.internal.jni.NativeLogger] Path is not watched: /home/adolfo/Proyectos_Android_Studio/mozaikos_little/android/build/generated/source/buildConfig/debug/com/mkosl
2024-07-18T21:18:28.235-0300 [INFO] [net.rubygrapefruit.platform.internal.jni.NativeLogger] Path is not watched: /home/adolfo/Proyectos_Android_Studio/mozaikos_little/android/build/generated/source/buildConfig/debug
2024-07-18T21:18:28.235-0300 [INFO] [net.rubygrapefruit.platform.internal.jni.NativeLogger] Path is not watched: /home/adolfo/Proyectos_Android_Studio/mozaikos_little/android/build/generated/source/buildConfig/debug/com
2024-07-18T21:18:28.235-0300 [DEBUG] [org.gradle.internal.watch.registry.impl.NonHierarchicalFileWatcherUpdater] Couldn't stop watching directories: [/home/adolfo/Proyectos_Android_Studio/mozaikos_little/android/build/generated/source/buildConfig/debug/com/mkosl, /home/adolfo/Proyectos_Android_Studio/mozaikos_little/android/build/generated/source/buildConfig/debug, /home/adolfo/Proyectos_Android_Studio/mozaikos_little/android/build/generated/source/buildConfig/debug/com]
2024-07-18T21:18:28.235-0300 [DEBUG] [org.gradle.internal.watch.vfs.impl.WatchingVirtualFileSystem] Handling VFS change REMOVED /home/adolfo/Proyectos_Android_Studio/mozaikos_little/android/build/generated/source/buildConfig/debug/com/mkosl
2024-07-18T21:18:28.235-0300 [DEBUG] [org.gradle.internal.watch.vfs.impl.WatchingVirtualFileSystem] Handling VFS change REMOVED /home/adolfo/Proyectos_Android_Studio/mozaikos_little/android/build/generated/source/buildConfig/debug/com
2024-07-18T21:18:28.236-0300 [DEBUG] [org.gradle.internal.watch.vfs.impl.WatchingVirtualFileSystem] Handling VFS change REMOVED /home/adolfo/Proyectos_Android_Studio/mozaikos_little/android/build/generated/source/buildConfig/debug
2024-07-18T21:18:28.252-0300 [DEBUG] [org.gradle.internal.watch.vfs.impl.WatchingVirtualFileSystem] Handling VFS change REMOVED /home/adolfo/Proyectos_Android_Studio/mozaikos_little/android/build/intermediates/annotation_processor_list/debug/annotationProcessors.json
2024-07-18T21:18:28.253-0300 [INFO] [org.gradle.internal.watch.registry.impl.NonHierarchicalFileWatcherUpdater] Watching 405 directories to track changes
2024-07-18T21:18:28.273-0300 [DEBUG] [org.gradle.internal.watch.vfs.impl.WatchingVirtualFileSystem] Handling VFS change REMOVED /home/adolfo/Proyectos_Android_Studio/mozaikos_little/android/build/intermediates/aar_metadata_check/debug
2024-07-18T21:18:28.274-0300 [INFO] [org.gradle.internal.watch.registry.impl.NonHierarchicalFileWatcherUpdater] Watching 404 directories to track changes
2024-07-18T21:18:28.274-0300 [INFO] [net.rubygrapefruit.platform.internal.jni.NativeLogger] Path is not watched: /home/adolfo/Proyectos_Android_Studio/mozaikos_little/android/build/intermediates/aar_metadata_check/debug
2024-07-18T21:18:28.274-0300 [DEBUG] [org.gradle.internal.watch.registry.impl.NonHierarchicalFileWatcherUpdater] Couldn't stop watching directories: [/home/adolfo/Proyectos_Android_Studio/mozaikos_little/android/build/intermediates/aar_metadata_check/debug]
2024-07-18T21:18:28.334-0300 [DEBUG] [org.gradle.internal.watch.vfs.impl.WatchingVirtualFileSystem] Handling VFS change REMOVED /home/adolfo/Proyectos_Android_Studio/mozaikos_little/android/build/generated/res/resValues/debug
2024-07-18T21:18:28.334-0300 [INFO] [org.gradle.internal.watch.registry.impl.NonHierarchicalFileWatcherUpdater] Watching 403 directories to track changes
2024-07-18T21:18:28.335-0300 [INFO] [net.rubygrapefruit.platform.internal.jni.NativeLogger] Path is not watched: /home/adolfo/Proyectos_Android_Studio/mozaikos_little/android/build/generated/res/resValues/debug
2024-07-18T21:18:28.335-0300 [DEBUG] [org.gradle.internal.watch.registry.impl.NonHierarchicalFileWatcherUpdater] Couldn't stop watching directories: [/home/adolfo/Proyectos_Android_Studio/mozaikos_little/android/build/generated/res/resValues/debug]
2024-07-18T21:18:28.587-0300 [DEBUG] [org.gradle.internal.watch.vfs.impl.WatchingVirtualFileSystem] Handling VFS change REMOVED /home/adolfo/Proyectos_Android_Studio/mozaikos_little/android/build/intermediates/merged_res_blame_folder/debug/out/single/debug.json
2024-07-18T21:18:28.588-0300 [INFO] [org.gradle.internal.watch.registry.impl.NonHierarchicalFileWatcherUpdater] Watching 401 directories to track changes
2024-07-18T21:18:28.588-0300 [INFO] [net.rubygrapefruit.platform.internal.jni.NativeLogger] Path is not watched: /home/adolfo/Proyectos_Android_Studio/mozaikos_little/android/build/intermediates/merged_res_blame_folder/debug/out/single
2024-07-18T21:18:28.588-0300 [DEBUG] [org.gradle.internal.watch.registry.impl.NonHierarchicalFileWatcherUpdater] Couldn't stop watching directories: [/home/adolfo/Proyectos_Android_Studio/mozaikos_little/android/build/intermediates/merged_res_blame_folder/debug/out, /home/adolfo/Proyectos_Android_Studio/mozaikos_little/android/build/intermediates/merged_res_blame_folder/debug/out/single]
2024-07-18T21:18:28.589-0300 [DEBUG] [org.gradle.internal.watch.vfs.impl.WatchingVirtualFileSystem] Handling VFS change REMOVED /home/adolfo/Proyectos_Android_Studio/mozaikos_little/android/build/intermediates/merged_res_blame_folder/debug/out/single
2024-07-18T21:18:28.589-0300 [DEBUG] [org.gradle.internal.watch.vfs.impl.WatchingVirtualFileSystem] Handling VFS change REMOVED /home/adolfo/Proyectos_Android_Studio/mozaikos_little/android/build/intermediates/merged_res_blame_folder/debug/out/multi-v2/values-fr-rCA.json
2024-07-18T21:18:28.593-0300 [INFO] [org.gradle.internal.watch.registry.impl.NonHierarchicalFileWatcherUpdater] Watching 401 directories to track changes
2024-07-18T21:18:28.594-0300 [DEBUG] [org.gradle.internal.watch.vfs.impl.WatchingVirtualFileSystem] Handling VFS change REMOVED /home/adolfo/Proyectos_Android_Studio/mozaikos_little/android/build/intermediates/merged_res_blame_folder/debug/out/multi-v2/values-et.json
2024-07-18T21:18:28.594-0300 [INFO] [org.gradle.internal.watch.registry.impl.NonHierarchicalFileWatcherUpdater] Watching 401 directories to track changes
2024-07-18T21:18:28.595-0300 [DEBUG] [org.gradle.internal.watch.vfs.impl.WatchingVirtualFileSystem] Handling VFS change REMOVED /home/adolfo/Proyectos_Android_Studio/mozaikos_little/android/build/intermediates/merged_res_blame_folder/debug/out/multi-v2/values-ko.json
2024-07-18T21:18:28.595-0300 [INFO] [org.gradle.internal.watch.registry.impl.NonHierarchicalFileWatcherUpdater] Watching 401 directories to track changes
2024-07-18T21:18:28.595-0300 [DEBUG] [org.gradle.internal.watch.vfs.impl.WatchingVirtualFileSystem] Handling VFS change REMOVED /home/adolfo/Proyectos_Android_Studio/mozaikos_little/android/build/intermediates/merged_res_blame_folder/debug/out/multi-v2/values-zu.json
2024-07-18T21:18:28.596-0300 [INFO] [org.gradle.internal.watch.registry.impl.NonHierarchicalFileWatcherUpdater] Watching 401 directories to track changes
2024-07-18T21:18:28.596-0300 [DEBUG] [org.gradle.internal.watch.vfs.impl.WatchingVirtualFileSystem] Handling VFS change REMOVED /home/adolfo/Proyectos_Android_Studio/mozaikos_little/android/build/intermediates/merged_res_blame_folder/debug/out/multi-v2/values-pl.json
2024-07-18T21:18:28.596-0300 [INFO] [org.gradle.internal.watch.registry.impl.NonHierarchicalFileWatcherUpdater] Watching 401 directories to track changes
2024-07-18T21:18:28.596-0300 [DEBUG] [org.gradle.internal.watch.vfs.impl.WatchingVirtualFileSystem] Handling VFS change REMOVED /home/adolfo/Proyectos_Android_Studio/mozaikos_little/android/build/intermediates/merged_res_blame_folder/debug/out/multi-v2/values-hy.json
2024-07-18T21:18:28.596-0300 [INFO] [org.gradle.internal.watch.registry.impl.NonHierarchicalFileWatcherUpdater] Watching 401 directories to track changes
2024-07-18T21:18:28.596-0300 [DEBUG] [org.gradle.internal.watch.vfs.impl.WatchingVirtualFileSystem] Handling VFS change REMOVED /home/adolfo/Proyectos_Android_Studio/mozaikos_little/android/build/intermediates/merged_res_blame_folder/debug/out/multi-v2/values-tr.json
2024-07-18T21:18:28.596-0300 [INFO] [org.gradle.internal.watch.registry.impl.NonHierarchicalFileWatcherUpdater] Watching 401 directories to track changes
2024-07-18T21:18:28.596-0300 [DEBUG] [org.gradle.internal.watch.vfs.impl.WatchingVirtualFileSystem] Handling VFS change REMOVED /home/adolfo/Proyectos_Android_Studio/mozaikos_little/android/build/intermediates/merged_res_blame_folder/debug/out/multi-v2/values-lt.json
2024-07-18T21:18:28.596-0300 [INFO] [org.gradle.internal.watch.registry.impl.NonHierarchicalFileWatcherUpdater] Watching 401 directories to track changes
2024-07-18T21:18:28.596-0300 [DEBUG] [org.gradle.internal.watch.vfs.impl.WatchingVirtualFileSystem] Handling VFS change REMOVED /home/adolfo/Proyectos_Android_Studio/mozaikos_little/android/build/intermediates/merged_res_blame_folder/debug/out/multi-v2/values-ta.json
2024-07-18T21:18:28.597-0300 [INFO] [org.gradle.internal.watch.registry.impl.NonHierarchicalFileWatcherUpdater] Watching 401 directories to track changes
2024-07-18T21:18:28.597-0300 [DEBUG] [org.gradle.internal.watch.vfs.impl.WatchingVirtualFileSystem] Handling VFS change REMOVED /home/adolfo/Proyectos_Android_Studio/mozaikos_little/android/build/intermediates/merged_res_blame_folder/debug/out/multi-v2/values-in.json
2024-07-18T21:18:28.597-0300 [INFO] [org.gradle.internal.watch.registry.impl.NonHierarchicalFileWatcherUpdater] Watching 401 directories to track changes
2024-07-18T21:18:28.597-0300 [DEBUG] [org.gradle.internal.watch.vfs.impl.WatchingVirtualFileSystem] Handling VFS change REMOVED /home/adolfo/Proyectos_Android_Studio/mozaikos_little/android/build/intermediates/merged_res_blame_folder/debug/out/multi-v2/values-es-rUS.json
2024-07-18T21:18:28.597-0300 [INFO] [org.gradle.internal.watch.registry.impl.NonHierarchicalFileWatcherUpdater] Watching 401 directories to track changes
2024-07-18T21:18:28.597-0300 [DEBUG] [org.gradle.internal.watch.vfs.impl.WatchingVirtualFileSystem] Handling VFS change REMOVED /home/adolfo/Proyectos_Android_Studio/mozaikos_little/android/build/intermediates/merged_res_blame_folder/debug/out/multi-v2/values-en-rXC.json
2024-07-18T21:18:28.597-0300 [INFO] [org.gradle.internal.watch.registry.impl.NonHierarchicalFileWatcherUpdater] Watching 401 directories to track changes
2024-07-18T21:18:28.597-0300 [DEBUG] [org.gradle.internal.watch.vfs.impl.WatchingVirtualFileSystem] Handling VFS change REMOVED /home/adolfo/Proyectos_Android_Studio/mozaikos_little/android/build/intermediates/merged_res_blame_folder/debug/out/multi-v2/values-mk.json
2024-07-18T21:18:28.597-0300 [INFO] [org.gradle.internal.watch.registry.impl.NonHierarchicalFileWatcherUpdater] Watching 401 directories to track changes
2024-07-18T21:18:28.597-0300 [DEBUG] [org.gradle.internal.watch.vfs.impl.WatchingVirtualFileSystem] Handling VFS change REMOVED /home/adolfo/Proyectos_Android_Studio/mozaikos_little/android/build/intermediates/merged_res_blame_folder/debug/out/multi-v2/values-iw.json
2024-07-18T21:18:28.597-0300 [INFO] [org.gradle.internal.watch.registry.impl.NonHierarchicalFileWatcherUpdater] Watching 401 directories to track changes
2024-07-18T21:18:28.597-0300 [DEBUG] [org.gradle.internal.watch.vfs.impl.WatchingVirtualFileSystem] Handling VFS change REMOVED /home/adolfo/Proyectos_Android_Studio/mozaikos_little/android/build/intermediates/merged_res_blame_folder/debug/out/multi-v2/values-bg.json
2024-07-18T21:18:28.597-0300 [INFO] [org.gradle.internal.watch.registry.impl.NonHierarchicalFileWatcherUpdater] Watching 401 directories to track changes
2024-07-18T21:18:28.597-0300 [DEBUG] [org.gradle.internal.watch.vfs.impl.WatchingVirtualFileSystem] Handling VFS change REMOVED /home/adolfo/Proyectos_Android_Studio/mozaikos_little/android/build/intermediates/merged_res_blame_folder/debug/out/multi-v2/values-kk.json
2024-07-18T21:18:28.597-0300 [INFO] [org.gradle.internal.watch.registry.impl.NonHierarchicalFileWatcherUpdater] Watching 401 directories to track changes
2024-07-18T21:18:28.597-0300 [DEBUG] [org.gradle.internal.watch.vfs.impl.WatchingVirtualFileSystem] Handling VFS change REMOVED /home/adolfo/Proyectos_Android_Studio/mozaikos_little/android/build/intermediates/merged_res_blame_folder/debug/out/multi-v2/values-ms.json
2024-07-18T21:18:28.597-0300 [INFO] [org.gradle.internal.watch.registry.impl.NonHierarchicalFileWatcherUpdater] Watching 401 directories to track changes
2024-07-18T21:18:28.597-0300 [DEBUG] [org.gradle.internal.watch.vfs.impl.WatchingVirtualFileSystem] Handling VFS change REMOVED /home/adolfo/Proyectos_Android_Studio/mozaikos_little/android/build/intermediates/merged_res_blame_folder/debug/out/multi-v2/values-kn.json
2024-07-18T21:18:28.598-0300 [INFO] [org.gradle.internal.watch.registry.impl.NonHierarchicalFileWatcherUpdater] Watching 401 directories to track changes
2024-07-18T21:18:28.598-0300 [DEBUG] [org.gradle.internal.watch.vfs.impl.WatchingVirtualFileSystem] Handling VFS change REMOVED /home/adolfo/Proyectos_Android_Studio/mozaikos_little/android/build/intermediates/merged_res_blame_folder/debug/out/multi-v2/values-ar.json
2024-07-18T21:18:28.598-0300 [INFO] [org.gradle.internal.watch.registry.impl.NonHierarchicalFileWatcherUpdater] Watching 401 directories to track changes
2024-07-18T21:18:28.598-0300 [DEBUG] [org.gradle.internal.watch.vfs.impl.WatchingVirtualFileSystem] Handling VFS change REMOVED /home/adolfo/Proyectos_Android_Studio/mozaikos_little/android/build/intermediates/merged_res_blame_folder/debug/out/multi-v2/values-ru.json
2024-07-18T21:18:28.598-0300 [INFO] [org.gradle.internal.watch.registry.impl.NonHierarchicalFileWatcherUpdater] Watching 401 directories to track changes
2024-07-18T21:18:28.598-0300 [DEBUG] [org.gradle.internal.watch.vfs.impl.WatchingVirtualFileSystem] Handling VFS change REMOVED /home/adolfo/Proyectos_Android_Studio/mozaikos_little/android/build/intermediates/merged_res_blame_folder/debug/out/multi-v2/values-fi.json
2024-07-18T21:18:28.598-0300 [INFO] [org.gradle.internal.watch.registry.impl.NonHierarchicalFileWatcherUpdater] Watching 401 directories to track changes
2024-07-18T21:18:28.598-0300 [DEBUG] [org.gradle.internal.watch.vfs.impl.WatchingVirtualFileSystem] Handling VFS change REMOVED /home/adolfo/Proyectos_Android_Studio/mozaikos_little/android/build/intermediates/merged_res_blame_folder/debug/out/multi-v2/values-hi.json
2024-07-18T21:18:28.598-0300 [INFO] [org.gradle.internal.watch.registry.impl.NonHierarchicalFileWatcherUpdater] Watching 401 directories to track changes
2024-07-18T21:18:28.598-0300 [DEBUG] [org.gradle.internal.watch.vfs.impl.WatchingVirtualFileSystem] Handling VFS change REMOVED /home/adolfo/Proyectos_Android_Studio/mozaikos_little/android/build/intermediates/merged_res_blame_folder/debug/out/multi-v2/values-zh-rHK.json
2024-07-18T21:18:28.598-0300 [INFO] [org.gradle.internal.watch.registry.impl.NonHierarchicalFileWatcherUpdater] Watching 401 directories to track changes
2024-07-18T21:18:28.599-0300 [DEBUG] [org.gradle.internal.watch.vfs.impl.WatchingVirtualFileSystem] Handling VFS change REMOVED /home/adolfo/Proyectos_Android_Studio/mozaikos_little/android/build/intermediates/merged_res_blame_folder/debug/out/multi-v2/values-en-rAU.json
2024-07-18T21:18:28.599-0300 [INFO] [org.gradle.internal.watch.registry.impl.NonHierarchicalFileWatcherUpdater] Watching 401 directories to track changes
2024-07-18T21:18:28.599-0300 [DEBUG] [org.gradle.internal.watch.vfs.impl.WatchingVirtualFileSystem] Handling VFS change REMOVED /home/adolfo/Proyectos_Android_Studio/mozaikos_little/android/build/intermediates/merged_res_blame_folder/debug/out/multi-v2/values-pt.json
2024-07-18T21:18:28.599-0300 [INFO] [org.gradle.internal.watch.registry.impl.NonHierarchicalFileWatcherUpdater] Watching 401 directories to track changes
2024-07-18T21:18:28.599-0300 [DEBUG] [org.gradle.internal.watch.vfs.impl.WatchingVirtualFileSystem] Handling VFS change REMOVED /home/adolfo/Proyectos_Android_Studio/mozaikos_little/android/build/intermediates/merged_res_blame_folder/debug/out/multi-v2/values-zh-rTW.json
2024-07-18T21:18:28.599-0300 [INFO] [org.gradle.internal.watch.registry.impl.NonHierarchicalFileWatcherUpdater] Watching 401 directories to track changes
2024-07-18T21:18:28.599-0300 [DEBUG] [org.gradle.internal.watch.vfs.impl.WatchingVirtualFileSystem] Handling VFS change REMOVED /home/adolfo/Proyectos_Android_Studio/mozaikos_little/android/build/intermediates/merged_res_blame_folder/debug/out/multi-v2/values.json
2024-07-18T21:18:28.599-0300 [INFO] [org.gradle.internal.watch.registry.impl.NonHierarchicalFileWatcherUpdater] Watching 401 directories to track changes
2024-07-18T21:18:28.599-0300 [DEBUG] [org.gradle.internal.watch.vfs.impl.WatchingVirtualFileSystem] Handling VFS change REMOVED /home/adolfo/Proyectos_Android_Studio/mozaikos_little/android/build/intermediates/merged_res_blame_folder/debug/out/multi-v2/values-mn.json
2024-07-18T21:18:28.599-0300 [INFO] [org.gradle.internal.watch.registry.impl.NonHierarchicalFileWatcherUpdater] Watching 401 directories to track changes
2024-07-18T21:18:28.599-0300 [DEBUG] [org.gradle.internal.watch.vfs.impl.WatchingVirtualFileSystem] Handling VFS change REMOVED /home/adolfo/Proyectos_Android_Studio/mozaikos_little/android/build/intermediates/merged_res_blame_folder/debug/out/multi-v2/values-gl.json
2024-07-18T21:18:28.599-0300 [INFO] [org.gradle.internal.watch.registry.impl.NonHierarchicalFileWatcherUpdater] Watching 401 directories to track changes
2024-07-18T21:18:28.599-0300 [DEBUG] [org.gradle.internal.watch.vfs.impl.WatchingVirtualFileSystem] Handling VFS change REMOVED /home/adolfo/Proyectos_Android_Studio/mozaikos_little/android/build/intermediates/merged_res_blame_folder/debug/out/multi-v2/values-nb.json
2024-07-18T21:18:28.600-0300 [INFO] [org.gradle.internal.watch.registry.impl.NonHierarchicalFileWatcherUpdater] Watching 401 directories to track changes
2024-07-18T21:18:28.600-0300 [DEBUG] [org.gradle.internal.watch.vfs.impl.WatchingVirtualFileSystem] Handling VFS change REMOVED /home/adolfo/Proyectos_Android_Studio/mozaikos_little/android/build/intermediates/merged_res_blame_folder/debug/out/multi-v2/values-is.json
2024-07-18T21:18:28.600-0300 [INFO] [org.gradle.internal.watch.registry.impl.NonHierarchicalFileWatcherUpdater] Watching 401 directories to track changes
2024-07-18T21:18:28.600-0300 [DEBUG] [org.gradle.internal.watch.vfs.impl.WatchingVirtualFileSystem] Handling VFS change REMOVED /home/adolfo/Proyectos_Android_Studio/mozaikos_little/android/build/intermediates/merged_res_blame_folder/debug/out/multi-v2/values-mr.json
2024-07-18T21:18:28.600-0300 [INFO] [org.gradle.internal.watch.registry.impl.NonHierarchicalFileWatcherUpdater] Watching 401 directories to track changes
2024-07-18T21:18:28.600-0300 [DEBUG] [org.gradle.internal.watch.vfs.impl.WatchingVirtualFileSystem] Handling VFS change REMOVED /home/adolfo/Proyectos_Android_Studio/mozaikos_little/android/build/intermediates/merged_res_blame_folder/debug/out/multi-v2/values-lo.json
2024-07-18T21:18:28.600-0300 [INFO] [org.gradle.internal.watch.registry.impl.NonHierarchicalFileWatcherUpdater] Watching 401 directories to track changes
2024-07-18T21:18:28.600-0300 [DEBUG] [org.gradle.internal.watch.vfs.impl.WatchingVirtualFileSystem] Handling VFS change REMOVED /home/adolfo/Proyectos_Android_Studio/mozaikos_little/android/build/intermediates/merged_res_blame_folder/debug/out/multi-v2/values-sv.json
2024-07-18T21:18:28.600-0300 [INFO] [org.gradle.internal.watch.registry.impl.NonHierarchicalFileWatcherUpdater] Watching 401 directories to track changes
2024-07-18T21:18:28.600-0300 [DEBUG] [org.gradle.internal.watch.vfs.impl.WatchingVirtualFileSystem] Handling VFS change REMOVED /home/adolfo/Proyectos_Android_Studio/mozaikos_little/android/build/intermediates/merged_res_blame_folder/debug/out/multi-v2/values-eu.json
2024-07-18T21:18:28.600-0300 [INFO] [org.gradle.internal.watch.registry.impl.NonHierarchicalFileWatcherUpdater] Watching 401 directories to track changes
2024-07-18T21:18:28.600-0300 [DEBUG] [org.gradle.internal.watch.vfs.impl.WatchingVirtualFileSystem] Handling VFS change REMOVED /home/adolfo/Proyectos_Android_Studio/mozaikos_little/android/build/intermediates/merged_res_blame_folder/debug/out/multi-v2/values-ka.json
2024-07-18T21:18:28.600-0300 [INFO] [org.gradle.internal.watch.registry.impl.NonHierarchicalFileWatcherUpdater] Watching 401 directories to track changes
2024-07-18T21:18:28.600-0300 [DEBUG] [org.gradle.internal.watch.vfs.impl.WatchingVirtualFileSystem] Handling VFS change REMOVED /home/adolfo/Proyectos_Android_Studio/mozaikos_little/android/build/intermediates/merged_res_blame_folder/debug/out/multi-v2/values-hu.json
2024-07-18T21:18:28.601-0300 [INFO] [org.gradle.internal.watch.registry.impl.NonHierarchicalFileWatcherUpdater] Watching 401 directories to track changes
2024-07-18T21:18:28.601-0300 [DEBUG] [org.gradle.internal.watch.vfs.impl.WatchingVirtualFileSystem] Handling VFS change REMOVED /home/adolfo/Proyectos_Android_Studio/mozaikos_little/android/build/intermediates/merged_res_blame_folder/debug/out/multi-v2/values-am.json
2024-07-18T21:18:28.601-0300 [INFO] [org.gradle.internal.watch.registry.impl.NonHierarchicalFileWatcherUpdater] Watching 401 directories to track changes
2024-07-18T21:18:28.601-0300 [DEBUG] [org.gradle.internal.watch.vfs.impl.WatchingVirtualFileSystem] Handling VFS change REMOVED /home/adolfo/Proyectos_Android_Studio/mozaikos_little/android/build/intermediates/merged_res_blame_folder/debug/out/multi-v2/values-ja.json
2024-07-18T21:18:28.601-0300 [INFO] [org.gradle.internal.watch.registry.impl.NonHierarchicalFileWatcherUpdater] Watching 401 directories to track changes
2024-07-18T21:18:28.601-0300 [DEBUG] [org.gradle.internal.watch.vfs.impl.WatchingVirtualFileSystem] Handling VFS change REMOVED /home/adolfo/Proyectos_Android_Studio/mozaikos_little/android/build/intermediates/merged_res_blame_folder/debug/out/multi-v2/values-th.json
2024-07-18T21:18:28.601-0300 [INFO] [org.gradle.internal.watch.registry.impl.NonHierarchicalFileWatcherUpdater] Watching 401 directories to track changes
2024-07-18T21:18:28.601-0300 [DEBUG] [org.gradle.internal.watch.vfs.impl.WatchingVirtualFileSystem] Handling VFS change REMOVED /home/adolfo/Proyectos_Android_Studio/mozaikos_little/android/build/intermediates/merged_res_blame_folder/debug/out/multi-v2/values-v21.json
2024-07-18T21:18:28.601-0300 [INFO] [org.gradle.internal.watch.registry.impl.NonHierarchicalFileWatcherUpdater] Watching 401 directories to track changes
2024-07-18T21:18:28.601-0300 [DEBUG] [org.gradle.internal.watch.vfs.impl.WatchingVirtualFileSystem] Handling VFS change REMOVED /home/adolfo/Proyectos_Android_Studio/mozaikos_little/android/build/intermediates/merged_res_blame_folder/debug/out/multi-v2/values-v16.json
2024-07-18T21:18:28.601-0300 [INFO] [org.gradle.internal.watch.registry.impl.NonHierarchicalFileWatcherUpdater] Watching 401 directories to track changes
2024-07-18T21:18:28.601-0300 [DEBUG] [org.gradle.internal.watch.vfs.impl.WatchingVirtualFileSystem] Handling VFS change REMOVED /home/adolfo/Proyectos_Android_Studio/mozaikos_little/android/build/intermediates/merged_res_blame_folder/debug/out/multi-v2/values-si.json
2024-07-18T21:18:28.601-0300 [INFO] [org.gradle.internal.watch.registry.impl.NonHierarchicalFileWatcherUpdater] Watching 401 directories to track changes
2024-07-18T21:18:28.601-0300 [DEBUG] [org.gradle.internal.watch.vfs.impl.WatchingVirtualFileSystem] Handling VFS change REMOVED /home/adolfo/Proyectos_Android_Studio/mozaikos_little/android/build/intermediates/merged_res_blame_folder/debug/out/multi-v2/values-zh-rCN.json
2024-07-18T21:18:28.601-0300 [INFO] [org.gradle.internal.watch.registry.impl.NonHierarchicalFileWatcherUpdater] Watching 401 directories to track changes
2024-07-18T21:18:28.601-0300 [DEBUG] [org.gradle.internal.watch.vfs.impl.WatchingVirtualFileSystem] Handling VFS change REMOVED /home/adolfo/Proyectos_Android_Studio/mozaikos_little/android/build/intermediates/merged_res_blame_folder/debug/out/multi-v2/values-tl.json
2024-07-18T21:18:28.602-0300 [INFO] [org.gradle.internal.watch.registry.impl.NonHierarchicalFileWatcherUpdater] Watching 401 directories to track changes
2024-07-18T21:18:28.602-0300 [DEBUG] [org.gradle.internal.watch.vfs.impl.WatchingVirtualFileSystem] Handling VFS change REMOVED /home/adolfo/Proyectos_Android_Studio/mozaikos_little/android/build/intermediates/merged_res_blame_folder/debug/out/multi-v2/values-km.json
2024-07-18T21:18:28.602-0300 [INFO] [org.gradle.internal.watch.registry.impl.NonHierarchicalFileWatcherUpdater] Watching 401 directories to track changes
2024-07-18T21:18:28.602-0300 [DEBUG] [org.gradle.internal.watch.vfs.impl.WatchingVirtualFileSystem] Handling VFS change REMOVED /home/adolfo/Proyectos_Android_Studio/mozaikos_little/android/build/intermediates/merged_res_blame_folder/debug/out/multi-v2/values-bn.json
2024-07-18T21:18:28.603-0300 [INFO] [org.gradle.internal.watch.registry.impl.NonHierarchicalFileWatcherUpdater] Watching 401 directories to track changes
2024-07-18T21:18:28.603-0300 [DEBUG] [org.gradle.internal.watch.vfs.impl.WatchingVirtualFileSystem] Handling VFS change REMOVED /home/adolfo/Proyectos_Android_Studio/mozaikos_little/android/build/intermediates/merged_res_blame_folder/debug/out/multi-v2/values-sl.json
2024-07-18T21:18:28.603-0300 [INFO] [org.gradle.internal.watch.registry.impl.NonHierarchicalFileWatcherUpdater] Watching 401 directories to track changes
2024-07-18T21:18:28.603-0300 [DEBUG] [org.gradle.internal.watch.vfs.impl.WatchingVirtualFileSystem] Handling VFS change REMOVED /home/adolfo/Proyectos_Android_Studio/mozaikos_little/android/build/intermediates/merged_res_blame_folder/debug/out/multi-v2/values-ur.json
2024-07-18T21:18:28.603-0300 [INFO] [org.gradle.internal.watch.registry.impl.NonHierarchicalFileWatcherUpdater] Watching 401 directories to track changes
2024-07-18T21:18:28.603-0300 [DEBUG] [org.gradle.internal.watch.vfs.impl.WatchingVirtualFileSystem] Handling VFS change REMOVED /home/adolfo/Proyectos_Android_Studio/mozaikos_little/android/build/intermediates/merged_res_blame_folder/debug/out/multi-v2/values-vi.json
2024-07-18T21:18:28.603-0300 [INFO] [org.gradle.internal.watch.registry.impl.NonHierarchicalFileWatcherUpdater] Watching 401 directories to track changes
2024-07-18T21:18:28.603-0300 [DEBUG] [org.gradle.internal.watch.vfs.impl.WatchingVirtualFileSystem] Handling VFS change REMOVED /home/adolfo/Proyectos_Android_Studio/mozaikos_little/android/build/intermediates/merged_res_blame_folder/debug/out/multi-v2/values-sr.json
2024-07-18T21:18:28.603-0300 [INFO] [org.gradle.internal.watch.registry.impl.NonHierarchicalFileWatcherUpdater] Watching 401 directories to track changes
2024-07-18T21:18:28.603-0300 [DEBUG] [org.gradle.internal.watch.vfs.impl.WatchingVirtualFileSystem] Handling VFS change REMOVED /home/adolfo/Proyectos_Android_Studio/mozaikos_little/android/build/intermediates/merged_res_blame_folder/debug/out/multi-v2/values-te.json
2024-07-18T21:18:28.603-0300 [INFO] [org.gradle.internal.watch.registry.impl.NonHierarchicalFileWatcherUpdater] Watching 401 directories to track changes
2024-07-18T21:18:28.603-0300 [DEBUG] [org.gradle.internal.watch.vfs.impl.WatchingVirtualFileSystem] Handling VFS change REMOVED /home/adolfo/Proyectos_Android_Studio/mozaikos_little/android/build/intermediates/merged_res_blame_folder/debug/out/multi-v2/values-az.json
2024-07-18T21:18:28.603-0300 [INFO] [org.gradle.internal.watch.registry.impl.NonHierarchicalFileWatcherUpdater] Watching 401 directories to track changes
2024-07-18T21:18:28.604-0300 [DEBUG] [org.gradle.internal.watch.vfs.impl.WatchingVirtualFileSystem] Handling VFS change REMOVED /home/adolfo/Proyectos_Android_Studio/mozaikos_little/android/build/intermediates/merged_res_blame_folder/debug/out/multi-v2/values-uz.json
2024-07-18T21:18:28.604-0300 [INFO] [org.gradle.internal.watch.registry.impl.NonHierarchicalFileWatcherUpdater] Watching 401 directories to track changes
2024-07-18T21:18:28.604-0300 [DEBUG] [org.gradle.internal.watch.vfs.impl.WatchingVirtualFileSystem] Handling VFS change REMOVED /home/adolfo/Proyectos_Android_Studio/mozaikos_little/android/build/intermediates/merged_res_blame_folder/debug/out/multi-v2/values-v23.json
2024-07-18T21:18:28.604-0300 [INFO] [org.gradle.internal.watch.registry.impl.NonHierarchicalFileWatcherUpdater] Watching 401 directories to track changes
2024-07-18T21:18:28.604-0300 [DEBUG] [org.gradle.internal.watch.vfs.impl.WatchingVirtualFileSystem] Handling VFS change REMOVED /home/adolfo/Proyectos_Android_Studio/mozaikos_little/android/build/intermediates/merged_res_blame_folder/debug/out/multi-v2/values-ky.json
2024-07-18T21:18:28.604-0300 [INFO] [org.gradle.internal.watch.registry.impl.NonHierarchicalFileWatcherUpdater] Watching 401 directories to track changes
2024-07-18T21:18:28.604-0300 [DEBUG] [org.gradle.internal.watch.vfs.impl.WatchingVirtualFileSystem] Handling VFS change REMOVED /home/adolfo/Proyectos_Android_Studio/mozaikos_little/android/build/intermediates/merged_res_blame_folder/debug/out/multi-v2/values-sk.json
2024-07-18T21:18:28.604-0300 [INFO] [org.gradle.internal.watch.registry.impl.NonHierarchicalFileWatcherUpdater] Watching 401 directories to track changes
2024-07-18T21:18:28.604-0300 [DEBUG] [org.gradle.internal.watch.vfs.impl.WatchingVirtualFileSystem] Handling VFS change REMOVED /home/adolfo/Proyectos_Android_Studio/mozaikos_little/android/build/intermediates/merged_res_blame_folder/debug/out/multi-v2/values-be.json
2024-07-18T21:18:28.604-0300 [INFO] [org.gradle.internal.watch.registry.impl.NonHierarchicalFileWatcherUpdater] Watching 401 directories to track changes
2024-07-18T21:18:28.604-0300 [DEBUG] [org.gradle.internal.watch.vfs.impl.WatchingVirtualFileSystem] Handling VFS change REMOVED /home/adolfo/Proyectos_Android_Studio/mozaikos_little/android/build/intermediates/merged_res_blame_folder/debug/out/multi-v2/values-gu.json
2024-07-18T21:18:28.604-0300 [INFO] [org.gradle.internal.watch.registry.impl.NonHierarchicalFileWatcherUpdater] Watching 401 directories to track changes
2024-07-18T21:18:28.605-0300 [DEBUG] [org.gradle.internal.watch.vfs.impl.WatchingVirtualFileSystem] Handling VFS change REMOVED /home/adolfo/Proyectos_Android_Studio/mozaikos_little/android/build/intermediates/merged_res_blame_folder/debug/out/multi-v2/values-b+sr+Latn.json
2024-07-18T21:18:28.605-0300 [INFO] [org.gradle.internal.watch.registry.impl.NonHierarchicalFileWatcherUpdater] Watching 401 directories to track changes
2024-07-18T21:18:28.605-0300 [DEBUG] [org.gradle.internal.watch.vfs.impl.WatchingVirtualFileSystem] Handling VFS change REMOVED /home/adolfo/Proyectos_Android_Studio/mozaikos_little/android/build/intermediates/merged_res_blame_folder/debug/out/multi-v2/values-hr.json
2024-07-18T21:18:28.605-0300 [INFO] [org.gradle.internal.watch.registry.impl.NonHierarchicalFileWatcherUpdater] Watching 401 directories to track changes
2024-07-18T21:18:28.605-0300 [DEBUG] [org.gradle.internal.watch.vfs.impl.WatchingVirtualFileSystem] Handling VFS change REMOVED /home/adolfo/Proyectos_Android_Studio/mozaikos_little/android/build/intermediates/merged_res_blame_folder/debug/out/multi-v2/values-en-rCA.json
2024-07-18T21:18:28.605-0300 [INFO] [org.gradle.internal.watch.registry.impl.NonHierarchicalFileWatcherUpdater] Watching 401 directories to track changes
2024-07-18T21:18:28.605-0300 [DEBUG] [org.gradle.internal.watch.vfs.impl.WatchingVirtualFileSystem] Handling VFS change REMOVED /home/adolfo/Proyectos_Android_Studio/mozaikos_little/android/build/intermediates/merged_res_blame_folder/debug/out/multi-v2/values-en-rGB.json
2024-07-18T21:18:28.605-0300 [INFO] [org.gradle.internal.watch.registry.impl.NonHierarchicalFileWatcherUpdater] Watching 401 directories to track changes
2024-07-18T21:18:28.605-0300 [DEBUG] [org.gradle.internal.watch.vfs.impl.WatchingVirtualFileSystem] Handling VFS change REMOVED /home/adolfo/Proyectos_Android_Studio/mozaikos_little/android/build/intermediates/merged_res_blame_folder/debug/out/multi-v2/values-nl.json
2024-07-18T21:18:28.605-0300 [INFO] [org.gradle.internal.watch.registry.impl.NonHierarchicalFileWatcherUpdater] Watching 401 directories to track changes
2024-07-18T21:18:28.605-0300 [DEBUG] [org.gradle.internal.watch.vfs.impl.WatchingVirtualFileSystem] Handling VFS change REMOVED /home/adolfo/Proyectos_Android_Studio/mozaikos_little/android/build/intermediates/merged_res_blame_folder/debug/out/multi-v2/values-de.json
2024-07-18T21:18:28.605-0300 [INFO] [org.gradle.internal.watch.registry.impl.NonHierarchicalFileWatcherUpdater] Watching 401 directories to track changes
2024-07-18T21:18:28.605-0300 [DEBUG] [org.gradle.internal.watch.vfs.impl.WatchingVirtualFileSystem] Handling VFS change REMOVED /home/adolfo/Proyectos_Android_Studio/mozaikos_little/android/build/intermediates/merged_res_blame_folder/debug/out/multi-v2/values-ca.json
2024-07-18T21:18:28.605-0300 [INFO] [org.gradle.internal.watch.registry.impl.NonHierarchicalFileWatcherUpdater] Watching 401 directories to track changes
2024-07-18T21:18:28.605-0300 [DEBUG] [org.gradle.internal.watch.vfs.impl.WatchingVirtualFileSystem] Handling VFS change REMOVED /home/adolfo/Proyectos_Android_Studio/mozaikos_little/android/build/intermediates/merged_res_blame_folder/debug/out/multi-v2/values-cs.json
2024-07-18T21:18:28.606-0300 [INFO] [org.gradle.internal.watch.registry.impl.NonHierarchicalFileWatcherUpdater] Watching 401 directories to track changes
2024-07-18T21:18:28.606-0300 [DEBUG] [org.gradle.internal.watch.vfs.impl.WatchingVirtualFileSystem] Handling VFS change REMOVED /home/adolfo/Proyectos_Android_Studio/mozaikos_little/android/build/intermediates/merged_res_blame_folder/debug/out/multi-v2/values-sw.json
2024-07-18T21:18:28.606-0300 [INFO] [org.gradle.internal.watch.registry.impl.NonHierarchicalFileWatcherUpdater] Watching 401 directories to track changes
2024-07-18T21:18:28.606-0300 [DEBUG] [org.gradle.internal.watch.vfs.impl.WatchingVirtualFileSystem] Handling VFS change REMOVED /home/adolfo/Proyectos_Android_Studio/mozaikos_little/android/build/intermediates/merged_res_blame_folder/debug/out/multi-v2/values-sq.json
2024-07-18T21:18:28.606-0300 [INFO] [org.gradle.internal.watch.registry.impl.NonHierarchicalFileWatcherUpdater] Watching 401 directories to track changes
2024-07-18T21:18:28.606-0300 [DEBUG] [org.gradle.internal.watch.vfs.impl.WatchingVirtualFileSystem] Handling VFS change REMOVED /home/adolfo/Proyectos_Android_Studio/mozaikos_little/android/build/intermediates/merged_res_blame_folder/debug/out/multi-v2/values-uk.json
2024-07-18T21:18:28.606-0300 [INFO] [org.gradle.internal.watch.registry.impl.NonHierarchicalFileWatcherUpdater] Watching 401 directories to track changes
2024-07-18T21:18:28.606-0300 [DEBUG] [org.gradle.internal.watch.vfs.impl.WatchingVirtualFileSystem] Handling VFS change REMOVED /home/adolfo/Proyectos_Android_Studio/mozaikos_little/android/build/intermediates/merged_res_blame_folder/debug/out/multi-v2/values-pa.json
2024-07-18T21:18:28.607-0300 [INFO] [org.gradle.internal.watch.registry.impl.NonHierarchicalFileWatcherUpdater] Watching 401 directories to track changes
2024-07-18T21:18:28.609-0300 [DEBUG] [org.gradle.internal.watch.vfs.impl.WatchingVirtualFileSystem] Handling VFS change REMOVED /home/adolfo/Proyectos_Android_Studio/mozaikos_little/android/build/intermediates/merged_res_blame_folder/debug/out/multi-v2/values-bs.json
2024-07-18T21:18:28.609-0300 [INFO] [org.gradle.internal.watch.registry.impl.NonHierarchicalFileWatcherUpdater] Watching 401 directories to track changes
2024-07-18T21:18:28.609-0300 [DEBUG] [org.gradle.internal.watch.vfs.impl.WatchingVirtualFileSystem] Handling VFS change REMOVED /home/adolfo/Proyectos_Android_Studio/mozaikos_little/android/build/intermediates/merged_res_blame_folder/debug/out/multi-v2/values-da.json
2024-07-18T21:18:28.609-0300 [INFO] [org.gradle.internal.watch.registry.impl.NonHierarchicalFileWatcherUpdater] Watching 401 directories to track changes
2024-07-18T21:18:28.609-0300 [DEBUG] [org.gradle.internal.watch.vfs.impl.WatchingVirtualFileSystem] Handling VFS change REMOVED /home/adolfo/Proyectos_Android_Studio/mozaikos_little/android/build/intermediates/merged_res_blame_folder/debug/out/multi-v2/values-pt-rPT.json
2024-07-18T21:18:28.609-0300 [INFO] [org.gradle.internal.watch.registry.impl.NonHierarchicalFileWatcherUpdater] Watching 401 directories to track changes
2024-07-18T21:18:28.609-0300 [DEBUG] [org.gradle.internal.watch.vfs.impl.WatchingVirtualFileSystem] Handling VFS change REMOVED /home/adolfo/Proyectos_Android_Studio/mozaikos_little/android/build/intermediates/merged_res_blame_folder/debug/out/multi-v2/values-or.json
2024-07-18T21:18:28.609-0300 [INFO] [org.gradle.internal.watch.registry.impl.NonHierarchicalFileWatcherUpdater] Watching 401 directories to track changes
2024-07-18T21:18:28.610-0300 [DEBUG] [org.gradle.internal.watch.vfs.impl.WatchingVirtualFileSystem] Handling VFS change REMOVED /home/adolfo/Proyectos_Android_Studio/mozaikos_little/android/build/intermediates/merged_res_blame_folder/debug/out/multi-v2/values-el.json
2024-07-18T21:18:28.610-0300 [INFO] [org.gradle.internal.watch.registry.impl.NonHierarchicalFileWatcherUpdater] Watching 401 directories to track changes
2024-07-18T21:18:28.610-0300 [DEBUG] [org.gradle.internal.watch.vfs.impl.WatchingVirtualFileSystem] Handling VFS change REMOVED /home/adolfo/Proyectos_Android_Studio/mozaikos_little/android/build/intermediates/merged_res_blame_folder/debug/out/multi-v2/values-fa.json
2024-07-18T21:18:28.610-0300 [INFO] [org.gradle.internal.watch.registry.impl.NonHierarchicalFileWatcherUpdater] Watching 401 directories to track changes
2024-07-18T21:18:28.610-0300 [DEBUG] [org.gradle.internal.watch.vfs.impl.WatchingVirtualFileSystem] Handling VFS change REMOVED /home/adolfo/Proyectos_Android_Studio/mozaikos_little/android/build/intermediates/merged_res_blame_folder/debug/out/multi-v2/values-lv.json
2024-07-18T21:18:28.610-0300 [INFO] [org.gradle.internal.watch.registry.impl.NonHierarchicalFileWatcherUpdater] Watching 401 directories to track changes
2024-07-18T21:18:28.610-0300 [DEBUG] [org.gradle.internal.watch.vfs.impl.WatchingVirtualFileSystem] Handling VFS change REMOVED /home/adolfo/Proyectos_Android_Studio/mozaikos_little/android/build/intermediates/merged_res_blame_folder/debug/out/multi-v2/values-fr.json
2024-07-18T21:18:28.610-0300 [INFO] [org.gradle.internal.watch.registry.impl.NonHierarchicalFileWatcherUpdater] Watching 401 directories to track changes
2024-07-18T21:18:28.610-0300 [DEBUG] [org.gradle.internal.watch.vfs.impl.WatchingVirtualFileSystem] Handling VFS change REMOVED /home/adolfo/Proyectos_Android_Studio/mozaikos_little/android/build/intermediates/merged_res_blame_folder/debug/out/multi-v2/values-en-rIN.json
2024-07-18T21:18:28.610-0300 [INFO] [org.gradle.internal.watch.registry.impl.NonHierarchicalFileWatcherUpdater] Watching 401 directories to track changes
2024-07-18T21:18:28.610-0300 [DEBUG] [org.gradle.internal.watch.vfs.impl.WatchingVirtualFileSystem] Handling VFS change REMOVED /home/adolfo/Proyectos_Android_Studio/mozaikos_little/android/build/intermediates/merged_res_blame_folder/debug/out/multi-v2/values-ro.json
2024-07-18T21:18:28.610-0300 [INFO] [org.gradle.internal.watch.registry.impl.NonHierarchicalFileWatcherUpdater] Watching 401 directories to track changes
2024-07-18T21:18:28.610-0300 [DEBUG] [org.gradle.internal.watch.vfs.impl.WatchingVirtualFileSystem] Handling VFS change REMOVED /home/adolfo/Proyectos_Android_Studio/mozaikos_little/android/build/intermediates/merged_res_blame_folder/debug/out/multi-v2/values-ml.json
2024-07-18T21:18:28.610-0300 [INFO] [org.gradle.internal.watch.registry.impl.NonHierarchicalFileWatcherUpdater] Watching 401 directories to track changes
2024-07-18T21:18:28.610-0300 [DEBUG] [org.gradle.internal.watch.vfs.impl.WatchingVirtualFileSystem] Handling VFS change REMOVED /home/adolfo/Proyectos_Android_Studio/mozaikos_little/android/build/intermediates/merged_res_blame_folder/debug/out/multi-v2/values-ne.json
2024-07-18T21:18:28.611-0300 [INFO] [org.gradle.internal.watch.registry.impl.NonHierarchicalFileWatcherUpdater] Watching 401 directories to track changes
2024-07-18T21:18:28.611-0300 [DEBUG] [org.gradle.internal.watch.vfs.impl.WatchingVirtualFileSystem] Handling VFS change REMOVED /home/adolfo/Proyectos_Android_Studio/mozaikos_little/android/build/intermediates/merged_res_blame_folder/debug/out/multi-v2/values-es.json
2024-07-18T21:18:28.611-0300 [INFO] [org.gradle.internal.watch.registry.impl.NonHierarchicalFileWatcherUpdater] Watching 401 directories to track changes
2024-07-18T21:18:28.611-0300 [DEBUG] [org.gradle.internal.watch.vfs.impl.WatchingVirtualFileSystem] Handling VFS change REMOVED /home/adolfo/Proyectos_Android_Studio/mozaikos_little/android/build/intermediates/merged_res_blame_folder/debug/out/multi-v2/values-as.json
2024-07-18T21:18:28.611-0300 [INFO] [org.gradle.internal.watch.registry.impl.NonHierarchicalFileWatcherUpdater] Watching 401 directories to track changes
2024-07-18T21:18:28.611-0300 [DEBUG] [org.gradle.internal.watch.vfs.impl.WatchingVirtualFileSystem] Handling VFS change REMOVED /home/adolfo/Proyectos_Android_Studio/mozaikos_little/android/build/intermediates/merged_res_blame_folder/debug/out/multi-v2/values-af.json
2024-07-18T21:18:28.611-0300 [INFO] [org.gradle.internal.watch.registry.impl.NonHierarchicalFileWatcherUpdater] Watching 401 directories to track changes
2024-07-18T21:18:28.611-0300 [DEBUG] [org.gradle.internal.watch.vfs.impl.WatchingVirtualFileSystem] Handling VFS change REMOVED /home/adolfo/Proyectos_Android_Studio/mozaikos_little/android/build/intermediates/merged_res_blame_folder/debug/out/multi-v2/values-my.json
2024-07-18T21:18:28.611-0300 [INFO] [org.gradle.internal.watch.registry.impl.NonHierarchicalFileWatcherUpdater] Watching 401 directories to track changes
2024-07-18T21:18:28.611-0300 [DEBUG] [org.gradle.internal.watch.vfs.impl.WatchingVirtualFileSystem] Handling VFS change REMOVED /home/adolfo/Proyectos_Android_Studio/mozaikos_little/android/build/intermediates/merged_res_blame_folder/debug/out/multi-v2/values-pt-rBR.json
2024-07-18T21:18:28.611-0300 [INFO] [org.gradle.internal.watch.registry.impl.NonHierarchicalFileWatcherUpdater] Watching 401 directories to track changes
2024-07-18T21:18:28.612-0300 [DEBUG] [org.gradle.internal.watch.vfs.impl.WatchingVirtualFileSystem] Handling VFS change REMOVED /home/adolfo/Proyectos_Android_Studio/mozaikos_little/android/build/intermediates/merged_res_blame_folder/debug/out/multi-v2/values-it.json
2024-07-18T21:18:28.612-0300 [INFO] [org.gradle.internal.watch.registry.impl.NonHierarchicalFileWatcherUpdater] Watching 401 directories to track changes
2024-07-18T21:18:28.612-0300 [DEBUG] [org.gradle.internal.watch.vfs.impl.WatchingVirtualFileSystem] Handling VFS change REMOVED /home/adolfo/Proyectos_Android_Studio/mozaikos_little/android/build/intermediates/merged_res_blame_folder/debug/out/multi-v2/debug.json
2024-07-18T21:18:28.612-0300 [INFO] [org.gradle.internal.watch.registry.impl.NonHierarchicalFileWatcherUpdater] Watching 400 directories to track changes
2024-07-18T21:18:28.612-0300 [INFO] [net.rubygrapefruit.platform.internal.jni.NativeLogger] Path is not watched: /home/adolfo/Proyectos_Android_Studio/mozaikos_little/android/build/intermediates/merged_res_blame_folder/debug/out/multi-v2
2024-07-18T21:18:28.612-0300 [DEBUG] [org.gradle.internal.watch.registry.impl.NonHierarchicalFileWatcherUpdater] Couldn't stop watching directories: [/home/adolfo/Proyectos_Android_Studio/mozaikos_little/android/build/intermediates/merged_res_blame_folder/debug/out/multi-v2]
2024-07-18T21:18:28.612-0300 [DEBUG] [org.gradle.internal.watch.vfs.impl.WatchingVirtualFileSystem] Handling VFS change REMOVED /home/adolfo/Proyectos_Android_Studio/mozaikos_little/android/build/intermediates/merged_res_blame_folder/debug/out/multi-v2
2024-07-18T21:18:28.612-0300 [DEBUG] [org.gradle.internal.watch.vfs.impl.WatchingVirtualFileSystem] Handling VFS change REMOVED /home/adolfo/Proyectos_Android_Studio/mozaikos_little/android/build/intermediates/data_binding_layout_info_type_merge/debug/out
2024-07-18T21:18:28.613-0300 [INFO] [org.gradle.internal.watch.registry.impl.NonHierarchicalFileWatcherUpdater] Watching 399 directories to track changes
2024-07-18T21:18:28.613-0300 [INFO] [net.rubygrapefruit.platform.internal.jni.NativeLogger] Path is not watched: /home/adolfo/Proyectos_Android_Studio/mozaikos_little/android/build/intermediates/data_binding_layout_info_type_merge/debug/out
2024-07-18T21:18:28.613-0300 [DEBUG] [org.gradle.internal.watch.registry.impl.NonHierarchicalFileWatcherUpdater] Couldn't stop watching directories: [/home/adolfo/Proyectos_Android_Studio/mozaikos_little/android/build/intermediates/data_binding_layout_info_type_merge/debug/out]
2024-07-18T21:18:28.613-0300 [DEBUG] [org.gradle.internal.watch.vfs.impl.WatchingVirtualFileSystem] Handling VFS change REMOVED /home/adolfo/Proyectos_Android_Studio/mozaikos_little/android/build/generated/res/pngs/debug/drawable-xhdpi/ic_launcher_background.png
2024-07-18T21:18:28.613-0300 [INFO] [org.gradle.internal.watch.registry.impl.NonHierarchicalFileWatcherUpdater] Watching 397 directories to track changes
2024-07-18T21:18:28.613-0300 [INFO] [net.rubygrapefruit.platform.internal.jni.NativeLogger] Path is not watched: /home/adolfo/Proyectos_Android_Studio/mozaikos_little/android/build/generated/res/pngs/debug/drawable-xhdpi
2024-07-18T21:18:28.614-0300 [INFO] [net.rubygrapefruit.platform.internal.jni.NativeLogger] Path is not watched: /home/adolfo/Proyectos_Android_Studio/mozaikos_little/android/build/generated/res/pngs/debug
2024-07-18T21:18:28.614-0300 [DEBUG] [org.gradle.internal.watch.registry.impl.NonHierarchicalFileWatcherUpdater] Couldn't stop watching directories: [/home/adolfo/Proyectos_Android_Studio/mozaikos_little/android/build/generated/res/pngs/debug/drawable-xhdpi, /home/adolfo/Proyectos_Android_Studio/mozaikos_little/android/build/generated/res/pngs/debug]
2024-07-18T21:18:28.614-0300 [DEBUG] [org.gradle.internal.watch.vfs.impl.WatchingVirtualFileSystem] Handling VFS change REMOVED /home/adolfo/Proyectos_Android_Studio/mozaikos_little/android/build/generated/res/pngs/debug/drawable-xhdpi
2024-07-18T21:18:28.614-0300 [DEBUG] [org.gradle.internal.watch.vfs.impl.WatchingVirtualFileSystem] Handling VFS change REMOVED /home/adolfo/Proyectos_Android_Studio/mozaikos_little/android/build/generated/res/pngs/debug/drawable-hdpi/ic_launcher_background.png
2024-07-18T21:18:28.614-0300 [INFO] [org.gradle.internal.watch.registry.impl.NonHierarchicalFileWatcherUpdater] Watching 396 directories to track changes
2024-07-18T21:18:28.614-0300 [INFO] [net.rubygrapefruit.platform.internal.jni.NativeLogger] Path is not watched: /home/adolfo/Proyectos_Android_Studio/mozaikos_little/android/build/generated/res/pngs/debug/drawable-hdpi
2024-07-18T21:18:28.614-0300 [DEBUG] [org.gradle.internal.watch.registry.impl.NonHierarchicalFileWatcherUpdater] Couldn't stop watching directories: [/home/adolfo/Proyectos_Android_Studio/mozaikos_little/android/build/generated/res/pngs/debug/drawable-hdpi]
2024-07-18T21:18:28.614-0300 [DEBUG] [org.gradle.internal.watch.vfs.impl.WatchingVirtualFileSystem] Handling VFS change REMOVED /home/adolfo/Proyectos_Android_Studio/mozaikos_little/android/build/generated/res/pngs/debug/drawable-hdpi
2024-07-18T21:18:28.615-0300 [DEBUG] [org.gradle.internal.watch.vfs.impl.WatchingVirtualFileSystem] Handling VFS change REMOVED /home/adolfo/Proyectos_Android_Studio/mozaikos_little/android/build/generated/res/pngs/debug/drawable-anydpi-v21/ic_launcher_background.xml
2024-07-18T21:18:28.615-0300 [INFO] [org.gradle.internal.watch.registry.impl.NonHierarchicalFileWatcherUpdater] Watching 395 directories to track changes
2024-07-18T21:18:28.615-0300 [INFO] [net.rubygrapefruit.platform.internal.jni.NativeLogger] Path is not watched: /home/adolfo/Proyectos_Android_Studio/mozaikos_little/android/build/generated/res/pngs/debug/drawable-anydpi-v21
2024-07-18T21:18:28.615-0300 [DEBUG] [org.gradle.internal.watch.registry.impl.NonHierarchicalFileWatcherUpdater] Couldn't stop watching directories: [/home/adolfo/Proyectos_Android_Studio/mozaikos_little/android/build/generated/res/pngs/debug/drawable-anydpi-v21]
2024-07-18T21:18:28.615-0300 [DEBUG] [org.gradle.internal.watch.vfs.impl.WatchingVirtualFileSystem] Handling VFS change REMOVED /home/adolfo/Proyectos_Android_Studio/mozaikos_little/android/build/generated/res/pngs/debug/drawable-anydpi-v21
2024-07-18T21:18:28.615-0300 [DEBUG] [org.gradle.internal.watch.vfs.impl.WatchingVirtualFileSystem] Handling VFS change REMOVED /home/adolfo/Proyectos_Android_Studio/mozaikos_little/android/build/generated/res/pngs/debug/drawable-mdpi/ic_launcher_background.png
2024-07-18T21:18:28.616-0300 [INFO] [org.gradle.internal.watch.registry.impl.NonHierarchicalFileWatcherUpdater] Watching 394 directories to track changes
2024-07-18T21:18:28.616-0300 [INFO] [net.rubygrapefruit.platform.internal.jni.NativeLogger] Path is not watched: /home/adolfo/Proyectos_Android_Studio/mozaikos_little/android/build/generated/res/pngs/debug/drawable-mdpi
2024-07-18T21:18:28.616-0300 [DEBUG] [org.gradle.internal.watch.registry.impl.NonHierarchicalFileWatcherUpdater] Couldn't stop watching directories: [/home/adolfo/Proyectos_Android_Studio/mozaikos_little/android/build/generated/res/pngs/debug/drawable-mdpi]
2024-07-18T21:18:28.616-0300 [DEBUG] [org.gradle.internal.watch.vfs.impl.WatchingVirtualFileSystem] Handling VFS change REMOVED /home/adolfo/Proyectos_Android_Studio/mozaikos_little/android/build/generated/res/pngs/debug/drawable-mdpi
2024-07-18T21:18:28.616-0300 [DEBUG] [org.gradle.internal.watch.vfs.impl.WatchingVirtualFileSystem] Handling VFS change REMOVED /home/adolfo/Proyectos_Android_Studio/mozaikos_little/android/build/generated/res/pngs/debug/drawable-xxxhdpi/ic_launcher_background.png
2024-07-18T21:18:28.616-0300 [INFO] [org.gradle.internal.watch.registry.impl.NonHierarchicalFileWatcherUpdater] Watching 393 directories to track changes
2024-07-18T21:18:28.616-0300 [INFO] [net.rubygrapefruit.platform.internal.jni.NativeLogger] Path is not watched: /home/adolfo/Proyectos_Android_Studio/mozaikos_little/android/build/generated/res/pngs/debug/drawable-xxxhdpi
2024-07-18T21:18:28.616-0300 [DEBUG] [org.gradle.internal.watch.registry.impl.NonHierarchicalFileWatcherUpdater] Couldn't stop watching directories: [/home/adolfo/Proyectos_Android_Studio/mozaikos_little/android/build/generated/res/pngs/debug/drawable-xxxhdpi]
2024-07-18T21:18:28.616-0300 [DEBUG] [org.gradle.internal.watch.vfs.impl.WatchingVirtualFileSystem] Handling VFS change REMOVED /home/adolfo/Proyectos_Android_Studio/mozaikos_little/android/build/generated/res/pngs/debug/drawable-xxxhdpi
2024-07-18T21:18:28.617-0300 [DEBUG] [org.gradle.internal.watch.vfs.impl.WatchingVirtualFileSystem] Handling VFS change REMOVED /home/adolfo/Proyectos_Android_Studio/mozaikos_little/android/build/generated/res/pngs/debug/drawable-ldpi/ic_launcher_background.png
2024-07-18T21:18:28.617-0300 [INFO] [org.gradle.internal.watch.registry.impl.NonHierarchicalFileWatcherUpdater] Watching 392 directories to track changes
2024-07-18T21:18:28.617-0300 [INFO] [net.rubygrapefruit.platform.internal.jni.NativeLogger] Path is not watched: /home/adolfo/Proyectos_Android_Studio/mozaikos_little/android/build/generated/res/pngs/debug/drawable-ldpi
2024-07-18T21:18:28.617-0300 [DEBUG] [org.gradle.internal.watch.registry.impl.NonHierarchicalFileWatcherUpdater] Couldn't stop watching directories: [/home/adolfo/Proyectos_Android_Studio/mozaikos_little/android/build/generated/res/pngs/debug/drawable-ldpi]
2024-07-18T21:18:28.617-0300 [DEBUG] [org.gradle.internal.watch.vfs.impl.WatchingVirtualFileSystem] Handling VFS change REMOVED /home/adolfo/Proyectos_Android_Studio/mozaikos_little/android/build/generated/res/pngs/debug/drawable-ldpi
2024-07-18T21:18:28.617-0300 [DEBUG] [org.gradle.internal.watch.vfs.impl.WatchingVirtualFileSystem] Handling VFS change REMOVED /home/adolfo/Proyectos_Android_Studio/mozaikos_little/android/build/generated/res/pngs/debug/drawable-xxhdpi/ic_launcher_background.png
2024-07-18T21:18:28.617-0300 [INFO] [org.gradle.internal.watch.registry.impl.NonHierarchicalFileWatcherUpdater] Watching 391 directories to track changes
2024-07-18T21:18:28.618-0300 [INFO] [net.rubygrapefruit.platform.internal.jni.NativeLogger] Path is not watched: /home/adolfo/Proyectos_Android_Studio/mozaikos_little/android/build/generated/res/pngs/debug/drawable-xxhdpi
2024-07-18T21:18:28.618-0300 [DEBUG] [org.gradle.internal.watch.registry.impl.NonHierarchicalFileWatcherUpdater] Couldn't stop watching directories: [/home/adolfo/Proyectos_Android_Studio/mozaikos_little/android/build/generated/res/pngs/debug/drawable-xxhdpi]
2024-07-18T21:18:28.618-0300 [DEBUG] [org.gradle.internal.watch.vfs.impl.WatchingVirtualFileSystem] Handling VFS change REMOVED /home/adolfo/Proyectos_Android_Studio/mozaikos_little/android/build/generated/res/pngs/debug/drawable-xxhdpi
2024-07-18T21:18:28.618-0300 [DEBUG] [org.gradle.internal.watch.vfs.impl.WatchingVirtualFileSystem] Handling VFS change REMOVED /home/adolfo/Proyectos_Android_Studio/mozaikos_little/android/build/generated/res/pngs/debug
2024-07-18T21:18:29.084-0300 [DEBUG] [org.gradle.cache.internal.DefaultFileLockManager] Waiting to acquire shared lock on daemon addresses registry.
2024-07-18T21:18:29.084-0300 [DEBUG] [org.gradle.cache.internal.DefaultFileLockManager] Lock acquired on daemon addresses registry.
2024-07-18T21:18:29.084-0300 [DEBUG] [org.gradle.cache.internal.DefaultFileLockManager] Releasing lock on daemon addresses registry.
2024-07-18T21:18:29.085-0300 [DEBUG] [org.gradle.cache.internal.DefaultFileLockManager] Waiting to acquire shared lock on daemon addresses registry.
2024-07-18T21:18:29.086-0300 [DEBUG] [org.gradle.cache.internal.DefaultFileLockManager] Lock acquired on daemon addresses registry.
2024-07-18T21:18:29.086-0300 [DEBUG] [org.gradle.cache.internal.DefaultFileLockManager] Releasing lock on daemon addresses registry.
2024-07-18T21:18:29.086-0300 [DEBUG] [org.gradle.cache.internal.DefaultFileLockManager] Waiting to acquire shared lock on daemon addresses registry.
2024-07-18T21:18:29.086-0300 [DEBUG] [org.gradle.cache.internal.DefaultFileLockManager] Lock acquired on daemon addresses registry.
2024-07-18T21:18:29.086-0300 [DEBUG] [org.gradle.cache.internal.DefaultFileLockManager] Releasing lock on daemon addresses registry.
2024-07-18T21:18:34.505-0300 [DEBUG] [org.gradle.internal.watch.vfs.impl.WatchingVirtualFileSystem] Handling VFS change REMOVED /home/adolfo/Proyectos_Android_Studio/mozaikos_little/android/build/intermediates/compatible_screen_manifest/debug/output-metadata.json
2024-07-18T21:18:34.505-0300 [INFO] [org.gradle.internal.watch.registry.impl.NonHierarchicalFileWatcherUpdater] Watching 390 directories to track changes
2024-07-18T21:18:34.506-0300 [INFO] [net.rubygrapefruit.platform.internal.jni.NativeLogger] Path is not watched: /home/adolfo/Proyectos_Android_Studio/mozaikos_little/android/build/intermediates/compatible_screen_manifest/debug
2024-07-18T21:18:34.506-0300 [DEBUG] [org.gradle.internal.watch.registry.impl.NonHierarchicalFileWatcherUpdater] Couldn't stop watching directories: [/home/adolfo/Proyectos_Android_Studio/mozaikos_little/android/build/intermediates/compatible_screen_manifest/debug]
2024-07-18T21:18:34.506-0300 [DEBUG] [org.gradle.internal.watch.vfs.impl.WatchingVirtualFileSystem] Handling VFS change REMOVED /home/adolfo/Proyectos_Android_Studio/mozaikos_little/android/build/intermediates/compatible_screen_manifest/debug
2024-07-18T21:18:34.838-0300 [DEBUG] [org.gradle.internal.watch.vfs.impl.WatchingVirtualFileSystem] Handling VFS change REMOVED /home/adolfo/Proyectos_Android_Studio/mozaikos_little/android/build/intermediates/navigation_json/debug/navigation.json
2024-07-18T21:18:34.845-0300 [INFO] [org.gradle.internal.watch.registry.impl.NonHierarchicalFileWatcherUpdater] Watching 389 directories to track changes
2024-07-18T21:18:34.959-0300 [DEBUG] [org.gradle.internal.watch.vfs.impl.WatchingVirtualFileSystem] Handling VFS change REMOVED /home/adolfo/Proyectos_Android_Studio/mozaikos_little/android/build/intermediates/merged_manifest/debug/AndroidManifest.xml
2024-07-18T21:18:34.959-0300 [INFO] [org.gradle.internal.watch.registry.impl.NonHierarchicalFileWatcherUpdater] Watching 388 directories to track changes
2024-07-18T21:18:34.984-0300 [DEBUG] [org.gradle.internal.watch.vfs.impl.WatchingVirtualFileSystem] Handling VFS change REMOVED /home/adolfo/Proyectos_Android_Studio/mozaikos_little/android/build/intermediates/manifest_merge_blame_file/debug/manifest-merger-blame-debug-report.txt
2024-07-18T21:18:34.984-0300 [INFO] [org.gradle.internal.watch.registry.impl.NonHierarchicalFileWatcherUpdater] Watching 387 directories to track changes
2024-07-18T21:18:34.993-0300 [DEBUG] [org.gradle.internal.watch.vfs.impl.WatchingVirtualFileSystem] Handling VFS change REMOVED /home/adolfo/Proyectos_Android_Studio/mozaikos_little/android/build/outputs/logs/manifest-merger-debug-report.txt
2024-07-18T21:18:34.993-0300 [INFO] [org.gradle.internal.watch.registry.impl.NonHierarchicalFileWatcherUpdater] Watching 387 directories to track changes
2024-07-18T21:18:38.483-0300 [DEBUG] [org.gradle.internal.watch.vfs.impl.WatchingVirtualFileSystem] Handling VFS change REMOVED /home/adolfo/Proyectos_Android_Studio/mozaikos_little/android/build/intermediates/merged_manifests/debug/AndroidManifest.xml
2024-07-18T21:18:38.483-0300 [DEBUG] [org.gradle.internal.watch.vfs.impl.WatchingVirtualFileSystem] Handling VFS change REMOVED /home/adolfo/Proyectos_Android_Studio/mozaikos_little/android/build/intermediates/merged_manifests/debug/output-metadata.json
2024-07-18T21:18:38.483-0300 [INFO] [org.gradle.internal.watch.registry.impl.NonHierarchicalFileWatcherUpdater] Watching 386 directories to track changes
2024-07-18T21:18:38.484-0300 [INFO] [net.rubygrapefruit.platform.internal.jni.NativeLogger] Path is not watched: /home/adolfo/Proyectos_Android_Studio/mozaikos_little/android/build/intermediates/merged_manifests/debug
2024-07-18T21:18:38.484-0300 [DEBUG] [org.gradle.internal.watch.registry.impl.NonHierarchicalFileWatcherUpdater] Couldn't stop watching directories: [/home/adolfo/Proyectos_Android_Studio/mozaikos_little/android/build/intermediates/merged_manifests/debug]
2024-07-18T21:18:38.484-0300 [DEBUG] [org.gradle.internal.watch.vfs.impl.WatchingVirtualFileSystem] Handling VFS change REMOVED /home/adolfo/Proyectos_Android_Studio/mozaikos_little/android/build/intermediates/merged_manifests/debug
2024-07-18T21:18:39.104-0300 [DEBUG] [org.gradle.cache.internal.DefaultFileLockManager] Waiting to acquire shared lock on daemon addresses registry.
2024-07-18T21:18:39.124-0300 [DEBUG] [org.gradle.cache.internal.DefaultFileLockManager] Lock acquired on daemon addresses registry.
2024-07-18T21:18:39.139-0300 [DEBUG] [org.gradle.cache.internal.DefaultFileLockManager] Releasing lock on daemon addresses registry.
2024-07-18T21:18:39.197-0300 [DEBUG] [org.gradle.cache.internal.DefaultFileLockManager] Waiting to acquire shared lock on daemon addresses registry.
2024-07-18T21:18:39.197-0300 [DEBUG] [org.gradle.cache.internal.DefaultFileLockManager] Lock acquired on daemon addresses registry.
2024-07-18T21:18:39.197-0300 [DEBUG] [org.gradle.cache.internal.DefaultFileLockManager] Releasing lock on daemon addresses registry.
2024-07-18T21:18:39.197-0300 [DEBUG] [org.gradle.cache.internal.DefaultFileLockManager] Waiting to acquire shared lock on daemon addresses registry.
2024-07-18T21:18:39.197-0300 [DEBUG] [org.gradle.cache.internal.DefaultFileLockManager] Lock acquired on daemon addresses registry.
2024-07-18T21:18:39.197-0300 [DEBUG] [org.gradle.cache.internal.DefaultFileLockManager] Releasing lock on daemon addresses registry.
2024-07-18T21:18:45.110-0300 [DEBUG] [org.gradle.internal.watch.vfs.impl.WatchingVirtualFileSystem] Handling VFS change REMOVED /home/adolfo/Proyectos_Android_Studio/mozaikos_little/android/build/intermediates/packaged_manifests/debug/AndroidManifest.xml
2024-07-18T21:18:45.111-0300 [DEBUG] [org.gradle.internal.watch.vfs.impl.WatchingVirtualFileSystem] Handling VFS change REMOVED /home/adolfo/Proyectos_Android_Studio/mozaikos_little/android/build/intermediates/packaged_manifests/debug/output-metadata.json
2024-07-18T21:18:45.111-0300 [INFO] [org.gradle.internal.watch.registry.impl.NonHierarchicalFileWatcherUpdater] Watching 385 directories to track changes
2024-07-18T21:18:45.111-0300 [INFO] [net.rubygrapefruit.platform.internal.jni.NativeLogger] Path is not watched: /home/adolfo/Proyectos_Android_Studio/mozaikos_little/android/build/intermediates/packaged_manifests/debug
2024-07-18T21:18:45.111-0300 [DEBUG] [org.gradle.internal.watch.registry.impl.NonHierarchicalFileWatcherUpdater] Couldn't stop watching directories: [/home/adolfo/Proyectos_Android_Studio/mozaikos_little/android/build/intermediates/packaged_manifests/debug]
2024-07-18T21:18:45.112-0300 [DEBUG] [org.gradle.internal.watch.vfs.impl.WatchingVirtualFileSystem] Handling VFS change REMOVED /home/adolfo/Proyectos_Android_Studio/mozaikos_little/android/build/intermediates/packaged_manifests/debug
2024-07-18T21:18:45.135-0300 [DEBUG] [org.gradle.internal.watch.vfs.impl.WatchingVirtualFileSystem] Handling VFS change REMOVED /home/adolfo/Proyectos_Android_Studio/mozaikos_little/android/build/intermediates/merged_shaders/debug/out
2024-07-18T21:18:45.135-0300 [INFO] [org.gradle.internal.watch.registry.impl.NonHierarchicalFileWatcherUpdater] Watching 384 directories to track changes
2024-07-18T21:18:45.136-0300 [INFO] [net.rubygrapefruit.platform.internal.jni.NativeLogger] Path is not watched: /home/adolfo/Proyectos_Android_Studio/mozaikos_little/android/build/intermediates/merged_shaders/debug/out
2024-07-18T21:18:45.136-0300 [DEBUG] [org.gradle.internal.watch.registry.impl.NonHierarchicalFileWatcherUpdater] Couldn't stop watching directories: [/home/adolfo/Proyectos_Android_Studio/mozaikos_little/android/build/intermediates/merged_shaders/debug/out]
2024-07-18T21:18:45.161-0300 [DEBUG] [org.gradle.internal.watch.vfs.impl.WatchingVirtualFileSystem] Handling VFS change MODIFIED /home/adolfo/Proyectos_Android_Studio/mozaikos_little/android/build/intermediates/incremental/mergeDebugShaders/merger.xml
2024-07-18T21:18:45.161-0300 [INFO] [org.gradle.internal.watch.registry.impl.NonHierarchicalFileWatcherUpdater] Watching 383 directories to track changes
2024-07-18T21:18:45.598-0300 [DEBUG] [org.gradle.internal.watch.vfs.impl.WatchingVirtualFileSystem] Handling VFS change MODIFIED /home/adolfo/Proyectos_Android_Studio/mozaikos_little/android/build/intermediates/incremental/mergeDebugAssets/merger.xml
2024-07-18T21:18:45.599-0300 [INFO] [org.gradle.internal.watch.registry.impl.NonHierarchicalFileWatcherUpdater] Watching 382 directories to track changes
2024-07-18T21:18:45.648-0300 [DEBUG] [org.gradle.internal.watch.vfs.impl.WatchingVirtualFileSystem] Handling VFS change REMOVED /home/adolfo/Proyectos_Android_Studio/mozaikos_little/android/build/intermediates/compressed_assets/debug/out/assets/Fig_36.jpg.jar
2024-07-18T21:18:45.650-0300 [INFO] [org.gradle.internal.watch.registry.impl.NonHierarchicalFileWatcherUpdater] Watching 381 directories to track changes
2024-07-18T21:18:45.651-0300 [DEBUG] [org.gradle.internal.watch.vfs.impl.WatchingVirtualFileSystem] Handling VFS change REMOVED /home/adolfo/Proyectos_Android_Studio/mozaikos_little/android/build/intermediates/compressed_assets/debug/out/assets/Fig_6.jpg.jar
2024-07-18T21:18:45.651-0300 [INFO] [org.gradle.internal.watch.registry.impl.NonHierarchicalFileWatcherUpdater] Watching 381 directories to track changes
2024-07-18T21:18:45.651-0300 [DEBUG] [org.gradle.internal.watch.vfs.impl.WatchingVirtualFileSystem] Handling VFS change REMOVED /home/adolfo/Proyectos_Android_Studio/mozaikos_little/android/build/intermediates/compressed_assets/debug/out/assets/Fig_11.jpg.jar
2024-07-18T21:18:45.651-0300 [INFO] [org.gradle.internal.watch.registry.impl.NonHierarchicalFileWatcherUpdater] Watching 381 directories to track changes
2024-07-18T21:18:45.651-0300 [DEBUG] [org.gradle.internal.watch.vfs.impl.WatchingVirtualFileSystem] Handling VFS change REMOVED /home/adolfo/Proyectos_Android_Studio/mozaikos_little/android/build/intermediates/compressed_assets/debug/out/assets/Fig_15.jpg.jar
2024-07-18T21:18:45.651-0300 [INFO] [org.gradle.internal.watch.registry.impl.NonHierarchicalFileWatcherUpdater] Watching 381 directories to track changes
2024-07-18T21:18:45.651-0300 [DEBUG] [org.gradle.internal.watch.vfs.impl.WatchingVirtualFileSystem] Handling VFS change REMOVED /home/adolfo/Proyectos_Android_Studio/mozaikos_little/android/build/intermediates/compressed_assets/debug/out/assets/Fig_28.jpg.jar
2024-07-18T21:18:45.651-0300 [INFO] [org.gradle.internal.watch.registry.impl.NonHierarchicalFileWatcherUpdater] Watching 381 directories to track changes
2024-07-18T21:18:45.651-0300 [DEBUG] [org.gradle.internal.watch.vfs.impl.WatchingVirtualFileSystem] Handling VFS change REMOVED /home/adolfo/Proyectos_Android_Studio/mozaikos_little/android/build/intermediates/compressed_assets/debug/out/assets/Uroob70.png.jar
2024-07-18T21:18:45.652-0300 [INFO] [org.gradle.internal.watch.registry.impl.NonHierarchicalFileWatcherUpdater] Watching 381 directories to track changes
2024-07-18T21:18:45.652-0300 [DEBUG] [org.gradle.internal.watch.vfs.impl.WatchingVirtualFileSystem] Handling VFS change REMOVED /home/adolfo/Proyectos_Android_Studio/mozaikos_little/android/build/intermediates/compressed_assets/debug/out/assets/drumsticks.mp3.jar
2024-07-18T21:18:45.652-0300 [INFO] [org.gradle.internal.watch.registry.impl.NonHierarchicalFileWatcherUpdater] Watching 381 directories to track changes
2024-07-18T21:18:45.652-0300 [DEBUG] [org.gradle.internal.watch.vfs.impl.WatchingVirtualFileSystem] Handling VFS change REMOVED /home/adolfo/Proyectos_Android_Studio/mozaikos_little/android/build/intermediates/compressed_assets/debug/out/assets/boxes.pack.jar
2024-07-18T21:18:45.652-0300 [INFO] [org.gradle.internal.watch.registry.impl.NonHierarchicalFileWatcherUpdater] Watching 381 directories to track changes
2024-07-18T21:18:45.652-0300 [DEBUG] [org.gradle.internal.watch.vfs.impl.WatchingVirtualFileSystem] Handling VFS change REMOVED /home/adolfo/Proyectos_Android_Studio/mozaikos_little/android/build/intermediates/compressed_assets/debug/out/assets/piezaVerde.png.jar
2024-07-18T21:18:45.652-0300 [INFO] [org.gradle.internal.watch.registry.impl.NonHierarchicalFileWatcherUpdater] Watching 381 directories to track changes
2024-07-18T21:18:45.652-0300 [DEBUG] [org.gradle.internal.watch.vfs.impl.WatchingVirtualFileSystem] Handling VFS change REMOVED /home/adolfo/Proyectos_Android_Studio/mozaikos_little/android/build/intermediates/compressed_assets/debug/out/assets/Fig_22.jpg.jar
2024-07-18T21:18:45.652-0300 [INFO] [org.gradle.internal.watch.registry.impl.NonHierarchicalFileWatcherUpdater] Watching 381 directories to track changes
2024-07-18T21:18:45.653-0300 [DEBUG] [org.gradle.internal.watch.vfs.impl.WatchingVirtualFileSystem] Handling VFS change REMOVED /home/adolfo/Proyectos_Android_Studio/mozaikos_little/android/build/intermediates/compressed_assets/debug/out/assets/Fig_19.jpg.jar
2024-07-18T21:18:45.653-0300 [INFO] [org.gradle.internal.watch.registry.impl.NonHierarchicalFileWatcherUpdater] Watching 381 directories to track changes
2024-07-18T21:18:45.653-0300 [DEBUG] [org.gradle.internal.watch.vfs.impl.WatchingVirtualFileSystem] Handling VFS change REMOVED /home/adolfo/Proyectos_Android_Studio/mozaikos_little/android/build/intermediates/compressed_assets/debug/out/assets/Fig_13.jpg.jar
2024-07-18T21:18:45.653-0300 [INFO] [org.gradle.internal.watch.registry.impl.NonHierarchicalFileWatcherUpdater] Watching 381 directories to track changes
2024-07-18T21:18:45.653-0300 [DEBUG] [org.gradle.internal.watch.vfs.impl.WatchingVirtualFileSystem] Handling VFS change REMOVED /home/adolfo/Proyectos_Android_Studio/mozaikos_little/android/build/intermediates/compressed_assets/debug/out/assets/Fig_35.jpg.jar
2024-07-18T21:18:45.653-0300 [INFO] [org.gradle.internal.watch.registry.impl.NonHierarchicalFileWatcherUpdater] Watching 381 directories to track changes
2024-07-18T21:18:45.653-0300 [DEBUG] [org.gradle.internal.watch.vfs.impl.WatchingVirtualFileSystem] Handling VFS change REMOVED /home/adolfo/Proyectos_Android_Studio/mozaikos_little/android/build/intermediates/compressed_assets/debug/out/assets/Fig_23.jpg.jar
2024-07-18T21:18:45.653-0300 [INFO] [org.gradle.internal.watch.registry.impl.NonHierarchicalFileWatcherUpdater] Watching 381 directories to track changes
2024-07-18T21:18:45.653-0300 [DEBUG] [org.gradle.internal.watch.vfs.impl.WatchingVirtualFileSystem] Handling VFS change REMOVED /home/adolfo/Proyectos_Android_Studio/mozaikos_little/android/build/intermediates/compressed_assets/debug/out/assets/cheering3.mp3.jar
2024-07-18T21:18:45.653-0300 [INFO] [org.gradle.internal.watch.registry.impl.NonHierarchicalFileWatcherUpdater] Watching 381 directories to track changes
2024-07-18T21:18:45.653-0300 [DEBUG] [org.gradle.internal.watch.vfs.impl.WatchingVirtualFileSystem] Handling VFS change REMOVED /home/adolfo/Proyectos_Android_Studio/mozaikos_little/android/build/intermediates/compressed_assets/debug/out/assets/cursor.png.jar
2024-07-18T21:18:45.653-0300 [INFO] [org.gradle.internal.watch.registry.impl.NonHierarchicalFileWatcherUpdater] Watching 381 directories to track changes
2024-07-18T21:18:45.653-0300 [DEBUG] [org.gradle.internal.watch.vfs.impl.WatchingVirtualFileSystem] Handling VFS change REMOVED /home/adolfo/Proyectos_Android_Studio/mozaikos_little/android/build/intermediates/compressed_assets/debug/out/assets/Uroob60.fnt.jar
2024-07-18T21:18:45.653-0300 [INFO] [org.gradle.internal.watch.registry.impl.NonHierarchicalFileWatcherUpdater] Watching 381 directories to track changes
2024-07-18T21:18:45.653-0300 [DEBUG] [org.gradle.internal.watch.vfs.impl.WatchingVirtualFileSystem] Handling VFS change REMOVED /home/adolfo/Proyectos_Android_Studio/mozaikos_little/android/build/intermediates/compressed_assets/debug/out/assets/piezaNegra.png.jar
2024-07-18T21:18:45.653-0300 [INFO] [org.gradle.internal.watch.registry.impl.NonHierarchicalFileWatcherUpdater] Watching 381 directories to track changes
2024-07-18T21:18:45.654-0300 [DEBUG] [org.gradle.internal.watch.vfs.impl.WatchingVirtualFileSystem] Handling VFS change REMOVED /home/adolfo/Proyectos_Android_Studio/mozaikos_little/android/build/intermediates/compressed_assets/debug/out/assets/logoTh.png.jar
2024-07-18T21:18:45.654-0300 [INFO] [org.gradle.internal.watch.registry.impl.NonHierarchicalFileWatcherUpdater] Watching 381 directories to track changes
2024-07-18T21:18:45.654-0300 [DEBUG] [org.gradle.internal.watch.vfs.impl.WatchingVirtualFileSystem] Handling VFS change REMOVED /home/adolfo/Proyectos_Android_Studio/mozaikos_little/android/build/intermediates/compressed_assets/debug/out/assets/Uroob60.png.jar
2024-07-18T21:18:45.654-0300 [INFO] [org.gradle.internal.watch.registry.impl.NonHierarchicalFileWatcherUpdater] Watching 381 directories to track changes
2024-07-18T21:18:45.654-0300 [DEBUG] [org.gradle.internal.watch.vfs.impl.WatchingVirtualFileSystem] Handling VFS change REMOVED /home/adolfo/Proyectos_Android_Studio/mozaikos_little/android/build/intermediates/compressed_assets/debug/out/assets/Fig_29.jpg.jar
2024-07-18T21:18:45.654-0300 [INFO] [org.gradle.internal.watch.registry.impl.NonHierarchicalFileWatcherUpdater] Watching 381 directories to track changes
2024-07-18T21:18:45.654-0300 [DEBUG] [org.gradle.internal.watch.vfs.impl.WatchingVirtualFileSystem] Handling VFS change REMOVED /home/adolfo/Proyectos_Android_Studio/mozaikos_little/android/build/intermediates/compressed_assets/debug/out/assets/pack.pack.jar
2024-07-18T21:18:45.654-0300 [INFO] [org.gradle.internal.watch.registry.impl.NonHierarchicalFileWatcherUpdater] Watching 381 directories to track changes
2024-07-18T21:18:45.654-0300 [DEBUG] [org.gradle.internal.watch.vfs.impl.WatchingVirtualFileSystem] Handling VFS change REMOVED /home/adolfo/Proyectos_Android_Studio/mozaikos_little/android/build/intermediates/compressed_assets/debug/out/assets/cheering4.mp3.jar
2024-07-18T21:18:45.654-0300 [INFO] [org.gradle.internal.watch.registry.impl.NonHierarchicalFileWatcherUpdater] Watching 381 directories to track changes
2024-07-18T21:18:45.655-0300 [DEBUG] [org.gradle.internal.watch.vfs.impl.WatchingVirtualFileSystem] Handling VFS change REMOVED /home/adolfo/Proyectos_Android_Studio/mozaikos_little/android/build/intermediates/compressed_assets/debug/out/assets/Fig_10.jpg.jar
2024-07-18T21:18:45.655-0300 [INFO] [org.gradle.internal.watch.registry.impl.NonHierarchicalFileWatcherUpdater] Watching 381 directories to track changes
2024-07-18T21:18:45.655-0300 [DEBUG] [org.gradle.internal.watch.vfs.impl.WatchingVirtualFileSystem] Handling VFS change REMOVED /home/adolfo/Proyectos_Android_Studio/mozaikos_little/android/build/intermediates/compressed_assets/debug/out/assets/Impact_351.png.jar
2024-07-18T21:18:45.655-0300 [INFO] [org.gradle.internal.watch.registry.impl.NonHierarchicalFileWatcherUpdater] Watching 381 directories to track changes
2024-07-18T21:18:45.655-0300 [DEBUG] [org.gradle.internal.watch.vfs.impl.WatchingVirtualFileSystem] Handling VFS change REMOVED /home/adolfo/Proyectos_Android_Studio/mozaikos_little/android/build/intermediates/compressed_assets/debug/out/assets/Fig_20.jpg.jar
2024-07-18T21:18:45.655-0300 [INFO] [org.gradle.internal.watch.registry.impl.NonHierarchicalFileWatcherUpdater] Watching 381 directories to track changes
2024-07-18T21:18:45.655-0300 [DEBUG] [org.gradle.internal.watch.vfs.impl.WatchingVirtualFileSystem] Handling VFS change REMOVED /home/adolfo/Proyectos_Android_Studio/mozaikos_little/android/build/intermediates/compressed_assets/debug/out/assets/Impact_352.png.jar
2024-07-18T21:18:45.655-0300 [INFO] [org.gradle.internal.watch.registry.impl.NonHierarchicalFileWatcherUpdater] Watching 381 directories to track changes
2024-07-18T21:18:45.655-0300 [DEBUG] [org.gradle.internal.watch.vfs.impl.WatchingVirtualFileSystem] Handling VFS change REMOVED /home/adolfo/Proyectos_Android_Studio/mozaikos_little/android/build/intermediates/compressed_assets/debug/out/assets/Uroob70.fnt.jar
2024-07-18T21:18:45.655-0300 [INFO] [org.gradle.internal.watch.registry.impl.NonHierarchicalFileWatcherUpdater] Watching 381 directories to track changes
2024-07-18T21:18:45.655-0300 [DEBUG] [org.gradle.internal.watch.vfs.impl.WatchingVirtualFileSystem] Handling VFS change REMOVED /home/adolfo/Proyectos_Android_Studio/mozaikos_little/android/build/intermediates/compressed_assets/debug/out/assets/final.jpg.jar
2024-07-18T21:18:45.655-0300 [INFO] [org.gradle.internal.watch.registry.impl.NonHierarchicalFileWatcherUpdater] Watching 381 directories to track changes
2024-07-18T21:18:45.655-0300 [DEBUG] [org.gradle.internal.watch.vfs.impl.WatchingVirtualFileSystem] Handling VFS change REMOVED /home/adolfo/Proyectos_Android_Studio/mozaikos_little/android/build/intermediates/compressed_assets/debug/out/assets/Fig_31.jpg.jar
2024-07-18T21:18:45.655-0300 [INFO] [org.gradle.internal.watch.registry.impl.NonHierarchicalFileWatcherUpdater] Watching 381 directories to track changes
2024-07-18T21:18:45.655-0300 [DEBUG] [org.gradle.internal.watch.vfs.impl.WatchingVirtualFileSystem] Handling VFS change REMOVED /home/adolfo/Proyectos_Android_Studio/mozaikos_little/android/build/intermediates/compressed_assets/debug/out/assets/cheering7.mp3.jar
2024-07-18T21:18:45.655-0300 [INFO] [org.gradle.internal.watch.registry.impl.NonHierarchicalFileWatcherUpdater] Watching 381 directories to track changes
2024-07-18T21:18:45.656-0300 [DEBUG] [org.gradle.internal.watch.vfs.impl.WatchingVirtualFileSystem] Handling VFS change REMOVED /home/adolfo/Proyectos_Android_Studio/mozaikos_little/android/build/intermediates/compressed_assets/debug/out/assets/Fig_14.jpg.jar
2024-07-18T21:18:45.656-0300 [INFO] [org.gradle.internal.watch.registry.impl.NonHierarchicalFileWatcherUpdater] Watching 381 directories to track changes
2024-07-18T21:18:45.656-0300 [DEBUG] [org.gradle.internal.watch.vfs.impl.WatchingVirtualFileSystem] Handling VFS change REMOVED /home/adolfo/Proyectos_Android_Studio/mozaikos_little/android/build/intermediates/compressed_assets/debug/out/assets/Fig_16.jpg.jar
2024-07-18T21:18:45.656-0300 [INFO] [org.gradle.internal.watch.registry.impl.NonHierarchicalFileWatcherUpdater] Watching 381 directories to track changes
2024-07-18T21:18:45.656-0300 [DEBUG] [org.gradle.internal.watch.vfs.impl.WatchingVirtualFileSystem] Handling VFS change REMOVED /home/adolfo/Proyectos_Android_Studio/mozaikos_little/android/build/intermediates/compressed_assets/debug/out/assets/Uroob70bolt1.png.jar
2024-07-18T21:18:45.656-0300 [INFO] [org.gradle.internal.watch.registry.impl.NonHierarchicalFileWatcherUpdater] Watching 381 directories to track changes
2024-07-18T21:18:45.656-0300 [DEBUG] [org.gradle.internal.watch.vfs.impl.WatchingVirtualFileSystem] Handling VFS change REMOVED /home/adolfo/Proyectos_Android_Studio/mozaikos_little/android/build/intermediates/compressed_assets/debug/out/assets/Impact_35.fnt.jar
2024-07-18T21:18:45.656-0300 [INFO] [org.gradle.internal.watch.registry.impl.NonHierarchicalFileWatcherUpdater] Watching 381 directories to track changes
2024-07-18T21:18:45.656-0300 [DEBUG] [org.gradle.internal.watch.vfs.impl.WatchingVirtualFileSystem] Handling VFS change REMOVED /home/adolfo/Proyectos_Android_Studio/mozaikos_little/android/build/intermediates/compressed_assets/debug/out/assets/ayuda3.jpg.jar
2024-07-18T21:18:45.656-0300 [INFO] [org.gradle.internal.watch.registry.impl.NonHierarchicalFileWatcherUpdater] Watching 381 directories to track changes
2024-07-18T21:18:45.656-0300 [DEBUG] [org.gradle.internal.watch.vfs.impl.WatchingVirtualFileSystem] Handling VFS change REMOVED /home/adolfo/Proyectos_Android_Studio/mozaikos_little/android/build/intermediates/compressed_assets/debug/out/assets/cheering0.mp3.jar
2024-07-18T21:18:45.656-0300 [INFO] [org.gradle.internal.watch.registry.impl.NonHierarchicalFileWatcherUpdater] Watching 381 directories to track changes
2024-07-18T21:18:45.656-0300 [DEBUG] [org.gradle.internal.watch.vfs.impl.WatchingVirtualFileSystem] Handling VFS change REMOVED /home/adolfo/Proyectos_Android_Studio/mozaikos_little/android/build/intermediates/compressed_assets/debug/out/assets/cheering5.mp3.jar
2024-07-18T21:18:45.656-0300 [INFO] [org.gradle.internal.watch.registry.impl.NonHierarchicalFileWatcherUpdater] Watching 381 directories to track changes
2024-07-18T21:18:45.657-0300 [DEBUG] [org.gradle.internal.watch.vfs.impl.WatchingVirtualFileSystem] Handling VFS change REMOVED /home/adolfo/Proyectos_Android_Studio/mozaikos_little/android/build/intermediates/compressed_assets/debug/out/assets/Fig_1.jpg.jar
2024-07-18T21:18:45.657-0300 [INFO] [org.gradle.internal.watch.registry.impl.NonHierarchicalFileWatcherUpdater] Watching 381 directories to track changes
2024-07-18T21:18:45.657-0300 [DEBUG] [org.gradle.internal.watch.vfs.impl.WatchingVirtualFileSystem] Handling VFS change REMOVED /home/adolfo/Proyectos_Android_Studio/mozaikos_little/android/build/intermediates/compressed_assets/debug/out/assets/cheering9.mp3.jar
2024-07-18T21:18:45.657-0300 [INFO] [org.gradle.internal.watch.registry.impl.NonHierarchicalFileWatcherUpdater] Watching 381 directories to track changes
2024-07-18T21:18:45.657-0300 [DEBUG] [org.gradle.internal.watch.vfs.impl.WatchingVirtualFileSystem] Handling VFS change REMOVED /home/adolfo/Proyectos_Android_Studio/mozaikos_little/android/build/intermediates/compressed_assets/debug/out/assets/Fig_34.jpg.jar
2024-07-18T21:18:45.657-0300 [INFO] [org.gradle.internal.watch.registry.impl.NonHierarchicalFileWatcherUpdater] Watching 381 directories to track changes
2024-07-18T21:18:45.657-0300 [DEBUG] [org.gradle.internal.watch.vfs.impl.WatchingVirtualFileSystem] Handling VFS change REMOVED /home/adolfo/Proyectos_Android_Studio/mozaikos_little/android/build/intermediates/compressed_assets/debug/out/assets/Fig_3.jpg.jar
2024-07-18T21:18:45.657-0300 [INFO] [org.gradle.internal.watch.registry.impl.NonHierarchicalFileWatcherUpdater] Watching 381 directories to track changes
2024-07-18T21:18:45.657-0300 [DEBUG] [org.gradle.internal.watch.vfs.impl.WatchingVirtualFileSystem] Handling VFS change REMOVED /home/adolfo/Proyectos_Android_Studio/mozaikos_little/android/build/intermediates/compressed_assets/debug/out/assets/Fig_39.jpg.jar
2024-07-18T21:18:45.658-0300 [INFO] [org.gradle.internal.watch.registry.impl.NonHierarchicalFileWatcherUpdater] Watching 381 directories to track changes
2024-07-18T21:18:45.658-0300 [DEBUG] [org.gradle.internal.watch.vfs.impl.WatchingVirtualFileSystem] Handling VFS change REMOVED /home/adolfo/Proyectos_Android_Studio/mozaikos_little/android/build/intermediates/compressed_assets/debug/out/assets/boxes.png.jar
2024-07-18T21:18:45.658-0300 [INFO] [org.gradle.internal.watch.registry.impl.NonHierarchicalFileWatcherUpdater] Watching 381 directories to track changes
2024-07-18T21:18:45.658-0300 [DEBUG] [org.gradle.internal.watch.vfs.impl.WatchingVirtualFileSystem] Handling VFS change REMOVED /home/adolfo/Proyectos_Android_Studio/mozaikos_little/android/build/intermediates/compressed_assets/debug/out/assets/cheering2.mp3.jar
2024-07-18T21:18:45.658-0300 [INFO] [org.gradle.internal.watch.registry.impl.NonHierarchicalFileWatcherUpdater] Watching 381 directories to track changes
2024-07-18T21:18:45.658-0300 [DEBUG] [org.gradle.internal.watch.vfs.impl.WatchingVirtualFileSystem] Handling VFS change REMOVED /home/adolfo/Proyectos_Android_Studio/mozaikos_little/android/build/intermediates/compressed_assets/debug/out/assets/cheering16.mp3.jar
2024-07-18T21:18:45.658-0300 [INFO] [org.gradle.internal.watch.registry.impl.NonHierarchicalFileWatcherUpdater] Watching 381 directories to track changes
2024-07-18T21:18:45.658-0300 [DEBUG] [org.gradle.internal.watch.vfs.impl.WatchingVirtualFileSystem] Handling VFS change REMOVED /home/adolfo/Proyectos_Android_Studio/mozaikos_little/android/build/intermediates/compressed_assets/debug/out/assets/Fig_17.jpg.jar
2024-07-18T21:18:45.658-0300 [INFO] [org.gradle.internal.watch.registry.impl.NonHierarchicalFileWatcherUpdater] Watching 381 directories to track changes
2024-07-18T21:18:45.659-0300 [DEBUG] [org.gradle.internal.watch.vfs.impl.WatchingVirtualFileSystem] Handling VFS change REMOVED /home/adolfo/Proyectos_Android_Studio/mozaikos_little/android/build/intermediates/compressed_assets/debug/out/assets/Fig_27.jpg.jar
2024-07-18T21:18:45.659-0300 [INFO] [org.gradle.internal.watch.registry.impl.NonHierarchicalFileWatcherUpdater] Watching 381 directories to track changes
2024-07-18T21:18:45.659-0300 [DEBUG] [org.gradle.internal.watch.vfs.impl.WatchingVirtualFileSystem] Handling VFS change REMOVED /home/adolfo/Proyectos_Android_Studio/mozaikos_little/android/build/intermediates/compressed_assets/debug/out/assets/cheering1.mp3.jar
2024-07-18T21:18:45.659-0300 [INFO] [org.gradle.internal.watch.registry.impl.NonHierarchicalFileWatcherUpdater] Watching 381 directories to track changes
2024-07-18T21:18:45.659-0300 [DEBUG] [org.gradle.internal.watch.vfs.impl.WatchingVirtualFileSystem] Handling VFS change REMOVED /home/adolfo/Proyectos_Android_Studio/mozaikos_little/android/build/intermediates/compressed_assets/debug/out/assets/cheering14.mp3.jar
2024-07-18T21:18:45.659-0300 [INFO] [org.gradle.internal.watch.registry.impl.NonHierarchicalFileWatcherUpdater] Watching 381 directories to track changes
2024-07-18T21:18:45.659-0300 [DEBUG] [org.gradle.internal.watch.vfs.impl.WatchingVirtualFileSystem] Handling VFS change REMOVED /home/adolfo/Proyectos_Android_Studio/mozaikos_little/android/build/intermediates/compressed_assets/debug/out/assets/cheering13.mp3.jar
2024-07-18T21:18:45.659-0300 [INFO] [org.gradle.internal.watch.registry.impl.NonHierarchicalFileWatcherUpdater] Watching 381 directories to track changes
2024-07-18T21:18:45.659-0300 [DEBUG] [org.gradle.internal.watch.vfs.impl.WatchingVirtualFileSystem] Handling VFS change REMOVED /home/adolfo/Proyectos_Android_Studio/mozaikos_little/android/build/intermediates/compressed_assets/debug/out/assets/Fig_4.jpg.jar
2024-07-18T21:18:45.659-0300 [INFO] [org.gradle.internal.watch.registry.impl.NonHierarchicalFileWatcherUpdater] Watching 381 directories to track changes
2024-07-18T21:18:45.660-0300 [DEBUG] [org.gradle.internal.watch.vfs.impl.WatchingVirtualFileSystem] Handling VFS change REMOVED /home/adolfo/Proyectos_Android_Studio/mozaikos_little/android/build/intermediates/compressed_assets/debug/out/assets/Fig_5.jpg.jar
2024-07-18T21:18:45.660-0300 [INFO] [org.gradle.internal.watch.registry.impl.NonHierarchicalFileWatcherUpdater] Watching 381 directories to track changes
2024-07-18T21:18:45.660-0300 [DEBUG] [org.gradle.internal.watch.vfs.impl.WatchingVirtualFileSystem] Handling VFS change REMOVED /home/adolfo/Proyectos_Android_Studio/mozaikos_little/android/build/intermediates/compressed_assets/debug/out/assets/badlogic.jpg.jar
2024-07-18T21:18:45.660-0300 [INFO] [org.gradle.internal.watch.registry.impl.NonHierarchicalFileWatcherUpdater] Watching 381 directories to track changes
2024-07-18T21:18:45.660-0300 [DEBUG] [org.gradle.internal.watch.vfs.impl.WatchingVirtualFileSystem] Handling VFS change REMOVED /home/adolfo/Proyectos_Android_Studio/mozaikos_little/android/build/intermediates/compressed_assets/debug/out/assets/Fig_2.jpg.jar
2024-07-18T21:18:45.661-0300 [INFO] [org.gradle.internal.watch.registry.impl.NonHierarchicalFileWatcherUpdater] Watching 381 directories to track changes
2024-07-18T21:18:45.661-0300 [DEBUG] [org.gradle.internal.watch.vfs.impl.WatchingVirtualFileSystem] Handling VFS change REMOVED /home/adolfo/Proyectos_Android_Studio/mozaikos_little/android/build/intermediates/compressed_assets/debug/out/assets/bClick.mp3.jar
2024-07-18T21:18:45.661-0300 [INFO] [org.gradle.internal.watch.registry.impl.NonHierarchicalFileWatcherUpdater] Watching 381 directories to track changes
2024-07-18T21:18:45.661-0300 [DEBUG] [org.gradle.internal.watch.vfs.impl.WatchingVirtualFileSystem] Handling VFS change REMOVED /home/adolfo/Proyectos_Android_Studio/mozaikos_little/android/build/intermediates/compressed_assets/debug/out/assets/Fig_12.jpg.jar
2024-07-18T21:18:45.661-0300 [INFO] [org.gradle.internal.watch.registry.impl.NonHierarchicalFileWatcherUpdater] Watching 381 directories to track changes
2024-07-18T21:18:45.661-0300 [DEBUG] [org.gradle.internal.watch.vfs.impl.WatchingVirtualFileSystem] Handling VFS change REMOVED /home/adolfo/Proyectos_Android_Studio/mozaikos_little/android/build/intermediates/compressed_assets/debug/out/assets/cheering11.mp3.jar
2024-07-18T21:18:45.661-0300 [INFO] [org.gradle.internal.watch.registry.impl.NonHierarchicalFileWatcherUpdater] Watching 381 directories to track changes
2024-07-18T21:18:45.661-0300 [DEBUG] [org.gradle.internal.watch.vfs.impl.WatchingVirtualFileSystem] Handling VFS change REMOVED /home/adolfo/Proyectos_Android_Studio/mozaikos_little/android/build/intermediates/compressed_assets/debug/out/assets/Fig_33.jpg.jar
2024-07-18T21:18:45.662-0300 [INFO] [org.gradle.internal.watch.registry.impl.NonHierarchicalFileWatcherUpdater] Watching 381 directories to track changes
2024-07-18T21:18:45.662-0300 [DEBUG] [org.gradle.internal.watch.vfs.impl.WatchingVirtualFileSystem] Handling VFS change REMOVED /home/adolfo/Proyectos_Android_Studio/mozaikos_little/android/build/intermediates/compressed_assets/debug/out/assets/Fig_9.jpg.jar
2024-07-18T21:18:45.662-0300 [INFO] [org.gradle.internal.watch.registry.impl.NonHierarchicalFileWatcherUpdater] Watching 381 directories to track changes
2024-07-18T21:18:45.662-0300 [DEBUG] [org.gradle.internal.watch.vfs.impl.WatchingVirtualFileSystem] Handling VFS change REMOVED /home/adolfo/Proyectos_Android_Studio/mozaikos_little/android/build/intermediates/compressed_assets/debug/out/assets/ayuda1.png.jar
2024-07-18T21:18:45.662-0300 [INFO] [org.gradle.internal.watch.registry.impl.NonHierarchicalFileWatcherUpdater] Watching 381 directories to track changes
2024-07-18T21:18:45.662-0300 [DEBUG] [org.gradle.internal.watch.vfs.impl.WatchingVirtualFileSystem] Handling VFS change REMOVED /home/adolfo/Proyectos_Android_Studio/mozaikos_little/android/build/intermediates/compressed_assets/debug/out/assets/Fig_18.jpg.jar
2024-07-18T21:18:45.662-0300 [INFO] [org.gradle.internal.watch.registry.impl.NonHierarchicalFileWatcherUpdater] Watching 381 directories to track changes
2024-07-18T21:18:45.663-0300 [DEBUG] [org.gradle.internal.watch.vfs.impl.WatchingVirtualFileSystem] Handling VFS change REMOVED /home/adolfo/Proyectos_Android_Studio/mozaikos_little/android/build/intermediates/compressed_assets/debug/out/assets/Fig_7.jpg.jar
2024-07-18T21:18:45.663-0300 [INFO] [org.gradle.internal.watch.registry.impl.NonHierarchicalFileWatcherUpdater] Watching 381 directories to track changes
2024-07-18T21:18:45.663-0300 [DEBUG] [org.gradle.internal.watch.vfs.impl.WatchingVirtualFileSystem] Handling VFS change REMOVED /home/adolfo/Proyectos_Android_Studio/mozaikos_little/android/build/intermediates/compressed_assets/debug/out/assets/Fig_21.jpg.jar
2024-07-18T21:18:45.663-0300 [INFO] [org.gradle.internal.watch.registry.impl.NonHierarchicalFileWatcherUpdater] Watching 381 directories to track changes
2024-07-18T21:18:45.663-0300 [DEBUG] [org.gradle.internal.watch.vfs.impl.WatchingVirtualFileSystem] Handling VFS change REMOVED /home/adolfo/Proyectos_Android_Studio/mozaikos_little/android/build/intermediates/compressed_assets/debug/out/assets/Fig_30.jpg.jar
2024-07-18T21:18:45.663-0300 [INFO] [org.gradle.internal.watch.registry.impl.NonHierarchicalFileWatcherUpdater] Watching 381 directories to track changes
2024-07-18T21:18:45.664-0300 [DEBUG] [org.gradle.internal.watch.vfs.impl.WatchingVirtualFileSystem] Handling VFS change REMOVED /home/adolfo/Proyectos_Android_Studio/mozaikos_little/android/build/intermediates/compressed_assets/debug/out/assets/cheering10.mp3.jar
2024-07-18T21:18:45.664-0300 [INFO] [org.gradle.internal.watch.registry.impl.NonHierarchicalFileWatcherUpdater] Watching 381 directories to track changes
2024-07-18T21:18:45.664-0300 [DEBUG] [org.gradle.internal.watch.vfs.impl.WatchingVirtualFileSystem] Handling VFS change REMOVED /home/adolfo/Proyectos_Android_Studio/mozaikos_little/android/build/intermediates/compressed_assets/debug/out/assets/Fig_8.jpg.jar
2024-07-18T21:18:45.664-0300 [INFO] [org.gradle.internal.watch.registry.impl.NonHierarchicalFileWatcherUpdater] Watching 381 directories to track changes
2024-07-18T21:18:45.664-0300 [DEBUG] [org.gradle.internal.watch.vfs.impl.WatchingVirtualFileSystem] Handling VFS change REMOVED /home/adolfo/Proyectos_Android_Studio/mozaikos_little/android/build/intermediates/compressed_assets/debug/out/assets/Fig_38.jpg.jar
2024-07-18T21:18:45.664-0300 [INFO] [org.gradle.internal.watch.registry.impl.NonHierarchicalFileWatcherUpdater] Watching 381 directories to track changes
2024-07-18T21:18:45.664-0300 [DEBUG] [org.gradle.internal.watch.vfs.impl.WatchingVirtualFileSystem] Handling VFS change REMOVED /home/adolfo/Proyectos_Android_Studio/mozaikos_little/android/build/intermediates/compressed_assets/debug/out/assets/ayuda2.png.jar
2024-07-18T21:18:45.664-0300 [INFO] [org.gradle.internal.watch.registry.impl.NonHierarchicalFileWatcherUpdater] Watching 381 directories to track changes
2024-07-18T21:18:45.664-0300 [DEBUG] [org.gradle.internal.watch.vfs.impl.WatchingVirtualFileSystem] Handling VFS change REMOVED /home/adolfo/Proyectos_Android_Studio/mozaikos_little/android/build/intermediates/compressed_assets/debug/out/assets/Fig_40.jpg.jar
2024-07-18T21:18:45.664-0300 [INFO] [org.gradle.internal.watch.registry.impl.NonHierarchicalFileWatcherUpdater] Watching 381 directories to track changes
2024-07-18T21:18:45.664-0300 [DEBUG] [org.gradle.internal.watch.vfs.impl.WatchingVirtualFileSystem] Handling VFS change REMOVED /home/adolfo/Proyectos_Android_Studio/mozaikos_little/android/build/intermediates/compressed_assets/debug/out/assets/gp_icono.png.jar
2024-07-18T21:18:45.664-0300 [INFO] [org.gradle.internal.watch.registry.impl.NonHierarchicalFileWatcherUpdater] Watching 381 directories to track changes
2024-07-18T21:18:45.665-0300 [DEBUG] [org.gradle.internal.watch.vfs.impl.WatchingVirtualFileSystem] Handling VFS change REMOVED /home/adolfo/Proyectos_Android_Studio/mozaikos_little/android/build/intermediates/compressed_assets/debug/out/assets/share2.png.jar
2024-07-18T21:18:45.665-0300 [INFO] [org.gradle.internal.watch.registry.impl.NonHierarchicalFileWatcherUpdater] Watching 381 directories to track changes
2024-07-18T21:18:45.665-0300 [DEBUG] [org.gradle.internal.watch.vfs.impl.WatchingVirtualFileSystem] Handling VFS change REMOVED /home/adolfo/Proyectos_Android_Studio/mozaikos_little/android/build/intermediates/compressed_assets/debug/out/assets/Fig_37.jpg.jar
2024-07-18T21:18:45.665-0300 [INFO] [org.gradle.internal.watch.registry.impl.NonHierarchicalFileWatcherUpdater] Watching 381 directories to track changes
2024-07-18T21:18:45.665-0300 [DEBUG] [org.gradle.internal.watch.vfs.impl.WatchingVirtualFileSystem] Handling VFS change REMOVED /home/adolfo/Proyectos_Android_Studio/mozaikos_little/android/build/intermediates/compressed_assets/debug/out/assets/cheering12.mp3.jar
2024-07-18T21:18:45.665-0300 [INFO] [org.gradle.internal.watch.registry.impl.NonHierarchicalFileWatcherUpdater] Watching 381 directories to track changes
2024-07-18T21:18:45.665-0300 [DEBUG] [org.gradle.internal.watch.vfs.impl.WatchingVirtualFileSystem] Handling VFS change REMOVED /home/adolfo/Proyectos_Android_Studio/mozaikos_little/android/build/intermediates/compressed_assets/debug/out/assets/Fig_0.jpg.jar
2024-07-18T21:18:45.665-0300 [INFO] [org.gradle.internal.watch.registry.impl.NonHierarchicalFileWatcherUpdater] Watching 381 directories to track changes
2024-07-18T21:18:45.665-0300 [DEBUG] [org.gradle.internal.watch.vfs.impl.WatchingVirtualFileSystem] Handling VFS change REMOVED /home/adolfo/Proyectos_Android_Studio/mozaikos_little/android/build/intermediates/compressed_assets/debug/out/assets/Fig_41.jpg.jar
2024-07-18T21:18:45.665-0300 [INFO] [org.gradle.internal.watch.registry.impl.NonHierarchicalFileWatcherUpdater] Watching 381 directories to track changes
2024-07-18T21:18:45.665-0300 [DEBUG] [org.gradle.internal.watch.vfs.impl.WatchingVirtualFileSystem] Handling VFS change REMOVED /home/adolfo/Proyectos_Android_Studio/mozaikos_little/android/build/intermediates/compressed_assets/debug/out/assets/share.png.jar
2024-07-18T21:18:45.665-0300 [INFO] [org.gradle.internal.watch.registry.impl.NonHierarchicalFileWatcherUpdater] Watching 381 directories to track changes
2024-07-18T21:18:45.666-0300 [DEBUG] [org.gradle.internal.watch.vfs.impl.WatchingVirtualFileSystem] Handling VFS change REMOVED /home/adolfo/Proyectos_Android_Studio/mozaikos_little/android/build/intermediates/compressed_assets/debug/out/assets/Fig_24.jpg.jar
2024-07-18T21:18:45.666-0300 [INFO] [org.gradle.internal.watch.registry.impl.NonHierarchicalFileWatcherUpdater] Watching 381 directories to track changes
2024-07-18T21:18:45.666-0300 [DEBUG] [org.gradle.internal.watch.vfs.impl.WatchingVirtualFileSystem] Handling VFS change REMOVED /home/adolfo/Proyectos_Android_Studio/mozaikos_little/android/build/intermediates/compressed_assets/debug/out/assets/cheering15.mp3.jar
2024-07-18T21:18:45.666-0300 [INFO] [org.gradle.internal.watch.registry.impl.NonHierarchicalFileWatcherUpdater] Watching 381 directories to track changes
2024-07-18T21:18:45.666-0300 [DEBUG] [org.gradle.internal.watch.vfs.impl.WatchingVirtualFileSystem] Handling VFS change REMOVED /home/adolfo/Proyectos_Android_Studio/mozaikos_little/android/build/intermediates/compressed_assets/debug/out/assets/cheering8.mp3.jar
2024-07-18T21:18:45.666-0300 [INFO] [org.gradle.internal.watch.registry.impl.NonHierarchicalFileWatcherUpdater] Watching 381 directories to track changes
2024-07-18T21:18:45.666-0300 [DEBUG] [org.gradle.internal.watch.vfs.impl.WatchingVirtualFileSystem] Handling VFS change REMOVED /home/adolfo/Proyectos_Android_Studio/mozaikos_little/android/build/intermediates/compressed_assets/debug/out/assets/Uroob70bolt.fnt.jar
2024-07-18T21:18:45.666-0300 [INFO] [org.gradle.internal.watch.registry.impl.NonHierarchicalFileWatcherUpdater] Watching 381 directories to track changes
2024-07-18T21:18:45.666-0300 [DEBUG] [org.gradle.internal.watch.vfs.impl.WatchingVirtualFileSystem] Handling VFS change REMOVED /home/adolfo/Proyectos_Android_Studio/mozaikos_little/android/build/intermediates/compressed_assets/debug/out/assets/ayuda2en.png.jar
2024-07-18T21:18:45.666-0300 [INFO] [org.gradle.internal.watch.registry.impl.NonHierarchicalFileWatcherUpdater] Watching 381 directories to track changes
2024-07-18T21:18:45.666-0300 [DEBUG] [org.gradle.internal.watch.vfs.impl.WatchingVirtualFileSystem] Handling VFS change REMOVED /home/adolfo/Proyectos_Android_Studio/mozaikos_little/android/build/intermediates/compressed_assets/debug/out/assets/pack.png.jar
2024-07-18T21:18:45.666-0300 [INFO] [org.gradle.internal.watch.registry.impl.NonHierarchicalFileWatcherUpdater] Watching 381 directories to track changes
2024-07-18T21:18:45.667-0300 [DEBUG] [org.gradle.internal.watch.vfs.impl.WatchingVirtualFileSystem] Handling VFS change REMOVED /home/adolfo/Proyectos_Android_Studio/mozaikos_little/android/build/intermediates/compressed_assets/debug/out/assets/Uroob70bolt2.png.jar
2024-07-18T21:18:45.667-0300 [INFO] [org.gradle.internal.watch.registry.impl.NonHierarchicalFileWatcherUpdater] Watching 381 directories to track changes
2024-07-18T21:18:45.667-0300 [DEBUG] [org.gradle.internal.watch.vfs.impl.WatchingVirtualFileSystem] Handling VFS change REMOVED /home/adolfo/Proyectos_Android_Studio/mozaikos_little/android/build/intermediates/compressed_assets/debug/out/assets/Fig_26.jpg.jar
2024-07-18T21:18:45.667-0300 [INFO] [org.gradle.internal.watch.registry.impl.NonHierarchicalFileWatcherUpdater] Watching 381 directories to track changes
2024-07-18T21:18:45.667-0300 [DEBUG] [org.gradle.internal.watch.vfs.impl.WatchingVirtualFileSystem] Handling VFS change REMOVED /home/adolfo/Proyectos_Android_Studio/mozaikos_little/android/build/intermediates/compressed_assets/debug/out/assets/tapa.png.jar
2024-07-18T21:18:45.667-0300 [INFO] [org.gradle.internal.watch.registry.impl.NonHierarchicalFileWatcherUpdater] Watching 381 directories to track changes
2024-07-18T21:18:45.668-0300 [DEBUG] [org.gradle.internal.watch.vfs.impl.WatchingVirtualFileSystem] Handling VFS change REMOVED /home/adolfo/Proyectos_Android_Studio/mozaikos_little/android/build/intermediates/compressed_assets/debug/out/assets/Fig_32.jpg.jar
2024-07-18T21:18:45.668-0300 [INFO] [org.gradle.internal.watch.registry.impl.NonHierarchicalFileWatcherUpdater] Watching 381 directories to track changes
2024-07-18T21:18:45.668-0300 [DEBUG] [org.gradle.internal.watch.vfs.impl.WatchingVirtualFileSystem] Handling VFS change REMOVED /home/adolfo/Proyectos_Android_Studio/mozaikos_little/android/build/intermediates/compressed_assets/debug/out/assets/Fig_25.jpg.jar
2024-07-18T21:18:45.668-0300 [INFO] [org.gradle.internal.watch.registry.impl.NonHierarchicalFileWatcherUpdater] Watching 381 directories to track changes
2024-07-18T21:18:45.668-0300 [DEBUG] [org.gradle.internal.watch.vfs.impl.WatchingVirtualFileSystem] Handling VFS change REMOVED /home/adolfo/Proyectos_Android_Studio/mozaikos_little/android/build/intermediates/compressed_assets/debug/out/assets/cheering6.mp3.jar
2024-07-18T21:18:45.668-0300 [INFO] [org.gradle.internal.watch.registry.impl.NonHierarchicalFileWatcherUpdater] Watching 380 directories to track changes
2024-07-18T21:18:45.668-0300 [INFO] [net.rubygrapefruit.platform.internal.jni.NativeLogger] Path is not watched: /home/adolfo/Proyectos_Android_Studio/mozaikos_little/android/build/intermediates/compressed_assets/debug/out/assets
2024-07-18T21:18:45.668-0300 [DEBUG] [org.gradle.internal.watch.registry.impl.NonHierarchicalFileWatcherUpdater] Couldn't stop watching directories: [/home/adolfo/Proyectos_Android_Studio/mozaikos_little/android/build/intermediates/compressed_assets/debug/out/assets]
2024-07-18T21:18:45.668-0300 [DEBUG] [org.gradle.internal.watch.vfs.impl.WatchingVirtualFileSystem] Handling VFS change REMOVED /home/adolfo/Proyectos_Android_Studio/mozaikos_little/android/build/intermediates/compressed_assets/debug/out/assets
2024-07-18T21:18:49.088-0300 [DEBUG] [org.gradle.cache.internal.DefaultFileLockManager] Waiting to acquire shared lock on daemon addresses registry.
2024-07-18T21:18:49.103-0300 [DEBUG] [org.gradle.cache.internal.DefaultFileLockManager] Lock acquired on daemon addresses registry.
2024-07-18T21:18:49.115-0300 [DEBUG] [org.gradle.cache.internal.DefaultFileLockManager] Releasing lock on daemon addresses registry.
2024-07-18T21:18:49.319-0300 [DEBUG] [org.gradle.cache.internal.DefaultFileLockManager] Waiting to acquire shared lock on daemon addresses registry.
2024-07-18T21:18:49.320-0300 [DEBUG] [org.gradle.cache.internal.DefaultFileLockManager] Lock acquired on daemon addresses registry.
2024-07-18T21:18:49.320-0300 [DEBUG] [org.gradle.cache.internal.DefaultFileLockManager] Releasing lock on daemon addresses registry.
2024-07-18T21:18:49.320-0300 [DEBUG] [org.gradle.cache.internal.DefaultFileLockManager] Waiting to acquire shared lock on daemon addresses registry.
2024-07-18T21:18:49.320-0300 [DEBUG] [org.gradle.cache.internal.DefaultFileLockManager] Lock acquired on daemon addresses registry.
2024-07-18T21:18:49.320-0300 [DEBUG] [org.gradle.cache.internal.DefaultFileLockManager] Releasing lock on daemon addresses registry.
2024-07-18T21:18:51.930-0300 [DEBUG] [org.gradle.internal.watch.vfs.impl.WatchingVirtualFileSystem] Handling VFS change REMOVED /home/adolfo/Proyectos_Android_Studio/mozaikos_little/android/build/intermediates/incremental/debug-mergeJavaRes/zip-cache/OqrY89Zts1aRPHF6QPeW3orX6zk=
2024-07-18T21:18:51.971-0300 [INFO] [org.gradle.internal.watch.registry.impl.NonHierarchicalFileWatcherUpdater] Watching 380 directories to track changes
2024-07-18T21:18:51.971-0300 [DEBUG] [org.gradle.internal.watch.vfs.impl.WatchingVirtualFileSystem] Handling VFS change REMOVED /home/adolfo/Proyectos_Android_Studio/mozaikos_little/android/build/intermediates/incremental/debug-mergeJavaRes/zip-cache/IspCyu8XjpC1nsVs2Y_YF+sU25M=
2024-07-18T21:18:51.971-0300 [INFO] [org.gradle.internal.watch.registry.impl.NonHierarchicalFileWatcherUpdater] Watching 380 directories to track changes
2024-07-18T21:18:51.971-0300 [DEBUG] [org.gradle.internal.watch.vfs.impl.WatchingVirtualFileSystem] Handling VFS change REMOVED /home/adolfo/Proyectos_Android_Studio/mozaikos_little/android/build/intermediates/incremental/debug-mergeJavaRes/zip-cache/hETjSyNjzl_tjLG9Vg+QUMqx0+c=
2024-07-18T21:18:51.971-0300 [INFO] [org.gradle.internal.watch.registry.impl.NonHierarchicalFileWatcherUpdater] Watching 380 directories to track changes
2024-07-18T21:18:51.971-0300 [DEBUG] [org.gradle.internal.watch.vfs.impl.WatchingVirtualFileSystem] Handling VFS change REMOVED /home/adolfo/Proyectos_Android_Studio/mozaikos_little/android/build/intermediates/incremental/debug-mergeJavaRes/zip-cache/Ml422qNRd0PvWbw6eSCHC8xzoas=
2024-07-18T21:18:51.972-0300 [INFO] [org.gradle.internal.watch.registry.impl.NonHierarchicalFileWatcherUpdater] Watching 380 directories to track changes
2024-07-18T21:18:51.972-0300 [DEBUG] [org.gradle.internal.watch.vfs.impl.WatchingVirtualFileSystem] Handling VFS change REMOVED /home/adolfo/Proyectos_Android_Studio/mozaikos_little/android/build/intermediates/incremental/debug-mergeJavaRes/zip-cache/Zz0ZupPRlX_TC3qqOE0sL4rrLNs=
2024-07-18T21:18:51.972-0300 [INFO] [org.gradle.internal.watch.registry.impl.NonHierarchicalFileWatcherUpdater] Watching 380 directories to track changes
2024-07-18T21:18:51.972-0300 [DEBUG] [org.gradle.internal.watch.vfs.impl.WatchingVirtualFileSystem] Handling VFS change REMOVED /home/adolfo/Proyectos_Android_Studio/mozaikos_little/android/build/intermediates/incremental/debug-mergeJavaRes/zip-cache/A2rhHuRF5YAJDxsdTzMdYlq9yMs=
2024-07-18T21:18:51.972-0300 [INFO] [org.gradle.internal.watch.registry.impl.NonHierarchicalFileWatcherUpdater] Watching 380 directories to track changes
2024-07-18T21:18:51.972-0300 [DEBUG] [org.gradle.internal.watch.vfs.impl.WatchingVirtualFileSystem] Handling VFS change REMOVED /home/adolfo/Proyectos_Android_Studio/mozaikos_little/android/build/intermediates/incremental/debug-mergeJavaRes/zip-cache/J8LYBe7XVLwH+W00jEdHeNUOvZU=
2024-07-18T21:18:51.972-0300 [INFO] [org.gradle.internal.watch.registry.impl.NonHierarchicalFileWatcherUpdater] Watching 380 directories to track changes
2024-07-18T21:18:51.972-0300 [DEBUG] [org.gradle.internal.watch.vfs.impl.WatchingVirtualFileSystem] Handling VFS change REMOVED /home/adolfo/Proyectos_Android_Studio/mozaikos_little/android/build/intermediates/incremental/debug-mergeJavaRes/zip-cache/9rmBVPAgMK+JAQz4kmN2NuP3k40=
2024-07-18T21:18:51.972-0300 [INFO] [org.gradle.internal.watch.registry.impl.NonHierarchicalFileWatcherUpdater] Watching 380 directories to track changes
2024-07-18T21:18:51.972-0300 [DEBUG] [org.gradle.internal.watch.vfs.impl.WatchingVirtualFileSystem] Handling VFS change REMOVED /home/adolfo/Proyectos_Android_Studio/mozaikos_little/android/build/intermediates/incremental/debug-mergeJavaRes/zip-cache/z525yj+1L_WeBK5QUQM2zxrDaWo=
2024-07-18T21:18:51.972-0300 [INFO] [org.gradle.internal.watch.registry.impl.NonHierarchicalFileWatcherUpdater] Watching 380 directories to track changes
2024-07-18T21:18:51.972-0300 [DEBUG] [org.gradle.internal.watch.vfs.impl.WatchingVirtualFileSystem] Handling VFS change REMOVED /home/adolfo/Proyectos_Android_Studio/mozaikos_little/android/build/intermediates/incremental/debug-mergeJavaRes/zip-cache/Emn_8LwdBY8W_yqjL25ZChZ77e8=
2024-07-18T21:18:51.972-0300 [INFO] [org.gradle.internal.watch.registry.impl.NonHierarchicalFileWatcherUpdater] Watching 380 directories to track changes
2024-07-18T21:18:51.972-0300 [DEBUG] [org.gradle.internal.watch.vfs.impl.WatchingVirtualFileSystem] Handling VFS change REMOVED /home/adolfo/Proyectos_Android_Studio/mozaikos_little/android/build/intermediates/incremental/debug-mergeJavaRes/zip-cache/1yz30az11Q08uTEtriUAdh1rEaA=
2024-07-18T21:18:51.973-0300 [INFO] [org.gradle.internal.watch.registry.impl.NonHierarchicalFileWatcherUpdater] Watching 380 directories to track changes
2024-07-18T21:18:51.973-0300 [DEBUG] [org.gradle.internal.watch.vfs.impl.WatchingVirtualFileSystem] Handling VFS change REMOVED /home/adolfo/Proyectos_Android_Studio/mozaikos_little/android/build/intermediates/incremental/debug-mergeJavaRes/zip-cache/x1ctpQIuOSyBgE6Vqv0umAskH6Y=
2024-07-18T21:18:51.973-0300 [INFO] [org.gradle.internal.watch.registry.impl.NonHierarchicalFileWatcherUpdater] Watching 380 directories to track changes
2024-07-18T21:18:51.973-0300 [DEBUG] [org.gradle.internal.watch.vfs.impl.WatchingVirtualFileSystem] Handling VFS change REMOVED /home/adolfo/Proyectos_Android_Studio/mozaikos_little/android/build/intermediates/incremental/debug-mergeJavaRes/zip-cache/zdDnRaKIvQUSKcl0_Bps0+TJHHk=
2024-07-18T21:18:51.973-0300 [INFO] [org.gradle.internal.watch.registry.impl.NonHierarchicalFileWatcherUpdater] Watching 380 directories to track changes
2024-07-18T21:18:51.973-0300 [DEBUG] [org.gradle.internal.watch.vfs.impl.WatchingVirtualFileSystem] Handling VFS change REMOVED /home/adolfo/Proyectos_Android_Studio/mozaikos_little/android/build/intermediates/incremental/debug-mergeJavaRes/zip-cache/R9Hf9xJWOv867u_BtLRM9HLLLoo=
2024-07-18T21:18:51.973-0300 [INFO] [org.gradle.internal.watch.registry.impl.NonHierarchicalFileWatcherUpdater] Watching 380 directories to track changes
2024-07-18T21:18:51.973-0300 [DEBUG] [org.gradle.internal.watch.vfs.impl.WatchingVirtualFileSystem] Handling VFS change REMOVED /home/adolfo/Proyectos_Android_Studio/mozaikos_little/android/build/intermediates/incremental/debug-mergeJavaRes/zip-cache/TBSgEubtlLS6Prg6ULdwKU16_MU=
2024-07-18T21:18:51.973-0300 [INFO] [org.gradle.internal.watch.registry.impl.NonHierarchicalFileWatcherUpdater] Watching 380 directories to track changes
2024-07-18T21:18:51.973-0300 [DEBUG] [org.gradle.internal.watch.vfs.impl.WatchingVirtualFileSystem] Handling VFS change REMOVED /home/adolfo/Proyectos_Android_Studio/mozaikos_little/android/build/intermediates/incremental/debug-mergeJavaRes/zip-cache/u3Idj7Eqp53xIEQ7px3KHFP5r_c=
2024-07-18T21:18:51.973-0300 [INFO] [org.gradle.internal.watch.registry.impl.NonHierarchicalFileWatcherUpdater] Watching 380 directories to track changes
2024-07-18T21:18:51.973-0300 [DEBUG] [org.gradle.internal.watch.vfs.impl.WatchingVirtualFileSystem] Handling VFS change REMOVED /home/adolfo/Proyectos_Android_Studio/mozaikos_little/android/build/intermediates/incremental/debug-mergeJavaRes/zip-cache/aIv_gjRz+uYugXfX2i0MJ0c4X80=
2024-07-18T21:18:51.973-0300 [INFO] [org.gradle.internal.watch.registry.impl.NonHierarchicalFileWatcherUpdater] Watching 380 directories to track changes
2024-07-18T21:18:51.973-0300 [DEBUG] [org.gradle.internal.watch.vfs.impl.WatchingVirtualFileSystem] Handling VFS change REMOVED /home/adolfo/Proyectos_Android_Studio/mozaikos_little/android/build/intermediates/incremental/debug-mergeJavaRes/zip-cache/XoQIN9rN6cvDo+F+9P+yF8otCWo=
2024-07-18T21:18:51.973-0300 [INFO] [org.gradle.internal.watch.registry.impl.NonHierarchicalFileWatcherUpdater] Watching 380 directories to track changes
2024-07-18T21:18:51.974-0300 [DEBUG] [org.gradle.internal.watch.vfs.impl.WatchingVirtualFileSystem] Handling VFS change REMOVED /home/adolfo/Proyectos_Android_Studio/mozaikos_little/android/build/intermediates/incremental/debug-mergeJavaRes/zip-cache/QUN4Sg9xFPFQ1UbxwQa5kHheXVg=
2024-07-18T21:18:51.974-0300 [INFO] [org.gradle.internal.watch.registry.impl.NonHierarchicalFileWatcherUpdater] Watching 380 directories to track changes
2024-07-18T21:18:51.974-0300 [DEBUG] [org.gradle.internal.watch.vfs.impl.WatchingVirtualFileSystem] Handling VFS change REMOVED /home/adolfo/Proyectos_Android_Studio/mozaikos_little/android/build/intermediates/incremental/debug-mergeJavaRes/zip-cache/kQVWs8mUD1zeSbDT7K0Tjv8gHhE=
2024-07-18T21:18:51.974-0300 [INFO] [org.gradle.internal.watch.registry.impl.NonHierarchicalFileWatcherUpdater] Watching 380 directories to track changes
2024-07-18T21:18:51.974-0300 [DEBUG] [org.gradle.internal.watch.vfs.impl.WatchingVirtualFileSystem] Handling VFS change REMOVED /home/adolfo/Proyectos_Android_Studio/mozaikos_little/android/build/intermediates/incremental/debug-mergeJavaRes/zip-cache/48qHEF53QNYHBjJeVjQj_bFsco0=
2024-07-18T21:18:51.974-0300 [INFO] [org.gradle.internal.watch.registry.impl.NonHierarchicalFileWatcherUpdater] Watching 380 directories to track changes
2024-07-18T21:18:51.974-0300 [DEBUG] [org.gradle.internal.watch.vfs.impl.WatchingVirtualFileSystem] Handling VFS change REMOVED /home/adolfo/Proyectos_Android_Studio/mozaikos_little/android/build/intermediates/incremental/debug-mergeJavaRes/zip-cache/azoBR+_FpWZ6G2P5ZyBxpPis2dM=
2024-07-18T21:18:51.974-0300 [INFO] [org.gradle.internal.watch.registry.impl.NonHierarchicalFileWatcherUpdater] Watching 380 directories to track changes
2024-07-18T21:18:51.974-0300 [DEBUG] [org.gradle.internal.watch.vfs.impl.WatchingVirtualFileSystem] Handling VFS change REMOVED /home/adolfo/Proyectos_Android_Studio/mozaikos_little/android/build/intermediates/incremental/debug-mergeJavaRes/zip-cache/KEK2UGOx0QyHHCT1JP96cw9f0YM=
2024-07-18T21:18:51.974-0300 [INFO] [org.gradle.internal.watch.registry.impl.NonHierarchicalFileWatcherUpdater] Watching 380 directories to track changes
2024-07-18T21:18:51.974-0300 [DEBUG] [org.gradle.internal.watch.vfs.impl.WatchingVirtualFileSystem] Handling VFS change REMOVED /home/adolfo/Proyectos_Android_Studio/mozaikos_little/android/build/intermediates/incremental/debug-mergeJavaRes/zip-cache/iQWadYdXl6ynSAN2sRV3WNWxwgw=
2024-07-18T21:18:51.974-0300 [INFO] [org.gradle.internal.watch.registry.impl.NonHierarchicalFileWatcherUpdater] Watching 380 directories to track changes
2024-07-18T21:18:51.974-0300 [DEBUG] [org.gradle.internal.watch.vfs.impl.WatchingVirtualFileSystem] Handling VFS change REMOVED /home/adolfo/Proyectos_Android_Studio/mozaikos_little/android/build/intermediates/incremental/debug-mergeJavaRes/zip-cache/EL5sWaLgVChs8B5RTXaXJMmbBVI=
2024-07-18T21:18:51.974-0300 [INFO] [org.gradle.internal.watch.registry.impl.NonHierarchicalFileWatcherUpdater] Watching 380 directories to track changes
2024-07-18T21:18:51.974-0300 [DEBUG] [org.gradle.internal.watch.vfs.impl.WatchingVirtualFileSystem] Handling VFS change REMOVED /home/adolfo/Proyectos_Android_Studio/mozaikos_little/android/build/intermediates/incremental/debug-mergeJavaRes/zip-cache/JTEolzekcyMkhduYksGZ0H+Hzag=
2024-07-18T21:18:51.974-0300 [INFO] [org.gradle.internal.watch.registry.impl.NonHierarchicalFileWatcherUpdater] Watching 380 directories to track changes
2024-07-18T21:18:51.975-0300 [DEBUG] [org.gradle.internal.watch.vfs.impl.WatchingVirtualFileSystem] Handling VFS change REMOVED /home/adolfo/Proyectos_Android_Studio/mozaikos_little/android/build/intermediates/incremental/debug-mergeJavaRes/zip-cache/lPWnA3ecAd1njUZEOmKDXfRKGZc=
2024-07-18T21:18:51.975-0300 [INFO] [org.gradle.internal.watch.registry.impl.NonHierarchicalFileWatcherUpdater] Watching 380 directories to track changes
2024-07-18T21:18:51.975-0300 [DEBUG] [org.gradle.internal.watch.vfs.impl.WatchingVirtualFileSystem] Handling VFS change REMOVED /home/adolfo/Proyectos_Android_Studio/mozaikos_little/android/build/intermediates/incremental/debug-mergeJavaRes/zip-cache/TodvCM96RC4qd6LFKZ0Rl7epNtw=
2024-07-18T21:18:51.975-0300 [INFO] [org.gradle.internal.watch.registry.impl.NonHierarchicalFileWatcherUpdater] Watching 380 directories to track changes
2024-07-18T21:18:51.975-0300 [DEBUG] [org.gradle.internal.watch.vfs.impl.WatchingVirtualFileSystem] Handling VFS change REMOVED /home/adolfo/Proyectos_Android_Studio/mozaikos_little/android/build/intermediates/incremental/debug-mergeJavaRes/zip-cache/co2Oh9nkrT8PWkNxQFUr+itrLXw=
2024-07-18T21:18:51.975-0300 [INFO] [org.gradle.internal.watch.registry.impl.NonHierarchicalFileWatcherUpdater] Watching 380 directories to track changes
2024-07-18T21:18:51.975-0300 [DEBUG] [org.gradle.internal.watch.vfs.impl.WatchingVirtualFileSystem] Handling VFS change REMOVED /home/adolfo/Proyectos_Android_Studio/mozaikos_little/android/build/intermediates/incremental/debug-mergeJavaRes/zip-cache/GEWQ7Uos5hiEF7RusxxnNOoLLnI=
2024-07-18T21:18:51.975-0300 [INFO] [org.gradle.internal.watch.registry.impl.NonHierarchicalFileWatcherUpdater] Watching 380 directories to track changes
2024-07-18T21:18:51.975-0300 [DEBUG] [org.gradle.internal.watch.vfs.impl.WatchingVirtualFileSystem] Handling VFS change REMOVED /home/adolfo/Proyectos_Android_Studio/mozaikos_little/android/build/intermediates/incremental/debug-mergeJavaRes/zip-cache/JUKkwFxKC55oILiMY4gih50s+fQ=
2024-07-18T21:18:51.975-0300 [INFO] [org.gradle.internal.watch.registry.impl.NonHierarchicalFileWatcherUpdater] Watching 380 directories to track changes
2024-07-18T21:18:51.975-0300 [DEBUG] [org.gradle.internal.watch.vfs.impl.WatchingVirtualFileSystem] Handling VFS change REMOVED /home/adolfo/Proyectos_Android_Studio/mozaikos_little/android/build/intermediates/incremental/debug-mergeJavaRes/zip-cache/JFgaQt+6t4IawXdjsbWlUkbdlr8=
2024-07-18T21:18:51.975-0300 [INFO] [org.gradle.internal.watch.registry.impl.NonHierarchicalFileWatcherUpdater] Watching 380 directories to track changes
2024-07-18T21:18:51.975-0300 [DEBUG] [org.gradle.internal.watch.vfs.impl.WatchingVirtualFileSystem] Handling VFS change REMOVED /home/adolfo/Proyectos_Android_Studio/mozaikos_little/android/build/intermediates/incremental/debug-mergeJavaRes/zip-cache/6PfHW1CG4IrXO5KiigMcazZNOsw=
2024-07-18T21:18:51.975-0300 [INFO] [org.gradle.internal.watch.registry.impl.NonHierarchicalFileWatcherUpdater] Watching 380 directories to track changes
2024-07-18T21:18:51.975-0300 [DEBUG] [org.gradle.internal.watch.vfs.impl.WatchingVirtualFileSystem] Handling VFS change REMOVED /home/adolfo/Proyectos_Android_Studio/mozaikos_little/android/build/intermediates/incremental/debug-mergeJavaRes/zip-cache/rMRqKGEJuzPz2HnyH+O9R19ntiQ=
2024-07-18T21:18:51.975-0300 [INFO] [org.gradle.internal.watch.registry.impl.NonHierarchicalFileWatcherUpdater] Watching 380 directories to track changes
2024-07-18T21:18:51.976-0300 [DEBUG] [org.gradle.internal.watch.vfs.impl.WatchingVirtualFileSystem] Handling VFS change REMOVED /home/adolfo/Proyectos_Android_Studio/mozaikos_little/android/build/intermediates/incremental/debug-mergeJavaRes/zip-cache/sSYt6IGG_7Rxk419Gw3t2huja1o=
2024-07-18T21:18:51.976-0300 [INFO] [org.gradle.internal.watch.registry.impl.NonHierarchicalFileWatcherUpdater] Watching 380 directories to track changes
2024-07-18T21:18:51.976-0300 [DEBUG] [org.gradle.internal.watch.vfs.impl.WatchingVirtualFileSystem] Handling VFS change REMOVED /home/adolfo/Proyectos_Android_Studio/mozaikos_little/android/build/intermediates/incremental/debug-mergeJavaRes/zip-cache/1NnLeFPFRD1ttzp1wl9SaF03jSs=
2024-07-18T21:18:51.976-0300 [INFO] [org.gradle.internal.watch.registry.impl.NonHierarchicalFileWatcherUpdater] Watching 380 directories to track changes
2024-07-18T21:18:51.976-0300 [DEBUG] [org.gradle.internal.watch.vfs.impl.WatchingVirtualFileSystem] Handling VFS change REMOVED /home/adolfo/Proyectos_Android_Studio/mozaikos_little/android/build/intermediates/incremental/debug-mergeJavaRes/zip-cache/CLIEEz_sEZDn2+Xjv+k_bOy2Lg8=
2024-07-18T21:18:51.976-0300 [INFO] [org.gradle.internal.watch.registry.impl.NonHierarchicalFileWatcherUpdater] Watching 380 directories to track changes
2024-07-18T21:18:51.976-0300 [DEBUG] [org.gradle.internal.watch.vfs.impl.WatchingVirtualFileSystem] Handling VFS change REMOVED /home/adolfo/Proyectos_Android_Studio/mozaikos_little/android/build/intermediates/incremental/debug-mergeJavaRes/zip-cache/NiQSGMylsVmXARFEpJjKCo10fHk=
2024-07-18T21:18:51.976-0300 [INFO] [org.gradle.internal.watch.registry.impl.NonHierarchicalFileWatcherUpdater] Watching 380 directories to track changes
2024-07-18T21:18:51.984-0300 [DEBUG] [org.gradle.internal.watch.vfs.impl.WatchingVirtualFileSystem] Handling VFS change REMOVED /home/adolfo/Proyectos_Android_Studio/mozaikos_little/android/build/intermediates/incremental/debug-mergeJavaRes/zip-cache/AyQYrp1W4dlfO1i21ImOwIT2RH8=
2024-07-18T21:18:51.984-0300 [INFO] [org.gradle.internal.watch.registry.impl.NonHierarchicalFileWatcherUpdater] Watching 380 directories to track changes
2024-07-18T21:18:51.984-0300 [DEBUG] [org.gradle.internal.watch.vfs.impl.WatchingVirtualFileSystem] Handling VFS change REMOVED /home/adolfo/Proyectos_Android_Studio/mozaikos_little/android/build/intermediates/incremental/debug-mergeJavaRes/zip-cache/VuJ90L1RdnkJcr_ejbX6FCiNZwc=
2024-07-18T21:18:51.985-0300 [INFO] [org.gradle.internal.watch.registry.impl.NonHierarchicalFileWatcherUpdater] Watching 380 directories to track changes
2024-07-18T21:18:51.985-0300 [DEBUG] [org.gradle.internal.watch.vfs.impl.WatchingVirtualFileSystem] Handling VFS change REMOVED /home/adolfo/Proyectos_Android_Studio/mozaikos_little/android/build/intermediates/incremental/debug-mergeJavaRes/zip-cache/wmyJ_FD7cQhxcuPtlsYlKWOgTJU=
2024-07-18T21:18:51.985-0300 [INFO] [org.gradle.internal.watch.registry.impl.NonHierarchicalFileWatcherUpdater] Watching 380 directories to track changes
2024-07-18T21:18:51.985-0300 [DEBUG] [org.gradle.internal.watch.vfs.impl.WatchingVirtualFileSystem] Handling VFS change REMOVED /home/adolfo/Proyectos_Android_Studio/mozaikos_little/android/build/intermediates/incremental/debug-mergeJavaRes/zip-cache/LqHt6EERhacShqDNiouwqXggW9A=
2024-07-18T21:18:51.985-0300 [INFO] [org.gradle.internal.watch.registry.impl.NonHierarchicalFileWatcherUpdater] Watching 380 directories to track changes
2024-07-18T21:18:52.004-0300 [DEBUG] [org.gradle.internal.watch.vfs.impl.WatchingVirtualFileSystem] Handling VFS change REMOVED /home/adolfo/Proyectos_Android_Studio/mozaikos_little/android/build/intermediates/incremental/debug-mergeJavaRes/zip-cache/7BNog2ILxudik8CE7xlXe39DMLU=
2024-07-18T21:18:52.004-0300 [INFO] [org.gradle.internal.watch.registry.impl.NonHierarchicalFileWatcherUpdater] Watching 380 directories to track changes
2024-07-18T21:18:52.004-0300 [DEBUG] [org.gradle.internal.watch.vfs.impl.WatchingVirtualFileSystem] Handling VFS change REMOVED /home/adolfo/Proyectos_Android_Studio/mozaikos_little/android/build/intermediates/incremental/debug-mergeJavaRes/zip-cache/zrYs5oStPxZRLL3xZgNx3oQVsNo=
2024-07-18T21:18:52.005-0300 [INFO] [org.gradle.internal.watch.registry.impl.NonHierarchicalFileWatcherUpdater] Watching 380 directories to track changes
2024-07-18T21:18:52.005-0300 [DEBUG] [org.gradle.internal.watch.vfs.impl.WatchingVirtualFileSystem] Handling VFS change REMOVED /home/adolfo/Proyectos_Android_Studio/mozaikos_little/android/build/intermediates/incremental/debug-mergeJavaRes/zip-cache/sJWHvLY1SY9WlV8pgH4NyJu0LEs=
2024-07-18T21:18:52.005-0300 [INFO] [org.gradle.internal.watch.registry.impl.NonHierarchicalFileWatcherUpdater] Watching 380 directories to track changes
2024-07-18T21:18:52.005-0300 [DEBUG] [org.gradle.internal.watch.vfs.impl.WatchingVirtualFileSystem] Handling VFS change REMOVED /home/adolfo/Proyectos_Android_Studio/mozaikos_little/android/build/intermediates/incremental/debug-mergeJavaRes/zip-cache/VLbt3+YqsygBKFeqZ1heJswFkNo=
2024-07-18T21:18:52.005-0300 [INFO] [org.gradle.internal.watch.registry.impl.NonHierarchicalFileWatcherUpdater] Watching 380 directories to track changes
2024-07-18T21:18:52.005-0300 [DEBUG] [org.gradle.internal.watch.vfs.impl.WatchingVirtualFileSystem] Handling VFS change REMOVED /home/adolfo/Proyectos_Android_Studio/mozaikos_little/android/build/intermediates/incremental/debug-mergeJavaRes/zip-cache/n4Fo_SxMv4afDTz_SL0sKsjTLfQ=
2024-07-18T21:18:52.005-0300 [INFO] [org.gradle.internal.watch.registry.impl.NonHierarchicalFileWatcherUpdater] Watching 380 directories to track changes
2024-07-18T21:18:52.005-0300 [DEBUG] [org.gradle.internal.watch.vfs.impl.WatchingVirtualFileSystem] Handling VFS change REMOVED /home/adolfo/Proyectos_Android_Studio/mozaikos_little/android/build/intermediates/incremental/debug-mergeJavaRes/zip-cache/lgzKiVbq11KepmhWkD6ifA+aw+4=
2024-07-18T21:18:52.005-0300 [INFO] [org.gradle.internal.watch.registry.impl.NonHierarchicalFileWatcherUpdater] Watching 380 directories to track changes
2024-07-18T21:18:52.006-0300 [DEBUG] [org.gradle.internal.watch.vfs.impl.WatchingVirtualFileSystem] Handling VFS change REMOVED /home/adolfo/Proyectos_Android_Studio/mozaikos_little/android/build/intermediates/incremental/debug-mergeJavaRes/zip-cache/bUDPnGPDxzFxqDFmeYoMFS6NDNU=
2024-07-18T21:18:52.006-0300 [INFO] [org.gradle.internal.watch.registry.impl.NonHierarchicalFileWatcherUpdater] Watching 380 directories to track changes
2024-07-18T21:18:52.006-0300 [DEBUG] [org.gradle.internal.watch.vfs.impl.WatchingVirtualFileSystem] Handling VFS change REMOVED /home/adolfo/Proyectos_Android_Studio/mozaikos_little/android/build/intermediates/incremental/debug-mergeJavaRes/zip-cache/8sAiB_oUW0R8FYAk4Kna8_0G3CQ=
2024-07-18T21:18:52.006-0300 [INFO] [org.gradle.internal.watch.registry.impl.NonHierarchicalFileWatcherUpdater] Watching 380 directories to track changes
2024-07-18T21:18:52.025-0300 [DEBUG] [org.gradle.internal.watch.vfs.impl.WatchingVirtualFileSystem] Handling VFS change REMOVED /home/adolfo/Proyectos_Android_Studio/mozaikos_little/android/build/intermediates/incremental/debug-mergeJavaRes/zip-cache/wYn37rxiDTbZXdqaDAmplo2IcO0=
2024-07-18T21:18:52.025-0300 [INFO] [org.gradle.internal.watch.registry.impl.NonHierarchicalFileWatcherUpdater] Watching 380 directories to track changes
2024-07-18T21:18:52.025-0300 [DEBUG] [org.gradle.internal.watch.vfs.impl.WatchingVirtualFileSystem] Handling VFS change REMOVED /home/adolfo/Proyectos_Android_Studio/mozaikos_little/android/build/intermediates/incremental/debug-mergeJavaRes/zip-cache/izVS6E4hDEtnGKDCcat+P3AqZmE=
2024-07-18T21:18:52.025-0300 [INFO] [org.gradle.internal.watch.registry.impl.NonHierarchicalFileWatcherUpdater] Watching 380 directories to track changes
2024-07-18T21:18:52.026-0300 [DEBUG] [org.gradle.internal.watch.vfs.impl.WatchingVirtualFileSystem] Handling VFS change REMOVED /home/adolfo/Proyectos_Android_Studio/mozaikos_little/android/build/intermediates/incremental/debug-mergeJavaRes/zip-cache/Dike8FqD3ymZoPuLDtO5mm5GmKo=
2024-07-18T21:18:52.026-0300 [INFO] [org.gradle.internal.watch.registry.impl.NonHierarchicalFileWatcherUpdater] Watching 380 directories to track changes
2024-07-18T21:18:52.026-0300 [DEBUG] [org.gradle.internal.watch.vfs.impl.WatchingVirtualFileSystem] Handling VFS change REMOVED /home/adolfo/Proyectos_Android_Studio/mozaikos_little/android/build/intermediates/incremental/debug-mergeJavaRes/zip-cache/6DxlwUTrrs_FMhyJQteSlQFwmmM=
2024-07-18T21:18:52.026-0300 [INFO] [org.gradle.internal.watch.registry.impl.NonHierarchicalFileWatcherUpdater] Watching 380 directories to track changes
2024-07-18T21:18:52.026-0300 [DEBUG] [org.gradle.internal.watch.vfs.impl.WatchingVirtualFileSystem] Handling VFS change REMOVED /home/adolfo/Proyectos_Android_Studio/mozaikos_little/android/build/intermediates/incremental/debug-mergeJavaRes/zip-cache/5TE0a9DbC6HD5bW80kC+0Sud8i0=
2024-07-18T21:18:52.026-0300 [INFO] [org.gradle.internal.watch.registry.impl.NonHierarchicalFileWatcherUpdater] Watching 380 directories to track changes
2024-07-18T21:18:52.026-0300 [DEBUG] [org.gradle.internal.watch.vfs.impl.WatchingVirtualFileSystem] Handling VFS change REMOVED /home/adolfo/Proyectos_Android_Studio/mozaikos_little/android/build/intermediates/incremental/debug-mergeJavaRes/zip-cache/WbRPh_OZH9fLRrEYFZY8gF8y1FM=
2024-07-18T21:18:52.026-0300 [INFO] [org.gradle.internal.watch.registry.impl.NonHierarchicalFileWatcherUpdater] Watching 380 directories to track changes
2024-07-18T21:18:52.026-0300 [DEBUG] [org.gradle.internal.watch.vfs.impl.WatchingVirtualFileSystem] Handling VFS change REMOVED /home/adolfo/Proyectos_Android_Studio/mozaikos_little/android/build/intermediates/incremental/debug-mergeJavaRes/zip-cache/CAKI3_U5b2kAsWd8ysGTM29h2BY=
2024-07-18T21:18:52.026-0300 [INFO] [org.gradle.internal.watch.registry.impl.NonHierarchicalFileWatcherUpdater] Watching 380 directories to track changes
2024-07-18T21:18:52.026-0300 [DEBUG] [org.gradle.internal.watch.vfs.impl.WatchingVirtualFileSystem] Handling VFS change REMOVED /home/adolfo/Proyectos_Android_Studio/mozaikos_little/android/build/intermediates/incremental/debug-mergeJavaRes/zip-cache/b0ygo+5CO2pfRaNOkZ1eTyYKdHk=
2024-07-18T21:18:52.026-0300 [INFO] [org.gradle.internal.watch.registry.impl.NonHierarchicalFileWatcherUpdater] Watching 380 directories to track changes
2024-07-18T21:18:52.026-0300 [DEBUG] [org.gradle.internal.watch.vfs.impl.WatchingVirtualFileSystem] Handling VFS change REMOVED /home/adolfo/Proyectos_Android_Studio/mozaikos_little/android/build/intermediates/incremental/debug-mergeJavaRes/zip-cache/2FitoMaJXWxrTkAK+db3CQfR2uo=
2024-07-18T21:18:52.026-0300 [INFO] [org.gradle.internal.watch.registry.impl.NonHierarchicalFileWatcherUpdater] Watching 380 directories to track changes
2024-07-18T21:18:52.026-0300 [DEBUG] [org.gradle.internal.watch.vfs.impl.WatchingVirtualFileSystem] Handling VFS change REMOVED /home/adolfo/Proyectos_Android_Studio/mozaikos_little/android/build/intermediates/incremental/debug-mergeJavaRes/zip-cache/uEggtm4s+0OUEMyNUOPOyiFbeyA=
2024-07-18T21:18:52.027-0300 [INFO] [org.gradle.internal.watch.registry.impl.NonHierarchicalFileWatcherUpdater] Watching 380 directories to track changes
2024-07-18T21:18:52.027-0300 [DEBUG] [org.gradle.internal.watch.vfs.impl.WatchingVirtualFileSystem] Handling VFS change REMOVED /home/adolfo/Proyectos_Android_Studio/mozaikos_little/android/build/intermediates/incremental/debug-mergeJavaRes/zip-cache/m2S2ZA+JanI+rTEcrNcp1vtbJyo=
2024-07-18T21:18:52.027-0300 [INFO] [org.gradle.internal.watch.registry.impl.NonHierarchicalFileWatcherUpdater] Watching 380 directories to track changes
2024-07-18T21:18:52.040-0300 [DEBUG] [org.gradle.internal.watch.vfs.impl.WatchingVirtualFileSystem] Handling VFS change REMOVED /home/adolfo/Proyectos_Android_Studio/mozaikos_little/android/build/intermediates/incremental/debug-mergeJavaRes/zip-cache/6D+pQHqCVm_k2QLu2ilF3oYg2gM=
2024-07-18T21:18:52.040-0300 [INFO] [org.gradle.internal.watch.registry.impl.NonHierarchicalFileWatcherUpdater] Watching 380 directories to track changes
2024-07-18T21:18:52.040-0300 [DEBUG] [org.gradle.internal.watch.vfs.impl.WatchingVirtualFileSystem] Handling VFS change REMOVED /home/adolfo/Proyectos_Android_Studio/mozaikos_little/android/build/intermediates/incremental/debug-mergeJavaRes/zip-cache/M86aVza6tIoNzK85gQR5os97REA=
2024-07-18T21:18:52.040-0300 [INFO] [org.gradle.internal.watch.registry.impl.NonHierarchicalFileWatcherUpdater] Watching 380 directories to track changes
2024-07-18T21:18:52.041-0300 [DEBUG] [org.gradle.internal.watch.vfs.impl.WatchingVirtualFileSystem] Handling VFS change REMOVED /home/adolfo/Proyectos_Android_Studio/mozaikos_little/android/build/intermediates/incremental/debug-mergeJavaRes/zip-cache/Ip1mE+UiJW5i6xR7199AU_yibQE=
2024-07-18T21:18:52.041-0300 [INFO] [org.gradle.internal.watch.registry.impl.NonHierarchicalFileWatcherUpdater] Watching 379 directories to track changes
2024-07-18T21:18:52.048-0300 [INFO] [net.rubygrapefruit.platform.internal.jni.NativeLogger] Path is not watched: /home/adolfo/Proyectos_Android_Studio/mozaikos_little/android/build/intermediates/incremental/debug-mergeJavaRes/zip-cache
2024-07-18T21:18:52.048-0300 [DEBUG] [org.gradle.internal.watch.registry.impl.NonHierarchicalFileWatcherUpdater] Couldn't stop watching directories: [/home/adolfo/Proyectos_Android_Studio/mozaikos_little/android/build/intermediates/incremental/debug-mergeJavaRes/zip-cache]
2024-07-18T21:18:52.048-0300 [DEBUG] [org.gradle.internal.watch.vfs.impl.WatchingVirtualFileSystem] Handling VFS change REMOVED /home/adolfo/Proyectos_Android_Studio/mozaikos_little/android/build/intermediates/incremental/debug-mergeJavaRes/zip-cache
2024-07-18T21:18:59.084-0300 [DEBUG] [org.gradle.cache.internal.DefaultFileLockManager] Waiting to acquire shared lock on daemon addresses registry.
2024-07-18T21:18:59.085-0300 [DEBUG] [org.gradle.cache.internal.DefaultFileLockManager] Lock acquired on daemon addresses registry.
2024-07-18T21:18:59.085-0300 [DEBUG] [org.gradle.cache.internal.DefaultFileLockManager] Releasing lock on daemon addresses registry.
2024-07-18T21:18:59.087-0300 [DEBUG] [org.gradle.cache.internal.DefaultFileLockManager] Waiting to acquire shared lock on daemon addresses registry.
2024-07-18T21:18:59.087-0300 [DEBUG] [org.gradle.cache.internal.DefaultFileLockManager] Lock acquired on daemon addresses registry.
2024-07-18T21:18:59.087-0300 [DEBUG] [org.gradle.cache.internal.DefaultFileLockManager] Releasing lock on daemon addresses registry.
2024-07-18T21:18:59.088-0300 [DEBUG] [org.gradle.cache.internal.DefaultFileLockManager] Waiting to acquire shared lock on daemon addresses registry.
2024-07-18T21:18:59.088-0300 [DEBUG] [org.gradle.cache.internal.DefaultFileLockManager] Lock acquired on daemon addresses registry.
2024-07-18T21:18:59.088-0300 [DEBUG] [org.gradle.cache.internal.DefaultFileLockManager] Releasing lock on daemon addresses registry.
2024-07-18T21:19:06.433-0300 [DEBUG] [org.gradle.internal.watch.vfs.impl.WatchingVirtualFileSystem] Handling VFS change REMOVED /home/adolfo/Proyectos_Android_Studio/mozaikos_little/android/build/intermediates/duplicate_classes_check/debug
2024-07-18T21:19:06.433-0300 [INFO] [org.gradle.internal.watch.registry.impl.NonHierarchicalFileWatcherUpdater] Watching 378 directories to track changes
2024-07-18T21:19:06.433-0300 [INFO] [net.rubygrapefruit.platform.internal.jni.NativeLogger] Path is not watched: /home/adolfo/Proyectos_Android_Studio/mozaikos_little/android/build/intermediates/duplicate_classes_check/debug
2024-07-18T21:19:06.433-0300 [DEBUG] [org.gradle.internal.watch.registry.impl.NonHierarchicalFileWatcherUpdater] Couldn't stop watching directories: [/home/adolfo/Proyectos_Android_Studio/mozaikos_little/android/build/intermediates/duplicate_classes_check/debug]
2024-07-18T21:19:09.161-0300 [DEBUG] [org.gradle.cache.internal.DefaultFileLockManager] Waiting to acquire shared lock on daemon addresses registry.
2024-07-18T21:19:09.295-0300 [DEBUG] [org.gradle.cache.internal.DefaultFileLockManager] Lock acquired on daemon addresses registry.
2024-07-18T21:19:09.342-0300 [DEBUG] [org.gradle.cache.internal.DefaultFileLockManager] Releasing lock on daemon addresses registry.
2024-07-18T21:19:09.565-0300 [DEBUG] [org.gradle.cache.internal.DefaultFileLockManager] Waiting to acquire shared lock on daemon addresses registry.
2024-07-18T21:19:09.566-0300 [DEBUG] [org.gradle.cache.internal.DefaultFileLockManager] Lock acquired on daemon addresses registry.
2024-07-18T21:19:09.566-0300 [DEBUG] [org.gradle.cache.internal.DefaultFileLockManager] Releasing lock on daemon addresses registry.
2024-07-18T21:19:09.566-0300 [DEBUG] [org.gradle.cache.internal.DefaultFileLockManager] Waiting to acquire shared lock on daemon addresses registry.
2024-07-18T21:19:09.566-0300 [DEBUG] [org.gradle.cache.internal.DefaultFileLockManager] Lock acquired on daemon addresses registry.
2024-07-18T21:19:09.566-0300 [DEBUG] [org.gradle.cache.internal.DefaultFileLockManager] Releasing lock on daemon addresses registry.
2024-07-18T21:19:09.960-0300 [DEBUG] [org.gradle.internal.watch.vfs.impl.WatchingVirtualFileSystem] Handling VFS change REMOVED /home/adolfo/Proyectos_Android_Studio/mozaikos_little/android/build/intermediates/external_file_lib_dex_archives/debug
2024-07-18T21:19:09.960-0300 [INFO] [org.gradle.internal.watch.registry.impl.NonHierarchicalFileWatcherUpdater] Watching 377 directories to track changes
2024-07-18T21:19:09.961-0300 [INFO] [net.rubygrapefruit.platform.internal.jni.NativeLogger] Path is not watched: /home/adolfo/Proyectos_Android_Studio/mozaikos_little/android/build/intermediates/external_file_lib_dex_archives/debug
2024-07-18T21:19:09.961-0300 [DEBUG] [org.gradle.internal.watch.registry.impl.NonHierarchicalFileWatcherUpdater] Couldn't stop watching directories: [/home/adolfo/Proyectos_Android_Studio/mozaikos_little/android/build/intermediates/external_file_lib_dex_archives/debug]
2024-07-18T21:19:19.193-0300 [DEBUG] [org.gradle.cache.internal.DefaultFileLockManager] Waiting to acquire shared lock on daemon addresses registry.
2024-07-18T21:19:19.206-0300 [DEBUG] [org.gradle.cache.internal.DefaultFileLockManager] Lock acquired on daemon addresses registry.
2024-07-18T21:19:19.230-0300 [DEBUG] [org.gradle.cache.internal.DefaultFileLockManager] Releasing lock on daemon addresses registry.
2024-07-18T21:19:19.799-0300 [DEBUG] [org.gradle.cache.internal.DefaultFileLockManager] Waiting to acquire shared lock on daemon addresses registry.
2024-07-18T21:19:19.800-0300 [DEBUG] [org.gradle.cache.internal.DefaultFileLockManager] Lock acquired on daemon addresses registry.
2024-07-18T21:19:19.800-0300 [DEBUG] [org.gradle.cache.internal.DefaultFileLockManager] Releasing lock on daemon addresses registry.
2024-07-18T21:19:19.800-0300 [DEBUG] [org.gradle.cache.internal.DefaultFileLockManager] Waiting to acquire shared lock on daemon addresses registry.
2024-07-18T21:19:19.800-0300 [DEBUG] [org.gradle.cache.internal.DefaultFileLockManager] Lock acquired on daemon addresses registry.
2024-07-18T21:19:19.800-0300 [DEBUG] [org.gradle.cache.internal.DefaultFileLockManager] Releasing lock on daemon addresses registry.
2024-07-18T21:19:19.983-0300 [DEBUG] [org.gradle.internal.watch.vfs.impl.WatchingVirtualFileSystem] Handling VFS change REMOVED /home/adolfo/Proyectos_Android_Studio/mozaikos_little/android/build/intermediates/dex/debug/mergeExtDexDebug/classes.dex
2024-07-18T21:19:19.984-0300 [DEBUG] [org.gradle.internal.watch.vfs.impl.WatchingVirtualFileSystem] Handling VFS change REMOVED /home/adolfo/Proyectos_Android_Studio/mozaikos_little/android/build/intermediates/dex/debug/mergeExtDexDebug/classes2.dex
2024-07-18T21:19:19.984-0300 [INFO] [org.gradle.internal.watch.registry.impl.NonHierarchicalFileWatcherUpdater] Watching 376 directories to track changes
2024-07-18T21:19:19.993-0300 [INFO] [net.rubygrapefruit.platform.internal.jni.NativeLogger] Path is not watched: /home/adolfo/Proyectos_Android_Studio/mozaikos_little/android/build/intermediates/dex/debug/mergeExtDexDebug
2024-07-18T21:19:19.993-0300 [DEBUG] [org.gradle.internal.watch.registry.impl.NonHierarchicalFileWatcherUpdater] Couldn't stop watching directories: [/home/adolfo/Proyectos_Android_Studio/mozaikos_little/android/build/intermediates/dex/debug/mergeExtDexDebug]
2024-07-18T21:19:19.993-0300 [DEBUG] [org.gradle.internal.watch.vfs.impl.WatchingVirtualFileSystem] Handling VFS change REMOVED /home/adolfo/Proyectos_Android_Studio/mozaikos_little/android/build/intermediates/dex/debug/mergeExtDexDebug
2024-07-18T21:19:29.120-0300 [DEBUG] [org.gradle.cache.internal.DefaultFileLockManager] Waiting to acquire shared lock on daemon addresses registry.
2024-07-18T21:19:29.134-0300 [DEBUG] [org.gradle.cache.internal.DefaultFileLockManager] Lock acquired on daemon addresses registry.
2024-07-18T21:19:29.163-0300 [DEBUG] [org.gradle.cache.internal.DefaultFileLockManager] Releasing lock on daemon addresses registry.
2024-07-18T21:19:29.298-0300 [DEBUG] [org.gradle.cache.internal.DefaultFileLockManager] Waiting to acquire shared lock on daemon addresses registry.
2024-07-18T21:19:29.298-0300 [DEBUG] [org.gradle.cache.internal.DefaultFileLockManager] Lock acquired on daemon addresses registry.
2024-07-18T21:19:29.298-0300 [DEBUG] [org.gradle.cache.internal.DefaultFileLockManager] Releasing lock on daemon addresses registry.
2024-07-18T21:19:29.298-0300 [DEBUG] [org.gradle.cache.internal.DefaultFileLockManager] Waiting to acquire shared lock on daemon addresses registry.
2024-07-18T21:19:29.298-0300 [DEBUG] [org.gradle.cache.internal.DefaultFileLockManager] Lock acquired on daemon addresses registry.
2024-07-18T21:19:29.298-0300 [DEBUG] [org.gradle.cache.internal.DefaultFileLockManager] Releasing lock on daemon addresses registry.
2024-07-18T21:19:39.140-0300 [DEBUG] [org.gradle.cache.internal.DefaultFileLockManager] Waiting to acquire shared lock on daemon addresses registry.
2024-07-18T21:19:39.151-0300 [DEBUG] [org.gradle.cache.internal.DefaultFileLockManager] Lock acquired on daemon addresses registry.
2024-07-18T21:19:39.162-0300 [DEBUG] [org.gradle.cache.internal.DefaultFileLockManager] Releasing lock on daemon addresses registry.
2024-07-18T21:19:39.578-0300 [DEBUG] [org.gradle.cache.internal.DefaultFileLockManager] Waiting to acquire shared lock on daemon addresses registry.
2024-07-18T21:19:39.578-0300 [DEBUG] [org.gradle.cache.internal.DefaultFileLockManager] Lock acquired on daemon addresses registry.
2024-07-18T21:19:39.578-0300 [DEBUG] [org.gradle.cache.internal.DefaultFileLockManager] Releasing lock on daemon addresses registry.
2024-07-18T21:19:39.578-0300 [DEBUG] [org.gradle.cache.internal.DefaultFileLockManager] Waiting to acquire shared lock on daemon addresses registry.
2024-07-18T21:19:39.578-0300 [DEBUG] [org.gradle.cache.internal.DefaultFileLockManager] Lock acquired on daemon addresses registry.
2024-07-18T21:19:39.578-0300 [DEBUG] [org.gradle.cache.internal.DefaultFileLockManager] Releasing lock on daemon addresses registry.
2024-07-18T21:19:49.166-0300 [DEBUG] [org.gradle.cache.internal.DefaultFileLockManager] Waiting to acquire shared lock on daemon addresses registry.
2024-07-18T21:19:49.235-0300 [DEBUG] [org.gradle.cache.internal.DefaultFileLockManager] Lock acquired on daemon addresses registry.
2024-07-18T21:19:49.244-0300 [DEBUG] [org.gradle.cache.internal.DefaultFileLockManager] Releasing lock on daemon addresses registry.
2024-07-18T21:19:50.559-0300 [DEBUG] [org.gradle.cache.internal.DefaultFileLockManager] Waiting to acquire shared lock on daemon addresses registry.
2024-07-18T21:19:50.626-0300 [DEBUG] [org.gradle.cache.internal.DefaultFileLockManager] Lock acquired on daemon addresses registry.
2024-07-18T21:19:50.649-0300 [DEBUG] [org.gradle.cache.internal.DefaultFileLockManager] Releasing lock on daemon addresses registry.
2024-07-18T21:19:50.649-0300 [DEBUG] [org.gradle.cache.internal.DefaultFileLockManager] Waiting to acquire shared lock on daemon addresses registry.
2024-07-18T21:19:50.649-0300 [DEBUG] [org.gradle.cache.internal.DefaultFileLockManager] Lock acquired on daemon addresses registry.
2024-07-18T21:19:50.649-0300 [DEBUG] [org.gradle.cache.internal.DefaultFileLockManager] Releasing lock on daemon addresses registry.
2024-07-18T21:19:59.144-0300 [DEBUG] [org.gradle.cache.internal.DefaultFileLockManager] Waiting to acquire shared lock on daemon addresses registry.
2024-07-18T21:19:59.166-0300 [DEBUG] [org.gradle.cache.internal.DefaultFileLockManager] Lock acquired on daemon addresses registry.
2024-07-18T21:19:59.184-0300 [DEBUG] [org.gradle.cache.internal.DefaultFileLockManager] Releasing lock on daemon addresses registry.
2024-07-18T21:19:59.436-0300 [DEBUG] [org.gradle.cache.internal.DefaultFileLockManager] Waiting to acquire shared lock on daemon addresses registry.
2024-07-18T21:19:59.447-0300 [DEBUG] [org.gradle.cache.internal.DefaultFileLockManager] Lock acquired on daemon addresses registry.
2024-07-18T21:19:59.500-0300 [DEBUG] [org.gradle.cache.internal.DefaultFileLockManager] Releasing lock on daemon addresses registry.
2024-07-18T21:19:59.501-0300 [DEBUG] [org.gradle.cache.internal.DefaultFileLockManager] Waiting to acquire shared lock on daemon addresses registry.
2024-07-18T21:19:59.501-0300 [DEBUG] [org.gradle.cache.internal.DefaultFileLockManager] Lock acquired on daemon addresses registry.
2024-07-18T21:19:59.501-0300 [DEBUG] [org.gradle.cache.internal.DefaultFileLockManager] Releasing lock on daemon addresses registry.
2024-07-18T21:20:09.095-0300 [DEBUG] [org.gradle.cache.internal.DefaultFileLockManager] Waiting to acquire shared lock on daemon addresses registry.
2024-07-18T21:20:09.097-0300 [DEBUG] [org.gradle.cache.internal.DefaultFileLockManager] Lock acquired on daemon addresses registry.
2024-07-18T21:20:09.105-0300 [DEBUG] [org.gradle.cache.internal.DefaultFileLockManager] Releasing lock on daemon addresses registry.
2024-07-18T21:20:09.338-0300 [DEBUG] [org.gradle.cache.internal.DefaultFileLockManager] Waiting to acquire shared lock on daemon addresses registry.
2024-07-18T21:20:09.339-0300 [DEBUG] [org.gradle.cache.internal.DefaultFileLockManager] Lock acquired on daemon addresses registry.
2024-07-18T21:20:09.339-0300 [DEBUG] [org.gradle.cache.internal.DefaultFileLockManager] Releasing lock on daemon addresses registry.
2024-07-18T21:20:09.339-0300 [DEBUG] [org.gradle.cache.internal.DefaultFileLockManager] Waiting to acquire shared lock on daemon addresses registry.
2024-07-18T21:20:09.339-0300 [DEBUG] [org.gradle.cache.internal.DefaultFileLockManager] Lock acquired on daemon addresses registry.
2024-07-18T21:20:09.339-0300 [DEBUG] [org.gradle.cache.internal.DefaultFileLockManager] Releasing lock on daemon addresses registry.
2024-07-18T21:20:19.212-0300 [DEBUG] [org.gradle.cache.internal.DefaultFileLockManager] Waiting to acquire shared lock on daemon addresses registry.
2024-07-18T21:20:19.239-0300 [DEBUG] [org.gradle.cache.internal.DefaultFileLockManager] Lock acquired on daemon addresses registry.
2024-07-18T21:20:19.282-0300 [DEBUG] [org.gradle.cache.internal.DefaultFileLockManager] Releasing lock on daemon addresses registry.
2024-07-18T21:20:21.285-0300 [DEBUG] [org.gradle.cache.internal.DefaultFileLockManager] Waiting to acquire shared lock on daemon addresses registry.
2024-07-18T21:20:21.318-0300 [DEBUG] [org.gradle.cache.internal.DefaultFileLockManager] Lock acquired on daemon addresses registry.
2024-07-18T21:20:21.337-0300 [DEBUG] [org.gradle.cache.internal.DefaultFileLockManager] Releasing lock on daemon addresses registry.
2024-07-18T21:20:21.338-0300 [DEBUG] [org.gradle.cache.internal.DefaultFileLockManager] Waiting to acquire shared lock on daemon addresses registry.
2024-07-18T21:20:21.338-0300 [DEBUG] [org.gradle.cache.internal.DefaultFileLockManager] Lock acquired on daemon addresses registry.
2024-07-18T21:20:21.338-0300 [DEBUG] [org.gradle.cache.internal.DefaultFileLockManager] Releasing lock on daemon addresses registry.
2024-07-18T21:20:29.229-0300 [DEBUG] [org.gradle.cache.internal.DefaultFileLockManager] Waiting to acquire shared lock on daemon addresses registry.
2024-07-18T21:20:29.339-0300 [DEBUG] [org.gradle.cache.internal.DefaultFileLockManager] Lock acquired on daemon addresses registry.
2024-07-18T21:20:29.420-0300 [DEBUG] [org.gradle.cache.internal.DefaultFileLockManager] Releasing lock on daemon addresses registry.
2024-07-18T21:20:30.536-0300 [DEBUG] [org.gradle.cache.internal.DefaultFileLockManager] Waiting to acquire shared lock on daemon addresses registry.
2024-07-18T21:20:30.550-0300 [DEBUG] [org.gradle.cache.internal.DefaultFileLockManager] Lock acquired on daemon addresses registry.
2024-07-18T21:20:30.606-0300 [DEBUG] [org.gradle.cache.internal.DefaultFileLockManager] Releasing lock on daemon addresses registry.
2024-07-18T21:20:30.622-0300 [DEBUG] [org.gradle.cache.internal.DefaultFileLockManager] Waiting to acquire shared lock on daemon addresses registry.
2024-07-18T21:20:30.622-0300 [DEBUG] [org.gradle.cache.internal.DefaultFileLockManager] Lock acquired on daemon addresses registry.
2024-07-18T21:20:30.622-0300 [DEBUG] [org.gradle.cache.internal.DefaultFileLockManager] Releasing lock on daemon addresses registry.
2024-07-18T21:20:39.169-0300 [DEBUG] [org.gradle.cache.internal.DefaultFileLockManager] Waiting to acquire shared lock on daemon addresses registry.
2024-07-18T21:20:39.177-0300 [DEBUG] [org.gradle.cache.internal.DefaultFileLockManager] Lock acquired on daemon addresses registry.
2024-07-18T21:20:39.242-0300 [DEBUG] [org.gradle.cache.internal.DefaultFileLockManager] Releasing lock on daemon addresses registry.
2024-07-18T21:20:39.510-0300 [DEBUG] [org.gradle.cache.internal.DefaultFileLockManager] Waiting to acquire shared lock on daemon addresses registry.
2024-07-18T21:20:39.510-0300 [DEBUG] [org.gradle.cache.internal.DefaultFileLockManager] Lock acquired on daemon addresses registry.
2024-07-18T21:20:39.510-0300 [DEBUG] [org.gradle.cache.internal.DefaultFileLockManager] Releasing lock on daemon addresses registry.
2024-07-18T21:20:39.510-0300 [DEBUG] [org.gradle.cache.internal.DefaultFileLockManager] Waiting to acquire shared lock on daemon addresses registry.
2024-07-18T21:20:39.510-0300 [DEBUG] [org.gradle.cache.internal.DefaultFileLockManager] Lock acquired on daemon addresses registry.
2024-07-18T21:20:39.511-0300 [DEBUG] [org.gradle.cache.internal.DefaultFileLockManager] Releasing lock on daemon addresses registry.
2024-07-18T21:20:49.235-0300 [DEBUG] [org.gradle.cache.internal.DefaultFileLockManager] Waiting to acquire shared lock on daemon addresses registry.
2024-07-18T21:20:49.254-0300 [DEBUG] [org.gradle.cache.internal.DefaultFileLockManager] Lock acquired on daemon addresses registry.
2024-07-18T21:20:49.302-0300 [DEBUG] [org.gradle.cache.internal.DefaultFileLockManager] Releasing lock on daemon addresses registry.
2024-07-18T21:20:50.297-0300 [DEBUG] [org.gradle.cache.internal.DefaultFileLockManager] Waiting to acquire shared lock on daemon addresses registry.
2024-07-18T21:20:50.429-0300 [DEBUG] [org.gradle.cache.internal.DefaultFileLockManager] Lock acquired on daemon addresses registry.
2024-07-18T21:20:50.506-0300 [DEBUG] [org.gradle.cache.internal.DefaultFileLockManager] Releasing lock on daemon addresses registry.
2024-07-18T21:20:50.507-0300 [DEBUG] [org.gradle.cache.internal.DefaultFileLockManager] Waiting to acquire shared lock on daemon addresses registry.
2024-07-18T21:20:50.507-0300 [DEBUG] [org.gradle.cache.internal.DefaultFileLockManager] Lock acquired on daemon addresses registry.
2024-07-18T21:20:50.507-0300 [DEBUG] [org.gradle.cache.internal.DefaultFileLockManager] Releasing lock on daemon addresses registry.
2024-07-18T21:20:59.353-0300 [DEBUG] [org.gradle.cache.internal.DefaultFileLockManager] Waiting to acquire shared lock on daemon addresses registry.
2024-07-18T21:20:59.369-0300 [DEBUG] [org.gradle.cache.internal.DefaultFileLockManager] Lock acquired on daemon addresses registry.
2024-07-18T21:20:59.391-0300 [DEBUG] [org.gradle.cache.internal.DefaultFileLockManager] Releasing lock on daemon addresses registry.
2024-07-18T21:20:59.613-0300 [DEBUG] [org.gradle.cache.internal.DefaultFileLockManager] Waiting to acquire shared lock on daemon addresses registry.
2024-07-18T21:20:59.613-0300 [DEBUG] [org.gradle.cache.internal.DefaultFileLockManager] Lock acquired on daemon addresses registry.
2024-07-18T21:20:59.613-0300 [DEBUG] [org.gradle.cache.internal.DefaultFileLockManager] Releasing lock on daemon addresses registry.
2024-07-18T21:20:59.613-0300 [DEBUG] [org.gradle.cache.internal.DefaultFileLockManager] Waiting to acquire shared lock on daemon addresses registry.
2024-07-18T21:20:59.613-0300 [DEBUG] [org.gradle.cache.internal.DefaultFileLockManager] Lock acquired on daemon addresses registry.
2024-07-18T21:20:59.613-0300 [DEBUG] [org.gradle.cache.internal.DefaultFileLockManager] Releasing lock on daemon addresses registry.
2024-07-18T21:21:09.123-0300 [DEBUG] [org.gradle.cache.internal.DefaultFileLockManager] Waiting to acquire shared lock on daemon addresses registry.
2024-07-18T21:21:09.141-0300 [DEBUG] [org.gradle.cache.internal.DefaultFileLockManager] Lock acquired on daemon addresses registry.
2024-07-18T21:21:09.156-0300 [DEBUG] [org.gradle.cache.internal.DefaultFileLockManager] Releasing lock on daemon addresses registry.
2024-07-18T21:21:09.644-0300 [DEBUG] [org.gradle.cache.internal.DefaultFileLockManager] Waiting to acquire shared lock on daemon addresses registry.
2024-07-18T21:21:09.667-0300 [DEBUG] [org.gradle.cache.internal.DefaultFileLockManager] Lock acquired on daemon addresses registry.
2024-07-18T21:21:09.692-0300 [DEBUG] [org.gradle.cache.internal.DefaultFileLockManager] Releasing lock on daemon addresses registry.
2024-07-18T21:21:09.692-0300 [DEBUG] [org.gradle.cache.internal.DefaultFileLockManager] Waiting to acquire shared lock on daemon addresses registry.
2024-07-18T21:21:09.692-0300 [DEBUG] [org.gradle.cache.internal.DefaultFileLockManager] Lock acquired on daemon addresses registry.
2024-07-18T21:21:09.692-0300 [DEBUG] [org.gradle.cache.internal.DefaultFileLockManager] Releasing lock on daemon addresses registry.
2024-07-18T21:21:19.116-0300 [DEBUG] [org.gradle.cache.internal.DefaultFileLockManager] Waiting to acquire shared lock on daemon addresses registry.
2024-07-18T21:21:19.141-0300 [DEBUG] [org.gradle.cache.internal.DefaultFileLockManager] Lock acquired on daemon addresses registry.
2024-07-18T21:21:19.158-0300 [DEBUG] [org.gradle.cache.internal.DefaultFileLockManager] Releasing lock on daemon addresses registry.
2024-07-18T21:21:19.843-0300 [DEBUG] [org.gradle.cache.internal.DefaultFileLockManager] Waiting to acquire shared lock on daemon addresses registry.
2024-07-18T21:21:19.869-0300 [DEBUG] [org.gradle.cache.internal.DefaultFileLockManager] Lock acquired on daemon addresses registry.
2024-07-18T21:21:19.895-0300 [DEBUG] [org.gradle.cache.internal.DefaultFileLockManager] Releasing lock on daemon addresses registry.
2024-07-18T21:21:19.895-0300 [DEBUG] [org.gradle.cache.internal.DefaultFileLockManager] Waiting to acquire shared lock on daemon addresses registry.
2024-07-18T21:21:19.895-0300 [DEBUG] [org.gradle.cache.internal.DefaultFileLockManager] Lock acquired on daemon addresses registry.
2024-07-18T21:21:19.895-0300 [DEBUG] [org.gradle.cache.internal.DefaultFileLockManager] Releasing lock on daemon addresses registry.
2024-07-18T21:21:29.333-0300 [DEBUG] [org.gradle.cache.internal.DefaultFileLockManager] Waiting to acquire shared lock on daemon addresses registry.
2024-07-18T21:21:29.695-0300 [DEBUG] [org.gradle.cache.internal.DefaultFileLockManager] Lock acquired on daemon addresses registry.
2024-07-18T21:21:29.749-0300 [DEBUG] [org.gradle.cache.internal.DefaultFileLockManager] Releasing lock on daemon addresses registry.
2024-07-18T21:21:30.481-0300 [DEBUG] [org.gradle.cache.internal.DefaultFileLockManager] Waiting to acquire shared lock on daemon addresses registry.
2024-07-18T21:21:30.497-0300 [DEBUG] [org.gradle.cache.internal.DefaultFileLockManager] Lock acquired on daemon addresses registry.
2024-07-18T21:21:30.530-0300 [DEBUG] [org.gradle.cache.internal.DefaultFileLockManager] Releasing lock on daemon addresses registry.
2024-07-18T21:21:30.531-0300 [DEBUG] [org.gradle.cache.internal.DefaultFileLockManager] Waiting to acquire shared lock on daemon addresses registry.
2024-07-18T21:21:30.531-0300 [DEBUG] [org.gradle.cache.internal.DefaultFileLockManager] Lock acquired on daemon addresses registry.
2024-07-18T21:21:30.531-0300 [DEBUG] [org.gradle.cache.internal.DefaultFileLockManager] Releasing lock on daemon addresses registry.
2024-07-18T21:21:39.545-0300 [DEBUG] [org.gradle.cache.internal.DefaultFileLockManager] Waiting to acquire shared lock on daemon addresses registry.
2024-07-18T21:21:39.725-0300 [DEBUG] [org.gradle.cache.internal.DefaultFileLockManager] Lock acquired on daemon addresses registry.
2024-07-18T21:21:39.823-0300 [DEBUG] [org.gradle.cache.internal.DefaultFileLockManager] Releasing lock on daemon addresses registry.
2024-07-18T21:21:40.764-0300 [DEBUG] [org.gradle.cache.internal.DefaultFileLockManager] Waiting to acquire shared lock on daemon addresses registry.
2024-07-18T21:21:40.779-0300 [DEBUG] [org.gradle.cache.internal.DefaultFileLockManager] Lock acquired on daemon addresses registry.
2024-07-18T21:21:40.794-0300 [DEBUG] [org.gradle.cache.internal.DefaultFileLockManager] Releasing lock on daemon addresses registry.
2024-07-18T21:21:40.794-0300 [DEBUG] [org.gradle.cache.internal.DefaultFileLockManager] Waiting to acquire shared lock on daemon addresses registry.
2024-07-18T21:21:40.795-0300 [DEBUG] [org.gradle.cache.internal.DefaultFileLockManager] Lock acquired on daemon addresses registry.
2024-07-18T21:21:40.795-0300 [DEBUG] [org.gradle.cache.internal.DefaultFileLockManager] Releasing lock on daemon addresses registry.
2024-07-18T21:21:49.139-0300 [DEBUG] [org.gradle.cache.internal.DefaultFileLockManager] Waiting to acquire shared lock on daemon addresses registry.
2024-07-18T21:21:49.163-0300 [DEBUG] [org.gradle.cache.internal.DefaultFileLockManager] Lock acquired on daemon addresses registry.
2024-07-18T21:21:49.178-0300 [DEBUG] [org.gradle.cache.internal.DefaultFileLockManager] Releasing lock on daemon addresses registry.
2024-07-18T21:21:49.528-0300 [DEBUG] [org.gradle.cache.internal.DefaultFileLockManager] Waiting to acquire shared lock on daemon addresses registry.
2024-07-18T21:21:49.581-0300 [DEBUG] [org.gradle.cache.internal.DefaultFileLockManager] Lock acquired on daemon addresses registry.
2024-07-18T21:21:49.630-0300 [DEBUG] [org.gradle.cache.internal.DefaultFileLockManager] Releasing lock on daemon addresses registry.
2024-07-18T21:21:49.670-0300 [DEBUG] [org.gradle.cache.internal.DefaultFileLockManager] Waiting to acquire shared lock on daemon addresses registry.
2024-07-18T21:21:49.670-0300 [DEBUG] [org.gradle.cache.internal.DefaultFileLockManager] Lock acquired on daemon addresses registry.
2024-07-18T21:21:49.713-0300 [DEBUG] [org.gradle.cache.internal.DefaultFileLockManager] Releasing lock on daemon addresses registry.
2024-07-18T21:21:59.463-0300 [DEBUG] [org.gradle.cache.internal.DefaultFileLockManager] Waiting to acquire shared lock on daemon addresses registry.
2024-07-18T21:21:59.560-0300 [DEBUG] [org.gradle.cache.internal.DefaultFileLockManager] Lock acquired on daemon addresses registry.
2024-07-18T21:21:59.734-0300 [DEBUG] [org.gradle.cache.internal.DefaultFileLockManager] Releasing lock on daemon addresses registry.
2024-07-18T21:22:00.199-0300 [DEBUG] [org.gradle.cache.internal.DefaultFileLockManager] Waiting to acquire shared lock on daemon addresses registry.
2024-07-18T21:22:00.242-0300 [DEBUG] [org.gradle.cache.internal.DefaultFileLockManager] Lock acquired on daemon addresses registry.
2024-07-18T21:22:00.255-0300 [DEBUG] [org.gradle.cache.internal.DefaultFileLockManager] Releasing lock on daemon addresses registry.
2024-07-18T21:22:00.278-0300 [DEBUG] [org.gradle.cache.internal.DefaultFileLockManager] Waiting to acquire shared lock on daemon addresses registry.
2024-07-18T21:22:00.278-0300 [DEBUG] [org.gradle.cache.internal.DefaultFileLockManager] Lock acquired on daemon addresses registry.
2024-07-18T21:22:00.338-0300 [DEBUG] [org.gradle.cache.internal.DefaultFileLockManager] Releasing lock on daemon addresses registry.
2024-07-18T21:22:09.881-0300 [DEBUG] [org.gradle.cache.internal.DefaultFileLockManager] Waiting to acquire shared lock on daemon addresses registry.
2024-07-18T21:22:09.931-0300 [DEBUG] [org.gradle.cache.internal.DefaultFileLockManager] Lock acquired on daemon addresses registry.
2024-07-18T21:22:09.956-0300 [DEBUG] [org.gradle.cache.internal.DefaultFileLockManager] Releasing lock on daemon addresses registry.
2024-07-18T21:22:10.226-0300 [DEBUG] [org.gradle.cache.internal.DefaultFileLockManager] Waiting to acquire shared lock on daemon addresses registry.
2024-07-18T21:22:10.226-0300 [DEBUG] [org.gradle.cache.internal.DefaultFileLockManager] Lock acquired on daemon addresses registry.
2024-07-18T21:22:10.226-0300 [DEBUG] [org.gradle.cache.internal.DefaultFileLockManager] Releasing lock on daemon addresses registry.
2024-07-18T21:22:10.226-0300 [DEBUG] [org.gradle.cache.internal.DefaultFileLockManager] Waiting to acquire shared lock on daemon addresses registry.
2024-07-18T21:22:10.226-0300 [DEBUG] [org.gradle.cache.internal.DefaultFileLockManager] Lock acquired on daemon addresses registry.
2024-07-18T21:22:10.226-0300 [DEBUG] [org.gradle.cache.internal.DefaultFileLockManager] Releasing lock on daemon addresses registry.
2024-07-18T21:22:19.176-0300 [DEBUG] [org.gradle.cache.internal.DefaultFileLockManager] Waiting to acquire shared lock on daemon addresses registry.
2024-07-18T21:22:19.202-0300 [DEBUG] [org.gradle.cache.internal.DefaultFileLockManager] Lock acquired on daemon addresses registry.
2024-07-18T21:22:19.231-0300 [DEBUG] [org.gradle.cache.internal.DefaultFileLockManager] Releasing lock on daemon addresses registry.
2024-07-18T21:22:19.662-0300 [DEBUG] [org.gradle.cache.internal.DefaultFileLockManager] Waiting to acquire shared lock on daemon addresses registry.
2024-07-18T21:22:19.701-0300 [DEBUG] [org.gradle.cache.internal.DefaultFileLockManager] Lock acquired on daemon addresses registry.
2024-07-18T21:22:19.728-0300 [DEBUG] [org.gradle.cache.internal.DefaultFileLockManager] Releasing lock on daemon addresses registry.
2024-07-18T21:22:19.728-0300 [DEBUG] [org.gradle.cache.internal.DefaultFileLockManager] Waiting to acquire shared lock on daemon addresses registry.
2024-07-18T21:22:19.728-0300 [DEBUG] [org.gradle.cache.internal.DefaultFileLockManager] Lock acquired on daemon addresses registry.
2024-07-18T21:22:19.728-0300 [DEBUG] [org.gradle.cache.internal.DefaultFileLockManager] Releasing lock on daemon addresses registry.
2024-07-18T21:22:29.247-0300 [DEBUG] [org.gradle.cache.internal.DefaultFileLockManager] Waiting to acquire shared lock on daemon addresses registry.
2024-07-18T21:22:29.280-0300 [DEBUG] [org.gradle.cache.internal.DefaultFileLockManager] Lock acquired on daemon addresses registry.
2024-07-18T21:22:29.298-0300 [DEBUG] [org.gradle.cache.internal.DefaultFileLockManager] Releasing lock on daemon addresses registry.
2024-07-18T21:22:29.675-0300 [DEBUG] [org.gradle.cache.internal.DefaultFileLockManager] Waiting to acquire shared lock on daemon addresses registry.
2024-07-18T21:22:29.675-0300 [DEBUG] [org.gradle.cache.internal.DefaultFileLockManager] Lock acquired on daemon addresses registry.
2024-07-18T21:22:29.675-0300 [DEBUG] [org.gradle.cache.internal.DefaultFileLockManager] Releasing lock on daemon addresses registry.
2024-07-18T21:22:29.676-0300 [DEBUG] [org.gradle.cache.internal.DefaultFileLockManager] Waiting to acquire shared lock on daemon addresses registry.
2024-07-18T21:22:29.676-0300 [DEBUG] [org.gradle.cache.internal.DefaultFileLockManager] Lock acquired on daemon addresses registry.
2024-07-18T21:22:29.676-0300 [DEBUG] [org.gradle.cache.internal.DefaultFileLockManager] Releasing lock on daemon addresses registry.
2024-07-18T21:22:39.176-0300 [DEBUG] [org.gradle.cache.internal.DefaultFileLockManager] Waiting to acquire shared lock on daemon addresses registry.
2024-07-18T21:22:39.186-0300 [DEBUG] [org.gradle.cache.internal.DefaultFileLockManager] Lock acquired on daemon addresses registry.
2024-07-18T21:22:39.218-0300 [DEBUG] [org.gradle.cache.internal.DefaultFileLockManager] Releasing lock on daemon addresses registry.
2024-07-18T21:22:39.957-0300 [DEBUG] [org.gradle.cache.internal.DefaultFileLockManager] Waiting to acquire shared lock on daemon addresses registry.
2024-07-18T21:22:39.981-0300 [DEBUG] [org.gradle.cache.internal.DefaultFileLockManager] Lock acquired on daemon addresses registry.
2024-07-18T21:22:39.999-0300 [DEBUG] [org.gradle.cache.internal.DefaultFileLockManager] Releasing lock on daemon addresses registry.
2024-07-18T21:22:39.999-0300 [DEBUG] [org.gradle.cache.internal.DefaultFileLockManager] Waiting to acquire shared lock on daemon addresses registry.
2024-07-18T21:22:39.999-0300 [DEBUG] [org.gradle.cache.internal.DefaultFileLockManager] Lock acquired on daemon addresses registry.
2024-07-18T21:22:39.999-0300 [DEBUG] [org.gradle.cache.internal.DefaultFileLockManager] Releasing lock on daemon addresses registry.
2024-07-18T21:22:49.085-0300 [DEBUG] [org.gradle.cache.internal.DefaultFileLockManager] Waiting to acquire shared lock on daemon addresses registry.
2024-07-18T21:22:49.085-0300 [DEBUG] [org.gradle.cache.internal.DefaultFileLockManager] Lock acquired on daemon addresses registry.
2024-07-18T21:22:49.086-0300 [DEBUG] [org.gradle.cache.internal.DefaultFileLockManager] Releasing lock on daemon addresses registry.
2024-07-18T21:22:49.092-0300 [DEBUG] [org.gradle.cache.internal.DefaultFileLockManager] Waiting to acquire shared lock on daemon addresses registry.
2024-07-18T21:22:49.092-0300 [DEBUG] [org.gradle.cache.internal.DefaultFileLockManager] Lock acquired on daemon addresses registry.
2024-07-18T21:22:49.093-0300 [DEBUG] [org.gradle.cache.internal.DefaultFileLockManager] Releasing lock on daemon addresses registry.
2024-07-18T21:22:49.093-0300 [DEBUG] [org.gradle.cache.internal.DefaultFileLockManager] Waiting to acquire shared lock on daemon addresses registry.
2024-07-18T21:22:49.093-0300 [DEBUG] [org.gradle.cache.internal.DefaultFileLockManager] Lock acquired on daemon addresses registry.
2024-07-18T21:22:49.093-0300 [DEBUG] [org.gradle.cache.internal.DefaultFileLockManager] Releasing lock on daemon addresses registry.
2024-07-18T21:22:59.782-0300 [DEBUG] [org.gradle.cache.internal.DefaultFileLockManager] Waiting to acquire shared lock on daemon addresses registry.
2024-07-18T21:22:59.930-0300 [DEBUG] [org.gradle.cache.internal.DefaultFileLockManager] Lock acquired on daemon addresses registry.
2024-07-18T21:23:00.031-0300 [DEBUG] [org.gradle.cache.internal.DefaultFileLockManager] Releasing lock on daemon addresses registry.
2024-07-18T21:23:00.747-0300 [DEBUG] [org.gradle.cache.internal.DefaultFileLockManager] Waiting to acquire shared lock on daemon addresses registry.
2024-07-18T21:23:00.832-0300 [DEBUG] [org.gradle.cache.internal.DefaultFileLockManager] Lock acquired on daemon addresses registry.
2024-07-18T21:23:00.892-0300 [DEBUG] [org.gradle.cache.internal.DefaultFileLockManager] Releasing lock on daemon addresses registry.
2024-07-18T21:23:00.892-0300 [DEBUG] [org.gradle.cache.internal.DefaultFileLockManager] Waiting to acquire shared lock on daemon addresses registry.
2024-07-18T21:23:00.892-0300 [DEBUG] [org.gradle.cache.internal.DefaultFileLockManager] Lock acquired on daemon addresses registry.
2024-07-18T21:23:00.892-0300 [DEBUG] [org.gradle.cache.internal.DefaultFileLockManager] Releasing lock on daemon addresses registry.
2024-07-18T21:23:09.199-0300 [DEBUG] [org.gradle.cache.internal.DefaultFileLockManager] Waiting to acquire shared lock on daemon addresses registry.
2024-07-18T21:23:09.212-0300 [DEBUG] [org.gradle.cache.internal.DefaultFileLockManager] Lock acquired on daemon addresses registry.
2024-07-18T21:23:09.229-0300 [DEBUG] [org.gradle.cache.internal.DefaultFileLockManager] Releasing lock on daemon addresses registry.
2024-07-18T21:23:09.488-0300 [DEBUG] [org.gradle.cache.internal.DefaultFileLockManager] Waiting to acquire shared lock on daemon addresses registry.
2024-07-18T21:23:09.488-0300 [DEBUG] [org.gradle.cache.internal.DefaultFileLockManager] Lock acquired on daemon addresses registry.
2024-07-18T21:23:09.489-0300 [DEBUG] [org.gradle.cache.internal.DefaultFileLockManager] Releasing lock on daemon addresses registry.
2024-07-18T21:23:09.489-0300 [DEBUG] [org.gradle.cache.internal.DefaultFileLockManager] Waiting to acquire shared lock on daemon addresses registry.
2024-07-18T21:23:09.489-0300 [DEBUG] [org.gradle.cache.internal.DefaultFileLockManager] Lock acquired on daemon addresses registry.
2024-07-18T21:23:09.489-0300 [DEBUG] [org.gradle.cache.internal.DefaultFileLockManager] Releasing lock on daemon addresses registry.
2024-07-18T21:23:19.350-0300 [DEBUG] [org.gradle.cache.internal.DefaultFileLockManager] Waiting to acquire shared lock on daemon addresses registry.
2024-07-18T21:23:19.394-0300 [DEBUG] [org.gradle.cache.internal.DefaultFileLockManager] Lock acquired on daemon addresses registry.
2024-07-18T21:23:19.435-0300 [DEBUG] [org.gradle.cache.internal.DefaultFileLockManager] Releasing lock on daemon addresses registry.
2024-07-18T21:23:20.172-0300 [DEBUG] [org.gradle.cache.internal.DefaultFileLockManager] Waiting to acquire shared lock on daemon addresses registry.
2024-07-18T21:23:20.187-0300 [DEBUG] [org.gradle.cache.internal.DefaultFileLockManager] Lock acquired on daemon addresses registry.
2024-07-18T21:23:20.226-0300 [DEBUG] [org.gradle.cache.internal.DefaultFileLockManager] Releasing lock on daemon addresses registry.
2024-07-18T21:23:20.226-0300 [DEBUG] [org.gradle.cache.internal.DefaultFileLockManager] Waiting to acquire shared lock on daemon addresses registry.
2024-07-18T21:23:20.226-0300 [DEBUG] [org.gradle.cache.internal.DefaultFileLockManager] Lock acquired on daemon addresses registry.
2024-07-18T21:23:20.227-0300 [DEBUG] [org.gradle.cache.internal.DefaultFileLockManager] Releasing lock on daemon addresses registry.
2024-07-18T21:23:29.391-0300 [DEBUG] [org.gradle.cache.internal.DefaultFileLockManager] Waiting to acquire shared lock on daemon addresses registry.
2024-07-18T21:23:29.399-0300 [DEBUG] [org.gradle.cache.internal.DefaultFileLockManager] Lock acquired on daemon addresses registry.
2024-07-18T21:23:29.415-0300 [DEBUG] [org.gradle.cache.internal.DefaultFileLockManager] Releasing lock on daemon addresses registry.
2024-07-18T21:23:29.658-0300 [DEBUG] [org.gradle.cache.internal.DefaultFileLockManager] Waiting to acquire shared lock on daemon addresses registry.
2024-07-18T21:23:29.658-0300 [DEBUG] [org.gradle.cache.internal.DefaultFileLockManager] Lock acquired on daemon addresses registry.
2024-07-18T21:23:29.658-0300 [DEBUG] [org.gradle.cache.internal.DefaultFileLockManager] Releasing lock on daemon addresses registry.
2024-07-18T21:23:29.659-0300 [DEBUG] [org.gradle.cache.internal.DefaultFileLockManager] Waiting to acquire shared lock on daemon addresses registry.
2024-07-18T21:23:29.659-0300 [DEBUG] [org.gradle.cache.internal.DefaultFileLockManager] Lock acquired on daemon addresses registry.
2024-07-18T21:23:29.659-0300 [DEBUG] [org.gradle.cache.internal.DefaultFileLockManager] Releasing lock on daemon addresses registry.
2024-07-18T21:23:39.171-0300 [DEBUG] [org.gradle.cache.internal.DefaultFileLockManager] Waiting to acquire shared lock on daemon addresses registry.
2024-07-18T21:23:39.212-0300 [DEBUG] [org.gradle.cache.internal.DefaultFileLockManager] Lock acquired on daemon addresses registry.
2024-07-18T21:23:39.302-0300 [DEBUG] [org.gradle.cache.internal.DefaultFileLockManager] Releasing lock on daemon addresses registry.
2024-07-18T21:23:40.080-0300 [DEBUG] [org.gradle.cache.internal.DefaultFileLockManager] Waiting to acquire shared lock on daemon addresses registry.
2024-07-18T21:23:40.174-0300 [DEBUG] [org.gradle.cache.internal.DefaultFileLockManager] Lock acquired on daemon addresses registry.
2024-07-18T21:23:40.215-0300 [DEBUG] [org.gradle.cache.internal.DefaultFileLockManager] Releasing lock on daemon addresses registry.
2024-07-18T21:23:40.215-0300 [DEBUG] [org.gradle.cache.internal.DefaultFileLockManager] Waiting to acquire shared lock on daemon addresses registry.
2024-07-18T21:23:40.215-0300 [DEBUG] [org.gradle.cache.internal.DefaultFileLockManager] Lock acquired on daemon addresses registry.
2024-07-18T21:23:40.215-0300 [DEBUG] [org.gradle.cache.internal.DefaultFileLockManager] Releasing lock on daemon addresses registry.
2024-07-18T21:23:49.104-0300 [DEBUG] [org.gradle.cache.internal.DefaultFileLockManager] Waiting to acquire shared lock on daemon addresses registry.
2024-07-18T21:23:49.110-0300 [DEBUG] [org.gradle.cache.internal.DefaultFileLockManager] Lock acquired on daemon addresses registry.
2024-07-18T21:23:49.110-0300 [DEBUG] [org.gradle.cache.internal.DefaultFileLockManager] Releasing lock on daemon addresses registry.
2024-07-18T21:23:49.117-0300 [DEBUG] [org.gradle.cache.internal.DefaultFileLockManager] Waiting to acquire shared lock on daemon addresses registry.
2024-07-18T21:23:49.118-0300 [DEBUG] [org.gradle.cache.internal.DefaultFileLockManager] Lock acquired on daemon addresses registry.
2024-07-18T21:23:49.118-0300 [DEBUG] [org.gradle.cache.internal.DefaultFileLockManager] Releasing lock on daemon addresses registry.
2024-07-18T21:23:49.118-0300 [DEBUG] [org.gradle.cache.internal.DefaultFileLockManager] Waiting to acquire shared lock on daemon addresses registry.
2024-07-18T21:23:49.118-0300 [DEBUG] [org.gradle.cache.internal.DefaultFileLockManager] Lock acquired on daemon addresses registry.
2024-07-18T21:23:49.118-0300 [DEBUG] [org.gradle.cache.internal.DefaultFileLockManager] Releasing lock on daemon addresses registry.
2024-07-18T21:24:00.249-0300 [DEBUG] [org.gradle.cache.internal.DefaultFileLockManager] Waiting to acquire shared lock on daemon addresses registry.
2024-07-18T21:24:00.258-0300 [DEBUG] [org.gradle.cache.internal.DefaultFileLockManager] Lock acquired on daemon addresses registry.
2024-07-18T21:24:00.261-0300 [DEBUG] [org.gradle.cache.internal.DefaultFileLockManager] Releasing lock on daemon addresses registry.
2024-07-18T21:24:00.828-0300 [DEBUG] [org.gradle.cache.internal.DefaultFileLockManager] Waiting to acquire shared lock on daemon addresses registry.
2024-07-18T21:24:01.184-0300 [DEBUG] [org.gradle.cache.internal.DefaultFileLockManager] Lock acquired on daemon addresses registry.
2024-07-18T21:24:01.346-0300 [DEBUG] [org.gradle.cache.internal.DefaultFileLockManager] Releasing lock on daemon addresses registry.
2024-07-18T21:24:01.403-0300 [DEBUG] [org.gradle.cache.internal.DefaultFileLockManager] Waiting to acquire shared lock on daemon addresses registry.
2024-07-18T21:24:01.403-0300 [DEBUG] [org.gradle.cache.internal.DefaultFileLockManager] Lock acquired on daemon addresses registry.
2024-07-18T21:24:01.458-0300 [DEBUG] [org.gradle.cache.internal.DefaultFileLockManager] Releasing lock on daemon addresses registry.
2024-07-18T21:24:09.167-0300 [DEBUG] [org.gradle.cache.internal.DefaultFileLockManager] Waiting to acquire shared lock on daemon addresses registry.
2024-07-18T21:24:09.226-0300 [DEBUG] [org.gradle.cache.internal.DefaultFileLockManager] Lock acquired on daemon addresses registry.
2024-07-18T21:24:09.242-0300 [DEBUG] [org.gradle.cache.internal.DefaultFileLockManager] Releasing lock on daemon addresses registry.
2024-07-18T21:24:09.711-0300 [DEBUG] [org.gradle.cache.internal.DefaultFileLockManager] Waiting to acquire shared lock on daemon addresses registry.
2024-07-18T21:24:09.711-0300 [DEBUG] [org.gradle.cache.internal.DefaultFileLockManager] Lock acquired on daemon addresses registry.
2024-07-18T21:24:09.711-0300 [DEBUG] [org.gradle.cache.internal.DefaultFileLockManager] Releasing lock on daemon addresses registry.
2024-07-18T21:24:09.711-0300 [DEBUG] [org.gradle.cache.internal.DefaultFileLockManager] Waiting to acquire shared lock on daemon addresses registry.
2024-07-18T21:24:09.711-0300 [DEBUG] [org.gradle.cache.internal.DefaultFileLockManager] Lock acquired on daemon addresses registry.
2024-07-18T21:24:09.711-0300 [DEBUG] [org.gradle.cache.internal.DefaultFileLockManager] Releasing lock on daemon addresses registry.
2024-07-18T21:24:09.890-0300 [DEBUG] [org.gradle.internal.watch.vfs.impl.WatchingVirtualFileSystem] Handling VFS change REMOVED /home/adolfo/Proyectos_Android_Studio/mozaikos_little/android/build/intermediates/dex/debug/mergeLibDexDebug/6
2024-07-18T21:24:10.024-0300 [INFO] [org.gradle.internal.watch.registry.impl.NonHierarchicalFileWatcherUpdater] Watching 374 directories to track changes
2024-07-18T21:24:10.140-0300 [INFO] [net.rubygrapefruit.platform.internal.jni.NativeLogger] Path is not watched: /home/adolfo/Proyectos_Android_Studio/mozaikos_little/android/build/intermediates/dex/debug/mergeLibDexDebug/6
2024-07-18T21:24:10.181-0300 [DEBUG] [org.gradle.internal.watch.registry.impl.NonHierarchicalFileWatcherUpdater] Couldn't stop watching directories: [/home/adolfo/Proyectos_Android_Studio/mozaikos_little/android/build/intermediates/dex/debug/mergeLibDexDebug/6, /home/adolfo/Proyectos_Android_Studio/mozaikos_little/android/build/intermediates/dex/debug/mergeLibDexDebug]
2024-07-18T21:24:10.474-0300 [DEBUG] [org.gradle.internal.watch.vfs.impl.WatchingVirtualFileSystem] Handling VFS change REMOVED /home/adolfo/Proyectos_Android_Studio/mozaikos_little/android/build/intermediates/dex/debug/mergeLibDexDebug/14
2024-07-18T21:24:10.474-0300 [INFO] [org.gradle.internal.watch.registry.impl.NonHierarchicalFileWatcherUpdater] Watching 373 directories to track changes
2024-07-18T21:24:10.474-0300 [INFO] [net.rubygrapefruit.platform.internal.jni.NativeLogger] Path is not watched: /home/adolfo/Proyectos_Android_Studio/mozaikos_little/android/build/intermediates/dex/debug/mergeLibDexDebug/14
2024-07-18T21:24:10.475-0300 [DEBUG] [org.gradle.internal.watch.registry.impl.NonHierarchicalFileWatcherUpdater] Couldn't stop watching directories: [/home/adolfo/Proyectos_Android_Studio/mozaikos_little/android/build/intermediates/dex/debug/mergeLibDexDebug/14]
2024-07-18T21:24:10.475-0300 [DEBUG] [org.gradle.internal.watch.vfs.impl.WatchingVirtualFileSystem] Handling VFS change REMOVED /home/adolfo/Proyectos_Android_Studio/mozaikos_little/android/build/intermediates/dex/debug/mergeLibDexDebug/11
2024-07-18T21:24:10.475-0300 [INFO] [org.gradle.internal.watch.registry.impl.NonHierarchicalFileWatcherUpdater] Watching 372 directories to track changes
2024-07-18T21:24:10.475-0300 [INFO] [net.rubygrapefruit.platform.internal.jni.NativeLogger] Path is not watched: /home/adolfo/Proyectos_Android_Studio/mozaikos_little/android/build/intermediates/dex/debug/mergeLibDexDebug/11
2024-07-18T21:24:10.475-0300 [DEBUG] [org.gradle.internal.watch.registry.impl.NonHierarchicalFileWatcherUpdater] Couldn't stop watching directories: [/home/adolfo/Proyectos_Android_Studio/mozaikos_little/android/build/intermediates/dex/debug/mergeLibDexDebug/11]
2024-07-18T21:24:10.475-0300 [DEBUG] [org.gradle.internal.watch.vfs.impl.WatchingVirtualFileSystem] Handling VFS change REMOVED /home/adolfo/Proyectos_Android_Studio/mozaikos_little/android/build/intermediates/dex/debug/mergeLibDexDebug/13
2024-07-18T21:24:10.475-0300 [INFO] [org.gradle.internal.watch.registry.impl.NonHierarchicalFileWatcherUpdater] Watching 371 directories to track changes
2024-07-18T21:24:10.476-0300 [INFO] [net.rubygrapefruit.platform.internal.jni.NativeLogger] Path is not watched: /home/adolfo/Proyectos_Android_Studio/mozaikos_little/android/build/intermediates/dex/debug/mergeLibDexDebug/13
2024-07-18T21:24:10.476-0300 [DEBUG] [org.gradle.internal.watch.registry.impl.NonHierarchicalFileWatcherUpdater] Couldn't stop watching directories: [/home/adolfo/Proyectos_Android_Studio/mozaikos_little/android/build/intermediates/dex/debug/mergeLibDexDebug/13]
2024-07-18T21:24:10.476-0300 [DEBUG] [org.gradle.internal.watch.vfs.impl.WatchingVirtualFileSystem] Handling VFS change REMOVED /home/adolfo/Proyectos_Android_Studio/mozaikos_little/android/build/intermediates/dex/debug/mergeLibDexDebug/9/classes.dex
2024-07-18T21:24:10.476-0300 [INFO] [org.gradle.internal.watch.registry.impl.NonHierarchicalFileWatcherUpdater] Watching 370 directories to track changes
2024-07-18T21:24:10.476-0300 [INFO] [net.rubygrapefruit.platform.internal.jni.NativeLogger] Path is not watched: /home/adolfo/Proyectos_Android_Studio/mozaikos_little/android/build/intermediates/dex/debug/mergeLibDexDebug/9
2024-07-18T21:24:10.476-0300 [DEBUG] [org.gradle.internal.watch.registry.impl.NonHierarchicalFileWatcherUpdater] Couldn't stop watching directories: [/home/adolfo/Proyectos_Android_Studio/mozaikos_little/android/build/intermediates/dex/debug/mergeLibDexDebug/9]
2024-07-18T21:24:10.491-0300 [DEBUG] [org.gradle.internal.watch.vfs.impl.WatchingVirtualFileSystem] Handling VFS change REMOVED /home/adolfo/Proyectos_Android_Studio/mozaikos_little/android/build/intermediates/dex/debug/mergeLibDexDebug/9
2024-07-18T21:24:10.491-0300 [DEBUG] [org.gradle.internal.watch.vfs.impl.WatchingVirtualFileSystem] Handling VFS change REMOVED /home/adolfo/Proyectos_Android_Studio/mozaikos_little/android/build/intermediates/dex/debug/mergeLibDexDebug/15
2024-07-18T21:24:10.491-0300 [INFO] [org.gradle.internal.watch.registry.impl.NonHierarchicalFileWatcherUpdater] Watching 369 directories to track changes
2024-07-18T21:24:10.492-0300 [INFO] [net.rubygrapefruit.platform.internal.jni.NativeLogger] Path is not watched: /home/adolfo/Proyectos_Android_Studio/mozaikos_little/android/build/intermediates/dex/debug/mergeLibDexDebug/15
2024-07-18T21:24:10.492-0300 [DEBUG] [org.gradle.internal.watch.registry.impl.NonHierarchicalFileWatcherUpdater] Couldn't stop watching directories: [/home/adolfo/Proyectos_Android_Studio/mozaikos_little/android/build/intermediates/dex/debug/mergeLibDexDebug/15]
2024-07-18T21:24:10.492-0300 [DEBUG] [org.gradle.internal.watch.vfs.impl.WatchingVirtualFileSystem] Handling VFS change REMOVED /home/adolfo/Proyectos_Android_Studio/mozaikos_little/android/build/intermediates/dex/debug/mergeLibDexDebug/2
2024-07-18T21:24:10.492-0300 [INFO] [org.gradle.internal.watch.registry.impl.NonHierarchicalFileWatcherUpdater] Watching 368 directories to track changes
2024-07-18T21:24:10.492-0300 [INFO] [net.rubygrapefruit.platform.internal.jni.NativeLogger] Path is not watched: /home/adolfo/Proyectos_Android_Studio/mozaikos_little/android/build/intermediates/dex/debug/mergeLibDexDebug/2
2024-07-18T21:24:10.492-0300 [DEBUG] [org.gradle.internal.watch.registry.impl.NonHierarchicalFileWatcherUpdater] Couldn't stop watching directories: [/home/adolfo/Proyectos_Android_Studio/mozaikos_little/android/build/intermediates/dex/debug/mergeLibDexDebug/2]
2024-07-18T21:24:10.492-0300 [DEBUG] [org.gradle.internal.watch.vfs.impl.WatchingVirtualFileSystem] Handling VFS change REMOVED /home/adolfo/Proyectos_Android_Studio/mozaikos_little/android/build/intermediates/dex/debug/mergeLibDexDebug/12
2024-07-18T21:24:10.493-0300 [INFO] [org.gradle.internal.watch.registry.impl.NonHierarchicalFileWatcherUpdater] Watching 367 directories to track changes
2024-07-18T21:24:10.493-0300 [INFO] [net.rubygrapefruit.platform.internal.jni.NativeLogger] Path is not watched: /home/adolfo/Proyectos_Android_Studio/mozaikos_little/android/build/intermediates/dex/debug/mergeLibDexDebug/12
2024-07-18T21:24:10.493-0300 [DEBUG] [org.gradle.internal.watch.registry.impl.NonHierarchicalFileWatcherUpdater] Couldn't stop watching directories: [/home/adolfo/Proyectos_Android_Studio/mozaikos_little/android/build/intermediates/dex/debug/mergeLibDexDebug/12]
2024-07-18T21:24:10.493-0300 [DEBUG] [org.gradle.internal.watch.vfs.impl.WatchingVirtualFileSystem] Handling VFS change REMOVED /home/adolfo/Proyectos_Android_Studio/mozaikos_little/android/build/intermediates/dex/debug/mergeLibDexDebug/4
2024-07-18T21:24:10.493-0300 [INFO] [org.gradle.internal.watch.registry.impl.NonHierarchicalFileWatcherUpdater] Watching 366 directories to track changes
2024-07-18T21:24:10.493-0300 [INFO] [net.rubygrapefruit.platform.internal.jni.NativeLogger] Path is not watched: /home/adolfo/Proyectos_Android_Studio/mozaikos_little/android/build/intermediates/dex/debug/mergeLibDexDebug/4
2024-07-18T21:24:10.493-0300 [DEBUG] [org.gradle.internal.watch.registry.impl.NonHierarchicalFileWatcherUpdater] Couldn't stop watching directories: [/home/adolfo/Proyectos_Android_Studio/mozaikos_little/android/build/intermediates/dex/debug/mergeLibDexDebug/4]
2024-07-18T21:24:10.493-0300 [DEBUG] [org.gradle.internal.watch.vfs.impl.WatchingVirtualFileSystem] Handling VFS change REMOVED /home/adolfo/Proyectos_Android_Studio/mozaikos_little/android/build/intermediates/dex/debug/mergeLibDexDebug/1
2024-07-18T21:24:10.494-0300 [INFO] [org.gradle.internal.watch.registry.impl.NonHierarchicalFileWatcherUpdater] Watching 365 directories to track changes
2024-07-18T21:24:10.494-0300 [INFO] [net.rubygrapefruit.platform.internal.jni.NativeLogger] Path is not watched: /home/adolfo/Proyectos_Android_Studio/mozaikos_little/android/build/intermediates/dex/debug/mergeLibDexDebug/1
2024-07-18T21:24:10.494-0300 [DEBUG] [org.gradle.internal.watch.registry.impl.NonHierarchicalFileWatcherUpdater] Couldn't stop watching directories: [/home/adolfo/Proyectos_Android_Studio/mozaikos_little/android/build/intermediates/dex/debug/mergeLibDexDebug/1]
2024-07-18T21:24:10.494-0300 [DEBUG] [org.gradle.internal.watch.vfs.impl.WatchingVirtualFileSystem] Handling VFS change REMOVED /home/adolfo/Proyectos_Android_Studio/mozaikos_little/android/build/intermediates/dex/debug/mergeLibDexDebug/5
2024-07-18T21:24:10.494-0300 [INFO] [org.gradle.internal.watch.registry.impl.NonHierarchicalFileWatcherUpdater] Watching 364 directories to track changes
2024-07-18T21:24:10.494-0300 [INFO] [net.rubygrapefruit.platform.internal.jni.NativeLogger] Path is not watched: /home/adolfo/Proyectos_Android_Studio/mozaikos_little/android/build/intermediates/dex/debug/mergeLibDexDebug/5
2024-07-18T21:24:10.494-0300 [DEBUG] [org.gradle.internal.watch.registry.impl.NonHierarchicalFileWatcherUpdater] Couldn't stop watching directories: [/home/adolfo/Proyectos_Android_Studio/mozaikos_little/android/build/intermediates/dex/debug/mergeLibDexDebug/5]
2024-07-18T21:24:10.494-0300 [DEBUG] [org.gradle.internal.watch.vfs.impl.WatchingVirtualFileSystem] Handling VFS change REMOVED /home/adolfo/Proyectos_Android_Studio/mozaikos_little/android/build/intermediates/dex/debug/mergeLibDexDebug/0
2024-07-18T21:24:10.494-0300 [INFO] [org.gradle.internal.watch.registry.impl.NonHierarchicalFileWatcherUpdater] Watching 363 directories to track changes
2024-07-18T21:24:10.494-0300 [INFO] [net.rubygrapefruit.platform.internal.jni.NativeLogger] Path is not watched: /home/adolfo/Proyectos_Android_Studio/mozaikos_little/android/build/intermediates/dex/debug/mergeLibDexDebug/0
2024-07-18T21:24:10.494-0300 [DEBUG] [org.gradle.internal.watch.registry.impl.NonHierarchicalFileWatcherUpdater] Couldn't stop watching directories: [/home/adolfo/Proyectos_Android_Studio/mozaikos_little/android/build/intermediates/dex/debug/mergeLibDexDebug/0]
2024-07-18T21:24:10.494-0300 [DEBUG] [org.gradle.internal.watch.vfs.impl.WatchingVirtualFileSystem] Handling VFS change REMOVED /home/adolfo/Proyectos_Android_Studio/mozaikos_little/android/build/intermediates/dex/debug/mergeLibDexDebug/7
2024-07-18T21:24:10.534-0300 [INFO] [org.gradle.internal.watch.registry.impl.NonHierarchicalFileWatcherUpdater] Watching 362 directories to track changes
2024-07-18T21:24:10.535-0300 [INFO] [net.rubygrapefruit.platform.internal.jni.NativeLogger] Path is not watched: /home/adolfo/Proyectos_Android_Studio/mozaikos_little/android/build/intermediates/dex/debug/mergeLibDexDebug/7
2024-07-18T21:24:10.535-0300 [DEBUG] [org.gradle.internal.watch.registry.impl.NonHierarchicalFileWatcherUpdater] Couldn't stop watching directories: [/home/adolfo/Proyectos_Android_Studio/mozaikos_little/android/build/intermediates/dex/debug/mergeLibDexDebug/7]
2024-07-18T21:24:10.535-0300 [DEBUG] [org.gradle.internal.watch.vfs.impl.WatchingVirtualFileSystem] Handling VFS change REMOVED /home/adolfo/Proyectos_Android_Studio/mozaikos_little/android/build/intermediates/dex/debug/mergeLibDexDebug/8
2024-07-18T21:24:10.535-0300 [INFO] [org.gradle.internal.watch.registry.impl.NonHierarchicalFileWatcherUpdater] Watching 361 directories to track changes
2024-07-18T21:24:10.535-0300 [INFO] [net.rubygrapefruit.platform.internal.jni.NativeLogger] Path is not watched: /home/adolfo/Proyectos_Android_Studio/mozaikos_little/android/build/intermediates/dex/debug/mergeLibDexDebug/8
2024-07-18T21:24:10.536-0300 [DEBUG] [org.gradle.internal.watch.registry.impl.NonHierarchicalFileWatcherUpdater] Couldn't stop watching directories: [/home/adolfo/Proyectos_Android_Studio/mozaikos_little/android/build/intermediates/dex/debug/mergeLibDexDebug/8]
2024-07-18T21:24:10.536-0300 [DEBUG] [org.gradle.internal.watch.vfs.impl.WatchingVirtualFileSystem] Handling VFS change REMOVED /home/adolfo/Proyectos_Android_Studio/mozaikos_little/android/build/intermediates/dex/debug/mergeLibDexDebug/10
2024-07-18T21:24:10.536-0300 [INFO] [org.gradle.internal.watch.registry.impl.NonHierarchicalFileWatcherUpdater] Watching 360 directories to track changes
2024-07-18T21:24:10.536-0300 [INFO] [net.rubygrapefruit.platform.internal.jni.NativeLogger] Path is not watched: /home/adolfo/Proyectos_Android_Studio/mozaikos_little/android/build/intermediates/dex/debug/mergeLibDexDebug/10
2024-07-18T21:24:10.536-0300 [DEBUG] [org.gradle.internal.watch.registry.impl.NonHierarchicalFileWatcherUpdater] Couldn't stop watching directories: [/home/adolfo/Proyectos_Android_Studio/mozaikos_little/android/build/intermediates/dex/debug/mergeLibDexDebug/10]
2024-07-18T21:24:10.536-0300 [DEBUG] [org.gradle.internal.watch.vfs.impl.WatchingVirtualFileSystem] Handling VFS change REMOVED /home/adolfo/Proyectos_Android_Studio/mozaikos_little/android/build/intermediates/dex/debug/mergeLibDexDebug/3
2024-07-18T21:24:10.536-0300 [INFO] [org.gradle.internal.watch.registry.impl.NonHierarchicalFileWatcherUpdater] Watching 359 directories to track changes
2024-07-18T21:24:10.537-0300 [INFO] [net.rubygrapefruit.platform.internal.jni.NativeLogger] Path is not watched: /home/adolfo/Proyectos_Android_Studio/mozaikos_little/android/build/intermediates/dex/debug/mergeLibDexDebug/3
2024-07-18T21:24:10.537-0300 [DEBUG] [org.gradle.internal.watch.registry.impl.NonHierarchicalFileWatcherUpdater] Couldn't stop watching directories: [/home/adolfo/Proyectos_Android_Studio/mozaikos_little/android/build/intermediates/dex/debug/mergeLibDexDebug/3]
2024-07-18T21:24:11.585-0300 [DEBUG] [org.gradle.internal.watch.vfs.impl.WatchingVirtualFileSystem] Handling VFS change REMOVED /home/adolfo/Proyectos_Android_Studio/mozaikos_little/android/build/intermediates/merged_jni_libs/debug/out/x86/libgdx-box2d.so
2024-07-18T21:24:11.981-0300 [INFO] [org.gradle.internal.watch.registry.impl.NonHierarchicalFileWatcherUpdater] Watching 358 directories to track changes
2024-07-18T21:24:12.004-0300 [DEBUG] [org.gradle.internal.watch.vfs.impl.WatchingVirtualFileSystem] Handling VFS change REMOVED /home/adolfo/Proyectos_Android_Studio/mozaikos_little/android/build/intermediates/merged_jni_libs/debug/out/x86/libgdx.so
2024-07-18T21:24:12.004-0300 [INFO] [org.gradle.internal.watch.registry.impl.NonHierarchicalFileWatcherUpdater] Watching 358 directories to track changes
2024-07-18T21:24:12.026-0300 [DEBUG] [org.gradle.internal.watch.vfs.impl.WatchingVirtualFileSystem] Handling VFS change REMOVED /home/adolfo/Proyectos_Android_Studio/mozaikos_little/android/build/intermediates/merged_jni_libs/debug/out/x86/libgdx-freetype.so
2024-07-18T21:24:12.026-0300 [INFO] [org.gradle.internal.watch.registry.impl.NonHierarchicalFileWatcherUpdater] Watching 357 directories to track changes
2024-07-18T21:24:12.026-0300 [INFO] [net.rubygrapefruit.platform.internal.jni.NativeLogger] Path is not watched: /home/adolfo/Proyectos_Android_Studio/mozaikos_little/android/build/intermediates/merged_jni_libs/debug/out/x86
2024-07-18T21:24:12.026-0300 [DEBUG] [org.gradle.internal.watch.registry.impl.NonHierarchicalFileWatcherUpdater] Couldn't stop watching directories: [/home/adolfo/Proyectos_Android_Studio/mozaikos_little/android/build/intermediates/merged_jni_libs/debug/out/x86]
2024-07-18T21:24:12.027-0300 [DEBUG] [org.gradle.internal.watch.vfs.impl.WatchingVirtualFileSystem] Handling VFS change REMOVED /home/adolfo/Proyectos_Android_Studio/mozaikos_little/android/build/intermediates/merged_jni_libs/debug/out/x86
2024-07-18T21:24:12.027-0300 [DEBUG] [org.gradle.internal.watch.vfs.impl.WatchingVirtualFileSystem] Handling VFS change REMOVED /home/adolfo/Proyectos_Android_Studio/mozaikos_little/android/build/intermediates/merged_jni_libs/debug/out/x86_64/libgdx-box2d.so
2024-07-18T21:24:12.027-0300 [INFO] [org.gradle.internal.watch.registry.impl.NonHierarchicalFileWatcherUpdater] Watching 357 directories to track changes
2024-07-18T21:24:12.045-0300 [DEBUG] [org.gradle.internal.watch.vfs.impl.WatchingVirtualFileSystem] Handling VFS change REMOVED /home/adolfo/Proyectos_Android_Studio/mozaikos_little/android/build/intermediates/merged_jni_libs/debug/out/x86_64/libgdx.so
2024-07-18T21:24:12.080-0300 [INFO] [org.gradle.internal.watch.registry.impl.NonHierarchicalFileWatcherUpdater] Watching 357 directories to track changes
2024-07-18T21:24:12.080-0300 [DEBUG] [org.gradle.internal.watch.vfs.impl.WatchingVirtualFileSystem] Handling VFS change REMOVED /home/adolfo/Proyectos_Android_Studio/mozaikos_little/android/build/intermediates/merged_jni_libs/debug/out/x86_64/libgdx-freetype.so
2024-07-18T21:24:12.129-0300 [INFO] [org.gradle.internal.watch.registry.impl.NonHierarchicalFileWatcherUpdater] Watching 356 directories to track changes
2024-07-18T21:24:12.129-0300 [INFO] [net.rubygrapefruit.platform.internal.jni.NativeLogger] Path is not watched: /home/adolfo/Proyectos_Android_Studio/mozaikos_little/android/build/intermediates/merged_jni_libs/debug/out/x86_64
2024-07-18T21:24:12.211-0300 [DEBUG] [org.gradle.internal.watch.registry.impl.NonHierarchicalFileWatcherUpdater] Couldn't stop watching directories: [/home/adolfo/Proyectos_Android_Studio/mozaikos_little/android/build/intermediates/merged_jni_libs/debug/out/x86_64]
2024-07-18T21:24:12.212-0300 [DEBUG] [org.gradle.internal.watch.vfs.impl.WatchingVirtualFileSystem] Handling VFS change REMOVED /home/adolfo/Proyectos_Android_Studio/mozaikos_little/android/build/intermediates/merged_jni_libs/debug/out/x86_64
2024-07-18T21:24:12.212-0300 [DEBUG] [org.gradle.internal.watch.vfs.impl.WatchingVirtualFileSystem] Handling VFS change REMOVED /home/adolfo/Proyectos_Android_Studio/mozaikos_little/android/build/intermediates/merged_jni_libs/debug/out/armeabi-v7a/libgdx-box2d.so
2024-07-18T21:24:12.212-0300 [INFO] [org.gradle.internal.watch.registry.impl.NonHierarchicalFileWatcherUpdater] Watching 356 directories to track changes
2024-07-18T21:24:12.212-0300 [DEBUG] [org.gradle.internal.watch.vfs.impl.WatchingVirtualFileSystem] Handling VFS change REMOVED /home/adolfo/Proyectos_Android_Studio/mozaikos_little/android/build/intermediates/merged_jni_libs/debug/out/armeabi-v7a/libgdx.so
2024-07-18T21:24:12.212-0300 [INFO] [org.gradle.internal.watch.registry.impl.NonHierarchicalFileWatcherUpdater] Watching 356 directories to track changes
2024-07-18T21:24:12.212-0300 [DEBUG] [org.gradle.internal.watch.vfs.impl.WatchingVirtualFileSystem] Handling VFS change REMOVED /home/adolfo/Proyectos_Android_Studio/mozaikos_little/android/build/intermediates/merged_jni_libs/debug/out/armeabi-v7a/libgdx-freetype.so
2024-07-18T21:24:12.212-0300 [INFO] [org.gradle.internal.watch.registry.impl.NonHierarchicalFileWatcherUpdater] Watching 355 directories to track changes
2024-07-18T21:24:12.212-0300 [INFO] [net.rubygrapefruit.platform.internal.jni.NativeLogger] Path is not watched: /home/adolfo/Proyectos_Android_Studio/mozaikos_little/android/build/intermediates/merged_jni_libs/debug/out/armeabi-v7a
2024-07-18T21:24:12.212-0300 [DEBUG] [org.gradle.internal.watch.registry.impl.NonHierarchicalFileWatcherUpdater] Couldn't stop watching directories: [/home/adolfo/Proyectos_Android_Studio/mozaikos_little/android/build/intermediates/merged_jni_libs/debug/out/armeabi-v7a]
2024-07-18T21:24:12.212-0300 [DEBUG] [org.gradle.internal.watch.vfs.impl.WatchingVirtualFileSystem] Handling VFS change REMOVED /home/adolfo/Proyectos_Android_Studio/mozaikos_little/android/build/intermediates/merged_jni_libs/debug/out/armeabi-v7a
2024-07-18T21:24:12.212-0300 [DEBUG] [org.gradle.internal.watch.vfs.impl.WatchingVirtualFileSystem] Handling VFS change REMOVED /home/adolfo/Proyectos_Android_Studio/mozaikos_little/android/build/intermediates/merged_jni_libs/debug/out/arm64-v8a/libgdx-box2d.so
2024-07-18T21:24:12.213-0300 [INFO] [org.gradle.internal.watch.registry.impl.NonHierarchicalFileWatcherUpdater] Watching 355 directories to track changes
2024-07-18T21:24:12.215-0300 [DEBUG] [org.gradle.internal.watch.vfs.impl.WatchingVirtualFileSystem] Handling VFS change REMOVED /home/adolfo/Proyectos_Android_Studio/mozaikos_little/android/build/intermediates/merged_jni_libs/debug/out/arm64-v8a/libgdx.so
2024-07-18T21:24:12.215-0300 [INFO] [org.gradle.internal.watch.registry.impl.NonHierarchicalFileWatcherUpdater] Watching 355 directories to track changes
2024-07-18T21:24:12.215-0300 [DEBUG] [org.gradle.internal.watch.vfs.impl.WatchingVirtualFileSystem] Handling VFS change REMOVED /home/adolfo/Proyectos_Android_Studio/mozaikos_little/android/build/intermediates/merged_jni_libs/debug/out/arm64-v8a/libgdx-freetype.so
2024-07-18T21:24:12.215-0300 [INFO] [org.gradle.internal.watch.registry.impl.NonHierarchicalFileWatcherUpdater] Watching 354 directories to track changes
2024-07-18T21:24:12.215-0300 [INFO] [net.rubygrapefruit.platform.internal.jni.NativeLogger] Path is not watched: /home/adolfo/Proyectos_Android_Studio/mozaikos_little/android/build/intermediates/merged_jni_libs/debug/out/arm64-v8a
2024-07-18T21:24:12.216-0300 [DEBUG] [org.gradle.internal.watch.registry.impl.NonHierarchicalFileWatcherUpdater] Couldn't stop watching directories: [/home/adolfo/Proyectos_Android_Studio/mozaikos_little/android/build/intermediates/merged_jni_libs/debug/out/arm64-v8a]
2024-07-18T21:24:12.216-0300 [DEBUG] [org.gradle.internal.watch.vfs.impl.WatchingVirtualFileSystem] Handling VFS change REMOVED /home/adolfo/Proyectos_Android_Studio/mozaikos_little/android/build/intermediates/merged_jni_libs/debug/out/arm64-v8a
2024-07-18T21:24:12.216-0300 [DEBUG] [org.gradle.internal.watch.vfs.impl.WatchingVirtualFileSystem] Handling VFS change REMOVED /home/adolfo/Proyectos_Android_Studio/mozaikos_little/android/build/intermediates/merged_jni_libs/debug/out/armeabi/libgdx-box2d.so
2024-07-18T21:24:12.216-0300 [INFO] [org.gradle.internal.watch.registry.impl.NonHierarchicalFileWatcherUpdater] Watching 354 directories to track changes
2024-07-18T21:24:12.216-0300 [DEBUG] [org.gradle.internal.watch.vfs.impl.WatchingVirtualFileSystem] Handling VFS change REMOVED /home/adolfo/Proyectos_Android_Studio/mozaikos_little/android/build/intermediates/merged_jni_libs/debug/out/armeabi/libgdx.so
2024-07-18T21:24:12.216-0300 [INFO] [org.gradle.internal.watch.registry.impl.NonHierarchicalFileWatcherUpdater] Watching 354 directories to track changes
2024-07-18T21:24:12.216-0300 [DEBUG] [org.gradle.internal.watch.vfs.impl.WatchingVirtualFileSystem] Handling VFS change REMOVED /home/adolfo/Proyectos_Android_Studio/mozaikos_little/android/build/intermediates/merged_jni_libs/debug/out/armeabi/libgdx-freetype.so
2024-07-18T21:24:12.216-0300 [INFO] [org.gradle.internal.watch.registry.impl.NonHierarchicalFileWatcherUpdater] Watching 353 directories to track changes
2024-07-18T21:24:12.216-0300 [INFO] [net.rubygrapefruit.platform.internal.jni.NativeLogger] Path is not watched: /home/adolfo/Proyectos_Android_Studio/mozaikos_little/android/build/intermediates/merged_jni_libs/debug/out/armeabi
2024-07-18T21:24:12.217-0300 [DEBUG] [org.gradle.internal.watch.registry.impl.NonHierarchicalFileWatcherUpdater] Couldn't stop watching directories: [/home/adolfo/Proyectos_Android_Studio/mozaikos_little/android/build/intermediates/merged_jni_libs/debug/out/armeabi]
2024-07-18T21:24:12.217-0300 [DEBUG] [org.gradle.internal.watch.vfs.impl.WatchingVirtualFileSystem] Handling VFS change REMOVED /home/adolfo/Proyectos_Android_Studio/mozaikos_little/android/build/intermediates/merged_jni_libs/debug/out/armeabi
2024-07-18T21:24:19.150-0300 [DEBUG] [org.gradle.cache.internal.DefaultFileLockManager] Waiting to acquire shared lock on daemon addresses registry.
2024-07-18T21:24:19.166-0300 [DEBUG] [org.gradle.cache.internal.DefaultFileLockManager] Lock acquired on daemon addresses registry.
2024-07-18T21:24:19.182-0300 [DEBUG] [org.gradle.cache.internal.DefaultFileLockManager] Releasing lock on daemon addresses registry.
2024-07-18T21:24:19.646-0300 [DEBUG] [org.gradle.cache.internal.DefaultFileLockManager] Waiting to acquire shared lock on daemon addresses registry.
2024-07-18T21:24:19.669-0300 [DEBUG] [org.gradle.cache.internal.DefaultFileLockManager] Lock acquired on daemon addresses registry.
2024-07-18T21:24:19.692-0300 [DEBUG] [org.gradle.cache.internal.DefaultFileLockManager] Releasing lock on daemon addresses registry.
2024-07-18T21:24:19.692-0300 [DEBUG] [org.gradle.cache.internal.DefaultFileLockManager] Waiting to acquire shared lock on daemon addresses registry.
2024-07-18T21:24:19.692-0300 [DEBUG] [org.gradle.cache.internal.DefaultFileLockManager] Lock acquired on daemon addresses registry.
2024-07-18T21:24:19.692-0300 [DEBUG] [org.gradle.cache.internal.DefaultFileLockManager] Releasing lock on daemon addresses registry.
2024-07-18T21:24:24.655-0300 [DEBUG] [org.gradle.internal.watch.vfs.impl.WatchingVirtualFileSystem] Handling VFS change MODIFIED /home/adolfo/Proyectos_Android_Studio/mozaikos_little/android/build/intermediates/incremental/mergeDebugJniLibFolders/merger.xml
2024-07-18T21:24:24.693-0300 [INFO] [org.gradle.internal.watch.registry.impl.NonHierarchicalFileWatcherUpdater] Watching 352 directories to track changes
2024-07-18T21:24:24.913-0300 [DEBUG] [org.gradle.internal.watch.vfs.impl.WatchingVirtualFileSystem] Handling VFS change REMOVED /home/adolfo/Proyectos_Android_Studio/mozaikos_little/android/build/intermediates/merged_native_libs/debug/out/lib/x86/libgdx-box2d.so
2024-07-18T21:24:24.933-0300 [INFO] [org.gradle.internal.watch.registry.impl.NonHierarchicalFileWatcherUpdater] Watching 350 directories to track changes
2024-07-18T21:24:24.998-0300 [DEBUG] [org.gradle.internal.watch.vfs.impl.WatchingVirtualFileSystem] Handling VFS change REMOVED /home/adolfo/Proyectos_Android_Studio/mozaikos_little/android/build/intermediates/merged_native_libs/debug/out/lib/x86/libgdx.so
2024-07-18T21:24:24.999-0300 [INFO] [org.gradle.internal.watch.registry.impl.NonHierarchicalFileWatcherUpdater] Watching 350 directories to track changes
2024-07-18T21:24:24.999-0300 [DEBUG] [org.gradle.internal.watch.vfs.impl.WatchingVirtualFileSystem] Handling VFS change REMOVED /home/adolfo/Proyectos_Android_Studio/mozaikos_little/android/build/intermediates/merged_native_libs/debug/out/lib/x86/libgdx-freetype.so
2024-07-18T21:24:25.057-0300 [INFO] [org.gradle.internal.watch.registry.impl.NonHierarchicalFileWatcherUpdater] Watching 349 directories to track changes
2024-07-18T21:24:25.243-0300 [INFO] [net.rubygrapefruit.platform.internal.jni.NativeLogger] Path is not watched: /home/adolfo/Proyectos_Android_Studio/mozaikos_little/android/build/intermediates/merged_native_libs/debug/out/lib/x86
2024-07-18T21:24:25.273-0300 [DEBUG] [org.gradle.internal.watch.registry.impl.NonHierarchicalFileWatcherUpdater] Couldn't stop watching directories: [/home/adolfo/Proyectos_Android_Studio/mozaikos_little/android/build/intermediates/merged_native_libs/debug/out/lib/x86]
2024-07-18T21:24:25.273-0300 [DEBUG] [org.gradle.internal.watch.vfs.impl.WatchingVirtualFileSystem] Handling VFS change REMOVED /home/adolfo/Proyectos_Android_Studio/mozaikos_little/android/build/intermediates/merged_native_libs/debug/out/lib/x86
2024-07-18T21:24:25.273-0300 [DEBUG] [org.gradle.internal.watch.vfs.impl.WatchingVirtualFileSystem] Handling VFS change REMOVED /home/adolfo/Proyectos_Android_Studio/mozaikos_little/android/build/intermediates/merged_native_libs/debug/out/lib/x86_64/libgdx-box2d.so
2024-07-18T21:24:25.273-0300 [INFO] [org.gradle.internal.watch.registry.impl.NonHierarchicalFileWatcherUpdater] Watching 349 directories to track changes
2024-07-18T21:24:25.273-0300 [DEBUG] [org.gradle.internal.watch.vfs.impl.WatchingVirtualFileSystem] Handling VFS change REMOVED /home/adolfo/Proyectos_Android_Studio/mozaikos_little/android/build/intermediates/merged_native_libs/debug/out/lib/x86_64/libgdx.so
2024-07-18T21:24:26.915-0300 [INFO] [org.gradle.internal.watch.registry.impl.NonHierarchicalFileWatcherUpdater] Watching 349 directories to track changes
2024-07-18T21:24:26.915-0300 [DEBUG] [org.gradle.internal.watch.vfs.impl.WatchingVirtualFileSystem] Handling VFS change REMOVED /home/adolfo/Proyectos_Android_Studio/mozaikos_little/android/build/intermediates/merged_native_libs/debug/out/lib/x86_64/libgdx-freetype.so
2024-07-18T21:24:26.916-0300 [INFO] [org.gradle.internal.watch.registry.impl.NonHierarchicalFileWatcherUpdater] Watching 348 directories to track changes
2024-07-18T21:24:26.927-0300 [INFO] [net.rubygrapefruit.platform.internal.jni.NativeLogger] Path is not watched: /home/adolfo/Proyectos_Android_Studio/mozaikos_little/android/build/intermediates/merged_native_libs/debug/out/lib/x86_64
2024-07-18T21:24:26.927-0300 [DEBUG] [org.gradle.internal.watch.registry.impl.NonHierarchicalFileWatcherUpdater] Couldn't stop watching directories: [/home/adolfo/Proyectos_Android_Studio/mozaikos_little/android/build/intermediates/merged_native_libs/debug/out/lib/x86_64]
2024-07-18T21:24:26.927-0300 [DEBUG] [org.gradle.internal.watch.vfs.impl.WatchingVirtualFileSystem] Handling VFS change REMOVED /home/adolfo/Proyectos_Android_Studio/mozaikos_little/android/build/intermediates/merged_native_libs/debug/out/lib/x86_64
2024-07-18T21:24:26.927-0300 [DEBUG] [org.gradle.internal.watch.vfs.impl.WatchingVirtualFileSystem] Handling VFS change REMOVED /home/adolfo/Proyectos_Android_Studio/mozaikos_little/android/build/intermediates/merged_native_libs/debug/out/lib/armeabi-v7a/libgdx-box2d.so
2024-07-18T21:24:26.987-0300 [INFO] [org.gradle.internal.watch.registry.impl.NonHierarchicalFileWatcherUpdater] Watching 348 directories to track changes
2024-07-18T21:24:26.987-0300 [DEBUG] [org.gradle.internal.watch.vfs.impl.WatchingVirtualFileSystem] Handling VFS change REMOVED /home/adolfo/Proyectos_Android_Studio/mozaikos_little/android/build/intermediates/merged_native_libs/debug/out/lib/armeabi-v7a/libgdx.so
2024-07-18T21:24:26.987-0300 [INFO] [org.gradle.internal.watch.registry.impl.NonHierarchicalFileWatcherUpdater] Watching 348 directories to track changes
2024-07-18T21:24:26.987-0300 [DEBUG] [org.gradle.internal.watch.vfs.impl.WatchingVirtualFileSystem] Handling VFS change REMOVED /home/adolfo/Proyectos_Android_Studio/mozaikos_little/android/build/intermediates/merged_native_libs/debug/out/lib/armeabi-v7a/libgdx-freetype.so
2024-07-18T21:24:26.987-0300 [INFO] [org.gradle.internal.watch.registry.impl.NonHierarchicalFileWatcherUpdater] Watching 347 directories to track changes
2024-07-18T21:24:27.003-0300 [INFO] [net.rubygrapefruit.platform.internal.jni.NativeLogger] Path is not watched: /home/adolfo/Proyectos_Android_Studio/mozaikos_little/android/build/intermediates/merged_native_libs/debug/out/lib/armeabi-v7a
2024-07-18T21:24:27.003-0300 [DEBUG] [org.gradle.internal.watch.registry.impl.NonHierarchicalFileWatcherUpdater] Couldn't stop watching directories: [/home/adolfo/Proyectos_Android_Studio/mozaikos_little/android/build/intermediates/merged_native_libs/debug/out/lib/armeabi-v7a]
2024-07-18T21:24:27.024-0300 [DEBUG] [org.gradle.internal.watch.vfs.impl.WatchingVirtualFileSystem] Handling VFS change REMOVED /home/adolfo/Proyectos_Android_Studio/mozaikos_little/android/build/intermediates/merged_native_libs/debug/out/lib/armeabi-v7a
2024-07-18T21:24:27.024-0300 [DEBUG] [org.gradle.internal.watch.vfs.impl.WatchingVirtualFileSystem] Handling VFS change REMOVED /home/adolfo/Proyectos_Android_Studio/mozaikos_little/android/build/intermediates/merged_native_libs/debug/out/lib/arm64-v8a/libgdx-box2d.so
2024-07-18T21:24:27.024-0300 [INFO] [org.gradle.internal.watch.registry.impl.NonHierarchicalFileWatcherUpdater] Watching 347 directories to track changes
2024-07-18T21:24:27.024-0300 [DEBUG] [org.gradle.internal.watch.vfs.impl.WatchingVirtualFileSystem] Handling VFS change REMOVED /home/adolfo/Proyectos_Android_Studio/mozaikos_little/android/build/intermediates/merged_native_libs/debug/out/lib/arm64-v8a/libgdx.so
2024-07-18T21:24:27.024-0300 [INFO] [org.gradle.internal.watch.registry.impl.NonHierarchicalFileWatcherUpdater] Watching 347 directories to track changes
2024-07-18T21:24:27.025-0300 [DEBUG] [org.gradle.internal.watch.vfs.impl.WatchingVirtualFileSystem] Handling VFS change REMOVED /home/adolfo/Proyectos_Android_Studio/mozaikos_little/android/build/intermediates/merged_native_libs/debug/out/lib/arm64-v8a/libgdx-freetype.so
2024-07-18T21:24:27.025-0300 [INFO] [org.gradle.internal.watch.registry.impl.NonHierarchicalFileWatcherUpdater] Watching 346 directories to track changes
2024-07-18T21:24:27.025-0300 [INFO] [net.rubygrapefruit.platform.internal.jni.NativeLogger] Path is not watched: /home/adolfo/Proyectos_Android_Studio/mozaikos_little/android/build/intermediates/merged_native_libs/debug/out/lib/arm64-v8a
2024-07-18T21:24:27.025-0300 [DEBUG] [org.gradle.internal.watch.registry.impl.NonHierarchicalFileWatcherUpdater] Couldn't stop watching directories: [/home/adolfo/Proyectos_Android_Studio/mozaikos_little/android/build/intermediates/merged_native_libs/debug/out/lib/arm64-v8a]
2024-07-18T21:24:27.025-0300 [DEBUG] [org.gradle.internal.watch.vfs.impl.WatchingVirtualFileSystem] Handling VFS change REMOVED /home/adolfo/Proyectos_Android_Studio/mozaikos_little/android/build/intermediates/merged_native_libs/debug/out/lib/arm64-v8a
2024-07-18T21:24:27.025-0300 [DEBUG] [org.gradle.internal.watch.vfs.impl.WatchingVirtualFileSystem] Handling VFS change REMOVED /home/adolfo/Proyectos_Android_Studio/mozaikos_little/android/build/intermediates/merged_native_libs/debug/out/lib/armeabi/libgdx-box2d.so
2024-07-18T21:24:27.025-0300 [INFO] [org.gradle.internal.watch.registry.impl.NonHierarchicalFileWatcherUpdater] Watching 346 directories to track changes
2024-07-18T21:24:27.025-0300 [DEBUG] [org.gradle.internal.watch.vfs.impl.WatchingVirtualFileSystem] Handling VFS change REMOVED /home/adolfo/Proyectos_Android_Studio/mozaikos_little/android/build/intermediates/merged_native_libs/debug/out/lib/armeabi/libgdx.so
2024-07-18T21:24:27.025-0300 [INFO] [org.gradle.internal.watch.registry.impl.NonHierarchicalFileWatcherUpdater] Watching 346 directories to track changes
2024-07-18T21:24:27.025-0300 [DEBUG] [org.gradle.internal.watch.vfs.impl.WatchingVirtualFileSystem] Handling VFS change REMOVED /home/adolfo/Proyectos_Android_Studio/mozaikos_little/android/build/intermediates/merged_native_libs/debug/out/lib/armeabi/libgdx-freetype.so
2024-07-18T21:24:27.025-0300 [INFO] [org.gradle.internal.watch.registry.impl.NonHierarchicalFileWatcherUpdater] Watching 345 directories to track changes
2024-07-18T21:24:27.025-0300 [INFO] [net.rubygrapefruit.platform.internal.jni.NativeLogger] Path is not watched: /home/adolfo/Proyectos_Android_Studio/mozaikos_little/android/build/intermediates/merged_native_libs/debug/out/lib/armeabi
2024-07-18T21:24:27.025-0300 [DEBUG] [org.gradle.internal.watch.registry.impl.NonHierarchicalFileWatcherUpdater] Couldn't stop watching directories: [/home/adolfo/Proyectos_Android_Studio/mozaikos_little/android/build/intermediates/merged_native_libs/debug/out/lib/armeabi]
2024-07-18T21:24:27.025-0300 [DEBUG] [org.gradle.internal.watch.vfs.impl.WatchingVirtualFileSystem] Handling VFS change REMOVED /home/adolfo/Proyectos_Android_Studio/mozaikos_little/android/build/intermediates/merged_native_libs/debug/out/lib/armeabi
2024-07-18T21:24:29.318-0300 [DEBUG] [org.gradle.cache.internal.DefaultFileLockManager] Waiting to acquire shared lock on daemon addresses registry.
2024-07-18T21:24:29.480-0300 [DEBUG] [org.gradle.cache.internal.DefaultFileLockManager] Lock acquired on daemon addresses registry.
2024-07-18T21:24:29.688-0300 [DEBUG] [org.gradle.cache.internal.DefaultFileLockManager] Releasing lock on daemon addresses registry.
2024-07-18T21:24:30.801-0300 [DEBUG] [org.gradle.cache.internal.DefaultFileLockManager] Waiting to acquire shared lock on daemon addresses registry.
2024-07-18T21:24:30.878-0300 [DEBUG] [org.gradle.cache.internal.DefaultFileLockManager] Lock acquired on daemon addresses registry.
2024-07-18T21:24:30.903-0300 [DEBUG] [org.gradle.cache.internal.DefaultFileLockManager] Releasing lock on daemon addresses registry.
2024-07-18T21:24:30.904-0300 [DEBUG] [org.gradle.cache.internal.DefaultFileLockManager] Waiting to acquire shared lock on daemon addresses registry.
2024-07-18T21:24:30.904-0300 [DEBUG] [org.gradle.cache.internal.DefaultFileLockManager] Lock acquired on daemon addresses registry.
2024-07-18T21:24:30.904-0300 [DEBUG] [org.gradle.cache.internal.DefaultFileLockManager] Releasing lock on daemon addresses registry.
2024-07-18T21:24:39.721-0300 [DEBUG] [org.gradle.cache.internal.DefaultFileLockManager] Waiting to acquire shared lock on daemon addresses registry.
2024-07-18T21:24:39.814-0300 [DEBUG] [org.gradle.cache.internal.DefaultFileLockManager] Lock acquired on daemon addresses registry.
2024-07-18T21:24:39.864-0300 [DEBUG] [org.gradle.cache.internal.DefaultFileLockManager] Releasing lock on daemon addresses registry.
2024-07-18T21:24:40.564-0300 [DEBUG] [org.gradle.cache.internal.DefaultFileLockManager] Waiting to acquire shared lock on daemon addresses registry.
2024-07-18T21:24:40.598-0300 [DEBUG] [org.gradle.cache.internal.DefaultFileLockManager] Lock acquired on daemon addresses registry.
2024-07-18T21:24:40.633-0300 [DEBUG] [org.gradle.cache.internal.DefaultFileLockManager] Releasing lock on daemon addresses registry.
2024-07-18T21:24:40.633-0300 [DEBUG] [org.gradle.cache.internal.DefaultFileLockManager] Waiting to acquire shared lock on daemon addresses registry.
2024-07-18T21:24:40.633-0300 [DEBUG] [org.gradle.cache.internal.DefaultFileLockManager] Lock acquired on daemon addresses registry.
2024-07-18T21:24:40.633-0300 [DEBUG] [org.gradle.cache.internal.DefaultFileLockManager] Releasing lock on daemon addresses registry.
2024-07-18T21:24:49.314-0300 [DEBUG] [org.gradle.cache.internal.DefaultFileLockManager] Waiting to acquire shared lock on daemon addresses registry.
2024-07-18T21:24:49.428-0300 [DEBUG] [org.gradle.cache.internal.DefaultFileLockManager] Lock acquired on daemon addresses registry.
2024-07-18T21:24:49.501-0300 [DEBUG] [org.gradle.cache.internal.DefaultFileLockManager] Releasing lock on daemon addresses registry.
2024-07-18T21:24:49.938-0300 [DEBUG] [org.gradle.cache.internal.DefaultFileLockManager] Waiting to acquire shared lock on daemon addresses registry.
2024-07-18T21:24:49.939-0300 [DEBUG] [org.gradle.cache.internal.DefaultFileLockManager] Lock acquired on daemon addresses registry.
2024-07-18T21:24:49.939-0300 [DEBUG] [org.gradle.cache.internal.DefaultFileLockManager] Releasing lock on daemon addresses registry.
2024-07-18T21:24:49.939-0300 [DEBUG] [org.gradle.cache.internal.DefaultFileLockManager] Waiting to acquire shared lock on daemon addresses registry.
2024-07-18T21:24:49.939-0300 [DEBUG] [org.gradle.cache.internal.DefaultFileLockManager] Lock acquired on daemon addresses registry.
2024-07-18T21:24:49.940-0300 [DEBUG] [org.gradle.cache.internal.DefaultFileLockManager] Releasing lock on daemon addresses registry.
2024-07-18T21:24:53.218-0300 [DEBUG] [org.gradle.internal.watch.vfs.impl.WatchingVirtualFileSystem] Handling VFS change REMOVED /home/adolfo/Proyectos_Android_Studio/mozaikos_little/android/build/intermediates/validate_signing_config/debug
2024-07-18T21:24:53.233-0300 [INFO] [org.gradle.internal.watch.registry.impl.NonHierarchicalFileWatcherUpdater] Watching 344 directories to track changes
2024-07-18T21:24:53.233-0300 [INFO] [net.rubygrapefruit.platform.internal.jni.NativeLogger] Path is not watched: /home/adolfo/Proyectos_Android_Studio/mozaikos_little/android/build/intermediates/validate_signing_config/debug
2024-07-18T21:24:53.233-0300 [DEBUG] [org.gradle.internal.watch.registry.impl.NonHierarchicalFileWatcherUpdater] Couldn't stop watching directories: [/home/adolfo/Proyectos_Android_Studio/mozaikos_little/android/build/intermediates/validate_signing_config/debug]
2024-07-18T21:24:53.494-0300 [DEBUG] [org.gradle.internal.watch.vfs.impl.WatchingVirtualFileSystem] Handling VFS change REMOVED /home/adolfo/Proyectos_Android_Studio/mozaikos_little/android/build/intermediates/app_metadata/debug/app-metadata.properties
2024-07-18T21:24:53.507-0300 [INFO] [org.gradle.internal.watch.registry.impl.NonHierarchicalFileWatcherUpdater] Watching 343 directories to track changes
2024-07-18T21:24:54.369-0300 [DEBUG] [org.gradle.internal.watch.vfs.impl.WatchingVirtualFileSystem] Handling VFS change REMOVED /home/adolfo/Proyectos_Android_Studio/mozaikos_little/android/build/intermediates/signing_config_versions/debug/signing-config-versions.json
2024-07-18T21:24:54.369-0300 [INFO] [org.gradle.internal.watch.registry.impl.NonHierarchicalFileWatcherUpdater] Watching 342 directories to track changes
2024-07-18T21:24:59.271-0300 [DEBUG] [org.gradle.cache.internal.DefaultFileLockManager] Waiting to acquire shared lock on daemon addresses registry.
2024-07-18T21:24:59.329-0300 [DEBUG] [org.gradle.cache.internal.DefaultFileLockManager] Lock acquired on daemon addresses registry.
2024-07-18T21:24:59.363-0300 [DEBUG] [org.gradle.cache.internal.DefaultFileLockManager] Releasing lock on daemon addresses registry.
2024-07-18T21:24:59.820-0300 [DEBUG] [org.gradle.cache.internal.DefaultFileLockManager] Waiting to acquire shared lock on daemon addresses registry.
2024-07-18T21:24:59.851-0300 [DEBUG] [org.gradle.cache.internal.DefaultFileLockManager] Lock acquired on daemon addresses registry.
2024-07-18T21:24:59.852-0300 [DEBUG] [org.gradle.cache.internal.DefaultFileLockManager] Releasing lock on daemon addresses registry.
2024-07-18T21:24:59.852-0300 [DEBUG] [org.gradle.cache.internal.DefaultFileLockManager] Waiting to acquire shared lock on daemon addresses registry.
2024-07-18T21:24:59.852-0300 [DEBUG] [org.gradle.cache.internal.DefaultFileLockManager] Lock acquired on daemon addresses registry.
2024-07-18T21:24:59.852-0300 [DEBUG] [org.gradle.cache.internal.DefaultFileLockManager] Releasing lock on daemon addresses registry.
2024-07-18T21:25:02.008-0300 [DEBUG] [org.gradle.internal.watch.vfs.impl.WatchingVirtualFileSystem] Handling VFS change REMOVED /home/adolfo/Proyectos_Android_Studio/mozaikos_little/android/build/intermediates/runtime_symbol_list/debug/R.txt
2024-07-18T21:25:02.025-0300 [INFO] [org.gradle.internal.watch.registry.impl.NonHierarchicalFileWatcherUpdater] Watching 341 directories to track changes
2024-07-18T21:25:02.065-0300 [DEBUG] [org.gradle.internal.watch.vfs.impl.WatchingVirtualFileSystem] Handling VFS change REMOVED /home/adolfo/Proyectos_Android_Studio/mozaikos_little/android/build/intermediates/processed_res/debug/out/resources-debug.ap_
2024-07-18T21:25:02.081-0300 [DEBUG] [org.gradle.internal.watch.vfs.impl.WatchingVirtualFileSystem] Handling VFS change REMOVED /home/adolfo/Proyectos_Android_Studio/mozaikos_little/android/build/intermediates/processed_res/debug/out/output-metadata.json
2024-07-18T21:25:02.081-0300 [INFO] [org.gradle.internal.watch.registry.impl.NonHierarchicalFileWatcherUpdater] Watching 340 directories to track changes
2024-07-18T21:25:02.100-0300 [INFO] [net.rubygrapefruit.platform.internal.jni.NativeLogger] Path is not watched: /home/adolfo/Proyectos_Android_Studio/mozaikos_little/android/build/intermediates/processed_res/debug/out
2024-07-18T21:25:02.100-0300 [DEBUG] [org.gradle.internal.watch.registry.impl.NonHierarchicalFileWatcherUpdater] Couldn't stop watching directories: [/home/adolfo/Proyectos_Android_Studio/mozaikos_little/android/build/intermediates/processed_res/debug/out]
2024-07-18T21:25:02.100-0300 [DEBUG] [org.gradle.internal.watch.vfs.impl.WatchingVirtualFileSystem] Handling VFS change REMOVED /home/adolfo/Proyectos_Android_Studio/mozaikos_little/android/build/intermediates/processed_res/debug/out
2024-07-18T21:25:02.100-0300 [DEBUG] [org.gradle.internal.watch.vfs.impl.WatchingVirtualFileSystem] Handling VFS change REMOVED /home/adolfo/Proyectos_Android_Studio/mozaikos_little/android/build/intermediates/symbol_list_with_package_name/debug/package-aware-r.txt
2024-07-18T21:25:02.118-0300 [INFO] [org.gradle.internal.watch.registry.impl.NonHierarchicalFileWatcherUpdater] Watching 339 directories to track changes
2024-07-18T21:25:02.155-0300 [DEBUG] [org.gradle.internal.watch.vfs.impl.WatchingVirtualFileSystem] Handling VFS change REMOVED /home/adolfo/Proyectos_Android_Studio/mozaikos_little/android/build/intermediates/compile_and_runtime_not_namespaced_r_class_jar/debug/R.jar
2024-07-18T21:25:02.155-0300 [INFO] [org.gradle.internal.watch.registry.impl.NonHierarchicalFileWatcherUpdater] Watching 338 directories to track changes
2024-07-18T21:25:02.155-0300 [DEBUG] [org.gradle.internal.watch.vfs.impl.WatchingVirtualFileSystem] Handling VFS change REMOVED /home/adolfo/Proyectos_Android_Studio/mozaikos_little/android/build/intermediates/stable_resource_ids_file/debug/stableIds.txt
2024-07-18T21:25:02.155-0300 [INFO] [org.gradle.internal.watch.registry.impl.NonHierarchicalFileWatcherUpdater] Watching 337 directories to track changes
2024-07-18T21:25:09.893-0300 [DEBUG] [org.gradle.cache.internal.DefaultFileLockManager] Waiting to acquire shared lock on daemon addresses registry.
2024-07-18T21:25:09.951-0300 [DEBUG] [org.gradle.cache.internal.DefaultFileLockManager] Lock acquired on daemon addresses registry.
2024-07-18T21:25:09.985-0300 [DEBUG] [org.gradle.cache.internal.DefaultFileLockManager] Releasing lock on daemon addresses registry.
2024-07-18T21:25:10.648-0300 [DEBUG] [org.gradle.cache.internal.DefaultFileLockManager] Waiting to acquire shared lock on daemon addresses registry.
2024-07-18T21:25:10.670-0300 [DEBUG] [org.gradle.cache.internal.DefaultFileLockManager] Lock acquired on daemon addresses registry.
2024-07-18T21:25:10.670-0300 [DEBUG] [org.gradle.cache.internal.DefaultFileLockManager] Releasing lock on daemon addresses registry.
2024-07-18T21:25:10.671-0300 [DEBUG] [org.gradle.cache.internal.DefaultFileLockManager] Waiting to acquire shared lock on daemon addresses registry.
2024-07-18T21:25:10.671-0300 [DEBUG] [org.gradle.cache.internal.DefaultFileLockManager] Lock acquired on daemon addresses registry.
2024-07-18T21:25:10.671-0300 [DEBUG] [org.gradle.cache.internal.DefaultFileLockManager] Releasing lock on daemon addresses registry.
2024-07-18T21:25:19.085-0300 [DEBUG] [org.gradle.cache.internal.DefaultFileLockManager] Waiting to acquire shared lock on daemon addresses registry.
2024-07-18T21:25:19.085-0300 [DEBUG] [org.gradle.cache.internal.DefaultFileLockManager] Lock acquired on daemon addresses registry.
2024-07-18T21:25:19.085-0300 [DEBUG] [org.gradle.cache.internal.DefaultFileLockManager] Releasing lock on daemon addresses registry.
2024-07-18T21:25:19.097-0300 [DEBUG] [org.gradle.cache.internal.DefaultFileLockManager] Waiting to acquire shared lock on daemon addresses registry.
2024-07-18T21:25:19.097-0300 [DEBUG] [org.gradle.cache.internal.DefaultFileLockManager] Lock acquired on daemon addresses registry.
2024-07-18T21:25:19.097-0300 [DEBUG] [org.gradle.cache.internal.DefaultFileLockManager] Releasing lock on daemon addresses registry.
2024-07-18T21:25:19.097-0300 [DEBUG] [org.gradle.cache.internal.DefaultFileLockManager] Waiting to acquire shared lock on daemon addresses registry.
2024-07-18T21:25:19.097-0300 [DEBUG] [org.gradle.cache.internal.DefaultFileLockManager] Lock acquired on daemon addresses registry.
2024-07-18T21:25:19.098-0300 [DEBUG] [org.gradle.cache.internal.DefaultFileLockManager] Releasing lock on daemon addresses registry.
2024-07-18T21:25:29.145-0300 [DEBUG] [org.gradle.cache.internal.DefaultFileLockManager] Waiting to acquire shared lock on daemon addresses registry.
2024-07-18T21:25:29.161-0300 [DEBUG] [org.gradle.cache.internal.DefaultFileLockManager] Lock acquired on daemon addresses registry.
2024-07-18T21:25:29.179-0300 [DEBUG] [org.gradle.cache.internal.DefaultFileLockManager] Releasing lock on daemon addresses registry.
2024-07-18T21:25:29.809-0300 [DEBUG] [org.gradle.cache.internal.DefaultFileLockManager] Waiting to acquire shared lock on daemon addresses registry.
2024-07-18T21:25:29.888-0300 [DEBUG] [org.gradle.cache.internal.DefaultFileLockManager] Lock acquired on daemon addresses registry.
2024-07-18T21:25:29.924-0300 [DEBUG] [org.gradle.cache.internal.DefaultFileLockManager] Releasing lock on daemon addresses registry.
2024-07-18T21:25:29.924-0300 [DEBUG] [org.gradle.cache.internal.DefaultFileLockManager] Waiting to acquire shared lock on daemon addresses registry.
2024-07-18T21:25:29.925-0300 [DEBUG] [org.gradle.cache.internal.DefaultFileLockManager] Lock acquired on daemon addresses registry.
2024-07-18T21:25:29.955-0300 [DEBUG] [org.gradle.cache.internal.DefaultFileLockManager] Releasing lock on daemon addresses registry.
2024-07-18T21:25:39.195-0300 [DEBUG] [org.gradle.cache.internal.DefaultFileLockManager] Waiting to acquire shared lock on daemon addresses registry.
2024-07-18T21:25:39.216-0300 [DEBUG] [org.gradle.cache.internal.DefaultFileLockManager] Lock acquired on daemon addresses registry.
2024-07-18T21:25:39.253-0300 [DEBUG] [org.gradle.cache.internal.DefaultFileLockManager] Releasing lock on daemon addresses registry.
2024-07-18T21:25:39.744-0300 [DEBUG] [org.gradle.cache.internal.DefaultFileLockManager] Waiting to acquire shared lock on daemon addresses registry.
2024-07-18T21:25:39.744-0300 [DEBUG] [org.gradle.cache.internal.DefaultFileLockManager] Lock acquired on daemon addresses registry.
2024-07-18T21:25:39.805-0300 [DEBUG] [org.gradle.cache.internal.DefaultFileLockManager] Releasing lock on daemon addresses registry.
2024-07-18T21:25:39.805-0300 [DEBUG] [org.gradle.cache.internal.DefaultFileLockManager] Waiting to acquire shared lock on daemon addresses registry.
2024-07-18T21:25:39.805-0300 [DEBUG] [org.gradle.cache.internal.DefaultFileLockManager] Lock acquired on daemon addresses registry.
2024-07-18T21:25:39.805-0300 [DEBUG] [org.gradle.cache.internal.DefaultFileLockManager] Releasing lock on daemon addresses registry.
2024-07-18T21:25:49.239-0300 [DEBUG] [org.gradle.cache.internal.DefaultFileLockManager] Waiting to acquire shared lock on daemon addresses registry.
2024-07-18T21:25:49.253-0300 [DEBUG] [org.gradle.cache.internal.DefaultFileLockManager] Lock acquired on daemon addresses registry.
2024-07-18T21:25:49.272-0300 [DEBUG] [org.gradle.cache.internal.DefaultFileLockManager] Releasing lock on daemon addresses registry.
2024-07-18T21:25:50.187-0300 [DEBUG] [org.gradle.cache.internal.DefaultFileLockManager] Waiting to acquire shared lock on daemon addresses registry.
2024-07-18T21:25:50.201-0300 [DEBUG] [org.gradle.cache.internal.DefaultFileLockManager] Lock acquired on daemon addresses registry.
2024-07-18T21:25:50.315-0300 [DEBUG] [org.gradle.cache.internal.DefaultFileLockManager] Releasing lock on daemon addresses registry.
2024-07-18T21:25:50.346-0300 [DEBUG] [org.gradle.cache.internal.DefaultFileLockManager] Waiting to acquire shared lock on daemon addresses registry.
2024-07-18T21:25:50.389-0300 [DEBUG] [org.gradle.cache.internal.DefaultFileLockManager] Lock acquired on daemon addresses registry.
2024-07-18T21:25:50.418-0300 [DEBUG] [org.gradle.cache.internal.DefaultFileLockManager] Releasing lock on daemon addresses registry.
2024-07-18T21:25:59.210-0300 [DEBUG] [org.gradle.cache.internal.DefaultFileLockManager] Waiting to acquire shared lock on daemon addresses registry.
2024-07-18T21:25:59.242-0300 [DEBUG] [org.gradle.cache.internal.DefaultFileLockManager] Lock acquired on daemon addresses registry.
2024-07-18T21:25:59.266-0300 [DEBUG] [org.gradle.cache.internal.DefaultFileLockManager] Releasing lock on daemon addresses registry.
2024-07-18T21:25:59.520-0300 [DEBUG] [org.gradle.cache.internal.DefaultFileLockManager] Waiting to acquire shared lock on daemon addresses registry.
2024-07-18T21:25:59.521-0300 [DEBUG] [org.gradle.cache.internal.DefaultFileLockManager] Lock acquired on daemon addresses registry.
2024-07-18T21:25:59.521-0300 [DEBUG] [org.gradle.cache.internal.DefaultFileLockManager] Releasing lock on daemon addresses registry.
2024-07-18T21:25:59.521-0300 [DEBUG] [org.gradle.cache.internal.DefaultFileLockManager] Waiting to acquire shared lock on daemon addresses registry.
2024-07-18T21:25:59.521-0300 [DEBUG] [org.gradle.cache.internal.DefaultFileLockManager] Lock acquired on daemon addresses registry.
2024-07-18T21:25:59.521-0300 [DEBUG] [org.gradle.cache.internal.DefaultFileLockManager] Releasing lock on daemon addresses registry.
2024-07-18T21:26:06.667-0300 [DEBUG] [org.gradle.internal.watch.vfs.impl.WatchingVirtualFileSystem] Handling VFS change REMOVED /home/adolfo/Proyectos_Android_Studio/mozaikos_little/android/build/intermediates/stripped_native_libs/debug/out/lib/x86/libgdx-box2d.so
2024-07-18T21:26:06.962-0300 [INFO] [org.gradle.internal.watch.registry.impl.NonHierarchicalFileWatcherUpdater] Watching 335 directories to track changes
2024-07-18T21:26:06.962-0300 [INFO] [net.rubygrapefruit.platform.internal.jni.NativeLogger] Path is not watched: /home/adolfo/Proyectos_Android_Studio/mozaikos_little/android/build/intermediates/stripped_native_libs/debug/out/lib
2024-07-18T21:26:06.962-0300 [INFO] [net.rubygrapefruit.platform.internal.jni.NativeLogger] Path is not watched: /home/adolfo/Proyectos_Android_Studio/mozaikos_little/android/build/intermediates/stripped_native_libs/debug/out
2024-07-18T21:26:06.962-0300 [DEBUG] [org.gradle.internal.watch.registry.impl.NonHierarchicalFileWatcherUpdater] Couldn't stop watching directories: [/home/adolfo/Proyectos_Android_Studio/mozaikos_little/android/build/intermediates/stripped_native_libs/debug/out/lib, /home/adolfo/Proyectos_Android_Studio/mozaikos_little/android/build/intermediates/stripped_native_libs/debug/out]
2024-07-18T21:26:06.962-0300 [DEBUG] [org.gradle.internal.watch.vfs.impl.WatchingVirtualFileSystem] Handling VFS change REMOVED /home/adolfo/Proyectos_Android_Studio/mozaikos_little/android/build/intermediates/stripped_native_libs/debug/out/lib/x86/libgdx.so
2024-07-18T21:26:06.997-0300 [INFO] [org.gradle.internal.watch.registry.impl.NonHierarchicalFileWatcherUpdater] Watching 335 directories to track changes
2024-07-18T21:26:06.997-0300 [DEBUG] [org.gradle.internal.watch.vfs.impl.WatchingVirtualFileSystem] Handling VFS change REMOVED /home/adolfo/Proyectos_Android_Studio/mozaikos_little/android/build/intermediates/stripped_native_libs/debug/out/lib/x86/libgdx-freetype.so
2024-07-18T21:26:06.997-0300 [INFO] [org.gradle.internal.watch.registry.impl.NonHierarchicalFileWatcherUpdater] Watching 334 directories to track changes
2024-07-18T21:26:06.997-0300 [INFO] [net.rubygrapefruit.platform.internal.jni.NativeLogger] Path is not watched: /home/adolfo/Proyectos_Android_Studio/mozaikos_little/android/build/intermediates/stripped_native_libs/debug/out/lib/x86
2024-07-18T21:26:06.997-0300 [DEBUG] [org.gradle.internal.watch.registry.impl.NonHierarchicalFileWatcherUpdater] Couldn't stop watching directories: [/home/adolfo/Proyectos_Android_Studio/mozaikos_little/android/build/intermediates/stripped_native_libs/debug/out/lib/x86]
2024-07-18T21:26:06.997-0300 [DEBUG] [org.gradle.internal.watch.vfs.impl.WatchingVirtualFileSystem] Handling VFS change REMOVED /home/adolfo/Proyectos_Android_Studio/mozaikos_little/android/build/intermediates/stripped_native_libs/debug/out/lib/x86
2024-07-18T21:26:06.997-0300 [DEBUG] [org.gradle.internal.watch.vfs.impl.WatchingVirtualFileSystem] Handling VFS change REMOVED /home/adolfo/Proyectos_Android_Studio/mozaikos_little/android/build/intermediates/stripped_native_libs/debug/out/lib/x86_64/libgdx-box2d.so
2024-07-18T21:26:06.998-0300 [INFO] [org.gradle.internal.watch.registry.impl.NonHierarchicalFileWatcherUpdater] Watching 334 directories to track changes
2024-07-18T21:26:06.998-0300 [DEBUG] [org.gradle.internal.watch.vfs.impl.WatchingVirtualFileSystem] Handling VFS change REMOVED /home/adolfo/Proyectos_Android_Studio/mozaikos_little/android/build/intermediates/stripped_native_libs/debug/out/lib/x86_64/libgdx.so
2024-07-18T21:26:06.998-0300 [INFO] [org.gradle.internal.watch.registry.impl.NonHierarchicalFileWatcherUpdater] Watching 334 directories to track changes
2024-07-18T21:26:06.998-0300 [DEBUG] [org.gradle.internal.watch.vfs.impl.WatchingVirtualFileSystem] Handling VFS change REMOVED /home/adolfo/Proyectos_Android_Studio/mozaikos_little/android/build/intermediates/stripped_native_libs/debug/out/lib/x86_64/libgdx-freetype.so
2024-07-18T21:26:06.998-0300 [INFO] [org.gradle.internal.watch.registry.impl.NonHierarchicalFileWatcherUpdater] Watching 333 directories to track changes
2024-07-18T21:26:06.998-0300 [INFO] [net.rubygrapefruit.platform.internal.jni.NativeLogger] Path is not watched: /home/adolfo/Proyectos_Android_Studio/mozaikos_little/android/build/intermediates/stripped_native_libs/debug/out/lib/x86_64
2024-07-18T21:26:06.998-0300 [DEBUG] [org.gradle.internal.watch.registry.impl.NonHierarchicalFileWatcherUpdater] Couldn't stop watching directories: [/home/adolfo/Proyectos_Android_Studio/mozaikos_little/android/build/intermediates/stripped_native_libs/debug/out/lib/x86_64]
2024-07-18T21:26:07.012-0300 [DEBUG] [org.gradle.internal.watch.vfs.impl.WatchingVirtualFileSystem] Handling VFS change REMOVED /home/adolfo/Proyectos_Android_Studio/mozaikos_little/android/build/intermediates/stripped_native_libs/debug/out/lib/x86_64
2024-07-18T21:26:07.012-0300 [DEBUG] [org.gradle.internal.watch.vfs.impl.WatchingVirtualFileSystem] Handling VFS change REMOVED /home/adolfo/Proyectos_Android_Studio/mozaikos_little/android/build/intermediates/stripped_native_libs/debug/out/lib/armeabi-v7a/libgdx-box2d.so
2024-07-18T21:26:07.012-0300 [INFO] [org.gradle.internal.watch.registry.impl.NonHierarchicalFileWatcherUpdater] Watching 333 directories to track changes
2024-07-18T21:26:07.012-0300 [DEBUG] [org.gradle.internal.watch.vfs.impl.WatchingVirtualFileSystem] Handling VFS change REMOVED /home/adolfo/Proyectos_Android_Studio/mozaikos_little/android/build/intermediates/stripped_native_libs/debug/out/lib/armeabi-v7a/libgdx.so
2024-07-18T21:26:07.013-0300 [INFO] [org.gradle.internal.watch.registry.impl.NonHierarchicalFileWatcherUpdater] Watching 333 directories to track changes
2024-07-18T21:26:07.013-0300 [DEBUG] [org.gradle.internal.watch.vfs.impl.WatchingVirtualFileSystem] Handling VFS change REMOVED /home/adolfo/Proyectos_Android_Studio/mozaikos_little/android/build/intermediates/stripped_native_libs/debug/out/lib/armeabi-v7a/libgdx-freetype.so
2024-07-18T21:26:07.013-0300 [INFO] [org.gradle.internal.watch.registry.impl.NonHierarchicalFileWatcherUpdater] Watching 332 directories to track changes
2024-07-18T21:26:07.013-0300 [INFO] [net.rubygrapefruit.platform.internal.jni.NativeLogger] Path is not watched: /home/adolfo/Proyectos_Android_Studio/mozaikos_little/android/build/intermediates/stripped_native_libs/debug/out/lib/armeabi-v7a
2024-07-18T21:26:07.013-0300 [DEBUG] [org.gradle.internal.watch.registry.impl.NonHierarchicalFileWatcherUpdater] Couldn't stop watching directories: [/home/adolfo/Proyectos_Android_Studio/mozaikos_little/android/build/intermediates/stripped_native_libs/debug/out/lib/armeabi-v7a]
2024-07-18T21:26:07.013-0300 [DEBUG] [org.gradle.internal.watch.vfs.impl.WatchingVirtualFileSystem] Handling VFS change REMOVED /home/adolfo/Proyectos_Android_Studio/mozaikos_little/android/build/intermediates/stripped_native_libs/debug/out/lib/armeabi-v7a
2024-07-18T21:26:07.013-0300 [DEBUG] [org.gradle.internal.watch.vfs.impl.WatchingVirtualFileSystem] Handling VFS change REMOVED /home/adolfo/Proyectos_Android_Studio/mozaikos_little/android/build/intermediates/stripped_native_libs/debug/out/lib/arm64-v8a/libgdx-box2d.so
2024-07-18T21:26:07.013-0300 [INFO] [org.gradle.internal.watch.registry.impl.NonHierarchicalFileWatcherUpdater] Watching 332 directories to track changes
2024-07-18T21:26:07.013-0300 [DEBUG] [org.gradle.internal.watch.vfs.impl.WatchingVirtualFileSystem] Handling VFS change REMOVED /home/adolfo/Proyectos_Android_Studio/mozaikos_little/android/build/intermediates/stripped_native_libs/debug/out/lib/arm64-v8a/libgdx.so
2024-07-18T21:26:07.013-0300 [INFO] [org.gradle.internal.watch.registry.impl.NonHierarchicalFileWatcherUpdater] Watching 332 directories to track changes
2024-07-18T21:26:07.013-0300 [DEBUG] [org.gradle.internal.watch.vfs.impl.WatchingVirtualFileSystem] Handling VFS change REMOVED /home/adolfo/Proyectos_Android_Studio/mozaikos_little/android/build/intermediates/stripped_native_libs/debug/out/lib/arm64-v8a/libgdx-freetype.so
2024-07-18T21:26:07.013-0300 [INFO] [org.gradle.internal.watch.registry.impl.NonHierarchicalFileWatcherUpdater] Watching 331 directories to track changes
2024-07-18T21:26:07.013-0300 [INFO] [net.rubygrapefruit.platform.internal.jni.NativeLogger] Path is not watched: /home/adolfo/Proyectos_Android_Studio/mozaikos_little/android/build/intermediates/stripped_native_libs/debug/out/lib/arm64-v8a
2024-07-18T21:26:07.014-0300 [DEBUG] [org.gradle.internal.watch.registry.impl.NonHierarchicalFileWatcherUpdater] Couldn't stop watching directories: [/home/adolfo/Proyectos_Android_Studio/mozaikos_little/android/build/intermediates/stripped_native_libs/debug/out/lib/arm64-v8a]
2024-07-18T21:26:07.014-0300 [DEBUG] [org.gradle.internal.watch.vfs.impl.WatchingVirtualFileSystem] Handling VFS change REMOVED /home/adolfo/Proyectos_Android_Studio/mozaikos_little/android/build/intermediates/stripped_native_libs/debug/out/lib/arm64-v8a
2024-07-18T21:26:07.014-0300 [DEBUG] [org.gradle.internal.watch.vfs.impl.WatchingVirtualFileSystem] Handling VFS change REMOVED /home/adolfo/Proyectos_Android_Studio/mozaikos_little/android/build/intermediates/stripped_native_libs/debug/out/lib/armeabi/libgdx-box2d.so
2024-07-18T21:26:07.014-0300 [INFO] [org.gradle.internal.watch.registry.impl.NonHierarchicalFileWatcherUpdater] Watching 331 directories to track changes
2024-07-18T21:26:07.014-0300 [DEBUG] [org.gradle.internal.watch.vfs.impl.WatchingVirtualFileSystem] Handling VFS change REMOVED /home/adolfo/Proyectos_Android_Studio/mozaikos_little/android/build/intermediates/stripped_native_libs/debug/out/lib/armeabi/libgdx.so
2024-07-18T21:26:07.014-0300 [INFO] [org.gradle.internal.watch.registry.impl.NonHierarchicalFileWatcherUpdater] Watching 331 directories to track changes
2024-07-18T21:26:07.014-0300 [DEBUG] [org.gradle.internal.watch.vfs.impl.WatchingVirtualFileSystem] Handling VFS change REMOVED /home/adolfo/Proyectos_Android_Studio/mozaikos_little/android/build/intermediates/stripped_native_libs/debug/out/lib/armeabi/libgdx-freetype.so
2024-07-18T21:26:07.029-0300 [INFO] [org.gradle.internal.watch.registry.impl.NonHierarchicalFileWatcherUpdater] Watching 330 directories to track changes
2024-07-18T21:26:07.029-0300 [INFO] [net.rubygrapefruit.platform.internal.jni.NativeLogger] Path is not watched: /home/adolfo/Proyectos_Android_Studio/mozaikos_little/android/build/intermediates/stripped_native_libs/debug/out/lib/armeabi
2024-07-18T21:26:07.029-0300 [DEBUG] [org.gradle.internal.watch.registry.impl.NonHierarchicalFileWatcherUpdater] Couldn't stop watching directories: [/home/adolfo/Proyectos_Android_Studio/mozaikos_little/android/build/intermediates/stripped_native_libs/debug/out/lib/armeabi]
2024-07-18T21:26:07.029-0300 [DEBUG] [org.gradle.internal.watch.vfs.impl.WatchingVirtualFileSystem] Handling VFS change REMOVED /home/adolfo/Proyectos_Android_Studio/mozaikos_little/android/build/intermediates/stripped_native_libs/debug/out/lib/armeabi
2024-07-18T21:26:07.029-0300 [DEBUG] [org.gradle.internal.watch.vfs.impl.WatchingVirtualFileSystem] Handling VFS change REMOVED /home/adolfo/Proyectos_Android_Studio/mozaikos_little/android/build/intermediates/stripped_native_libs/debug/out/lib
2024-07-18T21:26:07.029-0300 [DEBUG] [org.gradle.internal.watch.vfs.impl.WatchingVirtualFileSystem] Handling VFS change REMOVED /home/adolfo/Proyectos_Android_Studio/mozaikos_little/android/build/intermediates/stripped_native_libs/debug/out
2024-07-18T21:26:09.149-0300 [DEBUG] [org.gradle.cache.internal.DefaultFileLockManager] Waiting to acquire shared lock on daemon addresses registry.
2024-07-18T21:26:09.187-0300 [DEBUG] [org.gradle.cache.internal.DefaultFileLockManager] Lock acquired on daemon addresses registry.
2024-07-18T21:26:09.218-0300 [DEBUG] [org.gradle.cache.internal.DefaultFileLockManager] Releasing lock on daemon addresses registry.
2024-07-18T21:26:09.416-0300 [DEBUG] [org.gradle.cache.internal.DefaultFileLockManager] Waiting to acquire shared lock on daemon addresses registry.
2024-07-18T21:26:09.416-0300 [DEBUG] [org.gradle.cache.internal.DefaultFileLockManager] Lock acquired on daemon addresses registry.
2024-07-18T21:26:09.416-0300 [DEBUG] [org.gradle.cache.internal.DefaultFileLockManager] Releasing lock on daemon addresses registry.
2024-07-18T21:26:09.416-0300 [DEBUG] [org.gradle.cache.internal.DefaultFileLockManager] Waiting to acquire shared lock on daemon addresses registry.
2024-07-18T21:26:09.416-0300 [DEBUG] [org.gradle.cache.internal.DefaultFileLockManager] Lock acquired on daemon addresses registry.
2024-07-18T21:26:09.434-0300 [DEBUG] [org.gradle.cache.internal.DefaultFileLockManager] Releasing lock on daemon addresses registry.
2024-07-18T21:26:19.650-0300 [DEBUG] [org.gradle.cache.internal.DefaultFileLockManager] Waiting to acquire shared lock on daemon addresses registry.
2024-07-18T21:26:20.143-0300 [DEBUG] [org.gradle.cache.internal.DefaultFileLockManager] Lock acquired on daemon addresses registry.
2024-07-18T21:26:20.198-0300 [DEBUG] [org.gradle.cache.internal.DefaultFileLockManager] Releasing lock on daemon addresses registry.
2024-07-18T21:26:21.126-0300 [DEBUG] [org.gradle.cache.internal.DefaultFileLockManager] Waiting to acquire shared lock on daemon addresses registry.
2024-07-18T21:26:21.157-0300 [DEBUG] [org.gradle.cache.internal.DefaultFileLockManager] Lock acquired on daemon addresses registry.
2024-07-18T21:26:21.192-0300 [DEBUG] [org.gradle.cache.internal.DefaultFileLockManager] Releasing lock on daemon addresses registry.
2024-07-18T21:26:21.192-0300 [DEBUG] [org.gradle.cache.internal.DefaultFileLockManager] Waiting to acquire shared lock on daemon addresses registry.
2024-07-18T21:26:21.192-0300 [DEBUG] [org.gradle.cache.internal.DefaultFileLockManager] Lock acquired on daemon addresses registry.
2024-07-18T21:26:21.739-0300 [DEBUG] [org.gradle.cache.internal.DefaultFileLockManager] Releasing lock on daemon addresses registry.
2024-07-18T21:26:29.287-0300 [DEBUG] [org.gradle.cache.internal.DefaultFileLockManager] Waiting to acquire shared lock on daemon addresses registry.
2024-07-18T21:26:29.322-0300 [DEBUG] [org.gradle.cache.internal.DefaultFileLockManager] Lock acquired on daemon addresses registry.
2024-07-18T21:26:29.916-0300 [DEBUG] [org.gradle.cache.internal.DefaultFileLockManager] Releasing lock on daemon addresses registry.
2024-07-18T21:26:30.740-0300 [DEBUG] [org.gradle.cache.internal.DefaultFileLockManager] Waiting to acquire shared lock on daemon addresses registry.
2024-07-18T21:26:30.775-0300 [DEBUG] [org.gradle.cache.internal.DefaultFileLockManager] Lock acquired on daemon addresses registry.
2024-07-18T21:26:30.791-0300 [DEBUG] [org.gradle.cache.internal.DefaultFileLockManager] Releasing lock on daemon addresses registry.
2024-07-18T21:26:30.792-0300 [DEBUG] [org.gradle.cache.internal.DefaultFileLockManager] Waiting to acquire shared lock on daemon addresses registry.
2024-07-18T21:26:30.792-0300 [DEBUG] [org.gradle.cache.internal.DefaultFileLockManager] Lock acquired on daemon addresses registry.
2024-07-18T21:26:30.792-0300 [DEBUG] [org.gradle.cache.internal.DefaultFileLockManager] Releasing lock on daemon addresses registry.
2024-07-18T21:26:39.246-0300 [DEBUG] [org.gradle.cache.internal.DefaultFileLockManager] Waiting to acquire shared lock on daemon addresses registry.
2024-07-18T21:26:39.269-0300 [DEBUG] [org.gradle.cache.internal.DefaultFileLockManager] Lock acquired on daemon addresses registry.
2024-07-18T21:26:39.292-0300 [DEBUG] [org.gradle.cache.internal.DefaultFileLockManager] Releasing lock on daemon addresses registry.
2024-07-18T21:26:39.874-0300 [DEBUG] [org.gradle.cache.internal.DefaultFileLockManager] Waiting to acquire shared lock on daemon addresses registry.
2024-07-18T21:26:39.909-0300 [DEBUG] [org.gradle.cache.internal.DefaultFileLockManager] Lock acquired on daemon addresses registry.
2024-07-18T21:26:39.973-0300 [DEBUG] [org.gradle.cache.internal.DefaultFileLockManager] Releasing lock on daemon addresses registry.
2024-07-18T21:26:39.973-0300 [DEBUG] [org.gradle.cache.internal.DefaultFileLockManager] Waiting to acquire shared lock on daemon addresses registry.
2024-07-18T21:26:39.973-0300 [DEBUG] [org.gradle.cache.internal.DefaultFileLockManager] Lock acquired on daemon addresses registry.
2024-07-18T21:26:39.973-0300 [DEBUG] [org.gradle.cache.internal.DefaultFileLockManager] Releasing lock on daemon addresses registry.
2024-07-18T21:26:49.229-0300 [DEBUG] [org.gradle.cache.internal.DefaultFileLockManager] Waiting to acquire shared lock on daemon addresses registry.
2024-07-18T21:26:49.230-0300 [DEBUG] [org.gradle.cache.internal.DefaultFileLockManager] Lock acquired on daemon addresses registry.
2024-07-18T21:26:49.230-0300 [DEBUG] [org.gradle.cache.internal.DefaultFileLockManager] Releasing lock on daemon addresses registry.
2024-07-18T21:26:49.550-0300 [DEBUG] [org.gradle.cache.internal.DefaultFileLockManager] Waiting to acquire shared lock on daemon addresses registry.
2024-07-18T21:26:49.587-0300 [DEBUG] [org.gradle.cache.internal.DefaultFileLockManager] Lock acquired on daemon addresses registry.
2024-07-18T21:26:49.605-0300 [DEBUG] [org.gradle.cache.internal.DefaultFileLockManager] Releasing lock on daemon addresses registry.
2024-07-18T21:26:49.605-0300 [DEBUG] [org.gradle.cache.internal.DefaultFileLockManager] Waiting to acquire shared lock on daemon addresses registry.
2024-07-18T21:26:49.605-0300 [DEBUG] [org.gradle.cache.internal.DefaultFileLockManager] Lock acquired on daemon addresses registry.
2024-07-18T21:26:49.605-0300 [DEBUG] [org.gradle.cache.internal.DefaultFileLockManager] Releasing lock on daemon addresses registry.
2024-07-18T21:26:59.313-0300 [DEBUG] [org.gradle.cache.internal.DefaultFileLockManager] Waiting to acquire shared lock on daemon addresses registry.
2024-07-18T21:26:59.460-0300 [DEBUG] [org.gradle.cache.internal.DefaultFileLockManager] Lock acquired on daemon addresses registry.
2024-07-18T21:26:59.551-0300 [DEBUG] [org.gradle.cache.internal.DefaultFileLockManager] Releasing lock on daemon addresses registry.
2024-07-18T21:27:00.922-0300 [DEBUG] [org.gradle.cache.internal.DefaultFileLockManager] Waiting to acquire shared lock on daemon addresses registry.
2024-07-18T21:27:00.936-0300 [DEBUG] [org.gradle.cache.internal.DefaultFileLockManager] Lock acquired on daemon addresses registry.
2024-07-18T21:27:00.955-0300 [DEBUG] [org.gradle.cache.internal.DefaultFileLockManager] Releasing lock on daemon addresses registry.
2024-07-18T21:27:00.955-0300 [DEBUG] [org.gradle.cache.internal.DefaultFileLockManager] Waiting to acquire shared lock on daemon addresses registry.
2024-07-18T21:27:00.955-0300 [DEBUG] [org.gradle.cache.internal.DefaultFileLockManager] Lock acquired on daemon addresses registry.
2024-07-18T21:27:00.955-0300 [DEBUG] [org.gradle.cache.internal.DefaultFileLockManager] Releasing lock on daemon addresses registry.
2024-07-18T21:27:09.261-0300 [DEBUG] [org.gradle.cache.internal.DefaultFileLockManager] Waiting to acquire shared lock on daemon addresses registry.
2024-07-18T21:27:09.283-0300 [DEBUG] [org.gradle.cache.internal.DefaultFileLockManager] Lock acquired on daemon addresses registry.
2024-07-18T21:27:09.304-0300 [DEBUG] [org.gradle.cache.internal.DefaultFileLockManager] Releasing lock on daemon addresses registry.
2024-07-18T21:27:09.944-0300 [DEBUG] [org.gradle.cache.internal.DefaultFileLockManager] Waiting to acquire shared lock on daemon addresses registry.
2024-07-18T21:27:09.988-0300 [DEBUG] [org.gradle.cache.internal.DefaultFileLockManager] Lock acquired on daemon addresses registry.
2024-07-18T21:27:10.041-0300 [DEBUG] [org.gradle.cache.internal.DefaultFileLockManager] Releasing lock on daemon addresses registry.
2024-07-18T21:27:10.041-0300 [DEBUG] [org.gradle.cache.internal.DefaultFileLockManager] Waiting to acquire shared lock on daemon addresses registry.
2024-07-18T21:27:10.042-0300 [DEBUG] [org.gradle.cache.internal.DefaultFileLockManager] Lock acquired on daemon addresses registry.
2024-07-18T21:27:10.042-0300 [DEBUG] [org.gradle.cache.internal.DefaultFileLockManager] Releasing lock on daemon addresses registry.
2024-07-18T21:27:19.841-0300 [DEBUG] [org.gradle.cache.internal.DefaultFileLockManager] Waiting to acquire shared lock on daemon addresses registry.
2024-07-18T21:27:20.019-0300 [DEBUG] [org.gradle.cache.internal.DefaultFileLockManager] Lock acquired on daemon addresses registry.
2024-07-18T21:27:20.198-0300 [DEBUG] [org.gradle.cache.internal.DefaultFileLockManager] Releasing lock on daemon addresses registry.
2024-07-18T21:27:21.061-0300 [DEBUG] [org.gradle.cache.internal.DefaultFileLockManager] Waiting to acquire shared lock on daemon addresses registry.
2024-07-18T21:27:21.092-0300 [DEBUG] [org.gradle.cache.internal.DefaultFileLockManager] Lock acquired on daemon addresses registry.
2024-07-18T21:27:21.537-0300 [DEBUG] [org.gradle.cache.internal.DefaultFileLockManager] Releasing lock on daemon addresses registry.
2024-07-18T21:27:21.538-0300 [DEBUG] [org.gradle.cache.internal.DefaultFileLockManager] Waiting to acquire shared lock on daemon addresses registry.
2024-07-18T21:27:21.620-0300 [DEBUG] [org.gradle.cache.internal.DefaultFileLockManager] Lock acquired on daemon addresses registry.
2024-07-18T21:27:21.678-0300 [DEBUG] [org.gradle.cache.internal.DefaultFileLockManager] Releasing lock on daemon addresses registry.
2024-07-18T21:27:29.639-0300 [DEBUG] [org.gradle.cache.internal.DefaultFileLockManager] Waiting to acquire shared lock on daemon addresses registry.
2024-07-18T21:27:29.649-0300 [DEBUG] [org.gradle.cache.internal.DefaultFileLockManager] Lock acquired on daemon addresses registry.
2024-07-18T21:27:29.686-0300 [DEBUG] [org.gradle.cache.internal.DefaultFileLockManager] Releasing lock on daemon addresses registry.
2024-07-18T21:27:31.513-0300 [DEBUG] [org.gradle.cache.internal.DefaultFileLockManager] Waiting to acquire shared lock on daemon addresses registry.
2024-07-18T21:27:31.735-0300 [DEBUG] [org.gradle.cache.internal.DefaultFileLockManager] Lock acquired on daemon addresses registry.
2024-07-18T21:27:32.521-0300 [DEBUG] [org.gradle.cache.internal.DefaultFileLockManager] Releasing lock on daemon addresses registry.
2024-07-18T21:27:32.521-0300 [DEBUG] [org.gradle.cache.internal.DefaultFileLockManager] Waiting to acquire shared lock on daemon addresses registry.
2024-07-18T21:27:32.693-0300 [DEBUG] [org.gradle.cache.internal.DefaultFileLockManager] Lock acquired on daemon addresses registry.
2024-07-18T21:27:32.693-0300 [DEBUG] [org.gradle.cache.internal.DefaultFileLockManager] Releasing lock on daemon addresses registry.
2024-07-18T21:27:39.475-0300 [DEBUG] [org.gradle.cache.internal.DefaultFileLockManager] Waiting to acquire shared lock on daemon addresses registry.
2024-07-18T21:27:39.686-0300 [DEBUG] [org.gradle.cache.internal.DefaultFileLockManager] Lock acquired on daemon addresses registry.
2024-07-18T21:27:39.718-0300 [DEBUG] [org.gradle.cache.internal.DefaultFileLockManager] Releasing lock on daemon addresses registry.
2024-07-18T21:27:40.727-0300 [DEBUG] [org.gradle.cache.internal.DefaultFileLockManager] Waiting to acquire shared lock on daemon addresses registry.
2024-07-18T21:27:40.760-0300 [DEBUG] [org.gradle.cache.internal.DefaultFileLockManager] Lock acquired on daemon addresses registry.
2024-07-18T21:27:40.876-0300 [DEBUG] [org.gradle.cache.internal.DefaultFileLockManager] Releasing lock on daemon addresses registry.
2024-07-18T21:27:40.877-0300 [DEBUG] [org.gradle.cache.internal.DefaultFileLockManager] Waiting to acquire shared lock on daemon addresses registry.
2024-07-18T21:27:40.877-0300 [DEBUG] [org.gradle.cache.internal.DefaultFileLockManager] Lock acquired on daemon addresses registry.
2024-07-18T21:27:40.877-0300 [DEBUG] [org.gradle.cache.internal.DefaultFileLockManager] Releasing lock on daemon addresses registry.
2024-07-18T21:27:49.362-0300 [DEBUG] [org.gradle.cache.internal.DefaultFileLockManager] Waiting to acquire shared lock on daemon addresses registry.
2024-07-18T21:27:49.413-0300 [DEBUG] [org.gradle.cache.internal.DefaultFileLockManager] Lock acquired on daemon addresses registry.
2024-07-18T21:27:49.497-0300 [DEBUG] [org.gradle.cache.internal.DefaultFileLockManager] Releasing lock on daemon addresses registry.
2024-07-18T21:27:50.212-0300 [DEBUG] [org.gradle.cache.internal.DefaultFileLockManager] Waiting to acquire shared lock on daemon addresses registry.
2024-07-18T21:27:50.224-0300 [DEBUG] [org.gradle.cache.internal.DefaultFileLockManager] Lock acquired on daemon addresses registry.
2024-07-18T21:27:50.313-0300 [DEBUG] [org.gradle.cache.internal.DefaultFileLockManager] Releasing lock on daemon addresses registry.
2024-07-18T21:27:50.314-0300 [DEBUG] [org.gradle.cache.internal.DefaultFileLockManager] Waiting to acquire shared lock on daemon addresses registry.
2024-07-18T21:27:50.314-0300 [DEBUG] [org.gradle.cache.internal.DefaultFileLockManager] Lock acquired on daemon addresses registry.
2024-07-18T21:27:50.314-0300 [DEBUG] [org.gradle.cache.internal.DefaultFileLockManager] Releasing lock on daemon addresses registry.
2024-07-18T21:27:59.821-0300 [DEBUG] [org.gradle.cache.internal.DefaultFileLockManager] Waiting to acquire shared lock on daemon addresses registry.
2024-07-18T21:27:59.993-0300 [DEBUG] [org.gradle.cache.internal.DefaultFileLockManager] Lock acquired on daemon addresses registry.
2024-07-18T21:28:01.737-0300 [DEBUG] [org.gradle.cache.internal.DefaultFileLockManager] Releasing lock on daemon addresses registry.
2024-07-18T21:28:03.337-0300 [DEBUG] [org.gradle.cache.internal.DefaultFileLockManager] Waiting to acquire shared lock on daemon addresses registry.
2024-07-18T21:28:03.374-0300 [DEBUG] [org.gradle.cache.internal.DefaultFileLockManager] Lock acquired on daemon addresses registry.
2024-07-18T21:28:03.421-0300 [DEBUG] [org.gradle.cache.internal.DefaultFileLockManager] Releasing lock on daemon addresses registry.
2024-07-18T21:28:03.421-0300 [DEBUG] [org.gradle.cache.internal.DefaultFileLockManager] Waiting to acquire shared lock on daemon addresses registry.
2024-07-18T21:28:03.421-0300 [DEBUG] [org.gradle.cache.internal.DefaultFileLockManager] Lock acquired on daemon addresses registry.
2024-07-18T21:28:03.421-0300 [DEBUG] [org.gradle.cache.internal.DefaultFileLockManager] Releasing lock on daemon addresses registry.
2024-07-18T21:28:09.426-0300 [DEBUG] [org.gradle.cache.internal.DefaultFileLockManager] Waiting to acquire shared lock on daemon addresses registry.
2024-07-18T21:28:09.468-0300 [DEBUG] [org.gradle.cache.internal.DefaultFileLockManager] Lock acquired on daemon addresses registry.
2024-07-18T21:28:09.507-0300 [DEBUG] [org.gradle.cache.internal.DefaultFileLockManager] Releasing lock on daemon addresses registry.
2024-07-18T21:28:12.557-0300 [DEBUG] [org.gradle.cache.internal.DefaultFileLockManager] Waiting to acquire shared lock on daemon addresses registry.
2024-07-18T21:28:12.637-0300 [DEBUG] [org.gradle.cache.internal.DefaultFileLockManager] Lock acquired on daemon addresses registry.
2024-07-18T21:28:12.719-0300 [DEBUG] [org.gradle.cache.internal.DefaultFileLockManager] Releasing lock on daemon addresses registry.
2024-07-18T21:28:12.719-0300 [DEBUG] [org.gradle.cache.internal.DefaultFileLockManager] Waiting to acquire shared lock on daemon addresses registry.
2024-07-18T21:28:12.719-0300 [DEBUG] [org.gradle.cache.internal.DefaultFileLockManager] Lock acquired on daemon addresses registry.
2024-07-18T21:28:12.719-0300 [DEBUG] [org.gradle.cache.internal.DefaultFileLockManager] Releasing lock on daemon addresses registry.
2024-07-18T21:28:19.152-0300 [DEBUG] [org.gradle.cache.internal.DefaultFileLockManager] Waiting to acquire shared lock on daemon addresses registry.
2024-07-18T21:28:19.310-0300 [DEBUG] [org.gradle.cache.internal.DefaultFileLockManager] Lock acquired on daemon addresses registry.
2024-07-18T21:28:19.433-0300 [DEBUG] [org.gradle.cache.internal.DefaultFileLockManager] Releasing lock on daemon addresses registry.
2024-07-18T21:28:19.930-0300 [DEBUG] [org.gradle.cache.internal.DefaultFileLockManager] Waiting to acquire shared lock on daemon addresses registry.
2024-07-18T21:28:19.969-0300 [DEBUG] [org.gradle.cache.internal.DefaultFileLockManager] Lock acquired on daemon addresses registry.
2024-07-18T21:28:20.010-0300 [DEBUG] [org.gradle.cache.internal.DefaultFileLockManager] Releasing lock on daemon addresses registry.
2024-07-18T21:28:20.010-0300 [DEBUG] [org.gradle.cache.internal.DefaultFileLockManager] Waiting to acquire shared lock on daemon addresses registry.
2024-07-18T21:28:20.010-0300 [DEBUG] [org.gradle.cache.internal.DefaultFileLockManager] Lock acquired on daemon addresses registry.
2024-07-18T21:28:20.010-0300 [DEBUG] [org.gradle.cache.internal.DefaultFileLockManager] Releasing lock on daemon addresses registry.
2024-07-18T21:28:29.590-0300 [DEBUG] [org.gradle.cache.internal.DefaultFileLockManager] Waiting to acquire shared lock on daemon addresses registry.
2024-07-18T21:28:29.610-0300 [DEBUG] [org.gradle.cache.internal.DefaultFileLockManager] Lock acquired on daemon addresses registry.
2024-07-18T21:28:29.635-0300 [DEBUG] [org.gradle.cache.internal.DefaultFileLockManager] Releasing lock on daemon addresses registry.
2024-07-18T21:28:30.883-0300 [DEBUG] [org.gradle.cache.internal.DefaultFileLockManager] Waiting to acquire shared lock on daemon addresses registry.
2024-07-18T21:28:31.029-0300 [DEBUG] [org.gradle.cache.internal.DefaultFileLockManager] Lock acquired on daemon addresses registry.
2024-07-18T21:28:31.344-0300 [DEBUG] [org.gradle.cache.internal.DefaultFileLockManager] Releasing lock on daemon addresses registry.
2024-07-18T21:28:31.344-0300 [DEBUG] [org.gradle.cache.internal.DefaultFileLockManager] Waiting to acquire shared lock on daemon addresses registry.
2024-07-18T21:28:31.516-0300 [DEBUG] [org.gradle.cache.internal.DefaultFileLockManager] Lock acquired on daemon addresses registry.
2024-07-18T21:28:31.516-0300 [DEBUG] [org.gradle.cache.internal.DefaultFileLockManager] Releasing lock on daemon addresses registry.
2024-07-18T21:28:39.359-0300 [DEBUG] [org.gradle.cache.internal.DefaultFileLockManager] Waiting to acquire shared lock on daemon addresses registry.
2024-07-18T21:28:39.391-0300 [DEBUG] [org.gradle.cache.internal.DefaultFileLockManager] Lock acquired on daemon addresses registry.
2024-07-18T21:28:39.407-0300 [DEBUG] [org.gradle.cache.internal.DefaultFileLockManager] Releasing lock on daemon addresses registry.
2024-07-18T21:28:40.027-0300 [DEBUG] [org.gradle.cache.internal.DefaultFileLockManager] Waiting to acquire shared lock on daemon addresses registry.
2024-07-18T21:28:40.027-0300 [DEBUG] [org.gradle.cache.internal.DefaultFileLockManager] Lock acquired on daemon addresses registry.
2024-07-18T21:28:40.027-0300 [DEBUG] [org.gradle.cache.internal.DefaultFileLockManager] Releasing lock on daemon addresses registry.
2024-07-18T21:28:40.027-0300 [DEBUG] [org.gradle.cache.internal.DefaultFileLockManager] Waiting to acquire shared lock on daemon addresses registry.
2024-07-18T21:28:40.027-0300 [DEBUG] [org.gradle.cache.internal.DefaultFileLockManager] Lock acquired on daemon addresses registry.
2024-07-18T21:28:40.027-0300 [DEBUG] [org.gradle.cache.internal.DefaultFileLockManager] Releasing lock on daemon addresses registry.
2024-07-18T21:28:49.166-0300 [DEBUG] [org.gradle.cache.internal.DefaultFileLockManager] Waiting to acquire shared lock on daemon addresses registry.
2024-07-18T21:28:49.192-0300 [DEBUG] [org.gradle.cache.internal.DefaultFileLockManager] Lock acquired on daemon addresses registry.
2024-07-18T21:28:49.225-0300 [DEBUG] [org.gradle.cache.internal.DefaultFileLockManager] Releasing lock on daemon addresses registry.
2024-07-18T21:28:49.639-0300 [DEBUG] [org.gradle.cache.internal.DefaultFileLockManager] Waiting to acquire shared lock on daemon addresses registry.
2024-07-18T21:28:49.639-0300 [DEBUG] [org.gradle.cache.internal.DefaultFileLockManager] Lock acquired on daemon addresses registry.
2024-07-18T21:28:49.639-0300 [DEBUG] [org.gradle.cache.internal.DefaultFileLockManager] Releasing lock on daemon addresses registry.
2024-07-18T21:28:49.640-0300 [DEBUG] [org.gradle.cache.internal.DefaultFileLockManager] Waiting to acquire shared lock on daemon addresses registry.
2024-07-18T21:28:49.640-0300 [DEBUG] [org.gradle.cache.internal.DefaultFileLockManager] Lock acquired on daemon addresses registry.
2024-07-18T21:28:49.640-0300 [DEBUG] [org.gradle.cache.internal.DefaultFileLockManager] Releasing lock on daemon addresses registry.
2024-07-18T21:28:59.324-0300 [DEBUG] [org.gradle.cache.internal.DefaultFileLockManager] Waiting to acquire shared lock on daemon addresses registry.
2024-07-18T21:28:59.361-0300 [DEBUG] [org.gradle.cache.internal.DefaultFileLockManager] Lock acquired on daemon addresses registry.
2024-07-18T21:28:59.388-0300 [DEBUG] [org.gradle.cache.internal.DefaultFileLockManager] Releasing lock on daemon addresses registry.
2024-07-18T21:29:00.318-0300 [DEBUG] [org.gradle.cache.internal.DefaultFileLockManager] Waiting to acquire shared lock on daemon addresses registry.
2024-07-18T21:29:00.388-0300 [DEBUG] [org.gradle.cache.internal.DefaultFileLockManager] Lock acquired on daemon addresses registry.
2024-07-18T21:29:00.438-0300 [DEBUG] [org.gradle.cache.internal.DefaultFileLockManager] Releasing lock on daemon addresses registry.
2024-07-18T21:29:00.439-0300 [DEBUG] [org.gradle.cache.internal.DefaultFileLockManager] Waiting to acquire shared lock on daemon addresses registry.
2024-07-18T21:29:00.439-0300 [DEBUG] [org.gradle.cache.internal.DefaultFileLockManager] Lock acquired on daemon addresses registry.
2024-07-18T21:29:00.439-0300 [DEBUG] [org.gradle.cache.internal.DefaultFileLockManager] Releasing lock on daemon addresses registry.
2024-07-18T21:29:09.972-0300 [DEBUG] [org.gradle.cache.internal.DefaultFileLockManager] Waiting to acquire shared lock on daemon addresses registry.
2024-07-18T21:29:10.036-0300 [DEBUG] [org.gradle.cache.internal.DefaultFileLockManager] Lock acquired on daemon addresses registry.
2024-07-18T21:29:10.078-0300 [DEBUG] [org.gradle.cache.internal.DefaultFileLockManager] Releasing lock on daemon addresses registry.
2024-07-18T21:29:11.161-0300 [DEBUG] [org.gradle.cache.internal.DefaultFileLockManager] Waiting to acquire shared lock on daemon addresses registry.
2024-07-18T21:29:11.182-0300 [DEBUG] [org.gradle.cache.internal.DefaultFileLockManager] Lock acquired on daemon addresses registry.
2024-07-18T21:29:11.202-0300 [DEBUG] [org.gradle.cache.internal.DefaultFileLockManager] Releasing lock on daemon addresses registry.
2024-07-18T21:29:11.202-0300 [DEBUG] [org.gradle.cache.internal.DefaultFileLockManager] Waiting to acquire shared lock on daemon addresses registry.
2024-07-18T21:29:11.202-0300 [DEBUG] [org.gradle.cache.internal.DefaultFileLockManager] Lock acquired on daemon addresses registry.
2024-07-18T21:29:11.202-0300 [DEBUG] [org.gradle.cache.internal.DefaultFileLockManager] Releasing lock on daemon addresses registry.
2024-07-18T21:29:19.609-0300 [DEBUG] [org.gradle.cache.internal.DefaultFileLockManager] Waiting to acquire shared lock on daemon addresses registry.
2024-07-18T21:29:19.707-0300 [DEBUG] [org.gradle.cache.internal.DefaultFileLockManager] Lock acquired on daemon addresses registry.
2024-07-18T21:29:19.869-0300 [DEBUG] [org.gradle.cache.internal.DefaultFileLockManager] Releasing lock on daemon addresses registry.
2024-07-18T21:29:20.663-0300 [DEBUG] [org.gradle.cache.internal.DefaultFileLockManager] Waiting to acquire shared lock on daemon addresses registry.
2024-07-18T21:29:20.705-0300 [DEBUG] [org.gradle.cache.internal.DefaultFileLockManager] Lock acquired on daemon addresses registry.
2024-07-18T21:29:20.743-0300 [DEBUG] [org.gradle.cache.internal.DefaultFileLockManager] Releasing lock on daemon addresses registry.
2024-07-18T21:29:20.744-0300 [DEBUG] [org.gradle.cache.internal.DefaultFileLockManager] Waiting to acquire shared lock on daemon addresses registry.
2024-07-18T21:29:20.744-0300 [DEBUG] [org.gradle.cache.internal.DefaultFileLockManager] Lock acquired on daemon addresses registry.
2024-07-18T21:29:20.744-0300 [DEBUG] [org.gradle.cache.internal.DefaultFileLockManager] Releasing lock on daemon addresses registry.
2024-07-18T21:29:29.404-0300 [DEBUG] [org.gradle.cache.internal.DefaultFileLockManager] Waiting to acquire shared lock on daemon addresses registry.
2024-07-18T21:29:29.441-0300 [DEBUG] [org.gradle.cache.internal.DefaultFileLockManager] Lock acquired on daemon addresses registry.
2024-07-18T21:29:29.460-0300 [DEBUG] [org.gradle.cache.internal.DefaultFileLockManager] Releasing lock on daemon addresses registry.
2024-07-18T21:29:29.930-0300 [DEBUG] [org.gradle.cache.internal.DefaultFileLockManager] Waiting to acquire shared lock on daemon addresses registry.
2024-07-18T21:29:29.930-0300 [DEBUG] [org.gradle.cache.internal.DefaultFileLockManager] Lock acquired on daemon addresses registry.
2024-07-18T21:29:29.930-0300 [DEBUG] [org.gradle.cache.internal.DefaultFileLockManager] Releasing lock on daemon addresses registry.
2024-07-18T21:29:29.930-0300 [DEBUG] [org.gradle.cache.internal.DefaultFileLockManager] Waiting to acquire shared lock on daemon addresses registry.
2024-07-18T21:29:29.954-0300 [DEBUG] [org.gradle.cache.internal.DefaultFileLockManager] Lock acquired on daemon addresses registry.
2024-07-18T21:29:29.954-0300 [DEBUG] [org.gradle.cache.internal.DefaultFileLockManager] Releasing lock on daemon addresses registry.
2024-07-18T21:29:39.365-0300 [DEBUG] [org.gradle.cache.internal.DefaultFileLockManager] Waiting to acquire shared lock on daemon addresses registry.
2024-07-18T21:29:39.538-0300 [DEBUG] [org.gradle.cache.internal.DefaultFileLockManager] Lock acquired on daemon addresses registry.
2024-07-18T21:29:39.713-0300 [DEBUG] [org.gradle.cache.internal.DefaultFileLockManager] Releasing lock on daemon addresses registry.
2024-07-18T21:29:40.243-0300 [DEBUG] [org.gradle.cache.internal.DefaultFileLockManager] Waiting to acquire shared lock on daemon addresses registry.
2024-07-18T21:29:40.329-0300 [DEBUG] [org.gradle.cache.internal.DefaultFileLockManager] Lock acquired on daemon addresses registry.
2024-07-18T21:29:40.520-0300 [DEBUG] [org.gradle.cache.internal.DefaultFileLockManager] Releasing lock on daemon addresses registry.
2024-07-18T21:29:40.521-0300 [DEBUG] [org.gradle.cache.internal.DefaultFileLockManager] Waiting to acquire shared lock on daemon addresses registry.
2024-07-18T21:29:40.521-0300 [DEBUG] [org.gradle.cache.internal.DefaultFileLockManager] Lock acquired on daemon addresses registry.
2024-07-18T21:29:40.521-0300 [DEBUG] [org.gradle.cache.internal.DefaultFileLockManager] Releasing lock on daemon addresses registry.
2024-07-18T21:29:49.329-0300 [DEBUG] [org.gradle.cache.internal.DefaultFileLockManager] Waiting to acquire shared lock on daemon addresses registry.
2024-07-18T21:29:49.381-0300 [DEBUG] [org.gradle.cache.internal.DefaultFileLockManager] Lock acquired on daemon addresses registry.
2024-07-18T21:29:49.705-0300 [DEBUG] [org.gradle.cache.internal.DefaultFileLockManager] Releasing lock on daemon addresses registry.
2024-07-18T21:29:50.625-0300 [DEBUG] [org.gradle.cache.internal.DefaultFileLockManager] Waiting to acquire shared lock on daemon addresses registry.
2024-07-18T21:29:50.666-0300 [DEBUG] [org.gradle.cache.internal.DefaultFileLockManager] Lock acquired on daemon addresses registry.
2024-07-18T21:29:50.683-0300 [DEBUG] [org.gradle.cache.internal.DefaultFileLockManager] Releasing lock on daemon addresses registry.
2024-07-18T21:29:50.684-0300 [DEBUG] [org.gradle.cache.internal.DefaultFileLockManager] Waiting to acquire shared lock on daemon addresses registry.
2024-07-18T21:29:50.684-0300 [DEBUG] [org.gradle.cache.internal.DefaultFileLockManager] Lock acquired on daemon addresses registry.
2024-07-18T21:29:50.684-0300 [DEBUG] [org.gradle.cache.internal.DefaultFileLockManager] Releasing lock on daemon addresses registry.
2024-07-18T21:29:59.154-0300 [DEBUG] [org.gradle.cache.internal.DefaultFileLockManager] Waiting to acquire shared lock on daemon addresses registry.
2024-07-18T21:29:59.193-0300 [DEBUG] [org.gradle.cache.internal.DefaultFileLockManager] Lock acquired on daemon addresses registry.
2024-07-18T21:29:59.255-0300 [DEBUG] [org.gradle.cache.internal.DefaultFileLockManager] Releasing lock on daemon addresses registry.
2024-07-18T21:30:00.017-0300 [DEBUG] [org.gradle.cache.internal.DefaultFileLockManager] Waiting to acquire shared lock on daemon addresses registry.
2024-07-18T21:30:00.044-0300 [DEBUG] [org.gradle.cache.internal.DefaultFileLockManager] Lock acquired on daemon addresses registry.
2024-07-18T21:30:00.080-0300 [DEBUG] [org.gradle.cache.internal.DefaultFileLockManager] Releasing lock on daemon addresses registry.
2024-07-18T21:30:00.080-0300 [DEBUG] [org.gradle.cache.internal.DefaultFileLockManager] Waiting to acquire shared lock on daemon addresses registry.
2024-07-18T21:30:00.080-0300 [DEBUG] [org.gradle.cache.internal.DefaultFileLockManager] Lock acquired on daemon addresses registry.
2024-07-18T21:30:00.080-0300 [DEBUG] [org.gradle.cache.internal.DefaultFileLockManager] Releasing lock on daemon addresses registry.
2024-07-18T21:30:09.309-0300 [DEBUG] [org.gradle.cache.internal.DefaultFileLockManager] Waiting to acquire shared lock on daemon addresses registry.
2024-07-18T21:30:09.326-0300 [DEBUG] [org.gradle.cache.internal.DefaultFileLockManager] Lock acquired on daemon addresses registry.
2024-07-18T21:30:09.408-0300 [DEBUG] [org.gradle.cache.internal.DefaultFileLockManager] Releasing lock on daemon addresses registry.
2024-07-18T21:30:10.129-0300 [DEBUG] [org.gradle.cache.internal.DefaultFileLockManager] Waiting to acquire shared lock on daemon addresses registry.
2024-07-18T21:30:10.214-0300 [DEBUG] [org.gradle.cache.internal.DefaultFileLockManager] Lock acquired on daemon addresses registry.
2024-07-18T21:30:10.244-0300 [DEBUG] [org.gradle.cache.internal.DefaultFileLockManager] Releasing lock on daemon addresses registry.
2024-07-18T21:30:10.244-0300 [DEBUG] [org.gradle.cache.internal.DefaultFileLockManager] Waiting to acquire shared lock on daemon addresses registry.
2024-07-18T21:30:10.244-0300 [DEBUG] [org.gradle.cache.internal.DefaultFileLockManager] Lock acquired on daemon addresses registry.
2024-07-18T21:30:10.244-0300 [DEBUG] [org.gradle.cache.internal.DefaultFileLockManager] Releasing lock on daemon addresses registry.
2024-07-18T21:30:19.428-0300 [DEBUG] [org.gradle.cache.internal.DefaultFileLockManager] Waiting to acquire shared lock on daemon addresses registry.
2024-07-18T21:30:19.454-0300 [DEBUG] [org.gradle.cache.internal.DefaultFileLockManager] Lock acquired on daemon addresses registry.
2024-07-18T21:30:19.486-0300 [DEBUG] [org.gradle.cache.internal.DefaultFileLockManager] Releasing lock on daemon addresses registry.
2024-07-18T21:30:20.555-0300 [DEBUG] [org.gradle.cache.internal.DefaultFileLockManager] Waiting to acquire shared lock on daemon addresses registry.
2024-07-18T21:30:20.568-0300 [DEBUG] [org.gradle.cache.internal.DefaultFileLockManager] Lock acquired on daemon addresses registry.
2024-07-18T21:30:20.584-0300 [DEBUG] [org.gradle.cache.internal.DefaultFileLockManager] Releasing lock on daemon addresses registry.
2024-07-18T21:30:20.584-0300 [DEBUG] [org.gradle.cache.internal.DefaultFileLockManager] Waiting to acquire shared lock on daemon addresses registry.
2024-07-18T21:30:20.584-0300 [DEBUG] [org.gradle.cache.internal.DefaultFileLockManager] Lock acquired on daemon addresses registry.
2024-07-18T21:30:20.584-0300 [DEBUG] [org.gradle.cache.internal.DefaultFileLockManager] Releasing lock on daemon addresses registry.
2024-07-18T21:30:29.142-0300 [DEBUG] [org.gradle.cache.internal.DefaultFileLockManager] Waiting to acquire shared lock on daemon addresses registry.
2024-07-18T21:30:29.160-0300 [DEBUG] [org.gradle.cache.internal.DefaultFileLockManager] Lock acquired on daemon addresses registry.
2024-07-18T21:30:29.174-0300 [DEBUG] [org.gradle.cache.internal.DefaultFileLockManager] Releasing lock on daemon addresses registry.
2024-07-18T21:30:29.704-0300 [DEBUG] [org.gradle.cache.internal.DefaultFileLockManager] Waiting to acquire shared lock on daemon addresses registry.
2024-07-18T21:30:29.726-0300 [DEBUG] [org.gradle.cache.internal.DefaultFileLockManager] Lock acquired on daemon addresses registry.
2024-07-18T21:30:29.738-0300 [DEBUG] [org.gradle.cache.internal.DefaultFileLockManager] Releasing lock on daemon addresses registry.
2024-07-18T21:30:29.738-0300 [DEBUG] [org.gradle.cache.internal.DefaultFileLockManager] Waiting to acquire shared lock on daemon addresses registry.
2024-07-18T21:30:29.738-0300 [DEBUG] [org.gradle.cache.internal.DefaultFileLockManager] Lock acquired on daemon addresses registry.
2024-07-18T21:30:29.738-0300 [DEBUG] [org.gradle.cache.internal.DefaultFileLockManager] Releasing lock on daemon addresses registry.
2024-07-18T21:30:39.289-0300 [DEBUG] [org.gradle.cache.internal.DefaultFileLockManager] Waiting to acquire shared lock on daemon addresses registry.
2024-07-18T21:30:39.358-0300 [DEBUG] [org.gradle.cache.internal.DefaultFileLockManager] Lock acquired on daemon addresses registry.
2024-07-18T21:30:39.528-0300 [DEBUG] [org.gradle.cache.internal.DefaultFileLockManager] Releasing lock on daemon addresses registry.
2024-07-18T21:30:40.149-0300 [DEBUG] [org.gradle.cache.internal.DefaultFileLockManager] Waiting to acquire shared lock on daemon addresses registry.
2024-07-18T21:30:40.175-0300 [DEBUG] [org.gradle.cache.internal.DefaultFileLockManager] Lock acquired on daemon addresses registry.
2024-07-18T21:30:40.201-0300 [DEBUG] [org.gradle.cache.internal.DefaultFileLockManager] Releasing lock on daemon addresses registry.
2024-07-18T21:30:40.202-0300 [DEBUG] [org.gradle.cache.internal.DefaultFileLockManager] Waiting to acquire shared lock on daemon addresses registry.
2024-07-18T21:30:40.202-0300 [DEBUG] [org.gradle.cache.internal.DefaultFileLockManager] Lock acquired on daemon addresses registry.
2024-07-18T21:30:40.202-0300 [DEBUG] [org.gradle.cache.internal.DefaultFileLockManager] Releasing lock on daemon addresses registry.
2024-07-18T21:30:49.414-0300 [DEBUG] [org.gradle.cache.internal.DefaultFileLockManager] Waiting to acquire shared lock on daemon addresses registry.
2024-07-18T21:30:49.432-0300 [DEBUG] [org.gradle.cache.internal.DefaultFileLockManager] Lock acquired on daemon addresses registry.
2024-07-18T21:30:49.462-0300 [DEBUG] [org.gradle.cache.internal.DefaultFileLockManager] Releasing lock on daemon addresses registry.
2024-07-18T21:30:50.508-0300 [DEBUG] [org.gradle.cache.internal.DefaultFileLockManager] Waiting to acquire shared lock on daemon addresses registry.
2024-07-18T21:30:50.523-0300 [DEBUG] [org.gradle.cache.internal.DefaultFileLockManager] Lock acquired on daemon addresses registry.
2024-07-18T21:30:50.576-0300 [DEBUG] [org.gradle.cache.internal.DefaultFileLockManager] Releasing lock on daemon addresses registry.
2024-07-18T21:30:50.612-0300 [DEBUG] [org.gradle.cache.internal.DefaultFileLockManager] Waiting to acquire shared lock on daemon addresses registry.
2024-07-18T21:30:50.612-0300 [DEBUG] [org.gradle.cache.internal.DefaultFileLockManager] Lock acquired on daemon addresses registry.
2024-07-18T21:30:50.835-0300 [DEBUG] [org.gradle.cache.internal.DefaultFileLockManager] Releasing lock on daemon addresses registry.
2024-07-18T21:30:59.137-0300 [DEBUG] [org.gradle.cache.internal.DefaultFileLockManager] Waiting to acquire shared lock on daemon addresses registry.
2024-07-18T21:30:59.152-0300 [DEBUG] [org.gradle.cache.internal.DefaultFileLockManager] Lock acquired on daemon addresses registry.
2024-07-18T21:30:59.198-0300 [DEBUG] [org.gradle.cache.internal.DefaultFileLockManager] Releasing lock on daemon addresses registry.
2024-07-18T21:30:59.500-0300 [DEBUG] [org.gradle.cache.internal.DefaultFileLockManager] Waiting to acquire shared lock on daemon addresses registry.
2024-07-18T21:30:59.537-0300 [DEBUG] [org.gradle.cache.internal.DefaultFileLockManager] Lock acquired on daemon addresses registry.
2024-07-18T21:30:59.537-0300 [DEBUG] [org.gradle.cache.internal.DefaultFileLockManager] Releasing lock on daemon addresses registry.
2024-07-18T21:30:59.538-0300 [DEBUG] [org.gradle.cache.internal.DefaultFileLockManager] Waiting to acquire shared lock on daemon addresses registry.
2024-07-18T21:30:59.538-0300 [DEBUG] [org.gradle.cache.internal.DefaultFileLockManager] Lock acquired on daemon addresses registry.
2024-07-18T21:30:59.538-0300 [DEBUG] [org.gradle.cache.internal.DefaultFileLockManager] Releasing lock on daemon addresses registry.
2024-07-18T21:31:09.268-0300 [DEBUG] [org.gradle.cache.internal.DefaultFileLockManager] Waiting to acquire shared lock on daemon addresses registry.
2024-07-18T21:31:09.285-0300 [DEBUG] [org.gradle.cache.internal.DefaultFileLockManager] Lock acquired on daemon addresses registry.
2024-07-18T21:31:09.306-0300 [DEBUG] [org.gradle.cache.internal.DefaultFileLockManager] Releasing lock on daemon addresses registry.
2024-07-18T21:31:10.317-0300 [DEBUG] [org.gradle.cache.internal.DefaultFileLockManager] Waiting to acquire shared lock on daemon addresses registry.
2024-07-18T21:31:10.350-0300 [DEBUG] [org.gradle.cache.internal.DefaultFileLockManager] Lock acquired on daemon addresses registry.
2024-07-18T21:31:10.452-0300 [DEBUG] [org.gradle.cache.internal.DefaultFileLockManager] Releasing lock on daemon addresses registry.
2024-07-18T21:31:10.488-0300 [DEBUG] [org.gradle.cache.internal.DefaultFileLockManager] Waiting to acquire shared lock on daemon addresses registry.
2024-07-18T21:31:10.488-0300 [DEBUG] [org.gradle.cache.internal.DefaultFileLockManager] Lock acquired on daemon addresses registry.
2024-07-18T21:31:10.488-0300 [DEBUG] [org.gradle.cache.internal.DefaultFileLockManager] Releasing lock on daemon addresses registry.
2024-07-18T21:31:19.929-0300 [DEBUG] [org.gradle.cache.internal.DefaultFileLockManager] Waiting to acquire shared lock on daemon addresses registry.
2024-07-18T21:31:20.076-0300 [DEBUG] [org.gradle.cache.internal.DefaultFileLockManager] Lock acquired on daemon addresses registry.
2024-07-18T21:31:20.189-0300 [DEBUG] [org.gradle.cache.internal.DefaultFileLockManager] Releasing lock on daemon addresses registry.
2024-07-18T21:31:20.551-0300 [DEBUG] [org.gradle.cache.internal.DefaultFileLockManager] Waiting to acquire shared lock on daemon addresses registry.
2024-07-18T21:31:20.642-0300 [DEBUG] [org.gradle.cache.internal.DefaultFileLockManager] Lock acquired on daemon addresses registry.
2024-07-18T21:31:20.785-0300 [DEBUG] [org.gradle.cache.internal.DefaultFileLockManager] Releasing lock on daemon addresses registry.
2024-07-18T21:31:20.785-0300 [DEBUG] [org.gradle.cache.internal.DefaultFileLockManager] Waiting to acquire shared lock on daemon addresses registry.
2024-07-18T21:31:20.785-0300 [DEBUG] [org.gradle.cache.internal.DefaultFileLockManager] Lock acquired on daemon addresses registry.
2024-07-18T21:31:20.785-0300 [DEBUG] [org.gradle.cache.internal.DefaultFileLockManager] Releasing lock on daemon addresses registry.
2024-07-18T21:31:29.235-0300 [DEBUG] [org.gradle.cache.internal.DefaultFileLockManager] Waiting to acquire shared lock on daemon addresses registry.
2024-07-18T21:31:29.283-0300 [DEBUG] [org.gradle.cache.internal.DefaultFileLockManager] Lock acquired on daemon addresses registry.
2024-07-18T21:31:29.414-0300 [DEBUG] [org.gradle.cache.internal.DefaultFileLockManager] Releasing lock on daemon addresses registry.
2024-07-18T21:31:29.713-0300 [DEBUG] [org.gradle.cache.internal.DefaultFileLockManager] Waiting to acquire shared lock on daemon addresses registry.
2024-07-18T21:31:29.729-0300 [DEBUG] [org.gradle.cache.internal.DefaultFileLockManager] Lock acquired on daemon addresses registry.
2024-07-18T21:31:29.742-0300 [DEBUG] [org.gradle.cache.internal.DefaultFileLockManager] Releasing lock on daemon addresses registry.
2024-07-18T21:31:29.742-0300 [DEBUG] [org.gradle.cache.internal.DefaultFileLockManager] Waiting to acquire shared lock on daemon addresses registry.
2024-07-18T21:31:29.742-0300 [DEBUG] [org.gradle.cache.internal.DefaultFileLockManager] Lock acquired on daemon addresses registry.
2024-07-18T21:31:29.763-0300 [DEBUG] [org.gradle.cache.internal.DefaultFileLockManager] Releasing lock on daemon addresses registry.
2024-07-18T21:31:40.181-0300 [DEBUG] [org.gradle.cache.internal.DefaultFileLockManager] Waiting to acquire shared lock on daemon addresses registry.
2024-07-18T21:31:40.572-0300 [DEBUG] [org.gradle.cache.internal.DefaultFileLockManager] Lock acquired on daemon addresses registry.
2024-07-18T21:31:40.648-0300 [DEBUG] [org.gradle.cache.internal.DefaultFileLockManager] Releasing lock on daemon addresses registry.
2024-07-18T21:31:42.218-0300 [DEBUG] [org.gradle.cache.internal.DefaultFileLockManager] Waiting to acquire shared lock on daemon addresses registry.
2024-07-18T21:31:42.218-0300 [DEBUG] [org.gradle.cache.internal.DefaultFileLockManager] Lock acquired on daemon addresses registry.
2024-07-18T21:31:42.218-0300 [DEBUG] [org.gradle.cache.internal.DefaultFileLockManager] Releasing lock on daemon addresses registry.
2024-07-18T21:31:42.218-0300 [DEBUG] [org.gradle.cache.internal.DefaultFileLockManager] Waiting to acquire shared lock on daemon addresses registry.
2024-07-18T21:31:42.218-0300 [DEBUG] [org.gradle.cache.internal.DefaultFileLockManager] Lock acquired on daemon addresses registry.
2024-07-18T21:31:42.219-0300 [DEBUG] [org.gradle.cache.internal.DefaultFileLockManager] Releasing lock on daemon addresses registry.
2024-07-18T21:31:49.435-0300 [DEBUG] [org.gradle.cache.internal.DefaultFileLockManager] Waiting to acquire shared lock on daemon addresses registry.
2024-07-18T21:31:49.460-0300 [DEBUG] [org.gradle.cache.internal.DefaultFileLockManager] Lock acquired on daemon addresses registry.
2024-07-18T21:31:49.630-0300 [DEBUG] [org.gradle.cache.internal.DefaultFileLockManager] Releasing lock on daemon addresses registry.
2024-07-18T21:31:49.934-0300 [DEBUG] [org.gradle.cache.internal.DefaultFileLockManager] Waiting to acquire shared lock on daemon addresses registry.
2024-07-18T21:31:49.961-0300 [DEBUG] [org.gradle.cache.internal.DefaultFileLockManager] Lock acquired on daemon addresses registry.
2024-07-18T21:31:50.005-0300 [DEBUG] [org.gradle.cache.internal.DefaultFileLockManager] Releasing lock on daemon addresses registry.
2024-07-18T21:31:50.005-0300 [DEBUG] [org.gradle.cache.internal.DefaultFileLockManager] Waiting to acquire shared lock on daemon addresses registry.
2024-07-18T21:31:50.005-0300 [DEBUG] [org.gradle.cache.internal.DefaultFileLockManager] Lock acquired on daemon addresses registry.
2024-07-18T21:31:50.005-0300 [DEBUG] [org.gradle.cache.internal.DefaultFileLockManager] Releasing lock on daemon addresses registry.
2024-07-18T21:31:59.155-0300 [DEBUG] [org.gradle.cache.internal.DefaultFileLockManager] Waiting to acquire shared lock on daemon addresses registry.
2024-07-18T21:31:59.175-0300 [DEBUG] [org.gradle.cache.internal.DefaultFileLockManager] Lock acquired on daemon addresses registry.
2024-07-18T21:31:59.197-0300 [DEBUG] [org.gradle.cache.internal.DefaultFileLockManager] Releasing lock on daemon addresses registry.
2024-07-18T21:32:00.208-0300 [DEBUG] [org.gradle.cache.internal.DefaultFileLockManager] Waiting to acquire shared lock on daemon addresses registry.
2024-07-18T21:32:00.238-0300 [DEBUG] [org.gradle.cache.internal.DefaultFileLockManager] Lock acquired on daemon addresses registry.
2024-07-18T21:32:00.267-0300 [DEBUG] [org.gradle.cache.internal.DefaultFileLockManager] Releasing lock on daemon addresses registry.
2024-07-18T21:32:00.267-0300 [DEBUG] [org.gradle.cache.internal.DefaultFileLockManager] Waiting to acquire shared lock on daemon addresses registry.
2024-07-18T21:32:00.267-0300 [DEBUG] [org.gradle.cache.internal.DefaultFileLockManager] Lock acquired on daemon addresses registry.
2024-07-18T21:32:00.268-0300 [DEBUG] [org.gradle.cache.internal.DefaultFileLockManager] Releasing lock on daemon addresses registry.
2024-07-18T21:32:09.094-0300 [DEBUG] [org.gradle.cache.internal.DefaultFileLockManager] Waiting to acquire shared lock on daemon addresses registry.
2024-07-18T21:32:09.459-0300 [DEBUG] [org.gradle.cache.internal.DefaultFileLockManager] Lock acquired on daemon addresses registry.
2024-07-18T21:32:09.546-0300 [DEBUG] [org.gradle.cache.internal.DefaultFileLockManager] Releasing lock on daemon addresses registry.
2024-07-18T21:32:10.140-0300 [DEBUG] [org.gradle.cache.internal.DefaultFileLockManager] Waiting to acquire shared lock on daemon addresses registry.
2024-07-18T21:32:10.140-0300 [DEBUG] [org.gradle.cache.internal.DefaultFileLockManager] Lock acquired on daemon addresses registry.
2024-07-18T21:32:10.158-0300 [DEBUG] [org.gradle.cache.internal.DefaultFileLockManager] Releasing lock on daemon addresses registry.
2024-07-18T21:32:10.158-0300 [DEBUG] [org.gradle.cache.internal.DefaultFileLockManager] Waiting to acquire shared lock on daemon addresses registry.
2024-07-18T21:32:10.158-0300 [DEBUG] [org.gradle.cache.internal.DefaultFileLockManager] Lock acquired on daemon addresses registry.
2024-07-18T21:32:10.158-0300 [DEBUG] [org.gradle.cache.internal.DefaultFileLockManager] Releasing lock on daemon addresses registry.
2024-07-18T21:32:19.237-0300 [DEBUG] [org.gradle.cache.internal.DefaultFileLockManager] Waiting to acquire shared lock on daemon addresses registry.
2024-07-18T21:32:19.262-0300 [DEBUG] [org.gradle.cache.internal.DefaultFileLockManager] Lock acquired on daemon addresses registry.
2024-07-18T21:32:19.296-0300 [DEBUG] [org.gradle.cache.internal.DefaultFileLockManager] Releasing lock on daemon addresses registry.
2024-07-18T21:32:19.717-0300 [DEBUG] [org.gradle.cache.internal.DefaultFileLockManager] Waiting to acquire shared lock on daemon addresses registry.
2024-07-18T21:32:19.741-0300 [DEBUG] [org.gradle.cache.internal.DefaultFileLockManager] Lock acquired on daemon addresses registry.
2024-07-18T21:32:19.761-0300 [DEBUG] [org.gradle.cache.internal.DefaultFileLockManager] Releasing lock on daemon addresses registry.
2024-07-18T21:32:19.762-0300 [DEBUG] [org.gradle.cache.internal.DefaultFileLockManager] Waiting to acquire shared lock on daemon addresses registry.
2024-07-18T21:32:19.762-0300 [DEBUG] [org.gradle.cache.internal.DefaultFileLockManager] Lock acquired on daemon addresses registry.
2024-07-18T21:32:19.762-0300 [DEBUG] [org.gradle.cache.internal.DefaultFileLockManager] Releasing lock on daemon addresses registry.
2024-07-18T21:32:29.530-0300 [DEBUG] [org.gradle.cache.internal.DefaultFileLockManager] Waiting to acquire shared lock on daemon addresses registry.
2024-07-18T21:32:29.713-0300 [DEBUG] [org.gradle.cache.internal.DefaultFileLockManager] Lock acquired on daemon addresses registry.
2024-07-18T21:32:29.732-0300 [DEBUG] [org.gradle.cache.internal.DefaultFileLockManager] Releasing lock on daemon addresses registry.
2024-07-18T21:32:30.275-0300 [DEBUG] [org.gradle.cache.internal.DefaultFileLockManager] Waiting to acquire shared lock on daemon addresses registry.
2024-07-18T21:32:30.275-0300 [DEBUG] [org.gradle.cache.internal.DefaultFileLockManager] Lock acquired on daemon addresses registry.
2024-07-18T21:32:30.308-0300 [DEBUG] [org.gradle.cache.internal.DefaultFileLockManager] Releasing lock on daemon addresses registry.
2024-07-18T21:32:30.309-0300 [DEBUG] [org.gradle.cache.internal.DefaultFileLockManager] Waiting to acquire shared lock on daemon addresses registry.
2024-07-18T21:32:30.309-0300 [DEBUG] [org.gradle.cache.internal.DefaultFileLockManager] Lock acquired on daemon addresses registry.
2024-07-18T21:32:30.309-0300 [DEBUG] [org.gradle.cache.internal.DefaultFileLockManager] Releasing lock on daemon addresses registry.
2024-07-18T21:32:39.218-0300 [DEBUG] [org.gradle.cache.internal.DefaultFileLockManager] Waiting to acquire shared lock on daemon addresses registry.
2024-07-18T21:32:39.254-0300 [DEBUG] [org.gradle.cache.internal.DefaultFileLockManager] Lock acquired on daemon addresses registry.
2024-07-18T21:32:39.292-0300 [DEBUG] [org.gradle.cache.internal.DefaultFileLockManager] Releasing lock on daemon addresses registry.
2024-07-18T21:32:39.721-0300 [DEBUG] [org.gradle.cache.internal.DefaultFileLockManager] Waiting to acquire shared lock on daemon addresses registry.
2024-07-18T21:32:39.721-0300 [DEBUG] [org.gradle.cache.internal.DefaultFileLockManager] Lock acquired on daemon addresses registry.
2024-07-18T21:32:39.722-0300 [DEBUG] [org.gradle.cache.internal.DefaultFileLockManager] Releasing lock on daemon addresses registry.
2024-07-18T21:32:39.722-0300 [DEBUG] [org.gradle.cache.internal.DefaultFileLockManager] Waiting to acquire shared lock on daemon addresses registry.
2024-07-18T21:32:39.722-0300 [DEBUG] [org.gradle.cache.internal.DefaultFileLockManager] Lock acquired on daemon addresses registry.
2024-07-18T21:32:39.722-0300 [DEBUG] [org.gradle.cache.internal.DefaultFileLockManager] Releasing lock on daemon addresses registry.
2024-07-18T21:32:49.218-0300 [DEBUG] [org.gradle.cache.internal.DefaultFileLockManager] Waiting to acquire shared lock on daemon addresses registry.
2024-07-18T21:32:49.257-0300 [DEBUG] [org.gradle.cache.internal.DefaultFileLockManager] Lock acquired on daemon addresses registry.
2024-07-18T21:32:49.337-0300 [DEBUG] [org.gradle.cache.internal.DefaultFileLockManager] Releasing lock on daemon addresses registry.
2024-07-18T21:32:49.551-0300 [DEBUG] [org.gradle.cache.internal.DefaultFileLockManager] Waiting to acquire shared lock on daemon addresses registry.
2024-07-18T21:32:49.551-0300 [DEBUG] [org.gradle.cache.internal.DefaultFileLockManager] Lock acquired on daemon addresses registry.
2024-07-18T21:32:49.551-0300 [DEBUG] [org.gradle.cache.internal.DefaultFileLockManager] Releasing lock on daemon addresses registry.
2024-07-18T21:32:49.552-0300 [DEBUG] [org.gradle.cache.internal.DefaultFileLockManager] Waiting to acquire shared lock on daemon addresses registry.
2024-07-18T21:32:49.552-0300 [DEBUG] [org.gradle.cache.internal.DefaultFileLockManager] Lock acquired on daemon addresses registry.
2024-07-18T21:32:49.552-0300 [DEBUG] [org.gradle.cache.internal.DefaultFileLockManager] Releasing lock on daemon addresses registry.
2024-07-18T21:32:59.125-0300 [DEBUG] [org.gradle.cache.internal.DefaultFileLockManager] Waiting to acquire shared lock on daemon addresses registry.
2024-07-18T21:32:59.137-0300 [DEBUG] [org.gradle.cache.internal.DefaultFileLockManager] Lock acquired on daemon addresses registry.
2024-07-18T21:32:59.147-0300 [DEBUG] [org.gradle.cache.internal.DefaultFileLockManager] Releasing lock on daemon addresses registry.
2024-07-18T21:33:00.134-0300 [DEBUG] [org.gradle.cache.internal.DefaultFileLockManager] Waiting to acquire shared lock on daemon addresses registry.
2024-07-18T21:33:00.197-0300 [DEBUG] [org.gradle.cache.internal.DefaultFileLockManager] Lock acquired on daemon addresses registry.
2024-07-18T21:33:00.215-0300 [DEBUG] [org.gradle.cache.internal.DefaultFileLockManager] Releasing lock on daemon addresses registry.
2024-07-18T21:33:00.216-0300 [DEBUG] [org.gradle.cache.internal.DefaultFileLockManager] Waiting to acquire shared lock on daemon addresses registry.
2024-07-18T21:33:00.216-0300 [DEBUG] [org.gradle.cache.internal.DefaultFileLockManager] Lock acquired on daemon addresses registry.
2024-07-18T21:33:00.246-0300 [DEBUG] [org.gradle.cache.internal.DefaultFileLockManager] Releasing lock on daemon addresses registry.
2024-07-18T21:33:06.775-0300 [DEBUG] [org.gradle.internal.watch.vfs.impl.WatchingVirtualFileSystem] Handling VFS change REMOVED /home/adolfo/Proyectos_Android_Studio/mozaikos_little/android/build/generated/ap_generated_sources/debug/out
2024-07-18T21:33:06.776-0300 [INFO] [org.gradle.internal.watch.registry.impl.NonHierarchicalFileWatcherUpdater] Watching 329 directories to track changes
2024-07-18T21:33:06.776-0300 [INFO] [net.rubygrapefruit.platform.internal.jni.NativeLogger] Path is not watched: /home/adolfo/Proyectos_Android_Studio/mozaikos_little/android/build/generated/ap_generated_sources/debug/out
2024-07-18T21:33:06.776-0300 [DEBUG] [org.gradle.internal.watch.registry.impl.NonHierarchicalFileWatcherUpdater] Couldn't stop watching directories: [/home/adolfo/Proyectos_Android_Studio/mozaikos_little/android/build/generated/ap_generated_sources/debug/out]
2024-07-18T21:33:06.942-0300 [DEBUG] [org.gradle.internal.watch.vfs.impl.WatchingVirtualFileSystem] Handling VFS change REMOVED /home/adolfo/Proyectos_Android_Studio/mozaikos_little/android/build/intermediates/javac/debug/classes/com/mkosl/AndroidLauncher$4.class
2024-07-18T21:33:07.015-0300 [INFO] [org.gradle.internal.watch.registry.impl.NonHierarchicalFileWatcherUpdater] Watching 327 directories to track changes
2024-07-18T21:33:07.015-0300 [INFO] [net.rubygrapefruit.platform.internal.jni.NativeLogger] Path is not watched: /home/adolfo/Proyectos_Android_Studio/mozaikos_little/android/build/intermediates/javac/debug/classes/com
2024-07-18T21:33:07.016-0300 [INFO] [net.rubygrapefruit.platform.internal.jni.NativeLogger] Path is not watched: /home/adolfo/Proyectos_Android_Studio/mozaikos_little/android/build/intermediates/javac/debug/classes
2024-07-18T21:33:07.016-0300 [DEBUG] [org.gradle.internal.watch.registry.impl.NonHierarchicalFileWatcherUpdater] Couldn't stop watching directories: [/home/adolfo/Proyectos_Android_Studio/mozaikos_little/android/build/intermediates/javac/debug/classes/com, /home/adolfo/Proyectos_Android_Studio/mozaikos_little/android/build/intermediates/javac/debug/classes]
2024-07-18T21:33:07.016-0300 [DEBUG] [org.gradle.internal.watch.vfs.impl.WatchingVirtualFileSystem] Handling VFS change REMOVED /home/adolfo/Proyectos_Android_Studio/mozaikos_little/android/build/intermediates/javac/debug/classes/com/mkosl/BuildConfig.class
2024-07-18T21:33:07.016-0300 [INFO] [org.gradle.internal.watch.registry.impl.NonHierarchicalFileWatcherUpdater] Watching 327 directories to track changes
2024-07-18T21:33:07.016-0300 [DEBUG] [org.gradle.internal.watch.vfs.impl.WatchingVirtualFileSystem] Handling VFS change REMOVED /home/adolfo/Proyectos_Android_Studio/mozaikos_little/android/build/intermediates/javac/debug/classes/com/mkosl/AndroidLauncher$6.class
2024-07-18T21:33:07.016-0300 [INFO] [org.gradle.internal.watch.registry.impl.NonHierarchicalFileWatcherUpdater] Watching 327 directories to track changes
2024-07-18T21:33:07.016-0300 [DEBUG] [org.gradle.internal.watch.vfs.impl.WatchingVirtualFileSystem] Handling VFS change REMOVED /home/adolfo/Proyectos_Android_Studio/mozaikos_little/android/build/intermediates/javac/debug/classes/com/mkosl/AndroidLauncher.class
2024-07-18T21:33:07.016-0300 [INFO] [org.gradle.internal.watch.registry.impl.NonHierarchicalFileWatcherUpdater] Watching 327 directories to track changes
2024-07-18T21:33:07.016-0300 [DEBUG] [org.gradle.internal.watch.vfs.impl.WatchingVirtualFileSystem] Handling VFS change REMOVED /home/adolfo/Proyectos_Android_Studio/mozaikos_little/android/build/intermediates/javac/debug/classes/com/mkosl/AndroidGalleryOpener.class
2024-07-18T21:33:07.017-0300 [INFO] [org.gradle.internal.watch.registry.impl.NonHierarchicalFileWatcherUpdater] Watching 327 directories to track changes
2024-07-18T21:33:07.017-0300 [DEBUG] [org.gradle.internal.watch.vfs.impl.WatchingVirtualFileSystem] Handling VFS change REMOVED /home/adolfo/Proyectos_Android_Studio/mozaikos_little/android/build/intermediates/javac/debug/classes/com/mkosl/AndroidLauncher$3.class
2024-07-18T21:33:07.017-0300 [INFO] [org.gradle.internal.watch.registry.impl.NonHierarchicalFileWatcherUpdater] Watching 327 directories to track changes
2024-07-18T21:33:07.017-0300 [DEBUG] [org.gradle.internal.watch.vfs.impl.WatchingVirtualFileSystem] Handling VFS change REMOVED /home/adolfo/Proyectos_Android_Studio/mozaikos_little/android/build/intermediates/javac/debug/classes/com/mkosl/AndroidLauncher$5.class
2024-07-18T21:33:07.017-0300 [INFO] [org.gradle.internal.watch.registry.impl.NonHierarchicalFileWatcherUpdater] Watching 327 directories to track changes
2024-07-18T21:33:07.017-0300 [DEBUG] [org.gradle.internal.watch.vfs.impl.WatchingVirtualFileSystem] Handling VFS change REMOVED /home/adolfo/Proyectos_Android_Studio/mozaikos_little/android/build/intermediates/javac/debug/classes/com/mkosl/AndroidLauncher$2.class
2024-07-18T21:33:07.017-0300 [INFO] [org.gradle.internal.watch.registry.impl.NonHierarchicalFileWatcherUpdater] Watching 327 directories to track changes
2024-07-18T21:33:07.017-0300 [DEBUG] [org.gradle.internal.watch.vfs.impl.WatchingVirtualFileSystem] Handling VFS change REMOVED /home/adolfo/Proyectos_Android_Studio/mozaikos_little/android/build/intermediates/javac/debug/classes/com/mkosl/AndroidLauncher$1.class
2024-07-18T21:33:07.017-0300 [INFO] [org.gradle.internal.watch.registry.impl.NonHierarchicalFileWatcherUpdater] Watching 326 directories to track changes
2024-07-18T21:33:07.038-0300 [INFO] [net.rubygrapefruit.platform.internal.jni.NativeLogger] Path is not watched: /home/adolfo/Proyectos_Android_Studio/mozaikos_little/android/build/intermediates/javac/debug/classes/com/mkosl
2024-07-18T21:33:07.038-0300 [DEBUG] [org.gradle.internal.watch.registry.impl.NonHierarchicalFileWatcherUpdater] Couldn't stop watching directories: [/home/adolfo/Proyectos_Android_Studio/mozaikos_little/android/build/intermediates/javac/debug/classes/com/mkosl]
2024-07-18T21:33:07.649-0300 [DEBUG] [org.gradle.internal.watch.vfs.impl.WatchingVirtualFileSystem] Handling VFS change REMOVED /home/adolfo/Proyectos_Android_Studio/mozaikos_little/android/build/intermediates/javac/debug/classes/com/mkosl
2024-07-18T21:33:07.649-0300 [DEBUG] [org.gradle.internal.watch.vfs.impl.WatchingVirtualFileSystem] Handling VFS change REMOVED /home/adolfo/Proyectos_Android_Studio/mozaikos_little/android/build/intermediates/javac/debug/classes/com
2024-07-18T21:33:07.649-0300 [DEBUG] [org.gradle.internal.watch.vfs.impl.WatchingVirtualFileSystem] Handling VFS change REMOVED /home/adolfo/Proyectos_Android_Studio/mozaikos_little/android/build/intermediates/javac/debug/classes
2024-07-18T21:33:07.649-0300 [DEBUG] [org.gradle.internal.watch.vfs.impl.WatchingVirtualFileSystem] Handling VFS change REMOVED /home/adolfo/Proyectos_Android_Studio/mozaikos_little/android/build/tmp/compileDebugJavaWithJavac/previous-compilation-data.bin
2024-07-18T21:33:07.649-0300 [INFO] [org.gradle.internal.watch.registry.impl.NonHierarchicalFileWatcherUpdater] Watching 325 directories to track changes
2024-07-18T21:33:09.187-0300 [DEBUG] [org.gradle.cache.internal.DefaultFileLockManager] Waiting to acquire shared lock on daemon addresses registry.
2024-07-18T21:33:09.233-0300 [DEBUG] [org.gradle.cache.internal.DefaultFileLockManager] Lock acquired on daemon addresses registry.
2024-07-18T21:33:09.341-0300 [DEBUG] [org.gradle.cache.internal.DefaultFileLockManager] Releasing lock on daemon addresses registry.
2024-07-18T21:33:09.816-0300 [DEBUG] [org.gradle.cache.internal.DefaultFileLockManager] Waiting to acquire shared lock on daemon addresses registry.
2024-07-18T21:33:09.816-0300 [DEBUG] [org.gradle.cache.internal.DefaultFileLockManager] Lock acquired on daemon addresses registry.
2024-07-18T21:33:09.816-0300 [DEBUG] [org.gradle.cache.internal.DefaultFileLockManager] Releasing lock on daemon addresses registry.
2024-07-18T21:33:09.816-0300 [DEBUG] [org.gradle.cache.internal.DefaultFileLockManager] Waiting to acquire shared lock on daemon addresses registry.
2024-07-18T21:33:09.816-0300 [DEBUG] [org.gradle.cache.internal.DefaultFileLockManager] Lock acquired on daemon addresses registry.
2024-07-18T21:33:09.816-0300 [DEBUG] [org.gradle.cache.internal.DefaultFileLockManager] Releasing lock on daemon addresses registry.
2024-07-18T21:33:19.212-0300 [DEBUG] [org.gradle.cache.internal.DefaultFileLockManager] Waiting to acquire shared lock on daemon addresses registry.
2024-07-18T21:33:19.233-0300 [DEBUG] [org.gradle.cache.internal.DefaultFileLockManager] Lock acquired on daemon addresses registry.
2024-07-18T21:33:19.244-0300 [DEBUG] [org.gradle.cache.internal.DefaultFileLockManager] Releasing lock on daemon addresses registry.
2024-07-18T21:33:19.915-0300 [DEBUG] [org.gradle.cache.internal.DefaultFileLockManager] Waiting to acquire shared lock on daemon addresses registry.
2024-07-18T21:33:19.956-0300 [DEBUG] [org.gradle.cache.internal.DefaultFileLockManager] Lock acquired on daemon addresses registry.
2024-07-18T21:33:19.981-0300 [DEBUG] [org.gradle.cache.internal.DefaultFileLockManager] Releasing lock on daemon addresses registry.
2024-07-18T21:33:19.981-0300 [DEBUG] [org.gradle.cache.internal.DefaultFileLockManager] Waiting to acquire shared lock on daemon addresses registry.
2024-07-18T21:33:19.981-0300 [DEBUG] [org.gradle.cache.internal.DefaultFileLockManager] Lock acquired on daemon addresses registry.
2024-07-18T21:33:19.981-0300 [DEBUG] [org.gradle.cache.internal.DefaultFileLockManager] Releasing lock on daemon addresses registry.
2024-07-18T21:33:29.152-0300 [DEBUG] [org.gradle.cache.internal.DefaultFileLockManager] Waiting to acquire shared lock on daemon addresses registry.
2024-07-18T21:33:29.213-0300 [DEBUG] [org.gradle.cache.internal.DefaultFileLockManager] Lock acquired on daemon addresses registry.
2024-07-18T21:33:29.276-0300 [DEBUG] [org.gradle.cache.internal.DefaultFileLockManager] Releasing lock on daemon addresses registry.
2024-07-18T21:33:29.497-0300 [DEBUG] [org.gradle.cache.internal.DefaultFileLockManager] Waiting to acquire shared lock on daemon addresses registry.
2024-07-18T21:33:29.497-0300 [DEBUG] [org.gradle.cache.internal.DefaultFileLockManager] Lock acquired on daemon addresses registry.
2024-07-18T21:33:29.497-0300 [DEBUG] [org.gradle.cache.internal.DefaultFileLockManager] Releasing lock on daemon addresses registry.
2024-07-18T21:33:29.499-0300 [DEBUG] [org.gradle.cache.internal.DefaultFileLockManager] Waiting to acquire shared lock on daemon addresses registry.
2024-07-18T21:33:29.499-0300 [DEBUG] [org.gradle.cache.internal.DefaultFileLockManager] Lock acquired on daemon addresses registry.
2024-07-18T21:33:29.499-0300 [DEBUG] [org.gradle.cache.internal.DefaultFileLockManager] Releasing lock on daemon addresses registry.
2024-07-18T21:33:39.378-0300 [DEBUG] [org.gradle.cache.internal.DefaultFileLockManager] Waiting to acquire shared lock on daemon addresses registry.
2024-07-18T21:33:39.394-0300 [DEBUG] [org.gradle.cache.internal.DefaultFileLockManager] Lock acquired on daemon addresses registry.
2024-07-18T21:33:39.415-0300 [DEBUG] [org.gradle.cache.internal.DefaultFileLockManager] Releasing lock on daemon addresses registry.
2024-07-18T21:33:39.896-0300 [DEBUG] [org.gradle.cache.internal.DefaultFileLockManager] Waiting to acquire shared lock on daemon addresses registry.
2024-07-18T21:33:39.896-0300 [DEBUG] [org.gradle.cache.internal.DefaultFileLockManager] Lock acquired on daemon addresses registry.
2024-07-18T21:33:39.896-0300 [DEBUG] [org.gradle.cache.internal.DefaultFileLockManager] Releasing lock on daemon addresses registry.
2024-07-18T21:33:39.896-0300 [DEBUG] [org.gradle.cache.internal.DefaultFileLockManager] Waiting to acquire shared lock on daemon addresses registry.
2024-07-18T21:33:39.896-0300 [DEBUG] [org.gradle.cache.internal.DefaultFileLockManager] Lock acquired on daemon addresses registry.
2024-07-18T21:33:39.897-0300 [DEBUG] [org.gradle.cache.internal.DefaultFileLockManager] Releasing lock on daemon addresses registry.
2024-07-18T21:33:49.146-0300 [DEBUG] [org.gradle.cache.internal.DefaultFileLockManager] Waiting to acquire shared lock on daemon addresses registry.
2024-07-18T21:33:49.173-0300 [DEBUG] [org.gradle.cache.internal.DefaultFileLockManager] Lock acquired on daemon addresses registry.
2024-07-18T21:33:49.203-0300 [DEBUG] [org.gradle.cache.internal.DefaultFileLockManager] Releasing lock on daemon addresses registry.
2024-07-18T21:33:49.744-0300 [DEBUG] [org.gradle.cache.internal.DefaultFileLockManager] Waiting to acquire shared lock on daemon addresses registry.
2024-07-18T21:33:49.745-0300 [DEBUG] [org.gradle.cache.internal.DefaultFileLockManager] Lock acquired on daemon addresses registry.
2024-07-18T21:33:49.745-0300 [DEBUG] [org.gradle.cache.internal.DefaultFileLockManager] Releasing lock on daemon addresses registry.
2024-07-18T21:33:49.745-0300 [DEBUG] [org.gradle.cache.internal.DefaultFileLockManager] Waiting to acquire shared lock on daemon addresses registry.
2024-07-18T21:33:49.745-0300 [DEBUG] [org.gradle.cache.internal.DefaultFileLockManager] Lock acquired on daemon addresses registry.
2024-07-18T21:33:49.745-0300 [DEBUG] [org.gradle.cache.internal.DefaultFileLockManager] Releasing lock on daemon addresses registry.
2024-07-18T21:33:59.178-0300 [DEBUG] [org.gradle.cache.internal.DefaultFileLockManager] Waiting to acquire shared lock on daemon addresses registry.
2024-07-18T21:33:59.216-0300 [DEBUG] [org.gradle.cache.internal.DefaultFileLockManager] Lock acquired on daemon addresses registry.
2024-07-18T21:33:59.270-0300 [DEBUG] [org.gradle.cache.internal.DefaultFileLockManager] Releasing lock on daemon addresses registry.
2024-07-18T21:33:59.495-0300 [DEBUG] [org.gradle.cache.internal.DefaultFileLockManager] Waiting to acquire shared lock on daemon addresses registry.
2024-07-18T21:33:59.495-0300 [DEBUG] [org.gradle.cache.internal.DefaultFileLockManager] Lock acquired on daemon addresses registry.
2024-07-18T21:33:59.495-0300 [DEBUG] [org.gradle.cache.internal.DefaultFileLockManager] Releasing lock on daemon addresses registry.
2024-07-18T21:33:59.495-0300 [DEBUG] [org.gradle.cache.internal.DefaultFileLockManager] Waiting to acquire shared lock on daemon addresses registry.
2024-07-18T21:33:59.495-0300 [DEBUG] [org.gradle.cache.internal.DefaultFileLockManager] Lock acquired on daemon addresses registry.
2024-07-18T21:33:59.495-0300 [DEBUG] [org.gradle.cache.internal.DefaultFileLockManager] Releasing lock on daemon addresses registry.
2024-07-18T21:34:08.272-0300 [DEBUG] [org.gradle.internal.watch.vfs.impl.WatchingVirtualFileSystem] Handling VFS change REMOVED /home/adolfo/Proyectos_Android_Studio/mozaikos_little/android/build/intermediates/external_libs_dex_archive_with_artifact_transforms/debug/out
2024-07-18T21:34:08.272-0300 [INFO] [org.gradle.internal.watch.registry.impl.NonHierarchicalFileWatcherUpdater] Watching 324 directories to track changes
2024-07-18T21:34:08.272-0300 [INFO] [net.rubygrapefruit.platform.internal.jni.NativeLogger] Path is not watched: /home/adolfo/Proyectos_Android_Studio/mozaikos_little/android/build/intermediates/external_libs_dex_archive_with_artifact_transforms/debug/out
2024-07-18T21:34:08.272-0300 [DEBUG] [org.gradle.internal.watch.registry.impl.NonHierarchicalFileWatcherUpdater] Couldn't stop watching directories: [/home/adolfo/Proyectos_Android_Studio/mozaikos_little/android/build/intermediates/external_libs_dex_archive_with_artifact_transforms/debug/out]
2024-07-18T21:34:08.272-0300 [DEBUG] [org.gradle.internal.watch.vfs.impl.WatchingVirtualFileSystem] Handling VFS change REMOVED /home/adolfo/Proyectos_Android_Studio/mozaikos_little/android/build/intermediates/external_libs_dex_archive/debug/out
2024-07-18T21:34:08.297-0300 [INFO] [org.gradle.internal.watch.registry.impl.NonHierarchicalFileWatcherUpdater] Watching 323 directories to track changes
2024-07-18T21:34:08.297-0300 [INFO] [net.rubygrapefruit.platform.internal.jni.NativeLogger] Path is not watched: /home/adolfo/Proyectos_Android_Studio/mozaikos_little/android/build/intermediates/external_libs_dex_archive/debug/out
2024-07-18T21:34:08.297-0300 [DEBUG] [org.gradle.internal.watch.registry.impl.NonHierarchicalFileWatcherUpdater] Couldn't stop watching directories: [/home/adolfo/Proyectos_Android_Studio/mozaikos_little/android/build/intermediates/external_libs_dex_archive/debug/out]
2024-07-18T21:34:08.360-0300 [DEBUG] [org.gradle.internal.watch.vfs.impl.WatchingVirtualFileSystem] Handling VFS change REMOVED /home/adolfo/Proyectos_Android_Studio/mozaikos_little/android/build/intermediates/project_dex_archive/debug/out/06cbb853ec185e216ba771ececc0fbb00c070cbc8fad44c2ea9c972a2466f4c5_5.jar
2024-07-18T21:34:08.361-0300 [INFO] [org.gradle.internal.watch.registry.impl.NonHierarchicalFileWatcherUpdater] Watching 323 directories to track changes
2024-07-18T21:34:08.428-0300 [DEBUG] [org.gradle.internal.watch.vfs.impl.WatchingVirtualFileSystem] Handling VFS change REMOVED /home/adolfo/Proyectos_Android_Studio/mozaikos_little/android/build/intermediates/project_dex_archive/debug/out/com/mkosl/AndroidLauncher$3.dex
2024-07-18T21:34:08.546-0300 [INFO] [org.gradle.internal.watch.registry.impl.NonHierarchicalFileWatcherUpdater] Watching 322 directories to track changes
2024-07-18T21:34:08.711-0300 [INFO] [net.rubygrapefruit.platform.internal.jni.NativeLogger] Couldn't stop watching /home/adolfo/Proyectos_Android_Studio/mozaikos_little/android/build/intermediates/project_dex_archive/debug/out/com (probably because the directory was removed)
2024-07-18T21:34:08.711-0300 [DEBUG] [org.gradle.internal.watch.registry.impl.NonHierarchicalFileWatcherUpdater] Couldn't stop watching directories: [/home/adolfo/Proyectos_Android_Studio/mozaikos_little/android/build/intermediates/project_dex_archive/debug/out/com]
2024-07-18T21:34:08.711-0300 [DEBUG] [org.gradle.internal.watch.vfs.impl.WatchingVirtualFileSystem] Handling VFS change REMOVED /home/adolfo/Proyectos_Android_Studio/mozaikos_little/android/build/intermediates/project_dex_archive/debug/out/com/mkosl/AndroidLauncher.dex
2024-07-18T21:34:08.711-0300 [INFO] [org.gradle.internal.watch.registry.impl.NonHierarchicalFileWatcherUpdater] Watching 322 directories to track changes
2024-07-18T21:34:08.711-0300 [DEBUG] [org.gradle.internal.watch.vfs.impl.WatchingVirtualFileSystem] Handling VFS change REMOVED /home/adolfo/Proyectos_Android_Studio/mozaikos_little/android/build/intermediates/project_dex_archive/debug/out/com/mkosl/AndroidLauncher$6.dex
2024-07-18T21:34:08.711-0300 [INFO] [org.gradle.internal.watch.registry.impl.NonHierarchicalFileWatcherUpdater] Watching 322 directories to track changes
2024-07-18T21:34:08.711-0300 [DEBUG] [org.gradle.internal.watch.vfs.impl.WatchingVirtualFileSystem] Handling VFS change REMOVED /home/adolfo/Proyectos_Android_Studio/mozaikos_little/android/build/intermediates/project_dex_archive/debug/out/com/mkosl/AndroidLauncher$1.dex
2024-07-18T21:34:08.711-0300 [INFO] [org.gradle.internal.watch.registry.impl.NonHierarchicalFileWatcherUpdater] Watching 322 directories to track changes
2024-07-18T21:34:08.711-0300 [DEBUG] [org.gradle.internal.watch.vfs.impl.WatchingVirtualFileSystem] Handling VFS change REMOVED /home/adolfo/Proyectos_Android_Studio/mozaikos_little/android/build/intermediates/project_dex_archive/debug/out/com/mkosl/AndroidLauncher$2.dex
2024-07-18T21:34:08.712-0300 [INFO] [org.gradle.internal.watch.registry.impl.NonHierarchicalFileWatcherUpdater] Watching 322 directories to track changes
2024-07-18T21:34:08.712-0300 [DEBUG] [org.gradle.internal.watch.vfs.impl.WatchingVirtualFileSystem] Handling VFS change REMOVED /home/adolfo/Proyectos_Android_Studio/mozaikos_little/android/build/intermediates/project_dex_archive/debug/out/com/mkosl/AndroidLauncher$4.dex
2024-07-18T21:34:08.712-0300 [INFO] [org.gradle.internal.watch.registry.impl.NonHierarchicalFileWatcherUpdater] Watching 322 directories to track changes
2024-07-18T21:34:08.712-0300 [DEBUG] [org.gradle.internal.watch.vfs.impl.WatchingVirtualFileSystem] Handling VFS change REMOVED /home/adolfo/Proyectos_Android_Studio/mozaikos_little/android/build/intermediates/project_dex_archive/debug/out/com/mkosl/AndroidGalleryOpener.dex
2024-07-18T21:34:08.712-0300 [INFO] [org.gradle.internal.watch.registry.impl.NonHierarchicalFileWatcherUpdater] Watching 322 directories to track changes
2024-07-18T21:34:08.712-0300 [DEBUG] [org.gradle.internal.watch.vfs.impl.WatchingVirtualFileSystem] Handling VFS change REMOVED /home/adolfo/Proyectos_Android_Studio/mozaikos_little/android/build/intermediates/project_dex_archive/debug/out/com/mkosl/BuildConfig.dex
2024-07-18T21:34:08.712-0300 [INFO] [org.gradle.internal.watch.registry.impl.NonHierarchicalFileWatcherUpdater] Watching 322 directories to track changes
2024-07-18T21:34:08.712-0300 [DEBUG] [org.gradle.internal.watch.vfs.impl.WatchingVirtualFileSystem] Handling VFS change REMOVED /home/adolfo/Proyectos_Android_Studio/mozaikos_little/android/build/intermediates/project_dex_archive/debug/out/com/mkosl/AndroidLauncher$5.dex
2024-07-18T21:34:08.712-0300 [INFO] [org.gradle.internal.watch.registry.impl.NonHierarchicalFileWatcherUpdater] Watching 321 directories to track changes
2024-07-18T21:34:08.741-0300 [INFO] [net.rubygrapefruit.platform.internal.jni.NativeLogger] Path is not watched: /home/adolfo/Proyectos_Android_Studio/mozaikos_little/android/build/intermediates/project_dex_archive/debug/out/com/mkosl
2024-07-18T21:34:08.741-0300 [DEBUG] [org.gradle.internal.watch.registry.impl.NonHierarchicalFileWatcherUpdater] Couldn't stop watching directories: [/home/adolfo/Proyectos_Android_Studio/mozaikos_little/android/build/intermediates/project_dex_archive/debug/out/com/mkosl]
2024-07-18T21:34:08.741-0300 [DEBUG] [org.gradle.internal.watch.vfs.impl.WatchingVirtualFileSystem] Handling VFS change REMOVED /home/adolfo/Proyectos_Android_Studio/mozaikos_little/android/build/intermediates/project_dex_archive/debug/out/com/mkosl
2024-07-18T21:34:08.742-0300 [DEBUG] [org.gradle.internal.watch.vfs.impl.WatchingVirtualFileSystem] Handling VFS change REMOVED /home/adolfo/Proyectos_Android_Studio/mozaikos_little/android/build/intermediates/project_dex_archive/debug/out/com
2024-07-18T21:34:08.742-0300 [DEBUG] [org.gradle.internal.watch.vfs.impl.WatchingVirtualFileSystem] Handling VFS change REMOVED /home/adolfo/Proyectos_Android_Studio/mozaikos_little/android/build/intermediates/project_dex_archive/debug/out/06cbb853ec185e216ba771ececc0fbb00c070cbc8fad44c2ea9c972a2466f4c5_0.jar
2024-07-18T21:34:08.742-0300 [INFO] [org.gradle.internal.watch.registry.impl.NonHierarchicalFileWatcherUpdater] Watching 321 directories to track changes
2024-07-18T21:34:08.742-0300 [DEBUG] [org.gradle.internal.watch.vfs.impl.WatchingVirtualFileSystem] Handling VFS change REMOVED /home/adolfo/Proyectos_Android_Studio/mozaikos_little/android/build/intermediates/project_dex_archive/debug/out/06cbb853ec185e216ba771ececc0fbb00c070cbc8fad44c2ea9c972a2466f4c5_2.jar
2024-07-18T21:34:08.742-0300 [INFO] [org.gradle.internal.watch.registry.impl.NonHierarchicalFileWatcherUpdater] Watching 321 directories to track changes
2024-07-18T21:34:08.742-0300 [DEBUG] [org.gradle.internal.watch.vfs.impl.WatchingVirtualFileSystem] Handling VFS change REMOVED /home/adolfo/Proyectos_Android_Studio/mozaikos_little/android/build/intermediates/project_dex_archive/debug/out/06cbb853ec185e216ba771ececc0fbb00c070cbc8fad44c2ea9c972a2466f4c5_4.jar
2024-07-18T21:34:08.742-0300 [INFO] [org.gradle.internal.watch.registry.impl.NonHierarchicalFileWatcherUpdater] Watching 321 directories to track changes
2024-07-18T21:34:08.742-0300 [DEBUG] [org.gradle.internal.watch.vfs.impl.WatchingVirtualFileSystem] Handling VFS change REMOVED /home/adolfo/Proyectos_Android_Studio/mozaikos_little/android/build/intermediates/project_dex_archive/debug/out/06cbb853ec185e216ba771ececc0fbb00c070cbc8fad44c2ea9c972a2466f4c5_1.jar
2024-07-18T21:34:08.742-0300 [INFO] [org.gradle.internal.watch.registry.impl.NonHierarchicalFileWatcherUpdater] Watching 321 directories to track changes
2024-07-18T21:34:08.742-0300 [DEBUG] [org.gradle.internal.watch.vfs.impl.WatchingVirtualFileSystem] Handling VFS change REMOVED /home/adolfo/Proyectos_Android_Studio/mozaikos_little/android/build/intermediates/project_dex_archive/debug/out/06cbb853ec185e216ba771ececc0fbb00c070cbc8fad44c2ea9c972a2466f4c5_3.jar
2024-07-18T21:34:08.742-0300 [INFO] [org.gradle.internal.watch.registry.impl.NonHierarchicalFileWatcherUpdater] Watching 320 directories to track changes
2024-07-18T21:34:08.743-0300 [INFO] [net.rubygrapefruit.platform.internal.jni.NativeLogger] Path is not watched: /home/adolfo/Proyectos_Android_Studio/mozaikos_little/android/build/intermediates/project_dex_archive/debug/out
2024-07-18T21:34:08.743-0300 [DEBUG] [org.gradle.internal.watch.registry.impl.NonHierarchicalFileWatcherUpdater] Couldn't stop watching directories: [/home/adolfo/Proyectos_Android_Studio/mozaikos_little/android/build/intermediates/project_dex_archive/debug/out]
2024-07-18T21:34:08.743-0300 [DEBUG] [org.gradle.internal.watch.vfs.impl.WatchingVirtualFileSystem] Handling VFS change REMOVED /home/adolfo/Proyectos_Android_Studio/mozaikos_little/android/build/intermediates/project_dex_archive/debug/out
2024-07-18T21:34:08.743-0300 [DEBUG] [org.gradle.internal.watch.vfs.impl.WatchingVirtualFileSystem] Handling VFS change REMOVED /home/adolfo/Proyectos_Android_Studio/mozaikos_little/android/build/intermediates/mixed_scope_dex_archive/debug/out
2024-07-18T21:34:08.743-0300 [INFO] [org.gradle.internal.watch.registry.impl.NonHierarchicalFileWatcherUpdater] Watching 319 directories to track changes
2024-07-18T21:34:08.743-0300 [INFO] [net.rubygrapefruit.platform.internal.jni.NativeLogger] Path is not watched: /home/adolfo/Proyectos_Android_Studio/mozaikos_little/android/build/intermediates/mixed_scope_dex_archive/debug/out
2024-07-18T21:34:08.743-0300 [DEBUG] [org.gradle.internal.watch.registry.impl.NonHierarchicalFileWatcherUpdater] Couldn't stop watching directories: [/home/adolfo/Proyectos_Android_Studio/mozaikos_little/android/build/intermediates/mixed_scope_dex_archive/debug/out]
2024-07-18T21:34:08.743-0300 [DEBUG] [org.gradle.internal.watch.vfs.impl.WatchingVirtualFileSystem] Handling VFS change REMOVED /home/adolfo/Proyectos_Android_Studio/mozaikos_little/android/build/intermediates/sub_project_dex_archive/debug/out
2024-07-18T21:34:08.886-0300 [INFO] [org.gradle.internal.watch.registry.impl.NonHierarchicalFileWatcherUpdater] Watching 318 directories to track changes
2024-07-18T21:34:08.887-0300 [INFO] [net.rubygrapefruit.platform.internal.jni.NativeLogger] Path is not watched: /home/adolfo/Proyectos_Android_Studio/mozaikos_little/android/build/intermediates/sub_project_dex_archive/debug/out
2024-07-18T21:34:08.887-0300 [DEBUG] [org.gradle.internal.watch.registry.impl.NonHierarchicalFileWatcherUpdater] Couldn't stop watching directories: [/home/adolfo/Proyectos_Android_Studio/mozaikos_little/android/build/intermediates/sub_project_dex_archive/debug/out]
2024-07-18T21:34:09.230-0300 [DEBUG] [org.gradle.cache.internal.DefaultFileLockManager] Waiting to acquire shared lock on daemon addresses registry.
2024-07-18T21:34:09.250-0300 [DEBUG] [org.gradle.cache.internal.DefaultFileLockManager] Lock acquired on daemon addresses registry.
2024-07-18T21:34:09.280-0300 [DEBUG] [org.gradle.cache.internal.DefaultFileLockManager] Releasing lock on daemon addresses registry.
2024-07-18T21:34:09.900-0300 [DEBUG] [org.gradle.cache.internal.DefaultFileLockManager] Waiting to acquire shared lock on daemon addresses registry.
2024-07-18T21:34:09.916-0300 [DEBUG] [org.gradle.cache.internal.DefaultFileLockManager] Lock acquired on daemon addresses registry.
2024-07-18T21:34:09.953-0300 [DEBUG] [org.gradle.cache.internal.DefaultFileLockManager] Releasing lock on daemon addresses registry.
2024-07-18T21:34:09.954-0300 [DEBUG] [org.gradle.cache.internal.DefaultFileLockManager] Waiting to acquire shared lock on daemon addresses registry.
2024-07-18T21:34:09.954-0300 [DEBUG] [org.gradle.cache.internal.DefaultFileLockManager] Lock acquired on daemon addresses registry.
2024-07-18T21:34:09.954-0300 [DEBUG] [org.gradle.cache.internal.DefaultFileLockManager] Releasing lock on daemon addresses registry.
2024-07-18T21:34:19.477-0300 [DEBUG] [org.gradle.cache.internal.DefaultFileLockManager] Waiting to acquire shared lock on daemon addresses registry.
2024-07-18T21:34:19.503-0300 [DEBUG] [org.gradle.cache.internal.DefaultFileLockManager] Lock acquired on daemon addresses registry.
2024-07-18T21:34:19.581-0300 [DEBUG] [org.gradle.cache.internal.DefaultFileLockManager] Releasing lock on daemon addresses registry.
2024-07-18T21:34:20.231-0300 [DEBUG] [org.gradle.cache.internal.DefaultFileLockManager] Waiting to acquire shared lock on daemon addresses registry.
2024-07-18T21:34:20.257-0300 [DEBUG] [org.gradle.cache.internal.DefaultFileLockManager] Lock acquired on daemon addresses registry.
2024-07-18T21:34:20.305-0300 [DEBUG] [org.gradle.cache.internal.DefaultFileLockManager] Releasing lock on daemon addresses registry.
2024-07-18T21:34:20.306-0300 [DEBUG] [org.gradle.cache.internal.DefaultFileLockManager] Waiting to acquire shared lock on daemon addresses registry.
2024-07-18T21:34:20.306-0300 [DEBUG] [org.gradle.cache.internal.DefaultFileLockManager] Lock acquired on daemon addresses registry.
2024-07-18T21:34:20.306-0300 [DEBUG] [org.gradle.cache.internal.DefaultFileLockManager] Releasing lock on daemon addresses registry.
2024-07-18T21:34:27.728-0300 [DEBUG] [org.gradle.internal.watch.vfs.impl.WatchingVirtualFileSystem] Handling VFS change REMOVED /home/adolfo/Proyectos_Android_Studio/mozaikos_little/android/build/intermediates/dex/debug/mergeProjectDexDebug/6
2024-07-18T21:34:27.835-0300 [INFO] [org.gradle.internal.watch.registry.impl.NonHierarchicalFileWatcherUpdater] Watching 316 directories to track changes
2024-07-18T21:34:27.853-0300 [INFO] [net.rubygrapefruit.platform.internal.jni.NativeLogger] Path is not watched: /home/adolfo/Proyectos_Android_Studio/mozaikos_little/android/build/intermediates/dex/debug/mergeProjectDexDebug/6
2024-07-18T21:34:27.853-0300 [DEBUG] [org.gradle.internal.watch.registry.impl.NonHierarchicalFileWatcherUpdater] Couldn't stop watching directories: [/home/adolfo/Proyectos_Android_Studio/mozaikos_little/android/build/intermediates/dex/debug/mergeProjectDexDebug, /home/adolfo/Proyectos_Android_Studio/mozaikos_little/android/build/intermediates/dex/debug/mergeProjectDexDebug/6]
2024-07-18T21:34:27.853-0300 [DEBUG] [org.gradle.internal.watch.vfs.impl.WatchingVirtualFileSystem] Handling VFS change REMOVED /home/adolfo/Proyectos_Android_Studio/mozaikos_little/android/build/intermediates/dex/debug/mergeProjectDexDebug/14
2024-07-18T21:34:27.853-0300 [INFO] [org.gradle.internal.watch.registry.impl.NonHierarchicalFileWatcherUpdater] Watching 315 directories to track changes
2024-07-18T21:34:27.854-0300 [INFO] [net.rubygrapefruit.platform.internal.jni.NativeLogger] Path is not watched: /home/adolfo/Proyectos_Android_Studio/mozaikos_little/android/build/intermediates/dex/debug/mergeProjectDexDebug/14
2024-07-18T21:34:27.854-0300 [DEBUG] [org.gradle.internal.watch.registry.impl.NonHierarchicalFileWatcherUpdater] Couldn't stop watching directories: [/home/adolfo/Proyectos_Android_Studio/mozaikos_little/android/build/intermediates/dex/debug/mergeProjectDexDebug/14]
2024-07-18T21:34:27.854-0300 [DEBUG] [org.gradle.internal.watch.vfs.impl.WatchingVirtualFileSystem] Handling VFS change REMOVED /home/adolfo/Proyectos_Android_Studio/mozaikos_little/android/build/intermediates/dex/debug/mergeProjectDexDebug/11
2024-07-18T21:34:27.854-0300 [INFO] [org.gradle.internal.watch.registry.impl.NonHierarchicalFileWatcherUpdater] Watching 314 directories to track changes
2024-07-18T21:34:27.854-0300 [INFO] [net.rubygrapefruit.platform.internal.jni.NativeLogger] Path is not watched: /home/adolfo/Proyectos_Android_Studio/mozaikos_little/android/build/intermediates/dex/debug/mergeProjectDexDebug/11
2024-07-18T21:34:27.854-0300 [DEBUG] [org.gradle.internal.watch.registry.impl.NonHierarchicalFileWatcherUpdater] Couldn't stop watching directories: [/home/adolfo/Proyectos_Android_Studio/mozaikos_little/android/build/intermediates/dex/debug/mergeProjectDexDebug/11]
2024-07-18T21:34:27.854-0300 [DEBUG] [org.gradle.internal.watch.vfs.impl.WatchingVirtualFileSystem] Handling VFS change REMOVED /home/adolfo/Proyectos_Android_Studio/mozaikos_little/android/build/intermediates/dex/debug/mergeProjectDexDebug/13
2024-07-18T21:34:27.854-0300 [INFO] [org.gradle.internal.watch.registry.impl.NonHierarchicalFileWatcherUpdater] Watching 313 directories to track changes
2024-07-18T21:34:27.854-0300 [INFO] [net.rubygrapefruit.platform.internal.jni.NativeLogger] Path is not watched: /home/adolfo/Proyectos_Android_Studio/mozaikos_little/android/build/intermediates/dex/debug/mergeProjectDexDebug/13
2024-07-18T21:34:27.854-0300 [DEBUG] [org.gradle.internal.watch.registry.impl.NonHierarchicalFileWatcherUpdater] Couldn't stop watching directories: [/home/adolfo/Proyectos_Android_Studio/mozaikos_little/android/build/intermediates/dex/debug/mergeProjectDexDebug/13]
2024-07-18T21:34:27.854-0300 [DEBUG] [org.gradle.internal.watch.vfs.impl.WatchingVirtualFileSystem] Handling VFS change REMOVED /home/adolfo/Proyectos_Android_Studio/mozaikos_little/android/build/intermediates/dex/debug/mergeProjectDexDebug/9/classes.dex
2024-07-18T21:34:27.854-0300 [INFO] [org.gradle.internal.watch.registry.impl.NonHierarchicalFileWatcherUpdater] Watching 312 directories to track changes
2024-07-18T21:34:27.854-0300 [INFO] [net.rubygrapefruit.platform.internal.jni.NativeLogger] Path is not watched: /home/adolfo/Proyectos_Android_Studio/mozaikos_little/android/build/intermediates/dex/debug/mergeProjectDexDebug/9
2024-07-18T21:34:27.854-0300 [DEBUG] [org.gradle.internal.watch.registry.impl.NonHierarchicalFileWatcherUpdater] Couldn't stop watching directories: [/home/adolfo/Proyectos_Android_Studio/mozaikos_little/android/build/intermediates/dex/debug/mergeProjectDexDebug/9]
2024-07-18T21:34:27.854-0300 [DEBUG] [org.gradle.internal.watch.vfs.impl.WatchingVirtualFileSystem] Handling VFS change REMOVED /home/adolfo/Proyectos_Android_Studio/mozaikos_little/android/build/intermediates/dex/debug/mergeProjectDexDebug/9
2024-07-18T21:34:27.855-0300 [DEBUG] [org.gradle.internal.watch.vfs.impl.WatchingVirtualFileSystem] Handling VFS change REMOVED /home/adolfo/Proyectos_Android_Studio/mozaikos_little/android/build/intermediates/dex/debug/mergeProjectDexDebug/15
2024-07-18T21:34:27.855-0300 [INFO] [org.gradle.internal.watch.registry.impl.NonHierarchicalFileWatcherUpdater] Watching 311 directories to track changes
2024-07-18T21:34:27.855-0300 [INFO] [net.rubygrapefruit.platform.internal.jni.NativeLogger] Path is not watched: /home/adolfo/Proyectos_Android_Studio/mozaikos_little/android/build/intermediates/dex/debug/mergeProjectDexDebug/15
2024-07-18T21:34:27.855-0300 [DEBUG] [org.gradle.internal.watch.registry.impl.NonHierarchicalFileWatcherUpdater] Couldn't stop watching directories: [/home/adolfo/Proyectos_Android_Studio/mozaikos_little/android/build/intermediates/dex/debug/mergeProjectDexDebug/15]
2024-07-18T21:34:27.855-0300 [DEBUG] [org.gradle.internal.watch.vfs.impl.WatchingVirtualFileSystem] Handling VFS change REMOVED /home/adolfo/Proyectos_Android_Studio/mozaikos_little/android/build/intermediates/dex/debug/mergeProjectDexDebug/2
2024-07-18T21:34:27.855-0300 [INFO] [org.gradle.internal.watch.registry.impl.NonHierarchicalFileWatcherUpdater] Watching 310 directories to track changes
2024-07-18T21:34:27.855-0300 [INFO] [net.rubygrapefruit.platform.internal.jni.NativeLogger] Path is not watched: /home/adolfo/Proyectos_Android_Studio/mozaikos_little/android/build/intermediates/dex/debug/mergeProjectDexDebug/2
2024-07-18T21:34:27.855-0300 [DEBUG] [org.gradle.internal.watch.registry.impl.NonHierarchicalFileWatcherUpdater] Couldn't stop watching directories: [/home/adolfo/Proyectos_Android_Studio/mozaikos_little/android/build/intermediates/dex/debug/mergeProjectDexDebug/2]
2024-07-18T21:34:27.855-0300 [DEBUG] [org.gradle.internal.watch.vfs.impl.WatchingVirtualFileSystem] Handling VFS change REMOVED /home/adolfo/Proyectos_Android_Studio/mozaikos_little/android/build/intermediates/dex/debug/mergeProjectDexDebug/12
2024-07-18T21:34:27.855-0300 [INFO] [org.gradle.internal.watch.registry.impl.NonHierarchicalFileWatcherUpdater] Watching 309 directories to track changes
2024-07-18T21:34:27.855-0300 [INFO] [net.rubygrapefruit.platform.internal.jni.NativeLogger] Path is not watched: /home/adolfo/Proyectos_Android_Studio/mozaikos_little/android/build/intermediates/dex/debug/mergeProjectDexDebug/12
2024-07-18T21:34:27.855-0300 [DEBUG] [org.gradle.internal.watch.registry.impl.NonHierarchicalFileWatcherUpdater] Couldn't stop watching directories: [/home/adolfo/Proyectos_Android_Studio/mozaikos_little/android/build/intermediates/dex/debug/mergeProjectDexDebug/12]
2024-07-18T21:34:27.917-0300 [DEBUG] [org.gradle.internal.watch.vfs.impl.WatchingVirtualFileSystem] Handling VFS change REMOVED /home/adolfo/Proyectos_Android_Studio/mozaikos_little/android/build/intermediates/dex/debug/mergeProjectDexDebug/4
2024-07-18T21:34:27.918-0300 [INFO] [org.gradle.internal.watch.registry.impl.NonHierarchicalFileWatcherUpdater] Watching 308 directories to track changes
2024-07-18T21:34:27.918-0300 [INFO] [net.rubygrapefruit.platform.internal.jni.NativeLogger] Path is not watched: /home/adolfo/Proyectos_Android_Studio/mozaikos_little/android/build/intermediates/dex/debug/mergeProjectDexDebug/4
2024-07-18T21:34:27.918-0300 [DEBUG] [org.gradle.internal.watch.registry.impl.NonHierarchicalFileWatcherUpdater] Couldn't stop watching directories: [/home/adolfo/Proyectos_Android_Studio/mozaikos_little/android/build/intermediates/dex/debug/mergeProjectDexDebug/4]
2024-07-18T21:34:28.045-0300 [DEBUG] [org.gradle.internal.watch.vfs.impl.WatchingVirtualFileSystem] Handling VFS change REMOVED /home/adolfo/Proyectos_Android_Studio/mozaikos_little/android/build/intermediates/dex/debug/mergeProjectDexDebug/1
2024-07-18T21:34:28.045-0300 [INFO] [org.gradle.internal.watch.registry.impl.NonHierarchicalFileWatcherUpdater] Watching 307 directories to track changes
2024-07-18T21:34:28.047-0300 [INFO] [net.rubygrapefruit.platform.internal.jni.NativeLogger] Path is not watched: /home/adolfo/Proyectos_Android_Studio/mozaikos_little/android/build/intermediates/dex/debug/mergeProjectDexDebug/1
2024-07-18T21:34:28.048-0300 [DEBUG] [org.gradle.internal.watch.registry.impl.NonHierarchicalFileWatcherUpdater] Couldn't stop watching directories: [/home/adolfo/Proyectos_Android_Studio/mozaikos_little/android/build/intermediates/dex/debug/mergeProjectDexDebug/1]
2024-07-18T21:34:28.048-0300 [DEBUG] [org.gradle.internal.watch.vfs.impl.WatchingVirtualFileSystem] Handling VFS change REMOVED /home/adolfo/Proyectos_Android_Studio/mozaikos_little/android/build/intermediates/dex/debug/mergeProjectDexDebug/5
2024-07-18T21:34:28.048-0300 [INFO] [org.gradle.internal.watch.registry.impl.NonHierarchicalFileWatcherUpdater] Watching 306 directories to track changes
2024-07-18T21:34:28.053-0300 [INFO] [net.rubygrapefruit.platform.internal.jni.NativeLogger] Path is not watched: /home/adolfo/Proyectos_Android_Studio/mozaikos_little/android/build/intermediates/dex/debug/mergeProjectDexDebug/5
2024-07-18T21:34:28.053-0300 [DEBUG] [org.gradle.internal.watch.registry.impl.NonHierarchicalFileWatcherUpdater] Couldn't stop watching directories: [/home/adolfo/Proyectos_Android_Studio/mozaikos_little/android/build/intermediates/dex/debug/mergeProjectDexDebug/5]
2024-07-18T21:34:28.053-0300 [DEBUG] [org.gradle.internal.watch.vfs.impl.WatchingVirtualFileSystem] Handling VFS change REMOVED /home/adolfo/Proyectos_Android_Studio/mozaikos_little/android/build/intermediates/dex/debug/mergeProjectDexDebug/0/classes.dex
2024-07-18T21:34:28.053-0300 [INFO] [org.gradle.internal.watch.registry.impl.NonHierarchicalFileWatcherUpdater] Watching 305 directories to track changes
2024-07-18T21:34:28.053-0300 [INFO] [net.rubygrapefruit.platform.internal.jni.NativeLogger] Path is not watched: /home/adolfo/Proyectos_Android_Studio/mozaikos_little/android/build/intermediates/dex/debug/mergeProjectDexDebug/0
2024-07-18T21:34:28.054-0300 [DEBUG] [org.gradle.internal.watch.registry.impl.NonHierarchicalFileWatcherUpdater] Couldn't stop watching directories: [/home/adolfo/Proyectos_Android_Studio/mozaikos_little/android/build/intermediates/dex/debug/mergeProjectDexDebug/0]
2024-07-18T21:34:28.054-0300 [DEBUG] [org.gradle.internal.watch.vfs.impl.WatchingVirtualFileSystem] Handling VFS change REMOVED /home/adolfo/Proyectos_Android_Studio/mozaikos_little/android/build/intermediates/dex/debug/mergeProjectDexDebug/0
2024-07-18T21:34:28.054-0300 [DEBUG] [org.gradle.internal.watch.vfs.impl.WatchingVirtualFileSystem] Handling VFS change REMOVED /home/adolfo/Proyectos_Android_Studio/mozaikos_little/android/build/intermediates/dex/debug/mergeProjectDexDebug/7
2024-07-18T21:34:28.054-0300 [INFO] [org.gradle.internal.watch.registry.impl.NonHierarchicalFileWatcherUpdater] Watching 304 directories to track changes
2024-07-18T21:34:28.054-0300 [INFO] [net.rubygrapefruit.platform.internal.jni.NativeLogger] Path is not watched: /home/adolfo/Proyectos_Android_Studio/mozaikos_little/android/build/intermediates/dex/debug/mergeProjectDexDebug/7
2024-07-18T21:34:28.054-0300 [DEBUG] [org.gradle.internal.watch.registry.impl.NonHierarchicalFileWatcherUpdater] Couldn't stop watching directories: [/home/adolfo/Proyectos_Android_Studio/mozaikos_little/android/build/intermediates/dex/debug/mergeProjectDexDebug/7]
2024-07-18T21:34:28.054-0300 [DEBUG] [org.gradle.internal.watch.vfs.impl.WatchingVirtualFileSystem] Handling VFS change REMOVED /home/adolfo/Proyectos_Android_Studio/mozaikos_little/android/build/intermediates/dex/debug/mergeProjectDexDebug/8
2024-07-18T21:34:28.054-0300 [INFO] [org.gradle.internal.watch.registry.impl.NonHierarchicalFileWatcherUpdater] Watching 303 directories to track changes
2024-07-18T21:34:28.054-0300 [INFO] [net.rubygrapefruit.platform.internal.jni.NativeLogger] Path is not watched: /home/adolfo/Proyectos_Android_Studio/mozaikos_little/android/build/intermediates/dex/debug/mergeProjectDexDebug/8
2024-07-18T21:34:28.054-0300 [DEBUG] [org.gradle.internal.watch.registry.impl.NonHierarchicalFileWatcherUpdater] Couldn't stop watching directories: [/home/adolfo/Proyectos_Android_Studio/mozaikos_little/android/build/intermediates/dex/debug/mergeProjectDexDebug/8]
2024-07-18T21:34:28.054-0300 [DEBUG] [org.gradle.internal.watch.vfs.impl.WatchingVirtualFileSystem] Handling VFS change REMOVED /home/adolfo/Proyectos_Android_Studio/mozaikos_little/android/build/intermediates/dex/debug/mergeProjectDexDebug/10
2024-07-18T21:34:28.054-0300 [INFO] [org.gradle.internal.watch.registry.impl.NonHierarchicalFileWatcherUpdater] Watching 302 directories to track changes
2024-07-18T21:34:28.054-0300 [INFO] [net.rubygrapefruit.platform.internal.jni.NativeLogger] Path is not watched: /home/adolfo/Proyectos_Android_Studio/mozaikos_little/android/build/intermediates/dex/debug/mergeProjectDexDebug/10
2024-07-18T21:34:28.054-0300 [DEBUG] [org.gradle.internal.watch.registry.impl.NonHierarchicalFileWatcherUpdater] Couldn't stop watching directories: [/home/adolfo/Proyectos_Android_Studio/mozaikos_little/android/build/intermediates/dex/debug/mergeProjectDexDebug/10]
2024-07-18T21:34:28.074-0300 [DEBUG] [org.gradle.internal.watch.vfs.impl.WatchingVirtualFileSystem] Handling VFS change REMOVED /home/adolfo/Proyectos_Android_Studio/mozaikos_little/android/build/intermediates/dex/debug/mergeProjectDexDebug/3
2024-07-18T21:34:28.101-0300 [INFO] [org.gradle.internal.watch.registry.impl.NonHierarchicalFileWatcherUpdater] Watching 301 directories to track changes
2024-07-18T21:34:28.110-0300 [INFO] [net.rubygrapefruit.platform.internal.jni.NativeLogger] Path is not watched: /home/adolfo/Proyectos_Android_Studio/mozaikos_little/android/build/intermediates/dex/debug/mergeProjectDexDebug/3
2024-07-18T21:34:28.111-0300 [DEBUG] [org.gradle.internal.watch.registry.impl.NonHierarchicalFileWatcherUpdater] Couldn't stop watching directories: [/home/adolfo/Proyectos_Android_Studio/mozaikos_little/android/build/intermediates/dex/debug/mergeProjectDexDebug/3]
2024-07-18T21:34:29.084-0300 [DEBUG] [org.gradle.internal.watch.vfs.impl.WatchingVirtualFileSystem] Handling VFS change REMOVED /home/adolfo/Proyectos_Android_Studio/mozaikos_little/android/build/intermediates/incremental/packageDebug/tmp/debug/zip-cache/javaResources0
2024-07-18T21:34:29.084-0300 [INFO] [org.gradle.internal.watch.registry.impl.NonHierarchicalFileWatcherUpdater] Watching 300 directories to track changes
2024-07-18T21:34:29.084-0300 [INFO] [net.rubygrapefruit.platform.internal.jni.NativeLogger] Path is not watched: /home/adolfo/Proyectos_Android_Studio/mozaikos_little/android/build/intermediates/incremental/packageDebug/tmp
2024-07-18T21:34:29.085-0300 [DEBUG] [org.gradle.internal.watch.registry.impl.NonHierarchicalFileWatcherUpdater] Couldn't stop watching directories: [/home/adolfo/Proyectos_Android_Studio/mozaikos_little/android/build/intermediates/incremental/packageDebug/tmp]
2024-07-18T21:34:29.085-0300 [DEBUG] [org.gradle.internal.watch.vfs.impl.WatchingVirtualFileSystem] Handling VFS change REMOVED /home/adolfo/Proyectos_Android_Studio/mozaikos_little/android/build/intermediates/incremental/packageDebug/tmp/debug/zip-cache/androidResources
2024-07-18T21:34:29.085-0300 [INFO] [org.gradle.internal.watch.registry.impl.NonHierarchicalFileWatcherUpdater] Watching 299 directories to track changes
2024-07-18T21:34:29.085-0300 [INFO] [net.rubygrapefruit.platform.internal.jni.NativeLogger] Path is not watched: /home/adolfo/Proyectos_Android_Studio/mozaikos_little/android/build/intermediates/incremental/packageDebug/tmp/debug/zip-cache
2024-07-18T21:34:29.085-0300 [DEBUG] [org.gradle.internal.watch.registry.impl.NonHierarchicalFileWatcherUpdater] Couldn't stop watching directories: [/home/adolfo/Proyectos_Android_Studio/mozaikos_little/android/build/intermediates/incremental/packageDebug/tmp/debug/zip-cache]
2024-07-18T21:34:29.085-0300 [DEBUG] [org.gradle.internal.watch.vfs.impl.WatchingVirtualFileSystem] Handling VFS change REMOVED /home/adolfo/Proyectos_Android_Studio/mozaikos_little/android/build/intermediates/incremental/packageDebug/tmp/debug/zip-cache
2024-07-18T21:34:29.085-0300 [DEBUG] [org.gradle.internal.watch.vfs.impl.WatchingVirtualFileSystem] Handling VFS change REMOVED /home/adolfo/Proyectos_Android_Studio/mozaikos_little/android/build/intermediates/incremental/packageDebug/tmp/debug/dex-renamer-state.txt
2024-07-18T21:34:29.085-0300 [INFO] [org.gradle.internal.watch.registry.impl.NonHierarchicalFileWatcherUpdater] Watching 298 directories to track changes
2024-07-18T21:34:29.085-0300 [INFO] [net.rubygrapefruit.platform.internal.jni.NativeLogger] Path is not watched: /home/adolfo/Proyectos_Android_Studio/mozaikos_little/android/build/intermediates/incremental/packageDebug/tmp/debug
2024-07-18T21:34:29.085-0300 [DEBUG] [org.gradle.internal.watch.registry.impl.NonHierarchicalFileWatcherUpdater] Couldn't stop watching directories: [/home/adolfo/Proyectos_Android_Studio/mozaikos_little/android/build/intermediates/incremental/packageDebug/tmp/debug]
2024-07-18T21:34:29.085-0300 [DEBUG] [org.gradle.internal.watch.vfs.impl.WatchingVirtualFileSystem] Handling VFS change REMOVED /home/adolfo/Proyectos_Android_Studio/mozaikos_little/android/build/intermediates/incremental/packageDebug/tmp/debug
2024-07-18T21:34:29.085-0300 [DEBUG] [org.gradle.internal.watch.vfs.impl.WatchingVirtualFileSystem] Handling VFS change REMOVED /home/adolfo/Proyectos_Android_Studio/mozaikos_little/android/build/intermediates/incremental/packageDebug/tmp
2024-07-18T21:34:29.204-0300 [DEBUG] [org.gradle.cache.internal.DefaultFileLockManager] Waiting to acquire shared lock on daemon addresses registry.
2024-07-18T21:34:29.222-0300 [DEBUG] [org.gradle.cache.internal.DefaultFileLockManager] Lock acquired on daemon addresses registry.
2024-07-18T21:34:29.242-0300 [DEBUG] [org.gradle.cache.internal.DefaultFileLockManager] Releasing lock on daemon addresses registry.
2024-07-18T21:34:29.633-0300 [DEBUG] [org.gradle.cache.internal.DefaultFileLockManager] Waiting to acquire shared lock on daemon addresses registry.
2024-07-18T21:34:29.633-0300 [DEBUG] [org.gradle.cache.internal.DefaultFileLockManager] Lock acquired on daemon addresses registry.
2024-07-18T21:34:29.633-0300 [DEBUG] [org.gradle.cache.internal.DefaultFileLockManager] Releasing lock on daemon addresses registry.
2024-07-18T21:34:29.634-0300 [DEBUG] [org.gradle.cache.internal.DefaultFileLockManager] Waiting to acquire shared lock on daemon addresses registry.
2024-07-18T21:34:29.634-0300 [DEBUG] [org.gradle.cache.internal.DefaultFileLockManager] Lock acquired on daemon addresses registry.
2024-07-18T21:34:29.634-0300 [DEBUG] [org.gradle.cache.internal.DefaultFileLockManager] Releasing lock on daemon addresses registry.
2024-07-18T21:34:39.187-0300 [DEBUG] [org.gradle.cache.internal.DefaultFileLockManager] Waiting to acquire shared lock on daemon addresses registry.
2024-07-18T21:34:39.241-0300 [DEBUG] [org.gradle.cache.internal.DefaultFileLockManager] Lock acquired on daemon addresses registry.
2024-07-18T21:34:39.256-0300 [DEBUG] [org.gradle.cache.internal.DefaultFileLockManager] Releasing lock on daemon addresses registry.
2024-07-18T21:34:39.809-0300 [DEBUG] [org.gradle.cache.internal.DefaultFileLockManager] Waiting to acquire shared lock on daemon addresses registry.
2024-07-18T21:34:39.831-0300 [DEBUG] [org.gradle.cache.internal.DefaultFileLockManager] Lock acquired on daemon addresses registry.
2024-07-18T21:34:39.849-0300 [DEBUG] [org.gradle.cache.internal.DefaultFileLockManager] Releasing lock on daemon addresses registry.
2024-07-18T21:34:39.849-0300 [DEBUG] [org.gradle.cache.internal.DefaultFileLockManager] Waiting to acquire shared lock on daemon addresses registry.
2024-07-18T21:34:39.849-0300 [DEBUG] [org.gradle.cache.internal.DefaultFileLockManager] Lock acquired on daemon addresses registry.
2024-07-18T21:34:39.849-0300 [DEBUG] [org.gradle.cache.internal.DefaultFileLockManager] Releasing lock on daemon addresses registry.
2024-07-18T21:34:49.244-0300 [DEBUG] [org.gradle.cache.internal.DefaultFileLockManager] Waiting to acquire shared lock on daemon addresses registry.
2024-07-18T21:34:49.273-0300 [DEBUG] [org.gradle.cache.internal.DefaultFileLockManager] Lock acquired on daemon addresses registry.
2024-07-18T21:34:49.303-0300 [DEBUG] [org.gradle.cache.internal.DefaultFileLockManager] Releasing lock on daemon addresses registry.
2024-07-18T21:34:49.548-0300 [DEBUG] [org.gradle.cache.internal.DefaultFileLockManager] Waiting to acquire shared lock on daemon addresses registry.
2024-07-18T21:34:49.570-0300 [DEBUG] [org.gradle.cache.internal.DefaultFileLockManager] Lock acquired on daemon addresses registry.
2024-07-18T21:34:49.587-0300 [DEBUG] [org.gradle.cache.internal.DefaultFileLockManager] Releasing lock on daemon addresses registry.
2024-07-18T21:34:49.588-0300 [DEBUG] [org.gradle.cache.internal.DefaultFileLockManager] Waiting to acquire shared lock on daemon addresses registry.
2024-07-18T21:34:49.588-0300 [DEBUG] [org.gradle.cache.internal.DefaultFileLockManager] Lock acquired on daemon addresses registry.
2024-07-18T21:34:49.588-0300 [DEBUG] [org.gradle.cache.internal.DefaultFileLockManager] Releasing lock on daemon addresses registry.
2024-07-18T21:34:59.169-0300 [DEBUG] [org.gradle.cache.internal.DefaultFileLockManager] Waiting to acquire shared lock on daemon addresses registry.
2024-07-18T21:34:59.196-0300 [DEBUG] [org.gradle.cache.internal.DefaultFileLockManager] Lock acquired on daemon addresses registry.
2024-07-18T21:34:59.244-0300 [DEBUG] [org.gradle.cache.internal.DefaultFileLockManager] Releasing lock on daemon addresses registry.
2024-07-18T21:34:59.576-0300 [DEBUG] [org.gradle.cache.internal.DefaultFileLockManager] Waiting to acquire shared lock on daemon addresses registry.
2024-07-18T21:34:59.576-0300 [DEBUG] [org.gradle.cache.internal.DefaultFileLockManager] Lock acquired on daemon addresses registry.
2024-07-18T21:34:59.595-0300 [DEBUG] [org.gradle.cache.internal.DefaultFileLockManager] Releasing lock on daemon addresses registry.
2024-07-18T21:34:59.595-0300 [DEBUG] [org.gradle.cache.internal.DefaultFileLockManager] Waiting to acquire shared lock on daemon addresses registry.
2024-07-18T21:34:59.680-0300 [DEBUG] [org.gradle.cache.internal.DefaultFileLockManager] Lock acquired on daemon addresses registry.
2024-07-18T21:34:59.680-0300 [DEBUG] [org.gradle.cache.internal.DefaultFileLockManager] Releasing lock on daemon addresses registry.
2024-07-18T21:35:09.220-0300 [DEBUG] [org.gradle.cache.internal.DefaultFileLockManager] Waiting to acquire shared lock on daemon addresses registry.
2024-07-18T21:35:09.243-0300 [DEBUG] [org.gradle.cache.internal.DefaultFileLockManager] Lock acquired on daemon addresses registry.
2024-07-18T21:35:09.262-0300 [DEBUG] [org.gradle.cache.internal.DefaultFileLockManager] Releasing lock on daemon addresses registry.
2024-07-18T21:35:09.658-0300 [DEBUG] [org.gradle.cache.internal.DefaultFileLockManager] Waiting to acquire shared lock on daemon addresses registry.
2024-07-18T21:35:09.658-0300 [DEBUG] [org.gradle.cache.internal.DefaultFileLockManager] Lock acquired on daemon addresses registry.
2024-07-18T21:35:09.658-0300 [DEBUG] [org.gradle.cache.internal.DefaultFileLockManager] Releasing lock on daemon addresses registry.
2024-07-18T21:35:09.658-0300 [DEBUG] [org.gradle.cache.internal.DefaultFileLockManager] Waiting to acquire shared lock on daemon addresses registry.
2024-07-18T21:35:09.659-0300 [DEBUG] [org.gradle.cache.internal.DefaultFileLockManager] Lock acquired on daemon addresses registry.
2024-07-18T21:35:09.659-0300 [DEBUG] [org.gradle.cache.internal.DefaultFileLockManager] Releasing lock on daemon addresses registry.
2024-07-18T21:35:19.146-0300 [DEBUG] [org.gradle.cache.internal.DefaultFileLockManager] Waiting to acquire shared lock on daemon addresses registry.
2024-07-18T21:35:19.164-0300 [DEBUG] [org.gradle.cache.internal.DefaultFileLockManager] Lock acquired on daemon addresses registry.
2024-07-18T21:35:19.176-0300 [DEBUG] [org.gradle.cache.internal.DefaultFileLockManager] Releasing lock on daemon addresses registry.
2024-07-18T21:35:19.475-0300 [DEBUG] [org.gradle.cache.internal.DefaultFileLockManager] Waiting to acquire shared lock on daemon addresses registry.
2024-07-18T21:35:19.481-0300 [DEBUG] [org.gradle.cache.internal.DefaultFileLockManager] Lock acquired on daemon addresses registry.
2024-07-18T21:35:19.486-0300 [DEBUG] [org.gradle.cache.internal.DefaultFileLockManager] Releasing lock on daemon addresses registry.
2024-07-18T21:35:19.486-0300 [DEBUG] [org.gradle.cache.internal.DefaultFileLockManager] Waiting to acquire shared lock on daemon addresses registry.
2024-07-18T21:35:19.486-0300 [DEBUG] [org.gradle.cache.internal.DefaultFileLockManager] Lock acquired on daemon addresses registry.
2024-07-18T21:35:19.486-0300 [DEBUG] [org.gradle.cache.internal.DefaultFileLockManager] Releasing lock on daemon addresses registry.
2024-07-18T21:35:29.245-0300 [DEBUG] [org.gradle.cache.internal.DefaultFileLockManager] Waiting to acquire shared lock on daemon addresses registry.
2024-07-18T21:35:29.288-0300 [DEBUG] [org.gradle.cache.internal.DefaultFileLockManager] Lock acquired on daemon addresses registry.
2024-07-18T21:35:29.305-0300 [DEBUG] [org.gradle.cache.internal.DefaultFileLockManager] Releasing lock on daemon addresses registry.
2024-07-18T21:35:29.677-0300 [DEBUG] [org.gradle.cache.internal.DefaultFileLockManager] Waiting to acquire shared lock on daemon addresses registry.
2024-07-18T21:35:29.678-0300 [DEBUG] [org.gradle.cache.internal.DefaultFileLockManager] Lock acquired on daemon addresses registry.
2024-07-18T21:35:29.678-0300 [DEBUG] [org.gradle.cache.internal.DefaultFileLockManager] Releasing lock on daemon addresses registry.
2024-07-18T21:35:29.678-0300 [DEBUG] [org.gradle.cache.internal.DefaultFileLockManager] Waiting to acquire shared lock on daemon addresses registry.
2024-07-18T21:35:29.678-0300 [DEBUG] [org.gradle.cache.internal.DefaultFileLockManager] Lock acquired on daemon addresses registry.
2024-07-18T21:35:29.712-0300 [DEBUG] [org.gradle.cache.internal.DefaultFileLockManager] Releasing lock on daemon addresses registry.
2024-07-18T21:35:39.323-0300 [DEBUG] [org.gradle.cache.internal.DefaultFileLockManager] Waiting to acquire shared lock on daemon addresses registry.
2024-07-18T21:35:39.381-0300 [DEBUG] [org.gradle.cache.internal.DefaultFileLockManager] Lock acquired on daemon addresses registry.
2024-07-18T21:35:39.519-0300 [DEBUG] [org.gradle.cache.internal.DefaultFileLockManager] Releasing lock on daemon addresses registry.
2024-07-18T21:35:40.484-0300 [DEBUG] [org.gradle.cache.internal.DefaultFileLockManager] Waiting to acquire shared lock on daemon addresses registry.
2024-07-18T21:35:40.521-0300 [DEBUG] [org.gradle.cache.internal.DefaultFileLockManager] Lock acquired on daemon addresses registry.
2024-07-18T21:35:40.560-0300 [DEBUG] [org.gradle.cache.internal.DefaultFileLockManager] Releasing lock on daemon addresses registry.
2024-07-18T21:35:40.609-0300 [DEBUG] [org.gradle.cache.internal.DefaultFileLockManager] Waiting to acquire shared lock on daemon addresses registry.
2024-07-18T21:35:40.609-0300 [DEBUG] [org.gradle.cache.internal.DefaultFileLockManager] Lock acquired on daemon addresses registry.
2024-07-18T21:35:40.609-0300 [DEBUG] [org.gradle.cache.internal.DefaultFileLockManager] Releasing lock on daemon addresses registry.
2024-07-18T21:35:49.125-0300 [DEBUG] [org.gradle.cache.internal.DefaultFileLockManager] Waiting to acquire shared lock on daemon addresses registry.
2024-07-18T21:35:49.162-0300 [DEBUG] [org.gradle.cache.internal.DefaultFileLockManager] Lock acquired on daemon addresses registry.
2024-07-18T21:35:49.226-0300 [DEBUG] [org.gradle.cache.internal.DefaultFileLockManager] Releasing lock on daemon addresses registry.
2024-07-18T21:35:49.475-0300 [DEBUG] [org.gradle.cache.internal.DefaultFileLockManager] Waiting to acquire shared lock on daemon addresses registry.
2024-07-18T21:35:49.475-0300 [DEBUG] [org.gradle.cache.internal.DefaultFileLockManager] Lock acquired on daemon addresses registry.
2024-07-18T21:35:49.532-0300 [DEBUG] [org.gradle.cache.internal.DefaultFileLockManager] Releasing lock on daemon addresses registry.
2024-07-18T21:35:49.532-0300 [DEBUG] [org.gradle.cache.internal.DefaultFileLockManager] Waiting to acquire shared lock on daemon addresses registry.
2024-07-18T21:35:49.532-0300 [DEBUG] [org.gradle.cache.internal.DefaultFileLockManager] Lock acquired on daemon addresses registry.
2024-07-18T21:35:49.607-0300 [DEBUG] [org.gradle.cache.internal.DefaultFileLockManager] Releasing lock on daemon addresses registry.
2024-07-18T21:35:59.201-0300 [DEBUG] [org.gradle.cache.internal.DefaultFileLockManager] Waiting to acquire shared lock on daemon addresses registry.
2024-07-18T21:35:59.235-0300 [DEBUG] [org.gradle.cache.internal.DefaultFileLockManager] Lock acquired on daemon addresses registry.
2024-07-18T21:35:59.271-0300 [DEBUG] [org.gradle.cache.internal.DefaultFileLockManager] Releasing lock on daemon addresses registry.
2024-07-18T21:36:00.040-0300 [DEBUG] [org.gradle.cache.internal.DefaultFileLockManager] Waiting to acquire shared lock on daemon addresses registry.
2024-07-18T21:36:00.069-0300 [DEBUG] [org.gradle.cache.internal.DefaultFileLockManager] Lock acquired on daemon addresses registry.
2024-07-18T21:36:00.130-0300 [DEBUG] [org.gradle.cache.internal.DefaultFileLockManager] Releasing lock on daemon addresses registry.
2024-07-18T21:36:00.130-0300 [DEBUG] [org.gradle.cache.internal.DefaultFileLockManager] Waiting to acquire shared lock on daemon addresses registry.
2024-07-18T21:36:00.130-0300 [DEBUG] [org.gradle.cache.internal.DefaultFileLockManager] Lock acquired on daemon addresses registry.
2024-07-18T21:36:00.153-0300 [DEBUG] [org.gradle.cache.internal.DefaultFileLockManager] Releasing lock on daemon addresses registry.
2024-07-18T21:36:09.240-0300 [DEBUG] [org.gradle.cache.internal.DefaultFileLockManager] Waiting to acquire shared lock on daemon addresses registry.
2024-07-18T21:36:09.271-0300 [DEBUG] [org.gradle.cache.internal.DefaultFileLockManager] Lock acquired on daemon addresses registry.
2024-07-18T21:36:09.317-0300 [DEBUG] [org.gradle.cache.internal.DefaultFileLockManager] Releasing lock on daemon addresses registry.
2024-07-18T21:36:09.551-0300 [DEBUG] [org.gradle.cache.internal.DefaultFileLockManager] Waiting to acquire shared lock on daemon addresses registry.
2024-07-18T21:36:09.551-0300 [DEBUG] [org.gradle.cache.internal.DefaultFileLockManager] Lock acquired on daemon addresses registry.
2024-07-18T21:36:09.551-0300 [DEBUG] [org.gradle.cache.internal.DefaultFileLockManager] Releasing lock on daemon addresses registry.
2024-07-18T21:36:09.567-0300 [DEBUG] [org.gradle.cache.internal.DefaultFileLockManager] Waiting to acquire shared lock on daemon addresses registry.
2024-07-18T21:36:09.567-0300 [DEBUG] [org.gradle.cache.internal.DefaultFileLockManager] Lock acquired on daemon addresses registry.
2024-07-18T21:36:09.567-0300 [DEBUG] [org.gradle.cache.internal.DefaultFileLockManager] Releasing lock on daemon addresses registry.
2024-07-18T21:36:19.517-0300 [DEBUG] [org.gradle.cache.internal.DefaultFileLockManager] Waiting to acquire shared lock on daemon addresses registry.
2024-07-18T21:36:19.562-0300 [DEBUG] [org.gradle.cache.internal.DefaultFileLockManager] Lock acquired on daemon addresses registry.
2024-07-18T21:36:19.595-0300 [DEBUG] [org.gradle.cache.internal.DefaultFileLockManager] Releasing lock on daemon addresses registry.
2024-07-18T21:36:20.112-0300 [DEBUG] [org.gradle.cache.internal.DefaultFileLockManager] Waiting to acquire shared lock on daemon addresses registry.
2024-07-18T21:36:20.305-0300 [DEBUG] [org.gradle.cache.internal.DefaultFileLockManager] Lock acquired on daemon addresses registry.
2024-07-18T21:36:20.339-0300 [DEBUG] [org.gradle.cache.internal.DefaultFileLockManager] Releasing lock on daemon addresses registry.
2024-07-18T21:36:20.369-0300 [DEBUG] [org.gradle.cache.internal.DefaultFileLockManager] Waiting to acquire shared lock on daemon addresses registry.
2024-07-18T21:36:20.369-0300 [DEBUG] [org.gradle.cache.internal.DefaultFileLockManager] Lock acquired on daemon addresses registry.
2024-07-18T21:36:20.370-0300 [DEBUG] [org.gradle.cache.internal.DefaultFileLockManager] Releasing lock on daemon addresses registry.
2024-07-18T21:36:29.540-0300 [DEBUG] [org.gradle.cache.internal.DefaultFileLockManager] Waiting to acquire shared lock on daemon addresses registry.
2024-07-18T21:36:29.643-0300 [DEBUG] [org.gradle.cache.internal.DefaultFileLockManager] Lock acquired on daemon addresses registry.
2024-07-18T21:36:29.702-0300 [DEBUG] [org.gradle.cache.internal.DefaultFileLockManager] Releasing lock on daemon addresses registry.
2024-07-18T21:36:30.222-0300 [DEBUG] [org.gradle.cache.internal.DefaultFileLockManager] Waiting to acquire shared lock on daemon addresses registry.
2024-07-18T21:36:30.222-0300 [DEBUG] [org.gradle.cache.internal.DefaultFileLockManager] Lock acquired on daemon addresses registry.
2024-07-18T21:36:30.379-0300 [DEBUG] [org.gradle.cache.internal.DefaultFileLockManager] Releasing lock on daemon addresses registry.
2024-07-18T21:36:30.414-0300 [DEBUG] [org.gradle.cache.internal.DefaultFileLockManager] Waiting to acquire shared lock on daemon addresses registry.
2024-07-18T21:36:30.415-0300 [DEBUG] [org.gradle.cache.internal.DefaultFileLockManager] Lock acquired on daemon addresses registry.
2024-07-18T21:36:30.415-0300 [DEBUG] [org.gradle.cache.internal.DefaultFileLockManager] Releasing lock on daemon addresses registry.
2024-07-18T21:36:39.492-0300 [DEBUG] [org.gradle.cache.internal.DefaultFileLockManager] Waiting to acquire shared lock on daemon addresses registry.
2024-07-18T21:36:39.527-0300 [DEBUG] [org.gradle.cache.internal.DefaultFileLockManager] Lock acquired on daemon addresses registry.
2024-07-18T21:36:40.055-0300 [DEBUG] [org.gradle.cache.internal.DefaultFileLockManager] Releasing lock on daemon addresses registry.
2024-07-18T21:36:40.522-0300 [DEBUG] [org.gradle.cache.internal.DefaultFileLockManager] Waiting to acquire shared lock on daemon addresses registry.
2024-07-18T21:36:40.575-0300 [DEBUG] [org.gradle.cache.internal.DefaultFileLockManager] Lock acquired on daemon addresses registry.
2024-07-18T21:36:40.620-0300 [DEBUG] [org.gradle.cache.internal.DefaultFileLockManager] Releasing lock on daemon addresses registry.
2024-07-18T21:36:40.620-0300 [DEBUG] [org.gradle.cache.internal.DefaultFileLockManager] Waiting to acquire shared lock on daemon addresses registry.
2024-07-18T21:36:40.620-0300 [DEBUG] [org.gradle.cache.internal.DefaultFileLockManager] Lock acquired on daemon addresses registry.
2024-07-18T21:36:40.640-0300 [DEBUG] [org.gradle.cache.internal.DefaultFileLockManager] Releasing lock on daemon addresses registry.
2024-07-18T21:36:49.520-0300 [DEBUG] [org.gradle.cache.internal.DefaultFileLockManager] Waiting to acquire shared lock on daemon addresses registry.
2024-07-18T21:36:49.565-0300 [DEBUG] [org.gradle.cache.internal.DefaultFileLockManager] Lock acquired on daemon addresses registry.
2024-07-18T21:36:49.617-0300 [DEBUG] [org.gradle.cache.internal.DefaultFileLockManager] Releasing lock on daemon addresses registry.
2024-07-18T21:36:50.194-0300 [DEBUG] [org.gradle.cache.internal.DefaultFileLockManager] Waiting to acquire shared lock on daemon addresses registry.
2024-07-18T21:36:50.215-0300 [DEBUG] [org.gradle.cache.internal.DefaultFileLockManager] Lock acquired on daemon addresses registry.
2024-07-18T21:36:50.309-0300 [DEBUG] [org.gradle.cache.internal.DefaultFileLockManager] Releasing lock on daemon addresses registry.
2024-07-18T21:36:50.310-0300 [DEBUG] [org.gradle.cache.internal.DefaultFileLockManager] Waiting to acquire shared lock on daemon addresses registry.
2024-07-18T21:36:50.310-0300 [DEBUG] [org.gradle.cache.internal.DefaultFileLockManager] Lock acquired on daemon addresses registry.
2024-07-18T21:36:50.337-0300 [DEBUG] [org.gradle.cache.internal.DefaultFileLockManager] Releasing lock on daemon addresses registry.
2024-07-18T21:36:59.373-0300 [DEBUG] [org.gradle.cache.internal.DefaultFileLockManager] Waiting to acquire shared lock on daemon addresses registry.
2024-07-18T21:36:59.426-0300 [DEBUG] [org.gradle.cache.internal.DefaultFileLockManager] Lock acquired on daemon addresses registry.
2024-07-18T21:36:59.488-0300 [DEBUG] [org.gradle.cache.internal.DefaultFileLockManager] Releasing lock on daemon addresses registry.
2024-07-18T21:36:59.897-0300 [DEBUG] [org.gradle.cache.internal.DefaultFileLockManager] Waiting to acquire shared lock on daemon addresses registry.
2024-07-18T21:36:59.934-0300 [DEBUG] [org.gradle.cache.internal.DefaultFileLockManager] Lock acquired on daemon addresses registry.
2024-07-18T21:36:59.981-0300 [DEBUG] [org.gradle.cache.internal.DefaultFileLockManager] Releasing lock on daemon addresses registry.
2024-07-18T21:36:59.981-0300 [DEBUG] [org.gradle.cache.internal.DefaultFileLockManager] Waiting to acquire shared lock on daemon addresses registry.
2024-07-18T21:36:59.981-0300 [DEBUG] [org.gradle.cache.internal.DefaultFileLockManager] Lock acquired on daemon addresses registry.
2024-07-18T21:37:00.007-0300 [DEBUG] [org.gradle.cache.internal.DefaultFileLockManager] Releasing lock on daemon addresses registry.
2024-07-18T21:37:09.532-0300 [DEBUG] [org.gradle.cache.internal.DefaultFileLockManager] Waiting to acquire shared lock on daemon addresses registry.
2024-07-18T21:37:09.563-0300 [DEBUG] [org.gradle.cache.internal.DefaultFileLockManager] Lock acquired on daemon addresses registry.
2024-07-18T21:37:09.629-0300 [DEBUG] [org.gradle.cache.internal.DefaultFileLockManager] Releasing lock on daemon addresses registry.
2024-07-18T21:37:10.024-0300 [DEBUG] [org.gradle.cache.internal.DefaultFileLockManager] Waiting to acquire shared lock on daemon addresses registry.
2024-07-18T21:37:10.024-0300 [DEBUG] [org.gradle.cache.internal.DefaultFileLockManager] Lock acquired on daemon addresses registry.
2024-07-18T21:37:10.024-0300 [DEBUG] [org.gradle.cache.internal.DefaultFileLockManager] Releasing lock on daemon addresses registry.
2024-07-18T21:37:10.024-0300 [DEBUG] [org.gradle.cache.internal.DefaultFileLockManager] Waiting to acquire shared lock on daemon addresses registry.
2024-07-18T21:37:10.037-0300 [DEBUG] [org.gradle.cache.internal.DefaultFileLockManager] Lock acquired on daemon addresses registry.
2024-07-18T21:37:10.037-0300 [DEBUG] [org.gradle.cache.internal.DefaultFileLockManager] Releasing lock on daemon addresses registry.
2024-07-18T21:37:19.335-0300 [DEBUG] [org.gradle.cache.internal.DefaultFileLockManager] Waiting to acquire shared lock on daemon addresses registry.
2024-07-18T21:37:19.354-0300 [DEBUG] [org.gradle.cache.internal.DefaultFileLockManager] Lock acquired on daemon addresses registry.
2024-07-18T21:37:19.463-0300 [DEBUG] [org.gradle.cache.internal.DefaultFileLockManager] Releasing lock on daemon addresses registry.
2024-07-18T21:37:20.027-0300 [DEBUG] [org.gradle.cache.internal.DefaultFileLockManager] Waiting to acquire shared lock on daemon addresses registry.
2024-07-18T21:37:20.078-0300 [DEBUG] [org.gradle.cache.internal.DefaultFileLockManager] Lock acquired on daemon addresses registry.
2024-07-18T21:37:20.122-0300 [DEBUG] [org.gradle.cache.internal.DefaultFileLockManager] Releasing lock on daemon addresses registry.
2024-07-18T21:37:20.122-0300 [DEBUG] [org.gradle.cache.internal.DefaultFileLockManager] Waiting to acquire shared lock on daemon addresses registry.
2024-07-18T21:37:20.144-0300 [DEBUG] [org.gradle.cache.internal.DefaultFileLockManager] Lock acquired on daemon addresses registry.
2024-07-18T21:37:20.144-0300 [DEBUG] [org.gradle.cache.internal.DefaultFileLockManager] Releasing lock on daemon addresses registry.
2024-07-18T21:37:29.430-0300 [DEBUG] [org.gradle.cache.internal.DefaultFileLockManager] Waiting to acquire shared lock on daemon addresses registry.
2024-07-18T21:37:29.473-0300 [DEBUG] [org.gradle.cache.internal.DefaultFileLockManager] Lock acquired on daemon addresses registry.
2024-07-18T21:37:30.394-0300 [DEBUG] [org.gradle.cache.internal.DefaultFileLockManager] Releasing lock on daemon addresses registry.
2024-07-18T21:37:30.920-0300 [DEBUG] [org.gradle.cache.internal.DefaultFileLockManager] Waiting to acquire shared lock on daemon addresses registry.
2024-07-18T21:37:30.951-0300 [DEBUG] [org.gradle.cache.internal.DefaultFileLockManager] Lock acquired on daemon addresses registry.
2024-07-18T21:37:30.952-0300 [DEBUG] [org.gradle.cache.internal.DefaultFileLockManager] Releasing lock on daemon addresses registry.
2024-07-18T21:37:30.952-0300 [DEBUG] [org.gradle.cache.internal.DefaultFileLockManager] Waiting to acquire shared lock on daemon addresses registry.
2024-07-18T21:37:30.952-0300 [DEBUG] [org.gradle.cache.internal.DefaultFileLockManager] Lock acquired on daemon addresses registry.
2024-07-18T21:37:30.969-0300 [DEBUG] [org.gradle.cache.internal.DefaultFileLockManager] Releasing lock on daemon addresses registry.
2024-07-18T21:37:39.292-0300 [DEBUG] [org.gradle.cache.internal.DefaultFileLockManager] Waiting to acquire shared lock on daemon addresses registry.
2024-07-18T21:37:39.334-0300 [DEBUG] [org.gradle.cache.internal.DefaultFileLockManager] Lock acquired on daemon addresses registry.
2024-07-18T21:37:39.374-0300 [DEBUG] [org.gradle.cache.internal.DefaultFileLockManager] Releasing lock on daemon addresses registry.
2024-07-18T21:37:39.975-0300 [DEBUG] [org.gradle.cache.internal.DefaultFileLockManager] Waiting to acquire shared lock on daemon addresses registry.
2024-07-18T21:37:40.141-0300 [DEBUG] [org.gradle.cache.internal.DefaultFileLockManager] Lock acquired on daemon addresses registry.
2024-07-18T21:37:40.603-0300 [DEBUG] [org.gradle.cache.internal.DefaultFileLockManager] Releasing lock on daemon addresses registry.
2024-07-18T21:37:40.603-0300 [DEBUG] [org.gradle.cache.internal.DefaultFileLockManager] Waiting to acquire shared lock on daemon addresses registry.
2024-07-18T21:37:40.603-0300 [DEBUG] [org.gradle.cache.internal.DefaultFileLockManager] Lock acquired on daemon addresses registry.
2024-07-18T21:37:40.625-0300 [DEBUG] [org.gradle.cache.internal.DefaultFileLockManager] Releasing lock on daemon addresses registry.
2024-07-18T21:37:49.184-0300 [DEBUG] [org.gradle.cache.internal.DefaultFileLockManager] Waiting to acquire shared lock on daemon addresses registry.
2024-07-18T21:37:49.201-0300 [DEBUG] [org.gradle.cache.internal.DefaultFileLockManager] Lock acquired on daemon addresses registry.
2024-07-18T21:37:49.252-0300 [DEBUG] [org.gradle.cache.internal.DefaultFileLockManager] Releasing lock on daemon addresses registry.
2024-07-18T21:37:49.693-0300 [DEBUG] [org.gradle.cache.internal.DefaultFileLockManager] Waiting to acquire shared lock on daemon addresses registry.
2024-07-18T21:37:49.728-0300 [DEBUG] [org.gradle.cache.internal.DefaultFileLockManager] Lock acquired on daemon addresses registry.
2024-07-18T21:37:49.770-0300 [DEBUG] [org.gradle.cache.internal.DefaultFileLockManager] Releasing lock on daemon addresses registry.
2024-07-18T21:37:49.829-0300 [DEBUG] [org.gradle.cache.internal.DefaultFileLockManager] Waiting to acquire shared lock on daemon addresses registry.
2024-07-18T21:37:49.829-0300 [DEBUG] [org.gradle.cache.internal.DefaultFileLockManager] Lock acquired on daemon addresses registry.
2024-07-18T21:37:49.829-0300 [DEBUG] [org.gradle.cache.internal.DefaultFileLockManager] Releasing lock on daemon addresses registry.
2024-07-18T21:37:59.214-0300 [DEBUG] [org.gradle.cache.internal.DefaultFileLockManager] Waiting to acquire shared lock on daemon addresses registry.
2024-07-18T21:37:59.215-0300 [DEBUG] [org.gradle.cache.internal.DefaultFileLockManager] Lock acquired on daemon addresses registry.
2024-07-18T21:37:59.217-0300 [DEBUG] [org.gradle.cache.internal.DefaultFileLockManager] Releasing lock on daemon addresses registry.
2024-07-18T21:37:59.655-0300 [DEBUG] [org.gradle.cache.internal.DefaultFileLockManager] Waiting to acquire shared lock on daemon addresses registry.
2024-07-18T21:37:59.655-0300 [DEBUG] [org.gradle.cache.internal.DefaultFileLockManager] Lock acquired on daemon addresses registry.
2024-07-18T21:37:59.655-0300 [DEBUG] [org.gradle.cache.internal.DefaultFileLockManager] Releasing lock on daemon addresses registry.
2024-07-18T21:37:59.655-0300 [DEBUG] [org.gradle.cache.internal.DefaultFileLockManager] Waiting to acquire shared lock on daemon addresses registry.
2024-07-18T21:37:59.655-0300 [DEBUG] [org.gradle.cache.internal.DefaultFileLockManager] Lock acquired on daemon addresses registry.
2024-07-18T21:37:59.655-0300 [DEBUG] [org.gradle.cache.internal.DefaultFileLockManager] Releasing lock on daemon addresses registry.
2024-07-18T21:38:09.158-0300 [DEBUG] [org.gradle.cache.internal.DefaultFileLockManager] Waiting to acquire shared lock on daemon addresses registry.
2024-07-18T21:38:09.174-0300 [DEBUG] [org.gradle.cache.internal.DefaultFileLockManager] Lock acquired on daemon addresses registry.
2024-07-18T21:38:09.210-0300 [DEBUG] [org.gradle.cache.internal.DefaultFileLockManager] Releasing lock on daemon addresses registry.
2024-07-18T21:38:09.612-0300 [DEBUG] [org.gradle.cache.internal.DefaultFileLockManager] Waiting to acquire shared lock on daemon addresses registry.
2024-07-18T21:38:09.612-0300 [DEBUG] [org.gradle.cache.internal.DefaultFileLockManager] Lock acquired on daemon addresses registry.
2024-07-18T21:38:09.627-0300 [DEBUG] [org.gradle.cache.internal.DefaultFileLockManager] Releasing lock on daemon addresses registry.
2024-07-18T21:38:09.627-0300 [DEBUG] [org.gradle.cache.internal.DefaultFileLockManager] Waiting to acquire shared lock on daemon addresses registry.
2024-07-18T21:38:09.627-0300 [DEBUG] [org.gradle.cache.internal.DefaultFileLockManager] Lock acquired on daemon addresses registry.
2024-07-18T21:38:09.649-0300 [DEBUG] [org.gradle.cache.internal.DefaultFileLockManager] Releasing lock on daemon addresses registry.
2024-07-18T21:38:19.152-0300 [DEBUG] [org.gradle.cache.internal.DefaultFileLockManager] Waiting to acquire shared lock on daemon addresses registry.
2024-07-18T21:38:19.168-0300 [DEBUG] [org.gradle.cache.internal.DefaultFileLockManager] Lock acquired on daemon addresses registry.
2024-07-18T21:38:19.171-0300 [DEBUG] [org.gradle.cache.internal.DefaultFileLockManager] Releasing lock on daemon addresses registry.
2024-07-18T21:38:19.235-0300 [DEBUG] [org.gradle.cache.internal.DefaultFileLockManager] Waiting to acquire shared lock on daemon addresses registry.
2024-07-18T21:38:19.235-0300 [DEBUG] [org.gradle.cache.internal.DefaultFileLockManager] Lock acquired on daemon addresses registry.
2024-07-18T21:38:19.240-0300 [DEBUG] [org.gradle.cache.internal.DefaultFileLockManager] Releasing lock on daemon addresses registry.
2024-07-18T21:38:19.240-0300 [DEBUG] [org.gradle.cache.internal.DefaultFileLockManager] Waiting to acquire shared lock on daemon addresses registry.
2024-07-18T21:38:19.240-0300 [DEBUG] [org.gradle.cache.internal.DefaultFileLockManager] Lock acquired on daemon addresses registry.
2024-07-18T21:38:19.265-0300 [DEBUG] [org.gradle.cache.internal.DefaultFileLockManager] Releasing lock on daemon addresses registry.
2024-07-18T21:38:29.273-0300 [DEBUG] [org.gradle.cache.internal.DefaultFileLockManager] Waiting to acquire shared lock on daemon addresses registry.
2024-07-18T21:38:29.349-0300 [DEBUG] [org.gradle.cache.internal.DefaultFileLockManager] Lock acquired on daemon addresses registry.
2024-07-18T21:38:29.536-0300 [DEBUG] [org.gradle.cache.internal.DefaultFileLockManager] Releasing lock on daemon addresses registry.
2024-07-18T21:38:30.052-0300 [DEBUG] [org.gradle.cache.internal.DefaultFileLockManager] Waiting to acquire shared lock on daemon addresses registry.
2024-07-18T21:38:30.106-0300 [DEBUG] [org.gradle.cache.internal.DefaultFileLockManager] Lock acquired on daemon addresses registry.
2024-07-18T21:38:30.178-0300 [DEBUG] [org.gradle.cache.internal.DefaultFileLockManager] Releasing lock on daemon addresses registry.
2024-07-18T21:38:30.178-0300 [DEBUG] [org.gradle.cache.internal.DefaultFileLockManager] Waiting to acquire shared lock on daemon addresses registry.
2024-07-18T21:38:30.179-0300 [DEBUG] [org.gradle.cache.internal.DefaultFileLockManager] Lock acquired on daemon addresses registry.
2024-07-18T21:38:30.214-0300 [DEBUG] [org.gradle.cache.internal.DefaultFileLockManager] Releasing lock on daemon addresses registry.
2024-07-18T21:38:39.339-0300 [DEBUG] [org.gradle.cache.internal.DefaultFileLockManager] Waiting to acquire shared lock on daemon addresses registry.
2024-07-18T21:38:39.374-0300 [DEBUG] [org.gradle.cache.internal.DefaultFileLockManager] Lock acquired on daemon addresses registry.
2024-07-18T21:38:39.492-0300 [DEBUG] [org.gradle.cache.internal.DefaultFileLockManager] Releasing lock on daemon addresses registry.
2024-07-18T21:38:39.942-0300 [DEBUG] [org.gradle.cache.internal.DefaultFileLockManager] Waiting to acquire shared lock on daemon addresses registry.
2024-07-18T21:38:39.943-0300 [DEBUG] [org.gradle.cache.internal.DefaultFileLockManager] Lock acquired on daemon addresses registry.
2024-07-18T21:38:39.943-0300 [DEBUG] [org.gradle.cache.internal.DefaultFileLockManager] Releasing lock on daemon addresses registry.
2024-07-18T21:38:39.943-0300 [DEBUG] [org.gradle.cache.internal.DefaultFileLockManager] Waiting to acquire shared lock on daemon addresses registry.
2024-07-18T21:38:40.029-0300 [DEBUG] [org.gradle.cache.internal.DefaultFileLockManager] Lock acquired on daemon addresses registry.
2024-07-18T21:38:40.029-0300 [DEBUG] [org.gradle.cache.internal.DefaultFileLockManager] Releasing lock on daemon addresses registry.
2024-07-18T21:38:49.265-0300 [DEBUG] [org.gradle.cache.internal.DefaultFileLockManager] Waiting to acquire shared lock on daemon addresses registry.
2024-07-18T21:38:49.296-0300 [DEBUG] [org.gradle.cache.internal.DefaultFileLockManager] Lock acquired on daemon addresses registry.
2024-07-18T21:38:49.372-0300 [DEBUG] [org.gradle.cache.internal.DefaultFileLockManager] Releasing lock on daemon addresses registry.
2024-07-18T21:38:49.640-0300 [DEBUG] [org.gradle.cache.internal.DefaultFileLockManager] Waiting to acquire shared lock on daemon addresses registry.
2024-07-18T21:38:49.640-0300 [DEBUG] [org.gradle.cache.internal.DefaultFileLockManager] Lock acquired on daemon addresses registry.
2024-07-18T21:38:49.640-0300 [DEBUG] [org.gradle.cache.internal.DefaultFileLockManager] Releasing lock on daemon addresses registry.
2024-07-18T21:38:49.640-0300 [DEBUG] [org.gradle.cache.internal.DefaultFileLockManager] Waiting to acquire shared lock on daemon addresses registry.
2024-07-18T21:38:49.659-0300 [DEBUG] [org.gradle.cache.internal.DefaultFileLockManager] Lock acquired on daemon addresses registry.
2024-07-18T21:38:49.659-0300 [DEBUG] [org.gradle.cache.internal.DefaultFileLockManager] Releasing lock on daemon addresses registry.
2024-07-18T21:38:59.155-0300 [DEBUG] [org.gradle.cache.internal.DefaultFileLockManager] Waiting to acquire shared lock on daemon addresses registry.
2024-07-18T21:38:59.169-0300 [DEBUG] [org.gradle.cache.internal.DefaultFileLockManager] Lock acquired on daemon addresses registry.
2024-07-18T21:38:59.196-0300 [DEBUG] [org.gradle.cache.internal.DefaultFileLockManager] Releasing lock on daemon addresses registry.
2024-07-18T21:38:59.515-0300 [DEBUG] [org.gradle.cache.internal.DefaultFileLockManager] Waiting to acquire shared lock on daemon addresses registry.
2024-07-18T21:38:59.515-0300 [DEBUG] [org.gradle.cache.internal.DefaultFileLockManager] Lock acquired on daemon addresses registry.
2024-07-18T21:38:59.515-0300 [DEBUG] [org.gradle.cache.internal.DefaultFileLockManager] Releasing lock on daemon addresses registry.
2024-07-18T21:38:59.515-0300 [DEBUG] [org.gradle.cache.internal.DefaultFileLockManager] Waiting to acquire shared lock on daemon addresses registry.
2024-07-18T21:38:59.516-0300 [DEBUG] [org.gradle.cache.internal.DefaultFileLockManager] Lock acquired on daemon addresses registry.
2024-07-18T21:38:59.516-0300 [DEBUG] [org.gradle.cache.internal.DefaultFileLockManager] Releasing lock on daemon addresses registry.
2024-07-18T21:39:09.164-0300 [DEBUG] [org.gradle.cache.internal.DefaultFileLockManager] Waiting to acquire shared lock on daemon addresses registry.
2024-07-18T21:39:09.198-0300 [DEBUG] [org.gradle.cache.internal.DefaultFileLockManager] Lock acquired on daemon addresses registry.
2024-07-18T21:39:09.226-0300 [DEBUG] [org.gradle.cache.internal.DefaultFileLockManager] Releasing lock on daemon addresses registry.
2024-07-18T21:39:09.998-0300 [DEBUG] [org.gradle.cache.internal.DefaultFileLockManager] Waiting to acquire shared lock on daemon addresses registry.
2024-07-18T21:39:09.998-0300 [DEBUG] [org.gradle.cache.internal.DefaultFileLockManager] Lock acquired on daemon addresses registry.
2024-07-18T21:39:09.998-0300 [DEBUG] [org.gradle.cache.internal.DefaultFileLockManager] Releasing lock on daemon addresses registry.
2024-07-18T21:39:09.999-0300 [DEBUG] [org.gradle.cache.internal.DefaultFileLockManager] Waiting to acquire shared lock on daemon addresses registry.
2024-07-18T21:39:09.999-0300 [DEBUG] [org.gradle.cache.internal.DefaultFileLockManager] Lock acquired on daemon addresses registry.
2024-07-18T21:39:09.999-0300 [DEBUG] [org.gradle.cache.internal.DefaultFileLockManager] Releasing lock on daemon addresses registry.
2024-07-18T21:39:19.292-0300 [DEBUG] [org.gradle.cache.internal.DefaultFileLockManager] Waiting to acquire shared lock on daemon addresses registry.
2024-07-18T21:39:19.308-0300 [DEBUG] [org.gradle.cache.internal.DefaultFileLockManager] Lock acquired on daemon addresses registry.
2024-07-18T21:39:19.322-0300 [DEBUG] [org.gradle.cache.internal.DefaultFileLockManager] Releasing lock on daemon addresses registry.
2024-07-18T21:39:19.920-0300 [DEBUG] [org.gradle.cache.internal.DefaultFileLockManager] Waiting to acquire shared lock on daemon addresses registry.
2024-07-18T21:39:19.920-0300 [DEBUG] [org.gradle.cache.internal.DefaultFileLockManager] Lock acquired on daemon addresses registry.
2024-07-18T21:39:19.937-0300 [DEBUG] [org.gradle.cache.internal.DefaultFileLockManager] Releasing lock on daemon addresses registry.
2024-07-18T21:39:19.937-0300 [DEBUG] [org.gradle.cache.internal.DefaultFileLockManager] Waiting to acquire shared lock on daemon addresses registry.
2024-07-18T21:39:19.937-0300 [DEBUG] [org.gradle.cache.internal.DefaultFileLockManager] Lock acquired on daemon addresses registry.
2024-07-18T21:39:19.937-0300 [DEBUG] [org.gradle.cache.internal.DefaultFileLockManager] Releasing lock on daemon addresses registry.
2024-07-18T21:39:29.300-0300 [DEBUG] [org.gradle.cache.internal.DefaultFileLockManager] Waiting to acquire shared lock on daemon addresses registry.
2024-07-18T21:39:29.320-0300 [DEBUG] [org.gradle.cache.internal.DefaultFileLockManager] Lock acquired on daemon addresses registry.
2024-07-18T21:39:29.340-0300 [DEBUG] [org.gradle.cache.internal.DefaultFileLockManager] Releasing lock on daemon addresses registry.
2024-07-18T21:39:29.767-0300 [DEBUG] [org.gradle.cache.internal.DefaultFileLockManager] Waiting to acquire shared lock on daemon addresses registry.
2024-07-18T21:39:29.782-0300 [DEBUG] [org.gradle.cache.internal.DefaultFileLockManager] Lock acquired on daemon addresses registry.
2024-07-18T21:39:29.799-0300 [DEBUG] [org.gradle.cache.internal.DefaultFileLockManager] Releasing lock on daemon addresses registry.
2024-07-18T21:39:29.800-0300 [DEBUG] [org.gradle.cache.internal.DefaultFileLockManager] Waiting to acquire shared lock on daemon addresses registry.
2024-07-18T21:39:29.800-0300 [DEBUG] [org.gradle.cache.internal.DefaultFileLockManager] Lock acquired on daemon addresses registry.
2024-07-18T21:39:29.800-0300 [DEBUG] [org.gradle.cache.internal.DefaultFileLockManager] Releasing lock on daemon addresses registry.
2024-07-18T21:39:39.338-0300 [DEBUG] [org.gradle.cache.internal.DefaultFileLockManager] Waiting to acquire shared lock on daemon addresses registry.
2024-07-18T21:39:39.361-0300 [DEBUG] [org.gradle.cache.internal.DefaultFileLockManager] Lock acquired on daemon addresses registry.
2024-07-18T21:39:39.387-0300 [DEBUG] [org.gradle.cache.internal.DefaultFileLockManager] Releasing lock on daemon addresses registry.
2024-07-18T21:39:40.059-0300 [DEBUG] [org.gradle.cache.internal.DefaultFileLockManager] Waiting to acquire shared lock on daemon addresses registry.
2024-07-18T21:39:40.132-0300 [DEBUG] [org.gradle.cache.internal.DefaultFileLockManager] Lock acquired on daemon addresses registry.
2024-07-18T21:39:40.204-0300 [DEBUG] [org.gradle.cache.internal.DefaultFileLockManager] Releasing lock on daemon addresses registry.
2024-07-18T21:39:40.204-0300 [DEBUG] [org.gradle.cache.internal.DefaultFileLockManager] Waiting to acquire shared lock on daemon addresses registry.
2024-07-18T21:39:40.204-0300 [DEBUG] [org.gradle.cache.internal.DefaultFileLockManager] Lock acquired on daemon addresses registry.
2024-07-18T21:39:40.267-0300 [DEBUG] [org.gradle.cache.internal.DefaultFileLockManager] Releasing lock on daemon addresses registry.
2024-07-18T21:39:49.439-0300 [DEBUG] [org.gradle.cache.internal.DefaultFileLockManager] Waiting to acquire shared lock on daemon addresses registry.
2024-07-18T21:39:49.478-0300 [DEBUG] [org.gradle.cache.internal.DefaultFileLockManager] Lock acquired on daemon addresses registry.
2024-07-18T21:39:49.584-0300 [DEBUG] [org.gradle.cache.internal.DefaultFileLockManager] Releasing lock on daemon addresses registry.
2024-07-18T21:39:50.762-0300 [DEBUG] [org.gradle.cache.internal.DefaultFileLockManager] Waiting to acquire shared lock on daemon addresses registry.
2024-07-18T21:39:50.800-0300 [DEBUG] [org.gradle.cache.internal.DefaultFileLockManager] Lock acquired on daemon addresses registry.
2024-07-18T21:39:50.810-0300 [DEBUG] [org.gradle.cache.internal.DefaultFileLockManager] Releasing lock on daemon addresses registry.
2024-07-18T21:39:50.810-0300 [DEBUG] [org.gradle.cache.internal.DefaultFileLockManager] Waiting to acquire shared lock on daemon addresses registry.
2024-07-18T21:39:50.836-0300 [DEBUG] [org.gradle.cache.internal.DefaultFileLockManager] Lock acquired on daemon addresses registry.
2024-07-18T21:39:50.836-0300 [DEBUG] [org.gradle.cache.internal.DefaultFileLockManager] Releasing lock on daemon addresses registry.
2024-07-18T21:39:59.410-0300 [DEBUG] [org.gradle.cache.internal.DefaultFileLockManager] Waiting to acquire shared lock on daemon addresses registry.
2024-07-18T21:39:59.671-0300 [DEBUG] [org.gradle.cache.internal.DefaultFileLockManager] Lock acquired on daemon addresses registry.
2024-07-18T21:39:59.815-0300 [DEBUG] [org.gradle.cache.internal.DefaultFileLockManager] Releasing lock on daemon addresses registry.
2024-07-18T21:40:00.833-0300 [DEBUG] [org.gradle.cache.internal.DefaultFileLockManager] Waiting to acquire shared lock on daemon addresses registry.
2024-07-18T21:40:00.852-0300 [DEBUG] [org.gradle.cache.internal.DefaultFileLockManager] Lock acquired on daemon addresses registry.
2024-07-18T21:40:00.891-0300 [DEBUG] [org.gradle.cache.internal.DefaultFileLockManager] Releasing lock on daemon addresses registry.
2024-07-18T21:40:00.891-0300 [DEBUG] [org.gradle.cache.internal.DefaultFileLockManager] Waiting to acquire shared lock on daemon addresses registry.
2024-07-18T21:40:00.891-0300 [DEBUG] [org.gradle.cache.internal.DefaultFileLockManager] Lock acquired on daemon addresses registry.
2024-07-18T21:40:00.891-0300 [DEBUG] [org.gradle.cache.internal.DefaultFileLockManager] Releasing lock on daemon addresses registry.
2024-07-18T21:40:09.171-0300 [DEBUG] [org.gradle.cache.internal.DefaultFileLockManager] Waiting to acquire shared lock on daemon addresses registry.
2024-07-18T21:40:09.219-0300 [DEBUG] [org.gradle.cache.internal.DefaultFileLockManager] Lock acquired on daemon addresses registry.
2024-07-18T21:40:09.220-0300 [DEBUG] [org.gradle.cache.internal.DefaultFileLockManager] Releasing lock on daemon addresses registry.
2024-07-18T21:40:09.397-0300 [DEBUG] [org.gradle.cache.internal.DefaultFileLockManager] Waiting to acquire shared lock on daemon addresses registry.
2024-07-18T21:40:09.397-0300 [DEBUG] [org.gradle.cache.internal.DefaultFileLockManager] Lock acquired on daemon addresses registry.
2024-07-18T21:40:09.397-0300 [DEBUG] [org.gradle.cache.internal.DefaultFileLockManager] Releasing lock on daemon addresses registry.
2024-07-18T21:40:09.398-0300 [DEBUG] [org.gradle.cache.internal.DefaultFileLockManager] Waiting to acquire shared lock on daemon addresses registry.
2024-07-18T21:40:09.398-0300 [DEBUG] [org.gradle.cache.internal.DefaultFileLockManager] Lock acquired on daemon addresses registry.
2024-07-18T21:40:09.398-0300 [DEBUG] [org.gradle.cache.internal.DefaultFileLockManager] Releasing lock on daemon addresses registry.
2024-07-18T21:40:19.550-0300 [DEBUG] [org.gradle.cache.internal.DefaultFileLockManager] Waiting to acquire shared lock on daemon addresses registry.
2024-07-18T21:40:19.809-0300 [DEBUG] [org.gradle.cache.internal.DefaultFileLockManager] Lock acquired on daemon addresses registry.
2024-07-18T21:40:19.836-0300 [DEBUG] [org.gradle.cache.internal.DefaultFileLockManager] Releasing lock on daemon addresses registry.
2024-07-18T21:40:20.187-0300 [DEBUG] [org.gradle.cache.internal.DefaultFileLockManager] Waiting to acquire shared lock on daemon addresses registry.
2024-07-18T21:40:20.187-0300 [DEBUG] [org.gradle.cache.internal.DefaultFileLockManager] Lock acquired on daemon addresses registry.
2024-07-18T21:40:20.188-0300 [DEBUG] [org.gradle.cache.internal.DefaultFileLockManager] Releasing lock on daemon addresses registry.
2024-07-18T21:40:20.188-0300 [DEBUG] [org.gradle.cache.internal.DefaultFileLockManager] Waiting to acquire shared lock on daemon addresses registry.
2024-07-18T21:40:20.188-0300 [DEBUG] [org.gradle.cache.internal.DefaultFileLockManager] Lock acquired on daemon addresses registry.
2024-07-18T21:40:20.188-0300 [DEBUG] [org.gradle.cache.internal.DefaultFileLockManager] Releasing lock on daemon addresses registry.
2024-07-18T21:40:29.474-0300 [DEBUG] [org.gradle.cache.internal.DefaultFileLockManager] Waiting to acquire shared lock on daemon addresses registry.
2024-07-18T21:40:29.563-0300 [DEBUG] [org.gradle.cache.internal.DefaultFileLockManager] Lock acquired on daemon addresses registry.
2024-07-18T21:40:29.587-0300 [DEBUG] [org.gradle.cache.internal.DefaultFileLockManager] Releasing lock on daemon addresses registry.
2024-07-18T21:40:30.069-0300 [DEBUG] [org.gradle.cache.internal.DefaultFileLockManager] Waiting to acquire shared lock on daemon addresses registry.
2024-07-18T21:40:30.096-0300 [DEBUG] [org.gradle.cache.internal.DefaultFileLockManager] Lock acquired on daemon addresses registry.
2024-07-18T21:40:30.096-0300 [DEBUG] [org.gradle.cache.internal.DefaultFileLockManager] Releasing lock on daemon addresses registry.
2024-07-18T21:40:30.096-0300 [DEBUG] [org.gradle.cache.internal.DefaultFileLockManager] Waiting to acquire shared lock on daemon addresses registry.
2024-07-18T21:40:30.097-0300 [DEBUG] [org.gradle.cache.internal.DefaultFileLockManager] Lock acquired on daemon addresses registry.
2024-07-18T21:40:30.097-0300 [DEBUG] [org.gradle.cache.internal.DefaultFileLockManager] Releasing lock on daemon addresses registry.
2024-07-18T21:40:39.268-0300 [DEBUG] [org.gradle.cache.internal.DefaultFileLockManager] Waiting to acquire shared lock on daemon addresses registry.
2024-07-18T21:40:39.341-0300 [DEBUG] [org.gradle.cache.internal.DefaultFileLockManager] Lock acquired on daemon addresses registry.
2024-07-18T21:40:39.360-0300 [DEBUG] [org.gradle.cache.internal.DefaultFileLockManager] Releasing lock on daemon addresses registry.
2024-07-18T21:40:39.883-0300 [DEBUG] [org.gradle.cache.internal.DefaultFileLockManager] Waiting to acquire shared lock on daemon addresses registry.
2024-07-18T21:40:39.883-0300 [DEBUG] [org.gradle.cache.internal.DefaultFileLockManager] Lock acquired on daemon addresses registry.
2024-07-18T21:40:39.883-0300 [DEBUG] [org.gradle.cache.internal.DefaultFileLockManager] Releasing lock on daemon addresses registry.
2024-07-18T21:40:39.923-0300 [DEBUG] [org.gradle.cache.internal.DefaultFileLockManager] Waiting to acquire shared lock on daemon addresses registry.
2024-07-18T21:40:39.924-0300 [DEBUG] [org.gradle.cache.internal.DefaultFileLockManager] Lock acquired on daemon addresses registry.
2024-07-18T21:40:39.924-0300 [DEBUG] [org.gradle.cache.internal.DefaultFileLockManager] Releasing lock on daemon addresses registry.
2024-07-18T21:40:49.174-0300 [DEBUG] [org.gradle.cache.internal.DefaultFileLockManager] Waiting to acquire shared lock on daemon addresses registry.
2024-07-18T21:40:49.201-0300 [DEBUG] [org.gradle.cache.internal.DefaultFileLockManager] Lock acquired on daemon addresses registry.
2024-07-18T21:40:49.237-0300 [DEBUG] [org.gradle.cache.internal.DefaultFileLockManager] Releasing lock on daemon addresses registry.
2024-07-18T21:40:49.578-0300 [DEBUG] [org.gradle.cache.internal.DefaultFileLockManager] Waiting to acquire shared lock on daemon addresses registry.
2024-07-18T21:40:49.578-0300 [DEBUG] [org.gradle.cache.internal.DefaultFileLockManager] Lock acquired on daemon addresses registry.
2024-07-18T21:40:49.578-0300 [DEBUG] [org.gradle.cache.internal.DefaultFileLockManager] Releasing lock on daemon addresses registry.
2024-07-18T21:40:49.578-0300 [DEBUG] [org.gradle.cache.internal.DefaultFileLockManager] Waiting to acquire shared lock on daemon addresses registry.
2024-07-18T21:40:49.579-0300 [DEBUG] [org.gradle.cache.internal.DefaultFileLockManager] Lock acquired on daemon addresses registry.
2024-07-18T21:40:49.579-0300 [DEBUG] [org.gradle.cache.internal.DefaultFileLockManager] Releasing lock on daemon addresses registry.
2024-07-18T21:40:59.223-0300 [DEBUG] [org.gradle.cache.internal.DefaultFileLockManager] Waiting to acquire shared lock on daemon addresses registry.
2024-07-18T21:40:59.296-0300 [DEBUG] [org.gradle.cache.internal.DefaultFileLockManager] Lock acquired on daemon addresses registry.
2024-07-18T21:40:59.317-0300 [DEBUG] [org.gradle.cache.internal.DefaultFileLockManager] Releasing lock on daemon addresses registry.
2024-07-18T21:40:59.678-0300 [DEBUG] [org.gradle.cache.internal.DefaultFileLockManager] Waiting to acquire shared lock on daemon addresses registry.
2024-07-18T21:40:59.707-0300 [DEBUG] [org.gradle.cache.internal.DefaultFileLockManager] Lock acquired on daemon addresses registry.
2024-07-18T21:40:59.740-0300 [DEBUG] [org.gradle.cache.internal.DefaultFileLockManager] Releasing lock on daemon addresses registry.
2024-07-18T21:40:59.740-0300 [DEBUG] [org.gradle.cache.internal.DefaultFileLockManager] Waiting to acquire shared lock on daemon addresses registry.
2024-07-18T21:40:59.740-0300 [DEBUG] [org.gradle.cache.internal.DefaultFileLockManager] Lock acquired on daemon addresses registry.
2024-07-18T21:40:59.740-0300 [DEBUG] [org.gradle.cache.internal.DefaultFileLockManager] Releasing lock on daemon addresses registry.
2024-07-18T21:41:09.504-0300 [DEBUG] [org.gradle.cache.internal.DefaultFileLockManager] Waiting to acquire shared lock on daemon addresses registry.
2024-07-18T21:41:09.554-0300 [DEBUG] [org.gradle.cache.internal.DefaultFileLockManager] Lock acquired on daemon addresses registry.
2024-07-18T21:41:09.631-0300 [DEBUG] [org.gradle.cache.internal.DefaultFileLockManager] Releasing lock on daemon addresses registry.
2024-07-18T21:41:09.979-0300 [DEBUG] [org.gradle.cache.internal.DefaultFileLockManager] Waiting to acquire shared lock on daemon addresses registry.
2024-07-18T21:41:09.979-0300 [DEBUG] [org.gradle.cache.internal.DefaultFileLockManager] Lock acquired on daemon addresses registry.
2024-07-18T21:41:10.013-0300 [DEBUG] [org.gradle.cache.internal.DefaultFileLockManager] Releasing lock on daemon addresses registry.
2024-07-18T21:41:10.013-0300 [DEBUG] [org.gradle.cache.internal.DefaultFileLockManager] Waiting to acquire shared lock on daemon addresses registry.
2024-07-18T21:41:10.013-0300 [DEBUG] [org.gradle.cache.internal.DefaultFileLockManager] Lock acquired on daemon addresses registry.
2024-07-18T21:41:10.039-0300 [DEBUG] [org.gradle.cache.internal.DefaultFileLockManager] Releasing lock on daemon addresses registry.
2024-07-18T21:41:19.208-0300 [DEBUG] [org.gradle.cache.internal.DefaultFileLockManager] Waiting to acquire shared lock on daemon addresses registry.
2024-07-18T21:41:19.241-0300 [DEBUG] [org.gradle.cache.internal.DefaultFileLockManager] Lock acquired on daemon addresses registry.
2024-07-18T21:41:19.533-0300 [DEBUG] [org.gradle.cache.internal.DefaultFileLockManager] Releasing lock on daemon addresses registry.
2024-07-18T21:41:20.077-0300 [DEBUG] [org.gradle.cache.internal.DefaultFileLockManager] Waiting to acquire shared lock on daemon addresses registry.
2024-07-18T21:41:20.121-0300 [DEBUG] [org.gradle.cache.internal.DefaultFileLockManager] Lock acquired on daemon addresses registry.
2024-07-18T21:41:20.147-0300 [DEBUG] [org.gradle.cache.internal.DefaultFileLockManager] Releasing lock on daemon addresses registry.
2024-07-18T21:41:20.148-0300 [DEBUG] [org.gradle.cache.internal.DefaultFileLockManager] Waiting to acquire shared lock on daemon addresses registry.
2024-07-18T21:41:20.148-0300 [DEBUG] [org.gradle.cache.internal.DefaultFileLockManager] Lock acquired on daemon addresses registry.
2024-07-18T21:41:20.183-0300 [DEBUG] [org.gradle.cache.internal.DefaultFileLockManager] Releasing lock on daemon addresses registry.
2024-07-18T21:41:29.165-0300 [DEBUG] [org.gradle.cache.internal.DefaultFileLockManager] Waiting to acquire shared lock on daemon addresses registry.
2024-07-18T21:41:29.182-0300 [DEBUG] [org.gradle.cache.internal.DefaultFileLockManager] Lock acquired on daemon addresses registry.
2024-07-18T21:41:29.219-0300 [DEBUG] [org.gradle.cache.internal.DefaultFileLockManager] Releasing lock on daemon addresses registry.
2024-07-18T21:41:29.527-0300 [DEBUG] [org.gradle.cache.internal.DefaultFileLockManager] Waiting to acquire shared lock on daemon addresses registry.
2024-07-18T21:41:29.639-0300 [DEBUG] [org.gradle.cache.internal.DefaultFileLockManager] Lock acquired on daemon addresses registry.
2024-07-18T21:41:29.640-0300 [DEBUG] [org.gradle.cache.internal.DefaultFileLockManager] Releasing lock on daemon addresses registry.
2024-07-18T21:41:29.640-0300 [DEBUG] [org.gradle.cache.internal.DefaultFileLockManager] Waiting to acquire shared lock on daemon addresses registry.
2024-07-18T21:41:29.640-0300 [DEBUG] [org.gradle.cache.internal.DefaultFileLockManager] Lock acquired on daemon addresses registry.
2024-07-18T21:41:29.640-0300 [DEBUG] [org.gradle.cache.internal.DefaultFileLockManager] Releasing lock on daemon addresses registry.
2024-07-18T21:41:39.142-0300 [DEBUG] [org.gradle.cache.internal.DefaultFileLockManager] Waiting to acquire shared lock on daemon addresses registry.
2024-07-18T21:41:39.155-0300 [DEBUG] [org.gradle.cache.internal.DefaultFileLockManager] Lock acquired on daemon addresses registry.
2024-07-18T21:41:39.171-0300 [DEBUG] [org.gradle.cache.internal.DefaultFileLockManager] Releasing lock on daemon addresses registry.
2024-07-18T21:41:39.176-0300 [DEBUG] [org.gradle.cache.internal.DefaultFileLockManager] Waiting to acquire shared lock on daemon addresses registry.
2024-07-18T21:41:39.176-0300 [DEBUG] [org.gradle.cache.internal.DefaultFileLockManager] Lock acquired on daemon addresses registry.
2024-07-18T21:41:39.176-0300 [DEBUG] [org.gradle.cache.internal.DefaultFileLockManager] Releasing lock on daemon addresses registry.
2024-07-18T21:41:39.176-0300 [DEBUG] [org.gradle.cache.internal.DefaultFileLockManager] Waiting to acquire shared lock on daemon addresses registry.
2024-07-18T21:41:39.176-0300 [DEBUG] [org.gradle.cache.internal.DefaultFileLockManager] Lock acquired on daemon addresses registry.
2024-07-18T21:41:39.176-0300 [DEBUG] [org.gradle.cache.internal.DefaultFileLockManager] Releasing lock on daemon addresses registry.
2024-07-18T21:41:49.173-0300 [DEBUG] [org.gradle.cache.internal.DefaultFileLockManager] Waiting to acquire shared lock on daemon addresses registry.
2024-07-18T21:41:49.210-0300 [DEBUG] [org.gradle.cache.internal.DefaultFileLockManager] Lock acquired on daemon addresses registry.
2024-07-18T21:41:49.269-0300 [DEBUG] [org.gradle.cache.internal.DefaultFileLockManager] Releasing lock on daemon addresses registry.
2024-07-18T21:41:49.775-0300 [DEBUG] [org.gradle.cache.internal.DefaultFileLockManager] Waiting to acquire shared lock on daemon addresses registry.
2024-07-18T21:41:49.803-0300 [DEBUG] [org.gradle.cache.internal.DefaultFileLockManager] Lock acquired on daemon addresses registry.
2024-07-18T21:41:49.803-0300 [DEBUG] [org.gradle.cache.internal.DefaultFileLockManager] Releasing lock on daemon addresses registry.
2024-07-18T21:41:49.838-0300 [DEBUG] [org.gradle.cache.internal.DefaultFileLockManager] Waiting to acquire shared lock on daemon addresses registry.
2024-07-18T21:41:49.838-0300 [DEBUG] [org.gradle.cache.internal.DefaultFileLockManager] Lock acquired on daemon addresses registry.
2024-07-18T21:41:49.838-0300 [DEBUG] [org.gradle.cache.internal.DefaultFileLockManager] Releasing lock on daemon addresses registry.
2024-07-18T21:41:59.116-0300 [DEBUG] [org.gradle.cache.internal.DefaultFileLockManager] Waiting to acquire shared lock on daemon addresses registry.
2024-07-18T21:41:59.116-0300 [DEBUG] [org.gradle.cache.internal.DefaultFileLockManager] Lock acquired on daemon addresses registry.
2024-07-18T21:41:59.117-0300 [DEBUG] [org.gradle.cache.internal.DefaultFileLockManager] Releasing lock on daemon addresses registry.
2024-07-18T21:41:59.133-0300 [DEBUG] [org.gradle.cache.internal.DefaultFileLockManager] Waiting to acquire shared lock on daemon addresses registry.
2024-07-18T21:41:59.134-0300 [DEBUG] [org.gradle.cache.internal.DefaultFileLockManager] Lock acquired on daemon addresses registry.
2024-07-18T21:41:59.146-0300 [DEBUG] [org.gradle.cache.internal.DefaultFileLockManager] Releasing lock on daemon addresses registry.
2024-07-18T21:41:59.146-0300 [DEBUG] [org.gradle.cache.internal.DefaultFileLockManager] Waiting to acquire shared lock on daemon addresses registry.
2024-07-18T21:41:59.146-0300 [DEBUG] [org.gradle.cache.internal.DefaultFileLockManager] Lock acquired on daemon addresses registry.
2024-07-18T21:41:59.160-0300 [DEBUG] [org.gradle.cache.internal.DefaultFileLockManager] Releasing lock on daemon addresses registry.
2024-07-18T21:42:09.104-0300 [DEBUG] [org.gradle.cache.internal.DefaultFileLockManager] Waiting to acquire shared lock on daemon addresses registry.
2024-07-18T21:42:09.111-0300 [DEBUG] [org.gradle.cache.internal.DefaultFileLockManager] Lock acquired on daemon addresses registry.
2024-07-18T21:42:09.143-0300 [DEBUG] [org.gradle.cache.internal.DefaultFileLockManager] Releasing lock on daemon addresses registry.
2024-07-18T21:42:09.299-0300 [DEBUG] [org.gradle.cache.internal.DefaultFileLockManager] Waiting to acquire shared lock on daemon addresses registry.
2024-07-18T21:42:09.308-0300 [DEBUG] [org.gradle.cache.internal.DefaultFileLockManager] Lock acquired on daemon addresses registry.
2024-07-18T21:42:09.316-0300 [DEBUG] [org.gradle.cache.internal.DefaultFileLockManager] Releasing lock on daemon addresses registry.
2024-07-18T21:42:09.316-0300 [DEBUG] [org.gradle.cache.internal.DefaultFileLockManager] Waiting to acquire shared lock on daemon addresses registry.
2024-07-18T21:42:09.316-0300 [DEBUG] [org.gradle.cache.internal.DefaultFileLockManager] Lock acquired on daemon addresses registry.
2024-07-18T21:42:09.324-0300 [DEBUG] [org.gradle.cache.internal.DefaultFileLockManager] Releasing lock on daemon addresses registry.
2024-07-18T21:42:19.466-0300 [DEBUG] [org.gradle.cache.internal.DefaultFileLockManager] Waiting to acquire shared lock on daemon addresses registry.
2024-07-18T21:42:19.499-0300 [DEBUG] [org.gradle.cache.internal.DefaultFileLockManager] Lock acquired on daemon addresses registry.
2024-07-18T21:42:19.546-0300 [DEBUG] [org.gradle.cache.internal.DefaultFileLockManager] Releasing lock on daemon addresses registry.
2024-07-18T21:42:19.860-0300 [DEBUG] [org.gradle.cache.internal.DefaultFileLockManager] Waiting to acquire shared lock on daemon addresses registry.
2024-07-18T21:42:19.860-0300 [DEBUG] [org.gradle.cache.internal.DefaultFileLockManager] Lock acquired on daemon addresses registry.
2024-07-18T21:42:19.861-0300 [DEBUG] [org.gradle.cache.internal.DefaultFileLockManager] Releasing lock on daemon addresses registry.
2024-07-18T21:42:19.861-0300 [DEBUG] [org.gradle.cache.internal.DefaultFileLockManager] Waiting to acquire shared lock on daemon addresses registry.
2024-07-18T21:42:19.861-0300 [DEBUG] [org.gradle.cache.internal.DefaultFileLockManager] Lock acquired on daemon addresses registry.
2024-07-18T21:42:19.861-0300 [DEBUG] [org.gradle.cache.internal.DefaultFileLockManager] Releasing lock on daemon addresses registry.
2024-07-18T21:42:29.175-0300 [DEBUG] [org.gradle.cache.internal.DefaultFileLockManager] Waiting to acquire shared lock on daemon addresses registry.
2024-07-18T21:42:29.178-0300 [DEBUG] [org.gradle.cache.internal.DefaultFileLockManager] Lock acquired on daemon addresses registry.
2024-07-18T21:42:29.218-0300 [DEBUG] [org.gradle.cache.internal.DefaultFileLockManager] Releasing lock on daemon addresses registry.
2024-07-18T21:42:29.526-0300 [DEBUG] [org.gradle.cache.internal.DefaultFileLockManager] Waiting to acquire shared lock on daemon addresses registry.
2024-07-18T21:42:29.526-0300 [DEBUG] [org.gradle.cache.internal.DefaultFileLockManager] Lock acquired on daemon addresses registry.
2024-07-18T21:42:29.542-0300 [DEBUG] [org.gradle.cache.internal.DefaultFileLockManager] Releasing lock on daemon addresses registry.
2024-07-18T21:42:29.543-0300 [DEBUG] [org.gradle.cache.internal.DefaultFileLockManager] Waiting to acquire shared lock on daemon addresses registry.
2024-07-18T21:42:29.543-0300 [DEBUG] [org.gradle.cache.internal.DefaultFileLockManager] Lock acquired on daemon addresses registry.
2024-07-18T21:42:29.543-0300 [DEBUG] [org.gradle.cache.internal.DefaultFileLockManager] Releasing lock on daemon addresses registry.
2024-07-18T21:42:39.167-0300 [DEBUG] [org.gradle.cache.internal.DefaultFileLockManager] Waiting to acquire shared lock on daemon addresses registry.
2024-07-18T21:42:39.182-0300 [DEBUG] [org.gradle.cache.internal.DefaultFileLockManager] Lock acquired on daemon addresses registry.
2024-07-18T21:42:39.207-0300 [DEBUG] [org.gradle.cache.internal.DefaultFileLockManager] Releasing lock on daemon addresses registry.
2024-07-18T21:42:39.329-0300 [DEBUG] [org.gradle.cache.internal.DefaultFileLockManager] Waiting to acquire shared lock on daemon addresses registry.
2024-07-18T21:42:39.329-0300 [DEBUG] [org.gradle.cache.internal.DefaultFileLockManager] Lock acquired on daemon addresses registry.
2024-07-18T21:42:39.329-0300 [DEBUG] [org.gradle.cache.internal.DefaultFileLockManager] Releasing lock on daemon addresses registry.
2024-07-18T21:42:39.329-0300 [DEBUG] [org.gradle.cache.internal.DefaultFileLockManager] Waiting to acquire shared lock on daemon addresses registry.
2024-07-18T21:42:39.331-0300 [DEBUG] [org.gradle.cache.internal.DefaultFileLockManager] Lock acquired on daemon addresses registry.
2024-07-18T21:42:39.331-0300 [DEBUG] [org.gradle.cache.internal.DefaultFileLockManager] Releasing lock on daemon addresses registry.
2024-07-18T21:42:49.300-0300 [DEBUG] [org.gradle.cache.internal.DefaultFileLockManager] Waiting to acquire shared lock on daemon addresses registry.
2024-07-18T21:42:49.364-0300 [DEBUG] [org.gradle.cache.internal.DefaultFileLockManager] Lock acquired on daemon addresses registry.
2024-07-18T21:42:49.385-0300 [DEBUG] [org.gradle.cache.internal.DefaultFileLockManager] Releasing lock on daemon addresses registry.
2024-07-18T21:42:49.756-0300 [DEBUG] [org.gradle.cache.internal.DefaultFileLockManager] Waiting to acquire shared lock on daemon addresses registry.
2024-07-18T21:42:49.756-0300 [DEBUG] [org.gradle.cache.internal.DefaultFileLockManager] Lock acquired on daemon addresses registry.
2024-07-18T21:42:49.770-0300 [DEBUG] [org.gradle.cache.internal.DefaultFileLockManager] Releasing lock on daemon addresses registry.
2024-07-18T21:42:49.794-0300 [DEBUG] [org.gradle.cache.internal.DefaultFileLockManager] Waiting to acquire shared lock on daemon addresses registry.
2024-07-18T21:42:49.794-0300 [DEBUG] [org.gradle.cache.internal.DefaultFileLockManager] Lock acquired on daemon addresses registry.
2024-07-18T21:42:49.794-0300 [DEBUG] [org.gradle.cache.internal.DefaultFileLockManager] Releasing lock on daemon addresses registry.
2024-07-18T21:42:59.232-0300 [DEBUG] [org.gradle.cache.internal.DefaultFileLockManager] Waiting to acquire shared lock on daemon addresses registry.
2024-07-18T21:42:59.240-0300 [DEBUG] [org.gradle.cache.internal.DefaultFileLockManager] Lock acquired on daemon addresses registry.
2024-07-18T21:42:59.258-0300 [DEBUG] [org.gradle.cache.internal.DefaultFileLockManager] Releasing lock on daemon addresses registry.
2024-07-18T21:42:59.781-0300 [DEBUG] [org.gradle.cache.internal.DefaultFileLockManager] Waiting to acquire shared lock on daemon addresses registry.
2024-07-18T21:42:59.781-0300 [DEBUG] [org.gradle.cache.internal.DefaultFileLockManager] Lock acquired on daemon addresses registry.
2024-07-18T21:42:59.781-0300 [DEBUG] [org.gradle.cache.internal.DefaultFileLockManager] Releasing lock on daemon addresses registry.
2024-07-18T21:42:59.781-0300 [DEBUG] [org.gradle.cache.internal.DefaultFileLockManager] Waiting to acquire shared lock on daemon addresses registry.
2024-07-18T21:42:59.781-0300 [DEBUG] [org.gradle.cache.internal.DefaultFileLockManager] Lock acquired on daemon addresses registry.
2024-07-18T21:42:59.781-0300 [DEBUG] [org.gradle.cache.internal.DefaultFileLockManager] Releasing lock on daemon addresses registry.
2024-07-18T21:43:09.337-0300 [DEBUG] [org.gradle.cache.internal.DefaultFileLockManager] Waiting to acquire shared lock on daemon addresses registry.
2024-07-18T21:43:09.379-0300 [DEBUG] [org.gradle.cache.internal.DefaultFileLockManager] Lock acquired on daemon addresses registry.
2024-07-18T21:43:09.407-0300 [DEBUG] [org.gradle.cache.internal.DefaultFileLockManager] Releasing lock on daemon addresses registry.
2024-07-18T21:43:09.873-0300 [DEBUG] [org.gradle.cache.internal.DefaultFileLockManager] Waiting to acquire shared lock on daemon addresses registry.
2024-07-18T21:43:09.889-0300 [DEBUG] [org.gradle.cache.internal.DefaultFileLockManager] Lock acquired on daemon addresses registry.
2024-07-18T21:43:09.908-0300 [DEBUG] [org.gradle.cache.internal.DefaultFileLockManager] Releasing lock on daemon addresses registry.
2024-07-18T21:43:09.908-0300 [DEBUG] [org.gradle.cache.internal.DefaultFileLockManager] Waiting to acquire shared lock on daemon addresses registry.
2024-07-18T21:43:09.908-0300 [DEBUG] [org.gradle.cache.internal.DefaultFileLockManager] Lock acquired on daemon addresses registry.
2024-07-18T21:43:09.909-0300 [DEBUG] [org.gradle.cache.internal.DefaultFileLockManager] Releasing lock on daemon addresses registry.
2024-07-18T21:43:19.113-0300 [DEBUG] [org.gradle.cache.internal.DefaultFileLockManager] Waiting to acquire shared lock on daemon addresses registry.
2024-07-18T21:43:19.145-0300 [DEBUG] [org.gradle.cache.internal.DefaultFileLockManager] Lock acquired on daemon addresses registry.
2024-07-18T21:43:19.160-0300 [DEBUG] [org.gradle.cache.internal.DefaultFileLockManager] Releasing lock on daemon addresses registry.
2024-07-18T21:43:19.640-0300 [DEBUG] [org.gradle.cache.internal.DefaultFileLockManager] Waiting to acquire shared lock on daemon addresses registry.
2024-07-18T21:43:19.704-0300 [DEBUG] [org.gradle.cache.internal.DefaultFileLockManager] Lock acquired on daemon addresses registry.
2024-07-18T21:43:19.736-0300 [DEBUG] [org.gradle.cache.internal.DefaultFileLockManager] Releasing lock on daemon addresses registry.
2024-07-18T21:43:19.736-0300 [DEBUG] [org.gradle.cache.internal.DefaultFileLockManager] Waiting to acquire shared lock on daemon addresses registry.
2024-07-18T21:43:19.736-0300 [DEBUG] [org.gradle.cache.internal.DefaultFileLockManager] Lock acquired on daemon addresses registry.
2024-07-18T21:43:19.736-0300 [DEBUG] [org.gradle.cache.internal.DefaultFileLockManager] Releasing lock on daemon addresses registry.
2024-07-18T21:43:29.258-0300 [DEBUG] [org.gradle.cache.internal.DefaultFileLockManager] Waiting to acquire shared lock on daemon addresses registry.
2024-07-18T21:43:29.346-0300 [DEBUG] [org.gradle.cache.internal.DefaultFileLockManager] Lock acquired on daemon addresses registry.
2024-07-18T21:43:29.384-0300 [DEBUG] [org.gradle.cache.internal.DefaultFileLockManager] Releasing lock on daemon addresses registry.
2024-07-18T21:43:29.777-0300 [DEBUG] [org.gradle.cache.internal.DefaultFileLockManager] Waiting to acquire shared lock on daemon addresses registry.
2024-07-18T21:43:29.791-0300 [DEBUG] [org.gradle.cache.internal.DefaultFileLockManager] Lock acquired on daemon addresses registry.
2024-07-18T21:43:29.835-0300 [DEBUG] [org.gradle.cache.internal.DefaultFileLockManager] Releasing lock on daemon addresses registry.
2024-07-18T21:43:29.835-0300 [DEBUG] [org.gradle.cache.internal.DefaultFileLockManager] Waiting to acquire shared lock on daemon addresses registry.
2024-07-18T21:43:29.835-0300 [DEBUG] [org.gradle.cache.internal.DefaultFileLockManager] Lock acquired on daemon addresses registry.
2024-07-18T21:43:29.835-0300 [DEBUG] [org.gradle.cache.internal.DefaultFileLockManager] Releasing lock on daemon addresses registry.
2024-07-18T21:43:39.180-0300 [DEBUG] [org.gradle.cache.internal.DefaultFileLockManager] Waiting to acquire shared lock on daemon addresses registry.
2024-07-18T21:43:39.213-0300 [DEBUG] [org.gradle.cache.internal.DefaultFileLockManager] Lock acquired on daemon addresses registry.
2024-07-18T21:43:39.255-0300 [DEBUG] [org.gradle.cache.internal.DefaultFileLockManager] Releasing lock on daemon addresses registry.
2024-07-18T21:43:39.674-0300 [DEBUG] [org.gradle.cache.internal.DefaultFileLockManager] Waiting to acquire shared lock on daemon addresses registry.
2024-07-18T21:43:39.706-0300 [DEBUG] [org.gradle.cache.internal.DefaultFileLockManager] Lock acquired on daemon addresses registry.
2024-07-18T21:43:39.735-0300 [DEBUG] [org.gradle.cache.internal.DefaultFileLockManager] Releasing lock on daemon addresses registry.
2024-07-18T21:43:39.736-0300 [DEBUG] [org.gradle.cache.internal.DefaultFileLockManager] Waiting to acquire shared lock on daemon addresses registry.
2024-07-18T21:43:39.736-0300 [DEBUG] [org.gradle.cache.internal.DefaultFileLockManager] Lock acquired on daemon addresses registry.
2024-07-18T21:43:39.736-0300 [DEBUG] [org.gradle.cache.internal.DefaultFileLockManager] Releasing lock on daemon addresses registry.
2024-07-18T21:43:49.207-0300 [DEBUG] [org.gradle.cache.internal.DefaultFileLockManager] Waiting to acquire shared lock on daemon addresses registry.
2024-07-18T21:43:49.236-0300 [DEBUG] [org.gradle.cache.internal.DefaultFileLockManager] Lock acquired on daemon addresses registry.
2024-07-18T21:43:49.273-0300 [DEBUG] [org.gradle.cache.internal.DefaultFileLockManager] Releasing lock on daemon addresses registry.
2024-07-18T21:43:49.550-0300 [DEBUG] [org.gradle.cache.internal.DefaultFileLockManager] Waiting to acquire shared lock on daemon addresses registry.
2024-07-18T21:43:49.550-0300 [DEBUG] [org.gradle.cache.internal.DefaultFileLockManager] Lock acquired on daemon addresses registry.
2024-07-18T21:43:49.550-0300 [DEBUG] [org.gradle.cache.internal.DefaultFileLockManager] Releasing lock on daemon addresses registry.
2024-07-18T21:43:49.566-0300 [DEBUG] [org.gradle.cache.internal.DefaultFileLockManager] Waiting to acquire shared lock on daemon addresses registry.
2024-07-18T21:43:49.566-0300 [DEBUG] [org.gradle.cache.internal.DefaultFileLockManager] Lock acquired on daemon addresses registry.
2024-07-18T21:43:49.595-0300 [DEBUG] [org.gradle.cache.internal.DefaultFileLockManager] Releasing lock on daemon addresses registry.
2024-07-18T21:43:59.210-0300 [DEBUG] [org.gradle.cache.internal.DefaultFileLockManager] Waiting to acquire shared lock on daemon addresses registry.
2024-07-18T21:43:59.246-0300 [DEBUG] [org.gradle.cache.internal.DefaultFileLockManager] Lock acquired on daemon addresses registry.
2024-07-18T21:43:59.286-0300 [DEBUG] [org.gradle.cache.internal.DefaultFileLockManager] Releasing lock on daemon addresses registry.
2024-07-18T21:43:59.616-0300 [DEBUG] [org.gradle.cache.internal.DefaultFileLockManager] Waiting to acquire shared lock on daemon addresses registry.
2024-07-18T21:43:59.616-0300 [DEBUG] [org.gradle.cache.internal.DefaultFileLockManager] Lock acquired on daemon addresses registry.
2024-07-18T21:43:59.616-0300 [DEBUG] [org.gradle.cache.internal.DefaultFileLockManager] Releasing lock on daemon addresses registry.
2024-07-18T21:43:59.670-0300 [DEBUG] [org.gradle.cache.internal.DefaultFileLockManager] Waiting to acquire shared lock on daemon addresses registry.
2024-07-18T21:43:59.670-0300 [DEBUG] [org.gradle.cache.internal.DefaultFileLockManager] Lock acquired on daemon addresses registry.
2024-07-18T21:43:59.671-0300 [DEBUG] [org.gradle.cache.internal.DefaultFileLockManager] Releasing lock on daemon addresses registry.
2024-07-18T21:44:09.158-0300 [DEBUG] [org.gradle.cache.internal.DefaultFileLockManager] Waiting to acquire shared lock on daemon addresses registry.
2024-07-18T21:44:09.180-0300 [DEBUG] [org.gradle.cache.internal.DefaultFileLockManager] Lock acquired on daemon addresses registry.
2024-07-18T21:44:09.207-0300 [DEBUG] [org.gradle.cache.internal.DefaultFileLockManager] Releasing lock on daemon addresses registry.
2024-07-18T21:44:09.396-0300 [DEBUG] [org.gradle.cache.internal.DefaultFileLockManager] Waiting to acquire shared lock on daemon addresses registry.
2024-07-18T21:44:09.414-0300 [DEBUG] [org.gradle.cache.internal.DefaultFileLockManager] Lock acquired on daemon addresses registry.
2024-07-18T21:44:09.441-0300 [DEBUG] [org.gradle.cache.internal.DefaultFileLockManager] Releasing lock on daemon addresses registry.
2024-07-18T21:44:09.441-0300 [DEBUG] [org.gradle.cache.internal.DefaultFileLockManager] Waiting to acquire shared lock on daemon addresses registry.
2024-07-18T21:44:09.441-0300 [DEBUG] [org.gradle.cache.internal.DefaultFileLockManager] Lock acquired on daemon addresses registry.
2024-07-18T21:44:09.458-0300 [DEBUG] [org.gradle.cache.internal.DefaultFileLockManager] Releasing lock on daemon addresses registry.
                                                                                                                                                                                                                                                                                                                                                                                                                                                                                                                                                                                                                                                                                                                                                                                          