2022-11-10T10:28:07.445-0300 [DEBUG] [org.gradle.launcher.daemon.bootstrap.DaemonMain] Assuming the daemon was started with following jvm opts: [--add-opens, java.base/java.util=ALL-UNNAMED, --add-opens, java.base/java.lang=ALL-UNNAMED, --add-opens, java.base/java.lang.invoke=ALL-UNNAMED, --add-opens, java.base/java.util=ALL-UNNAMED, --add-opens, java.prefs/java.util.prefs=ALL-UNNAMED, --add-opens, java.prefs/java.util.prefs=ALL-UNNAMED, --add-opens, java.base/java.nio.charset=ALL-UNNAMED, --add-opens, java.base/java.net=ALL-UNNAMED, --add-opens, java.base/java.util.concurrent.atomic=ALL-UNNAMED, -Xms128m, -Xmx1500m, -Dfile.encoding=UTF-8, -Duser.country=AR, -Duser.language=es, -Duser.variant]
2022-11-10T10:28:07.681-0300 [INFO] [org.gradle.launcher.daemon.server.Daemon] start() called on daemon - DefaultDaemonContext[uid=3080d625-5ee5-42e2-9df0-b340a2c1b786,javaHome=/home/adolfo/Android/android-studio_202111122/jre,daemonRegistryDir=/home/adolfo/Proyectos_Android/vaczine/daemon,pid=3512,idleTimeout=10800000,priority=NORMAL,daemonOpts=--add-opens,java.base/java.util=ALL-UNNAMED,--add-opens,java.base/java.lang=ALL-UNNAMED,--add-opens,java.base/java.lang.invoke=ALL-UNNAMED,--add-opens,java.base/java.util=ALL-UNNAMED,--add-opens,java.prefs/java.util.prefs=ALL-UNNAMED,--add-opens,java.prefs/java.util.prefs=ALL-UNNAMED,--add-opens,java.base/java.nio.charset=ALL-UNNAMED,--add-opens,java.base/java.net=ALL-UNNAMED,--add-opens,java.base/java.util.concurrent.atomic=ALL-UNNAMED,-Xms128m,-Xmx1500m,-Dfile.encoding=UTF-8,-Duser.country=AR,-Duser.language=es,-Duser.variant]
2022-11-10T10:28:07.700-0300 [DEBUG] [org.gradle.internal.remote.internal.inet.InetAddresses] Adding IP addresses for network interface enp3s0
2022-11-10T10:28:07.701-0300 [DEBUG] [org.gradle.internal.remote.internal.inet.InetAddresses] Is this a loopback interface? false
2022-11-10T10:28:07.701-0300 [DEBUG] [org.gradle.internal.remote.internal.inet.InetAddresses] Adding remote address /fe80:0:0:0:b93e:68b1:f07b:4be5%enp3s0
2022-11-10T10:28:07.701-0300 [DEBUG] [org.gradle.internal.remote.internal.inet.InetAddresses] Adding remote address /10.230.22.246
2022-11-10T10:28:07.701-0300 [DEBUG] [org.gradle.internal.remote.internal.inet.InetAddresses] Adding IP addresses for network interface lo
2022-11-10T10:28:07.702-0300 [DEBUG] [org.gradle.internal.remote.internal.inet.InetAddresses] Is this a loopback interface? true
2022-11-10T10:28:07.702-0300 [DEBUG] [org.gradle.internal.remote.internal.inet.InetAddresses] Adding loopback address /0:0:0:0:0:0:0:1%lo
2022-11-10T10:28:07.703-0300 [DEBUG] [org.gradle.internal.remote.internal.inet.InetAddresses] Adding loopback address /127.0.0.1
2022-11-10T10:28:07.705-0300 [DEBUG] [org.gradle.internal.remote.internal.inet.TcpIncomingConnector] Listening on [627e0900-7489-471b-aa0a-f89250be0642 port:39911, addresses:[localhost/127.0.0.1]].
2022-11-10T10:28:07.713-0300 [DEBUG] [org.gradle.launcher.daemon.server.Daemon] Daemon starting at: Thu Nov 10 10:28:07 ART 2022, with address: [627e0900-7489-471b-aa0a-f89250be0642 port:39911, addresses:[localhost/127.0.0.1]]
2022-11-10T10:28:07.713-0300 [INFO] [org.gradle.launcher.daemon.server.DaemonRegistryUpdater] Advertising the daemon address to the clients: [627e0900-7489-471b-aa0a-f89250be0642 port:39911, addresses:[localhost/127.0.0.1]]
2022-11-10T10:28:07.713-0300 [DEBUG] [org.gradle.launcher.daemon.server.DaemonRegistryUpdater] Advertised daemon context: DefaultDaemonContext[uid=3080d625-5ee5-42e2-9df0-b340a2c1b786,javaHome=/home/adolfo/Android/android-studio_202111122/jre,daemonRegistryDir=/home/adolfo/Proyectos_Android/vaczine/daemon,pid=3512,idleTimeout=10800000,priority=NORMAL,daemonOpts=--add-opens,java.base/java.util=ALL-UNNAMED,--add-opens,java.base/java.lang=ALL-UNNAMED,--add-opens,java.base/java.lang.invoke=ALL-UNNAMED,--add-opens,java.base/java.util=ALL-UNNAMED,--add-opens,java.prefs/java.util.prefs=ALL-UNNAMED,--add-opens,java.prefs/java.util.prefs=ALL-UNNAMED,--add-opens,java.base/java.nio.charset=ALL-UNNAMED,--add-opens,java.base/java.net=ALL-UNNAMED,--add-opens,java.base/java.util.concurrent.atomic=ALL-UNNAMED,-Xms128m,-Xmx1500m,-Dfile.encoding=UTF-8,-Duser.country=AR,-Duser.language=es,-Duser.variant]
2022-11-10T10:28:07.715-0300 [DEBUG] [org.gradle.launcher.daemon.registry.PersistentDaemonRegistry] Storing daemon address: [627e0900-7489-471b-aa0a-f89250be0642 port:39911, addresses:[localhost/127.0.0.1]], context: DefaultDaemonContext[uid=3080d625-5ee5-42e2-9df0-b340a2c1b786,javaHome=/home/adolfo/Android/android-studio_202111122/jre,daemonRegistryDir=/home/adolfo/Proyectos_Android/vaczine/daemon,pid=3512,idleTimeout=10800000,priority=NORMAL,daemonOpts=--add-opens,java.base/java.util=ALL-UNNAMED,--add-opens,java.base/java.lang=ALL-UNNAMED,--add-opens,java.base/java.lang.invoke=ALL-UNNAMED,--add-opens,java.base/java.util=ALL-UNNAMED,--add-opens,java.prefs/java.util.prefs=ALL-UNNAMED,--add-opens,java.prefs/java.util.prefs=ALL-UNNAMED,--add-opens,java.base/java.nio.charset=ALL-UNNAMED,--add-opens,java.base/java.net=ALL-UNNAMED,--add-opens,java.base/java.util.concurrent.atomic=ALL-UNNAMED,-Xms128m,-Xmx1500m,-Dfile.encoding=UTF-8,-Duser.country=AR,-Duser.language=es,-Duser.variant]
2022-11-10T10:28:07.722-0300 [DEBUG] [org.gradle.cache.internal.DefaultFileLockManager] Waiting to acquire exclusive lock on daemon addresses registry.
2022-11-10T10:28:07.725-0300 [DEBUG] [org.gradle.cache.internal.DefaultFileLockManager] Lock acquired on daemon addresses registry.
2022-11-10T10:28:07.729-0300 [DEBUG] [org.gradle.cache.internal.DefaultFileLockManager] Releasing lock on daemon addresses registry.
2022-11-10T10:28:07.730-0300 [LIFECYCLE] [org.gradle.launcher.daemon.server.Daemon] Daemon server started.
2022-11-10T10:28:07.731-0300 [DEBUG] [org.gradle.launcher.daemon.bootstrap.DaemonStartupCommunication] Completed writing the daemon greeting. Closing streams...
2022-11-10T10:28:07.736-0300 [DEBUG] [org.gradle.launcher.daemon.server.Daemon] stopOnExpiration() called on daemon
2022-11-10T10:28:07.738-0300 [DEBUG] [org.gradle.launcher.daemon.server.Daemon] awaitExpiration() called on daemon
2022-11-10T10:28:07.740-0300 [DEBUG] [org.gradle.launcher.daemon.server.DaemonStateCoordinator] daemon is running. Sleeping until state changes.
2022-11-10T10:28:07.745-0300 [DEBUG] [org.gradle.internal.remote.internal.inet.TcpIncomingConnector] Accepted connection from /127.0.0.1:37500 to /127.0.0.1:39911.
2022-11-10T10:28:07.823-0300 [DEBUG] [org.gradle.launcher.daemon.server.SynchronizedDispatchConnection] thread 18: received class org.gradle.launcher.daemon.protocol.Build
2022-11-10T10:28:07.823-0300 [DEBUG] [org.gradle.launcher.daemon.server.DefaultDaemonConnection] thread 18: Received non-IO message from client: Build{id=bd2e603b-8773-4e1d-a65d-5d7558714237, currentDir=/home/adolfo/Proyectos_Android/Evoluzion_3}
2022-11-10T10:28:07.824-0300 [INFO] [org.gradle.launcher.daemon.server.DefaultIncomingConnectionHandler] Received command: Build{id=bd2e603b-8773-4e1d-a65d-5d7558714237, currentDir=/home/adolfo/Proyectos_Android/Evoluzion_3}.
2022-11-10T10:28:07.824-0300 [DEBUG] [org.gradle.launcher.daemon.server.DefaultIncomingConnectionHandler] Starting executing command: Build{id=bd2e603b-8773-4e1d-a65d-5d7558714237, currentDir=/home/adolfo/Proyectos_Android/Evoluzion_3} with connection: socket connection from /127.0.0.1:39911 to /127.0.0.1:37500.
2022-11-10T10:28:07.828-0300 [DEBUG] [org.gradle.launcher.daemon.server.DaemonStateCoordinator] Command execution: started DaemonCommandExecution[command = Build{id=bd2e603b-8773-4e1d-a65d-5d7558714237, currentDir=/home/adolfo/Proyectos_Android/Evoluzion_3}, connection = DefaultDaemonConnection: socket connection from /127.0.0.1:39911 to /127.0.0.1:37500] after 0.0 minutes of idle
2022-11-10T10:28:07.828-0300 [INFO] [org.gradle.launcher.daemon.server.DaemonRegistryUpdater] Marking the daemon as busy, address: [627e0900-7489-471b-aa0a-f89250be0642 port:39911, addresses:[localhost/127.0.0.1]]
2022-11-10T10:28:07.828-0300 [DEBUG] [org.gradle.launcher.daemon.registry.PersistentDaemonRegistry] Marking busy by address: [627e0900-7489-471b-aa0a-f89250be0642 port:39911, addresses:[localhost/127.0.0.1]]
2022-11-10T10:28:07.829-0300 [DEBUG] [org.gradle.cache.internal.DefaultFileLockManager] Waiting to acquire exclusive lock on daemon addresses registry.
2022-11-10T10:28:07.830-0300 [DEBUG] [org.gradle.cache.internal.DefaultFileLockManager] Lock acquired on daemon addresses registry.
2022-11-10T10:28:07.831-0300 [DEBUG] [org.gradle.cache.internal.DefaultFileLockManager] Releasing lock on daemon addresses registry.
2022-11-10T10:28:07.831-0300 [DEBUG] [org.gradle.launcher.daemon.server.DaemonStateCoordinator] resetting idle timer
2022-11-10T10:28:07.831-0300 [DEBUG] [org.gradle.launcher.daemon.server.DaemonStateCoordinator] daemon is running. Sleeping until state changes.
2022-11-10T10:28:07.833-0300 [INFO] [org.gradle.launcher.daemon.server.exec.StartBuildOrRespondWithBusy] Daemon is about to start building Build{id=bd2e603b-8773-4e1d-a65d-5d7558714237, currentDir=/home/adolfo/Proyectos_Android/Evoluzion_3}. Dispatching build started information...
2022-11-10T10:28:07.833-0300 [DEBUG] [org.gradle.launcher.daemon.server.SynchronizedDispatchConnection] thread 20: dispatching org.gradle.launcher.daemon.protocol.BuildStarted@7829f64b
2022-11-10T10:28:07.835-0300 [DEBUG] [org.gradle.launcher.daemon.server.exec.EstablishBuildEnvironment] Configuring env variables: [PATH, XAUTHORITY, GDMSESSION, XDG_DATA_DIRS, COMPIZ_CONFIG_PROFILE, XDG_CONFIG_DIRS, LANG, XDG_SEAT_PATH, DBUS_SESSION_BUS_ADDRESS, XDG_SESSION_TYPE, XDG_SESSION_ID, XDG_CURRENT_DESKTOP, QT_AUTO_SCREEN_SCALE_FACTOR, DISPLAY, SSH_AGENT_PID, SESSION_MANAGER, LOGNAME, PWD, XDG_SESSION_CLASS, LANGUAGE, GDM_LANG, SHELL, QT_SCALE_FACTOR, UBUNTU_MENUPROXY, GIO_LAUNCHED_DESKTOP_FILE, XDG_GREETER_DATA_DIR, GPG_AGENT_INFO, DESKTOP_SESSION, OLDPWD, USER, GIO_LAUNCHED_DESKTOP_FILE_PID, QT_ACCESSIBILITY, GTK_MODULES, SSH_AUTH_SOCK, XDG_SEAT, GTK_OVERLAY_SCROLLING, XDG_SESSION_PATH, MATE_DESKTOP_SESSION_ID, QT_QPA_PLATFORMTHEME, XDG_RUNTIME_DIR, XDG_VTNR, XDG_SESSION_DESKTOP, SHLVL, HOME]
2022-11-10T10:28:07.838-0300 [DEBUG] [org.gradle.launcher.daemon.server.SynchronizedDispatchConnection] thread 18: received class org.gradle.launcher.daemon.protocol.CloseInput
2022-11-10T10:28:07.839-0300 [DEBUG] [org.gradle.launcher.daemon.server.DefaultDaemonConnection] thread 18: Received IO message from client: org.gradle.launcher.daemon.protocol.CloseInput@41c5e0fc
2022-11-10T10:28:07.842-0300 [DEBUG] [org.gradle.launcher.daemon.server.exec.LogToClient] About to start relaying all logs to the client via the connection.
2022-11-10T10:28:07.842-0300 [INFO] [org.gradle.launcher.daemon.server.exec.LogToClient] The client will now receive all logging from the daemon (pid: 3512). The daemon log file: /home/adolfo/Proyectos_Android/vaczine/daemon/7.5.1/daemon-3512.out.log
2022-11-10T10:28:07.845-0300 [INFO] [org.gradle.launcher.daemon.server.exec.LogAndCheckHealth] Starting build in new daemon [memory: 1.4 GiB]
2022-11-10T10:28:07.846-0300 [INFO] [org.gradle.launcher.daemon.server.exec.ForwardClientInput] Closing daemon's stdin at end of input.
2022-11-10T10:28:07.847-0300 [INFO] [org.gradle.launcher.daemon.server.exec.ForwardClientInput] The daemon will no longer process any standard input.
2022-11-10T10:28:07.863-0300 [DEBUG] [org.gradle.launcher.daemon.server.exec.ExecuteBuild] The daemon has started executing the build.
2022-11-10T10:28:07.864-0300 [DEBUG] [org.gradle.launcher.daemon.server.exec.ExecuteBuild] Executing build with daemon context: DefaultDaemonContext[uid=3080d625-5ee5-42e2-9df0-b340a2c1b786,javaHome=/home/adolfo/Android/android-studio_202111122/jre,daemonRegistryDir=/home/adolfo/Proyectos_Android/vaczine/daemon,pid=3512,idleTimeout=10800000,priority=NORMAL,daemonOpts=--add-opens,java.base/java.util=ALL-UNNAMED,--add-opens,java.base/java.lang=ALL-UNNAMED,--add-opens,java.base/java.lang.invoke=ALL-UNNAMED,--add-opens,java.base/java.util=ALL-UNNAMED,--add-opens,java.prefs/java.util.prefs=ALL-UNNAMED,--add-opens,java.prefs/java.util.prefs=ALL-UNNAMED,--add-opens,java.base/java.nio.charset=ALL-UNNAMED,--add-opens,java.base/java.net=ALL-UNNAMED,--add-opens,java.base/java.util.concurrent.atomic=ALL-UNNAMED,-Xms128m,-Xmx1500m,-Dfile.encoding=UTF-8,-Duser.country=AR,-Duser.language=es,-Duser.variant]

FAILURE: Build failed with an exception.

* What went wrong:
This version of the Android Support plugin for IntelliJ IDEA (or Android Studio) cannot open this project, please retry with version 2021.2.1 or newer.

* Try:
> Run with --info or --debug option to get more log output.
> Run with --scan to get full insights.

* Exception is:
com.intellij.openapi.externalSystem.model.ExternalSystemException: This version of the Android Support plugin for IntelliJ IDEA (or Android Studio) cannot open this project, please retry with version 2021.2.1 or newer.
	at org.jetbrains.plugins.gradle.model.ProjectImportAction.addBuildModels(ProjectImportAction.java:346)
	at org.jetbrains.plugins.gradle.model.ProjectImportAction.execute(ProjectImportAction.java:127)
	at org.jetbrains.plugins.gradle.model.ProjectImportAction.execute(ProjectImportAction.java:42)
	at org.gradle.tooling.internal.consumer.connection.InternalBuildActionAdapter.execute(InternalBuildActionAdapter.java:64)
	at org.gradle.tooling.internal.provider.runner.AbstractClientProvidedBuildActionRunner$ActionAdapter.runAction(AbstractClientProvidedBuildActionRunner.java:131)
	at org.gradle.tooling.internal.provider.runner.AbstractClientProvidedBuildActionRunner$ActionAdapter.fromBuildModel(AbstractClientProvidedBuildActionRunner.java:104)
	at org.gradle.tooling.internal.provider.runner.AbstractClientProvidedBuildActionRunner$ActionAdapter.fromBuildModel(AbstractClientProvidedBuildActionRunner.java:84)
	at org.gradle.internal.buildtree.DefaultBuildTreeModelCreator.fromBuildModel(DefaultBuildTreeModelCreator.java:57)
	at org.gradle.internal.buildtree.DefaultBuildTreeLifecycleController.lambda$fromBuildModel$1(DefaultBuildTreeLifecycleController.java:82)
	at org.gradle.internal.buildtree.DefaultBuildTreeLifecycleController.lambda$runBuild$4(DefaultBuildTreeLifecycleController.java:106)
	at org.gradle.internal.model.StateTransitionController.lambda$transition$5(StateTransitionController.java:166)
	at org.gradle.internal.model.StateTransitionController.doTransition(StateTransitionController.java:247)
	at org.gradle.internal.model.StateTransitionController.lambda$transition$6(StateTransitionController.java:166)
	at org.gradle.internal.work.DefaultSynchronizer.withLock(DefaultSynchronizer.java:44)
	at org.gradle.internal.model.StateTransitionController.transition(StateTransitionController.java:166)
	at org.gradle.internal.buildtree.DefaultBuildTreeLifecycleController.runBuild(DefaultBuildTreeLifecycleController.java:103)
	at org.gradle.internal.buildtree.DefaultBuildTreeLifecycleController.fromBuildModel(DefaultBuildTreeLifecycleController.java:74)
	at org.gradle.tooling.internal.provider.runner.AbstractClientProvidedBuildActionRunner.runClientAction(AbstractClientProvidedBuildActionRunner.java:43)
	at org.gradle.tooling.internal.provider.runner.ClientProvidedPhasedActionRunner.run(ClientProvidedPhasedActionRunner.java:53)
	at org.gradle.launcher.exec.ChainingBuildActionRunner.run(ChainingBuildActionRunner.java:35)
	at org.gradle.internal.buildtree.ProblemReportingBuildActionRunner.run(ProblemReportingBuildActionRunner.java:49)
	at org.gradle.launcher.exec.BuildOutcomeReportingBuildActionRunner.run(BuildOutcomeReportingBuildActionRunner.java:65)
	at org.gradle.tooling.internal.provider.FileSystemWatchingBuildActionRunner.run(FileSystemWatchingBuildActionRunner.java:136)
	at org.gradle.launcher.exec.BuildCompletionNotifyingBuildActionRunner.run(BuildCompletionNotifyingBuildActionRunner.java:41)
	at org.gradle.launcher.exec.RootBuildLifecycleBuildActionExecutor.lambda$execute$0(RootBuildLifecycleBuildActionExecutor.java:40)
	at org.gradle.composite.internal.DefaultRootBuildState.run(DefaultRootBuildState.java:122)
	at org.gradle.launcher.exec.RootBuildLifecycleBuildActionExecutor.execute(RootBuildLifecycleBuildActionExecutor.java:40)
	at org.gradle.internal.buildtree.DefaultBuildTreeContext.execute(DefaultBuildTreeContext.java:40)
	at org.gradle.launcher.exec.BuildTreeLifecycleBuildActionExecutor.lambda$execute$0(BuildTreeLifecycleBuildActionExecutor.java:65)
	at org.gradle.internal.buildtree.BuildTreeState.run(BuildTreeState.java:53)
	at org.gradle.launcher.exec.BuildTreeLifecycleBuildActionExecutor.execute(BuildTreeLifecycleBuildActionExecutor.java:65)
	at org.gradle.launcher.exec.RunAsBuildOperationBuildActionExecutor$3.call(RunAsBuildOperationBuildActionExecutor.java:61)
	at org.gradle.launcher.exec.RunAsBuildOperationBuildActionExecutor$3.call(RunAsBuildOperationBuildActionExecutor.java:57)
	at org.gradle.internal.operations.DefaultBuildOperationRunner$CallableBuildOperationWorker.execute(DefaultBuildOperationRunner.java:204)
	at org.gradle.internal.operations.DefaultBuildOperationRunner$CallableBuildOperationWorker.execute(DefaultBuildOperationRunner.java:199)
	at org.gradle.internal.operations.DefaultBuildOperationRunner$2.execute(DefaultBuildOperationRunner.java:66)
	at org.gradle.internal.operations.DefaultBuildOperationRunner$2.execute(DefaultBuildOperationRunner.java:59)
	at org.gradle.internal.operations.DefaultBuildOperationRunner.execute(DefaultBuildOperationRunner.java:157)
	at org.gradle.internal.operations.DefaultBuildOperationRunner.execute(DefaultBuildOperationRunner.java:59)
	at org.gradle.internal.operations.DefaultBuildOperationRunner.call(DefaultBuildOperationRunner.java:53)
	at org.gradle.internal.operations.DefaultBuildOperationExecutor.call(DefaultBuildOperationExecutor.java:73)
	at org.gradle.launcher.exec.RunAsBuildOperationBuildActionExecutor.execute(RunAsBuildOperationBuildActionExecutor.java:57)
	at org.gradle.launcher.exec.RunAsWorkerThreadBuildActionExecutor.lambda$execute$0(RunAsWorkerThreadBuildActionExecutor.java:36)
	at org.gradle.internal.work.DefaultWorkerLeaseService.withLocks(DefaultWorkerLeaseService.java:249)
	at org.gradle.internal.work.DefaultWorkerLeaseService.runAsWorkerThread(DefaultWorkerLeaseService.java:109)
	at org.gradle.launcher.exec.RunAsWorkerThreadBuildActionExecutor.execute(RunAsWorkerThreadBuildActionExecutor.java:36)
	at org.gradle.tooling.internal.provider.continuous.ContinuousBuildActionExecutor.execute(ContinuousBuildActionExecutor.java:110)
	at org.gradle.tooling.internal.provider.SubscribableBuildActionExecutor.execute(SubscribableBuildActionExecutor.java:64)
	at org.gradle.internal.session.DefaultBuildSessionContext.execute(DefaultBuildSessionContext.java:46)
	at org.gradle.tooling.internal.provider.BuildSessionLifecycleBuildActionExecuter$ActionImpl.apply(BuildSessionLifecycleBuildActionExecuter.java:100)
	at org.gradle.tooling.internal.provider.BuildSessionLifecycleBuildActionExecuter$ActionImpl.apply(BuildSessionLifecycleBuildActionExecuter.java:88)
	at org.gradle.internal.session.BuildSessionState.run(BuildSessionState.java:69)
	at org.gradle.tooling.internal.provider.BuildSessionLifecycleBuildActionExecuter.execute(BuildSessionLifecycleBuildActionExecuter.java:62)
	at org.gradle.tooling.internal.provider.BuildSessionLifecycleBuildActionExecuter.execute(BuildSessionLifecycleBuildActionExecuter.java:41)
	at org.gradle.tooling.internal.provider.StartParamsValidatingActionExecuter.execute(StartParamsValidatingActionExecuter.java:63)
	at org.gradle.tooling.internal.provider.StartParamsValidatingActionExecuter.execute(StartParamsValidatingActionExecuter.java:31)
	at org.gradle.tooling.internal.provider.SessionFailureReportingActionExecuter.execute(SessionFailureReportingActionExecuter.java:52)
	at org.gradle.tooling.internal.provider.SessionFailureReportingActionExecuter.execute(SessionFailureReportingActionExecuter.java:40)
	at org.gradle.tooling.internal.provider.SetupLoggingActionExecuter.execute(SetupLoggingActionExecuter.java:47)
	at org.gradle.tooling.internal.provider.SetupLoggingActionExecuter.execute(SetupLoggingActionExecuter.java:31)
	at org.gradle.launcher.daemon.server.exec.ExecuteBuild.doBuild(ExecuteBuild.java:65)
	at org.gradle.launcher.daemon.server.exec.BuildCommandOnly.execute(BuildCommandOnly.java:37)
	at org.gradle.launcher.daemon.server.api.DaemonCommandExecution.proceed(DaemonCommandExecution.java:104)
	at org.gradle.launcher.daemon.server.exec.WatchForDisconnection.execute(WatchForDisconnection.java:39)
	at org.gradle.launcher.daemon.server.api.DaemonCommandExecution.proceed(DaemonCommandExecution.java:104)
	at org.gradle.launcher.daemon.server.exec.ResetDeprecationLogger.execute(ResetDeprecationLogger.java:29)
	at org.gradle.launcher.daemon.server.api.DaemonCommandExecution.proceed(DaemonCommandExecution.java:104)
	at org.gradle.launcher.daemon.server.exec.RequestStopIfSingleUsedDaemon.execute(RequestStopIfSingleUsedDaemon.java:35)
	at org.gradle.launcher.daemon.server.api.DaemonCommandExecution.proceed(DaemonCommandExecution.java:104)
	at org.gradle.launcher.daemon.server.exec.ForwardClientInput$2.create(ForwardClientInput.java:78)
	at org.gradle.launcher.daemon.server.exec.ForwardClientInput$2.create(ForwardClientInput.java:75)
	at org.gradle.util.internal.Swapper.swap(Swapper.java:38)
	at org.gradle.launcher.daemon.server.exec.ForwardClientInput.execute(ForwardClientInput.java:75)
	at org.gradle.launcher.daemon.server.api.DaemonCommandExecution.proceed(DaemonCommandExecution.java:104)
	at org.gradle.launcher.daemon.server.exec.LogAndCheckHealth.execute(LogAndCheckHealth.java:55)
	at org.gradle.launcher.daemon.server.api.DaemonCommandExecution.proceed(DaemonCommandExecution.java:104)
	at org.gradle.launcher.daemon.server.exec.LogToClient.doBuild(LogToClient.java:63)
	at org.gradle.launcher.daemon.server.exec.BuildCommandOnly.execute(BuildCommandOnly.java:37)
	at org.gradle.launcher.daemon.server.api.DaemonCommandExecution.proceed(DaemonCommandExecution.java:104)
	at org.gradle.launcher.daemon.server.exec.EstablishBuildEnvironment.doBuild(EstablishBuildEnvironment.java:84)
	at org.gradle.launcher.daemon.server.exec.BuildCommandOnly.execute(BuildCommandOnly.java:37)
	at org.gradle.launcher.daemon.server.api.DaemonCommandExecution.proceed(DaemonCommandExecution.java:104)
	at org.gradle.launcher.daemon.server.exec.StartBuildOrRespondWithBusy$1.run(StartBuildOrRespondWithBusy.java:52)
	at org.gradle.launcher.daemon.server.DaemonStateCoordinator$1.run(DaemonStateCoordinator.java:297)
	at org.gradle.internal.concurrent.ExecutorPolicy$CatchAndRecordFailures.onExecute(ExecutorPolicy.java:64)
	at org.gradle.internal.concurrent.ManagedExecutorImpl$1.run(ManagedExecutorImpl.java:48)
java.lang.RuntimeException: This version of the Android Support plugin for IntelliJ IDEA (or Android Studio) cannot open this project, please retry with version 2021.2.1 or newer.
	at com.android.build.gradle.internal.ide.StudioVersions.verifyIDEIsNotOld(StudioVersions.kt:67)
	at com.android.build.gradle.internal.ide.StudioVersions.verifyIDEIsNotOld(StudioVersions.kt:49)
	at com.android.build.gradle.internal.ide.ModelBuilder.buildAndroidProject(ModelBuilder.java:330)
	at com.android.build.gradle.internal.ide.ModelBuilder.buildAll(ModelBuilder.java:231)
	at com.android.build.gradle.internal.ide.ModelBuilder.buildAll(ModelBuilder.java:163)
	at org.gradle.tooling.provider.model.internal.DefaultToolingModelBuilderRegistry$BuilderWithParameter.build(DefaultToolingModelBuilderRegistry.java:289)
	at org.gradle.tooling.provider.model.internal.DefaultToolingModelBuilderRegistry$UserCodeAssigningBuilder.lambda$build$0(DefaultToolingModelBuilderRegistry.java:374)
	at org.gradle.configuration.internal.DefaultUserCodeApplicationContext$CurrentApplication.reapply(DefaultUserCodeApplicationContext.java:109)
	at org.gradle.tooling.provider.model.internal.DefaultToolingModelBuilderRegistry$UserCodeAssigningBuilder.build(DefaultToolingModelBuilderRegistry.java:374)
	at org.gradle.tooling.provider.model.internal.DefaultToolingModelBuilderRegistry$LockSingleProjectBuilder.lambda$build$0(DefaultToolingModelBuilderRegistry.java:304)
	at org.gradle.api.internal.project.DefaultProjectStateRegistry$ProjectStateImpl.lambda$fromMutableState$1(DefaultProjectStateRegistry.java:374)
	at org.gradle.internal.work.DefaultWorkerLeaseService.withReplacedLocks(DefaultWorkerLeaseService.java:345)
	at org.gradle.api.internal.project.DefaultProjectStateRegistry$ProjectStateImpl.fromMutableState(DefaultProjectStateRegistry.java:374)
	at org.gradle.tooling.provider.model.internal.DefaultToolingModelBuilderRegistry$LockSingleProjectBuilder.build(DefaultToolingModelBuilderRegistry.java:304)
	at org.gradle.tooling.provider.model.internal.DefaultToolingModelBuilderRegistry$BuildOperationWrappingBuilder$1.call(DefaultToolingModelBuilderRegistry.java:337)
	at org.gradle.internal.operations.DefaultBuildOperationRunner$CallableBuildOperationWorker.execute(DefaultBuildOperationRunner.java:204)
	at org.gradle.internal.operations.DefaultBuildOperationRunner$CallableBuildOperationWorker.execute(DefaultBuildOperationRunner.java:199)
	at org.gradle.internal.operations.DefaultBuildOperationRunner$2.execute(DefaultBuildOperationRunner.java:66)
	at org.gradle.internal.operations.DefaultBuildOperationRunner$2.execute(DefaultBuildOperationRunner.java:59)
	at org.gradle.internal.operations.DefaultBuildOperationRunner.execute(DefaultBuildOperationRunner.java:157)
	at org.gradle.internal.operations.DefaultBuildOperationRunner.execute(DefaultBuildOperationRunner.java:59)
	at org.gradle.internal.operations.DefaultBuildOperationRunner.call(DefaultBuildOperationRunner.java:53)
	at org.gradle.internal.operations.DefaultBuildOperationExecutor.call(DefaultBuildOperationExecutor.java:73)
	at org.gradle.tooling.provider.model.internal.DefaultToolingModelBuilderRegistry$BuildOperationWrappingBuilder.build(DefaultToolingModelBuilderRegistry.java:334)
	at org.gradle.internal.build.DefaultBuildToolingModelController$AbstractToolingScope.getModel(DefaultBuildToolingModelController.java:85)
	at org.gradle.tooling.internal.provider.runner.DefaultBuildController.getModel(DefaultBuildController.java:108)
	at org.gradle.tooling.internal.consumer.connection.ParameterAwareBuildControllerAdapter.getModel(ParameterAwareBuildControllerAdapter.java:39)
	at org.gradle.tooling.internal.consumer.connection.UnparameterizedBuildController.getModel(UnparameterizedBuildController.java:113)
	at org.gradle.tooling.internal.consumer.connection.NestedActionAwareBuildControllerAdapter.getModel(NestedActionAwareBuildControllerAdapter.java:31)
	at org.jetbrains.plugins.gradle.model.ProjectImportAction$MyBuildController.getModel(ProjectImportAction.java:603)
	at com.android.tools.idea.gradle.project.sync.AndroidExtraModelProviderWorker.findParameterizedAndroidModel(AndroidExtraModelProviderWorker.kt:333)
	at com.android.tools.idea.gradle.project.sync.AndroidExtraModelProviderWorker.access$findParameterizedAndroidModel(AndroidExtraModelProviderWorker.kt:58)
	at com.android.tools.idea.gradle.project.sync.AndroidExtraModelProviderWorker$populateAndroidModels$modules$1$1.invoke(AndroidExtraModelProviderWorker.kt:195)
	at com.android.tools.idea.gradle.project.sync.AndroidExtraModelProviderWorker$populateAndroidModels$modules$1$1.invoke(AndroidExtraModelProviderWorker.kt:153)
	at com.android.tools.idea.gradle.project.sync.SequentialSyncActionRunner.runAction(SyncActionRunner.kt:61)
	at com.android.tools.idea.gradle.project.sync.SequentialSyncActionRunner.runActions(SyncActionRunner.kt:57)
	at com.android.tools.idea.gradle.project.sync.AndroidExtraModelProviderWorker.populateAndroidModels(AndroidExtraModelProviderWorker.kt:151)
	at com.android.tools.idea.gradle.project.sync.AndroidExtraModelProviderWorker.populateBuildModels(AndroidExtraModelProviderWorker.kt:78)
	at com.android.tools.idea.gradle.project.sync.AndroidExtraModelProvider.populateBuildModels(AndroidExtraModelProvider.kt:59)
	at org.jetbrains.plugins.gradle.model.ProjectImportAction.addBuildModels(ProjectImportAction.java:334)
	at org.jetbrains.plugins.gradle.model.ProjectImportAction.execute(ProjectImportAction.java:127)
	at org.jetbrains.plugins.gradle.model.ProjectImportAction.execute(ProjectImportAction.java:42)
	at org.gradle.tooling.internal.consumer.connection.InternalBuildActionAdapter.execute(InternalBuildActionAdapter.java:64)
	at org.gradle.tooling.internal.provider.runner.AbstractClientProvidedBuildActionRunner$ActionAdapter.runAction(AbstractClientProvidedBuildActionRunner.java:131)
	at org.gradle.tooling.internal.provider.runner.AbstractClientProvidedBuildActionRunner$ActionAdapter.fromBuildModel(AbstractClientProvidedBuildActionRunner.java:104)
	at org.gradle.tooling.internal.provider.runner.AbstractClientProvidedBuildActionRunner$ActionAdapter.fromBuildModel(AbstractClientProvidedBuildActionRunner.java:84)
	at org.gradle.internal.buildtree.DefaultBuildTreeModelCreator.fromBuildModel(DefaultBuildTreeModelCreator.java:57)
	at org.gradle.internal.buildtree.DefaultBuildTreeLifecycleController.lambda$fromBuildModel$1(DefaultBuildTreeLifecycleController.java:82)
	at org.gradle.internal.buildtree.DefaultBuildTreeLifecycleController.lambda$runBuild$4(DefaultBuildTreeLifecycleController.java:106)
	at org.gradle.internal.model.StateTransitionController.lambda$transition$5(StateTransitionController.java:166)
	at org.gradle.internal.model.StateTransitionController.doTransition(StateTransitionController.java:247)
	at org.gradle.internal.model.StateTransitionController.lambda$transition$6(StateTransitionController.java:166)
	at org.gradle.internal.work.DefaultSynchronizer.withLock(DefaultSynchronizer.java:44)
	at org.gradle.internal.model.StateTransitionController.transition(StateTransitionController.java:166)
	at org.gradle.internal.buildtree.DefaultBuildTreeLifecycleController.runBuild(DefaultBuildTreeLifecycleController.java:103)
	at org.gradle.internal.buildtree.DefaultBuildTreeLifecycleController.fromBuildModel(DefaultBuildTreeLifecycleController.java:74)
	at org.gradle.tooling.internal.provider.runner.AbstractClientProvidedBuildActionRunner.runClientAction(AbstractClientProvidedBuildActionRunner.java:43)
	at org.gradle.tooling.internal.provider.runner.ClientProvidedPhasedActionRunner.run(ClientProvidedPhasedActionRunner.java:53)
	at org.gradle.launcher.exec.ChainingBuildActionRunner.run(ChainingBuildActionRunner.java:35)
	at org.gradle.internal.buildtree.ProblemReportingBuildActionRunner.run(ProblemReportingBuildActionRunner.java:49)
	at org.gradle.launcher.exec.BuildOutcomeReportingBuildActionRunner.run(BuildOutcomeReportingBuildActionRunner.java:65)
	at org.gradle.tooling.internal.provider.FileSystemWatchingBuildActionRunner.run(FileSystemWatchingBuildActionRunner.java:136)
	at org.gradle.launcher.exec.BuildCompletionNotifyingBuildActionRunner.run(BuildCompletionNotifyingBuildActionRunner.java:41)
	at org.gradle.launcher.exec.RootBuildLifecycleBuildActionExecutor.lambda$execute$0(RootBuildLifecycleBuildActionExecutor.java:40)
	at org.gradle.composite.internal.DefaultRootBuildState.run(DefaultRootBuildState.java:122)
	at org.gradle.launcher.exec.RootBuildLifecycleBuildActionExecutor.execute(RootBuildLifecycleBuildActionExecutor.java:40)
	at org.gradle.internal.buildtree.DefaultBuildTreeContext.execute(DefaultBuildTreeContext.java:40)
	at org.gradle.launcher.exec.BuildTreeLifecycleBuildActionExecutor.lambda$execute$0(BuildTreeLifecycleBuildActionExecutor.java:65)
	at org.gradle.internal.buildtree.BuildTreeState.run(BuildTreeState.java:53)
	at org.gradle.launcher.exec.BuildTreeLifecycleBuildActionExecutor.execute(BuildTreeLifecycleBuildActionExecutor.java:65)
	at org.gradle.launcher.exec.RunAsBuildOperationBuildActionExecutor$3.call(RunAsBuildOperationBuildActionExecutor.java:61)
	at org.gradle.launcher.exec.RunAsBuildOperationBuildActionExecutor$3.call(RunAsBuildOperationBuildActionExecutor.java:57)
	at org.gradle.internal.operations.DefaultBuildOperationRunner$CallableBuildOperationWorker.execute(DefaultBuildOperationRunner.java:204)
	at org.gradle.internal.operations.DefaultBuildOperationRunner$CallableBuildOperationWorker.execute(DefaultBuildOperationRunner.java:199)
	at org.gradle.internal.operations.DefaultBuildOperationRunner$2.execute(DefaultBuildOperationRunner.java:66)
	at org.gradle.internal.operations.DefaultBuildOperationRunner$2.execute(DefaultBuildOperationRunner.java:59)
	at org.gradle.internal.operations.DefaultBuildOperationRunner.execute(DefaultBuildOperationRunner.java:157)
	at org.gradle.internal.operations.DefaultBuildOperationRunner.execute(DefaultBuildOperationRunner.java:59)
	at org.gradle.internal.operations.DefaultBuildOperationRunner.call(DefaultBuildOperationRunner.java:53)
	at org.gradle.internal.operations.DefaultBuildOperationExecutor.call(DefaultBuildOperationExecutor.java:73)
	at org.gradle.launcher.exec.RunAsBuildOperationBuildActionExecutor.execute(RunAsBuildOperationBuildActionExecutor.java:57)
	at org.gradle.launcher.exec.RunAsWorkerThreadBuildActionExecutor.lambda$execute$0(RunAsWorkerThreadBuildActionExecutor.java:36)
	at org.gradle.internal.work.DefaultWorkerLeaseService.withLocks(DefaultWorkerLeaseService.java:249)
	at org.gradle.internal.work.DefaultWorkerLeaseService.runAsWorkerThread(DefaultWorkerLeaseService.java:109)
	at org.gradle.launcher.exec.RunAsWorkerThreadBuildActionExecutor.execute(RunAsWorkerThreadBuildActionExecutor.java:36)
	at org.gradle.tooling.internal.provider.continuous.ContinuousBuildActionExecutor.execute(ContinuousBuildActionExecutor.java:110)
	at org.gradle.tooling.internal.provider.SubscribableBuildActionExecutor.execute(SubscribableBuildActionExecutor.java:64)
	at org.gradle.internal.session.DefaultBuildSessionContext.execute(DefaultBuildSessionContext.java:46)
	at org.gradle.tooling.internal.provider.BuildSessionLifecycleBuildActionExecuter$ActionImpl.apply(BuildSessionLifecycleBuildActionExecuter.java:100)
	at org.gradle.tooling.internal.provider.BuildSessionLifecycleBuildActionExecuter$ActionImpl.apply(BuildSessionLifecycleBuildActionExecuter.java:88)
	at org.gradle.internal.session.BuildSessionState.run(BuildSessionState.java:69)
	at org.gradle.tooling.internal.provider.BuildSessionLifecycleBuildActionExecuter.execute(BuildSessionLifecycleBuildActionExecuter.java:62)
	at org.gradle.tooling.internal.provider.BuildSessionLifecycleBuildActionExecuter.execute(BuildSessionLifecycleBuildActionExecuter.java:41)
	at org.gradle.tooling.internal.provider.StartParamsValidatingActionExecuter.execute(StartParamsValidatingActionExecuter.java:63)
	at org.gradle.tooling.internal.provider.StartParamsValidatingActionExecuter.execute(StartParamsValidatingActionExecuter.java:31)
	at org.gradle.tooling.internal.provider.SessionFailureReportingActionExecuter.execute(SessionFailureReportingActionExecuter.java:52)
	at org.gradle.tooling.internal.provider.SessionFailureReportingActionExecuter.execute(SessionFailureReportingActionExecuter.java:40)
	at org.gradle.tooling.internal.provider.SetupLoggingActionExecuter.execute(SetupLoggingActionExecuter.java:47)
	at org.gradle.tooling.internal.provider.SetupLoggingActionExecuter.execute(SetupLoggingActionExecuter.java:31)
	at org.gradle.launcher.daemon.server.exec.ExecuteBuild.doBuild(ExecuteBuild.java:65)
	at org.gradle.launcher.daemon.server.exec.BuildCommandOnly.execute(BuildCommandOnly.java:37)
	at org.gradle.launcher.daemon.server.api.DaemonCommandExecution.proceed(DaemonCommandExecution.java:104)
	at org.gradle.launcher.daemon.server.exec.WatchForDisconnection.execute(WatchForDisconnection.java:39)
	at org.gradle.launcher.daemon.server.api.DaemonCommandExecution.proceed(DaemonCommandExecution.java:104)
	at org.gradle.launcher.daemon.server.exec.ResetDeprecationLogger.execute(ResetDeprecationLogger.java:29)
	at org.gradle.launcher.daemon.server.api.DaemonCommandExecution.proceed(DaemonCommandExecution.java:104)
	at org.gradle.launcher.daemon.server.exec.RequestStopIfSingleUsedDaemon.execute(RequestStopIfSingleUsedDaemon.java:35)
	at org.gradle.launcher.daemon.server.api.DaemonCommandExecution.proceed(DaemonCommandExecution.java:104)
	at org.gradle.launcher.daemon.server.exec.ForwardClientInput$2.create(ForwardClientInput.java:78)
	at org.gradle.launcher.daemon.server.exec.ForwardClientInput$2.create(ForwardClientInput.java:75)
	at org.gradle.util.internal.Swapper.swap(Swapper.java:38)
	at org.gradle.launcher.daemon.server.exec.ForwardClientInput.execute(ForwardClientInput.java:75)
	at org.gradle.launcher.daemon.server.api.DaemonCommandExecution.proceed(DaemonCommandExecution.java:104)
	at org.gradle.launcher.daemon.server.exec.LogAndCheckHealth.execute(LogAndCheckHealth.java:55)
	at org.gradle.launcher.daemon.server.api.DaemonCommandExecution.proceed(DaemonCommandExecution.java:104)
	at org.gradle.launcher.daemon.server.exec.LogToClient.doBuild(LogToClient.java:63)
	at org.gradle.launcher.daemon.server.exec.BuildCommandOnly.execute(BuildCommandOnly.java:37)
	at org.gradle.launcher.daemon.server.api.DaemonCommandExecution.proceed(DaemonCommandExecution.java:104)
	at org.gradle.launcher.daemon.server.exec.EstablishBuildEnvironment.doBuild(EstablishBuildEnvironment.java:84)
	at org.gradle.launcher.daemon.server.exec.BuildCommandOnly.execute(BuildCommandOnly.java:37)
	at org.gradle.launcher.daemon.server.api.DaemonCommandExecution.proceed(DaemonCommandExecution.java:104)
	at org.gradle.launcher.daemon.server.exec.StartBuildOrRespondWithBusy$1.run(StartBuildOrRespondWithBusy.java:52)
	at org.gradle.launcher.daemon.server.DaemonStateCoordinator$1.run(DaemonStateCoordinator.java:297)
	at org.gradle.internal.concurrent.ExecutorPolicy$CatchAndRecordFailures.onExecute(ExecutorPolicy.java:64)
	at org.gradle.internal.concurrent.ManagedExecutorImpl$1.run(ManagedExecutorImpl.java:48)
	at java.base/java.util.concurrent.ThreadPoolExecutor.runWorker(ThreadPoolExecutor.java:1128)
	at java.base/java.util.concurrent.ThreadPoolExecutor$Worker.run(ThreadPoolExecutor.java:628)
	at java.base/java.lang.Thread.run(Thread.java:829)



* Get more help at https://help.gradle.org

Deprecated Gradle features were used in this build, making it incompatible with Gradle 8.0.

You can use '--warning-mode all' to show the individual deprecation warnings and determine if they come from your own scripts or plugins.

See https://docs.gradle.org/7.5.1/userguide/command_line_interface.html#sec:command_line_warnings

BUILD FAILED in 2m 48s
2022-11-10T10:30:52.650-0300 [DEBUG] [org.gradle.launcher.daemon.server.exec.ExecuteBuild] The daemon has finished executing the build.
2022-11-10T10:30:52.655-0300 [DEBUG] [org.gradle.launcher.daemon.server.DaemonStateCoordinator] daemon is running. Sleeping until state changes.
2022-11-10T10:30:52.656-0300 [DEBUG] [org.gradle.launcher.daemon.server.DaemonStateCoordinator] Command execution: finished waiting for DaemonCommandExecution[command = Build{id=bd2e603b-8773-4e1d-a65d-5d7558714237, currentDir=/home/adolfo/Proyectos_Android/Evoluzion_3}, connection = DefaultDaemonConnection: socket connection from /127.0.0.1:39911 to /127.0.0.1:37500]. Result org.gradle.launcher.daemon.server.DaemonStateCoordinator@688e7942 with state Busy
2022-11-10T10:30:52.656-0300 [DEBUG] [org.gradle.launcher.daemon.server.DaemonStateCoordinator] Command execution: completed DaemonCommandExecution[command = Build{id=bd2e603b-8773-4e1d-a65d-5d7558714237, currentDir=/home/adolfo/Proyectos_Android/Evoluzion_3}, connection = DefaultDaemonConnection: socket connection from /127.0.0.1:39911 to /127.0.0.1:37500]
2022-11-10T10:30:52.656-0300 [DEBUG] [org.gradle.launcher.daemon.server.DaemonStateCoordinator] resetting idle timer
2022-11-10T10:30:52.657-0300 [INFO] [org.gradle.launcher.daemon.server.DaemonRegistryUpdater] Marking the daemon as idle, address: [627e0900-7489-471b-aa0a-f89250be0642 port:39911, addresses:[localhost/127.0.0.1]]
2022-11-10T10:30:52.657-0300 [DEBUG] [org.gradle.launcher.daemon.registry.PersistentDaemonRegistry] Marking busy by address: [627e0900-7489-471b-aa0a-f89250be0642 port:39911, addresses:[localhost/127.0.0.1]]
2022-11-10T10:30:52.657-0300 [DEBUG] [org.gradle.cache.internal.DefaultFileLockManager] Waiting to acquire exclusive lock on daemon addresses registry.
2022-11-10T10:30:52.657-0300 [DEBUG] [org.gradle.cache.internal.DefaultFileLockManager] Lock acquired on daemon addresses registry.
2022-11-10T10:30:52.658-0300 [DEBUG] [org.gradle.cache.internal.DefaultFileLockManager] Releasing lock on daemon addresses registry.
2022-11-10T10:30:52.659-0300 [DEBUG] [org.gradle.launcher.daemon.server.DaemonStateCoordinator] daemon is running. Sleeping until state changes.
2022-11-10T10:30:52.659-0300 [DEBUG] [org.gradle.launcher.daemon.server.exec.ReturnResult] Daemon is dispatching the build result: Success[value=org.gradle.launcher.exec.BuildActionResult@5e7f58c3]
2022-11-10T10:30:52.659-0300 [DEBUG] [org.gradle.launcher.daemon.server.SynchronizedDispatchConnection] thread 17: dispatching Success[value=org.gradle.launcher.exec.BuildActionResult@5e7f58c3]
2022-11-10T10:30:52.664-0300 [DEBUG] [org.gradle.launcher.daemon.server.DefaultIncomingConnectionHandler] Finishing executing command: Build{id=bd2e603b-8773-4e1d-a65d-5d7558714237, currentDir=/home/adolfo/Proyectos_Android/Evoluzion_3}
2022-11-10T10:30:52.705-0300 [DEBUG] [org.gradle.launcher.daemon.server.SynchronizedDispatchConnection] thread 18: received class org.gradle.launcher.daemon.protocol.Finished
2022-11-10T10:30:52.706-0300 [DEBUG] [org.gradle.launcher.daemon.server.DefaultDaemonConnection] thread 18: Received non-IO message from client: org.gradle.launcher.daemon.protocol.Finished@1f81f6dd
2022-11-10T10:30:52.706-0300 [DEBUG] [org.gradle.launcher.daemon.server.DefaultIncomingConnectionHandler] Received finished message: org.gradle.launcher.daemon.protocol.Finished@1f81f6dd
2022-11-10T10:30:52.706-0300 [DEBUG] [org.gradle.launcher.daemon.server.SynchronizedDispatchConnection] thread 17: stopping connection
2022-11-10T10:30:52.707-0300 [DEBUG] [org.gradle.internal.remote.internal.inet.SocketConnection] Discarding EOFException: java.io.EOFException
2022-11-10T10:30:52.708-0300 [DEBUG] [org.gradle.launcher.daemon.server.SynchronizedDispatchConnection] thread 18: received null
2022-11-10T10:30:52.708-0300 [DEBUG] [org.gradle.launcher.daemon.server.DefaultDaemonConnection] thread 18: Received end-of-input from client.
2022-11-10T10:30:52.709-0300 [DEBUG] [org.gradle.launcher.daemon.server.SynchronizedDispatchConnection] thread 17: stopping connection
2022-11-10T10:30:57.737-0300 [DEBUG] [org.gradle.cache.internal.DefaultFileLockManager] Waiting to acquire shared lock on daemon addresses registry.
2022-11-10T10:30:57.737-0300 [DEBUG] [org.gradle.cache.internal.DefaultFileLockManager] Lock acquired on daemon addresses registry.
2022-11-10T10:30:57.738-0300 [DEBUG] [org.gradle.cache.internal.DefaultFileLockManager] Releasing lock on daemon addresses registry.
2022-11-10T10:30:57.759-0300 [DEBUG] [org.gradle.cache.internal.DefaultFileLockManager] Waiting to acquire shared lock on daemon addresses registry.
2022-11-10T10:30:57.759-0300 [DEBUG] [org.gradle.cache.internal.DefaultFileLockManager] Lock acquired on daemon addresses registry.
2022-11-10T10:30:57.759-0300 [DEBUG] [org.gradle.cache.internal.DefaultFileLockManager] Releasing lock on daemon addresses registry.
2022-11-10T10:31:07.738-0300 [DEBUG] [org.gradle.cache.internal.DefaultFileLockManager] Waiting to acquire shared lock on daemon addresses registry.
2022-11-10T10:31:07.738-0300 [DEBUG] [org.gradle.cache.internal.DefaultFileLockManager] Lock acquired on daemon addresses registry.
2022-11-10T10:31:07.739-0300 [DEBUG] [org.gradle.cache.internal.DefaultFileLockManager] Releasing lock on daemon addresses registry.
2022-11-10T10:31:07.740-0300 [DEBUG] [org.gradle.cache.internal.DefaultFileLockManager] Waiting to acquire shared lock on daemon addresses registry.
2022-11-10T10:31:07.741-0300 [DEBUG] [org.gradle.cache.internal.DefaultFileLockManager] Lock acquired on daemon addresses registry.
2022-11-10T10:31:07.741-0300 [DEBUG] [org.gradle.cache.internal.DefaultFileLockManager] Releasing lock on daemon addresses registry.
2022-11-10T10:31:07.742-0300 [DEBUG] [org.gradle.cache.internal.DefaultFileLockManager] Waiting to acquire shared lock on daemon addresses registry.
2022-11-10T10:31:07.743-0300 [DEBUG] [org.gradle.cache.internal.DefaultFileLockManager] Lock acquired on daemon addresses registry.
2022-11-10T10:31:07.743-0300 [DEBUG] [org.gradle.cache.internal.DefaultFileLockManager] Releasing lock on daemon addresses registry.
2022-11-10T10:31:17.738-0300 [DEBUG] [org.gradle.cache.internal.DefaultFileLockManager] Waiting to acquire shared lock on daemon addresses registry.
2022-11-10T10:31:17.738-0300 [DEBUG] [org.gradle.cache.internal.DefaultFileLockManager] Lock acquired on daemon addresses registry.
2022-11-10T10:31:17.738-0300 [DEBUG] [org.gradle.cache.internal.DefaultFileLockManager] Releasing lock on daemon addresses registry.
2022-11-10T10:31:17.738-0300 [DEBUG] [org.gradle.cache.internal.DefaultFileLockManager] Waiting to acquire shared lock on daemon addresses registry.
2022-11-10T10:31:17.738-0300 [DEBUG] [org.gradle.cache.internal.DefaultFileLockManager] Lock acquired on daemon addresses registry.
2022-11-10T10:31:17.739-0300 [DEBUG] [org.gradle.cache.internal.DefaultFileLockManager] Releasing lock on daemon addresses registry.
2022-11-10T10:31:17.739-0300 [DEBUG] [org.gradle.cache.internal.DefaultFileLockManager] Waiting to acquire shared lock on daemon addresses registry.
2022-11-10T10:31:17.739-0300 [DEBUG] [org.gradle.cache.internal.DefaultFileLockManager] Lock acquired on daemon addresses registry.
2022-11-10T10:31:17.739-0300 [DEBUG] [org.gradle.cache.internal.DefaultFileLockManager] Releasing lock on daemon addresses registry.
2022-11-10T10:31:27.737-0300 [DEBUG] [org.gradle.cache.internal.DefaultFileLockManager] Waiting to acquire shared lock on daemon addresses registry.
2022-11-10T10:31:27.737-0300 [DEBUG] [org.gradle.cache.internal.DefaultFileLockManager] Lock acquired on daemon addresses registry.
2022-11-10T10:31:27.738-0300 [DEBUG] [org.gradle.cache.internal.DefaultFileLockManager] Releasing lock on daemon addresses registry.
2022-11-10T10:31:27.739-0300 [DEBUG] [org.gradle.cache.internal.DefaultFileLockManager] Waiting to acquire shared lock on daemon addresses registry.
2022-11-10T10:31:27.739-0300 [DEBUG] [org.gradle.cache.internal.DefaultFileLockManager] Lock acquired on daemon addresses registry.
2022-11-10T10:31:27.739-0300 [DEBUG] [org.gradle.cache.internal.DefaultFileLockManager] Releasing lock on daemon addresses registry.
2022-11-10T10:31:27.740-0300 [DEBUG] [org.gradle.cache.internal.DefaultFileLockManager] Waiting to acquire shared lock on daemon addresses registry.
2022-11-10T10:31:27.740-0300 [DEBUG] [org.gradle.cache.internal.DefaultFileLockManager] Lock acquired on daemon addresses registry.
2022-11-10T10:31:27.740-0300 [DEBUG] [org.gradle.cache.internal.DefaultFileLockManager] Releasing lock on daemon addresses registry.
2022-11-10T10:31:37.738-0300 [DEBUG] [org.gradle.cache.internal.DefaultFileLockManager] Waiting to acquire shared lock on daemon addresses registry.
2022-11-10T10:31:37.738-0300 [DEBUG] [org.gradle.cache.internal.DefaultFileLockManager] Lock acquired on daemon addresses registry.
2022-11-10T10:31:37.739-0300 [DEBUG] [org.gradle.cache.internal.DefaultFileLockManager] Releasing lock on daemon addresses registry.
2022-11-10T10:31:37.739-0300 [DEBUG] [org.gradle.cache.internal.DefaultFileLockManager] Waiting to acquire shared lock on daemon addresses registry.
2022-11-10T10:31:37.740-0300 [DEBUG] [org.gradle.cache.internal.DefaultFileLockManager] Lock acquired on daemon addresses registry.
2022-11-10T10:31:37.740-0300 [DEBUG] [org.gradle.cache.internal.DefaultFileLockManager] Releasing lock on daemon addresses registry.
2022-11-10T10:31:37.741-0300 [DEBUG] [org.gradle.cache.internal.DefaultFileLockManager] Waiting to acquire shared lock on daemon addresses registry.
2022-11-10T10:31:37.741-0300 [DEBUG] [org.gradle.cache.internal.DefaultFileLockManager] Lock acquired on daemon addresses registry.
2022-11-10T10:31:37.741-0300 [DEBUG] [org.gradle.cache.internal.DefaultFileLockManager] Releasing lock on daemon addresses registry.
2022-11-10T10:31:47.738-0300 [DEBUG] [org.gradle.cache.internal.DefaultFileLockManager] Waiting to acquire shared lock on daemon addresses registry.
2022-11-10T10:31:47.738-0300 [DEBUG] [org.gradle.cache.internal.DefaultFileLockManager] Lock acquired on daemon addresses registry.
2022-11-10T10:31:47.739-0300 [DEBUG] [org.gradle.cache.internal.DefaultFileLockManager] Releasing lock on daemon addresses registry.
2022-11-10T10:31:47.740-0300 [DEBUG] [org.gradle.cache.internal.DefaultFileLockManager] Waiting to acquire shared lock on daemon addresses registry.
2022-11-10T10:31:47.740-0300 [DEBUG] [org.gradle.cache.internal.DefaultFileLockManager] Lock acquired on daemon addresses registry.
2022-11-10T10:31:47.740-0300 [DEBUG] [org.gradle.cache.internal.DefaultFileLockManager] Releasing lock on daemon addresses registry.
2022-11-10T10:31:47.741-0300 [DEBUG] [org.gradle.cache.internal.DefaultFileLockManager] Waiting to acquire shared lock on daemon addresses registry.
2022-11-10T10:31:47.741-0300 [DEBUG] [org.gradle.cache.internal.DefaultFileLockManager] Lock acquired on daemon addresses registry.
2022-11-10T10:31:47.742-0300 [DEBUG] [org.gradle.cache.internal.DefaultFileLockManager] Releasing lock on daemon addresses registry.
2022-11-10T10:31:57.738-0300 [DEBUG] [org.gradle.cache.internal.DefaultFileLockManager] Waiting to acquire shared lock on daemon addresses registry.
2022-11-10T10:31:57.738-0300 [DEBUG] [org.gradle.cache.internal.DefaultFileLockManager] Lock acquired on daemon addresses registry.
2022-11-10T10:31:57.739-0300 [DEBUG] [org.gradle.cache.internal.DefaultFileLockManager] Releasing lock on daemon addresses registry.
2022-11-10T10:31:57.739-0300 [DEBUG] [org.gradle.cache.internal.DefaultFileLockManager] Waiting to acquire shared lock on daemon addresses registry.
2022-11-10T10:31:57.740-0300 [DEBUG] [org.gradle.cache.internal.DefaultFileLockManager] Lock acquired on daemon addresses registry.
2022-11-10T10:31:57.740-0300 [DEBUG] [org.gradle.cache.internal.DefaultFileLockManager] Releasing lock on daemon addresses registry.
2022-11-10T10:31:57.741-0300 [DEBUG] [org.gradle.cache.internal.DefaultFileLockManager] Waiting to acquire shared lock on daemon addresses registry.
2022-11-10T10:31:57.741-0300 [DEBUG] [org.gradle.cache.internal.DefaultFileLockManager] Lock acquired on daemon addresses registry.
2022-11-10T10:31:57.741-0300 [DEBUG] [org.gradle.cache.internal.DefaultFileLockManager] Releasing lock on daemon addresses registry.
2022-11-10T10:32:07.738-0300 [DEBUG] [org.gradle.cache.internal.DefaultFileLockManager] Waiting to acquire shared lock on daemon addresses registry.
2022-11-10T10:32:07.738-0300 [DEBUG] [org.gradle.cache.internal.DefaultFileLockManager] Lock acquired on daemon addresses registry.
2022-11-10T10:32:07.739-0300 [DEBUG] [org.gradle.cache.internal.DefaultFileLockManager] Releasing lock on daemon addresses registry.
2022-11-10T10:32:07.739-0300 [DEBUG] [org.gradle.cache.internal.DefaultFileLockManager] Waiting to acquire shared lock on daemon addresses registry.
2022-11-10T10:32:07.740-0300 [DEBUG] [org.gradle.cache.internal.DefaultFileLockManager] Lock acquired on daemon addresses registry.
2022-11-10T10:32:07.740-0300 [DEBUG] [org.gradle.cache.internal.DefaultFileLockManager] Releasing lock on daemon addresses registry.
2022-11-10T10:32:07.740-0300 [DEBUG] [org.gradle.cache.internal.DefaultFileLockManager] Waiting to acquire shared lock on daemon addresses registry.
2022-11-10T10:32:07.741-0300 [DEBUG] [org.gradle.cache.internal.DefaultFileLockManager] Lock acquired on daemon addresses registry.
2022-11-10T10:32:07.741-0300 [DEBUG] [org.gradle.cache.internal.DefaultFileLockManager] Releasing lock on daemon addresses registry.
2022-11-10T10:32:17.738-0300 [DEBUG] [org.gradle.cache.internal.DefaultFileLockManager] Waiting to acquire shared lock on daemon addresses registry.
2022-11-10T10:32:17.738-0300 [DEBUG] [org.gradle.cache.internal.DefaultFileLockManager] Lock acquired on daemon addresses registry.
2022-11-10T10:32:17.739-0300 [DEBUG] [org.gradle.cache.internal.DefaultFileLockManager] Releasing lock on daemon addresses registry.
2022-11-10T10:32:17.739-0300 [DEBUG] [org.gradle.cache.internal.DefaultFileLockManager] Waiting to acquire shared lock on daemon addresses registry.
2022-11-10T10:32:17.740-0300 [DEBUG] [org.gradle.cache.internal.DefaultFileLockManager] Lock acquired on daemon addresses registry.
2022-11-10T10:32:17.740-0300 [DEBUG] [org.gradle.cache.internal.DefaultFileLockManager] Releasing lock on daemon addresses registry.
2022-11-10T10:32:17.741-0300 [DEBUG] [org.gradle.cache.internal.DefaultFileLockManager] Waiting to acquire shared lock on daemon addresses registry.
2022-11-10T10:32:17.741-0300 [DEBUG] [org.gradle.cache.internal.DefaultFileLockManager] Lock acquired on daemon addresses registry.
2022-11-10T10:32:17.741-0300 [DEBUG] [org.gradle.cache.internal.DefaultFileLockManager] Releasing lock on daemon addresses registry.
2022-11-10T10:32:27.737-0300 [DEBUG] [org.gradle.cache.internal.DefaultFileLockManager] Waiting to acquire shared lock on daemon addresses registry.
2022-11-10T10:32:27.737-0300 [DEBUG] [org.gradle.cache.internal.DefaultFileLockManager] Lock acquired on daemon addresses registry.
2022-11-10T10:32:27.737-0300 [DEBUG] [org.gradle.cache.internal.DefaultFileLockManager] Releasing lock on daemon addresses registry.
2022-11-10T10:32:27.738-0300 [DEBUG] [org.gradle.cache.internal.DefaultFileLockManager] Waiting to acquire shared lock on daemon addresses registry.
2022-11-10T10:32:27.738-0300 [DEBUG] [org.gradle.cache.internal.DefaultFileLockManager] Lock acquired on daemon addresses registry.
2022-11-10T10:32:27.738-0300 [DEBUG] [org.gradle.cache.internal.DefaultFileLockManager] Releasing lock on daemon addresses registry.
2022-11-10T10:32:27.739-0300 [DEBUG] [org.gradle.cache.internal.DefaultFileLockManager] Waiting to acquire shared lock on daemon addresses registry.
2022-11-10T10:32:27.739-0300 [DEBUG] [org.gradle.cache.internal.DefaultFileLockManager] Lock acquired on daemon addresses registry.
2022-11-10T10:32:27.739-0300 [DEBUG] [org.gradle.cache.internal.DefaultFileLockManager] Releasing lock on daemon addresses registry.
2022-11-10T10:32:37.737-0300 [DEBUG] [org.gradle.cache.internal.DefaultFileLockManager] Waiting to acquire shared lock on daemon addresses registry.
2022-11-10T10:32:37.737-0300 [DEBUG] [org.gradle.cache.internal.DefaultFileLockManager] Lock acquired on daemon addresses registry.
2022-11-10T10:32:37.738-0300 [DEBUG] [org.gradle.cache.internal.DefaultFileLockManager] Releasing lock on daemon addresses registry.
2022-11-10T10:32:37.738-0300 [DEBUG] [org.gradle.cache.internal.DefaultFileLockManager] Waiting to acquire shared lock on daemon addresses registry.
2022-11-10T10:32:37.739-0300 [DEBUG] [org.gradle.cache.internal.DefaultFileLockManager] Lock acquired on daemon addresses registry.
2022-11-10T10:32:37.739-0300 [DEBUG] [org.gradle.cache.internal.DefaultFileLockManager] Releasing lock on daemon addresses registry.
2022-11-10T10:32:37.739-0300 [DEBUG] [org.gradle.cache.internal.DefaultFileLockManager] Waiting to acquire shared lock on daemon addresses registry.
2022-11-10T10:32:37.740-0300 [DEBUG] [org.gradle.cache.internal.DefaultFileLockManager] Lock acquired on daemon addresses registry.
2022-11-10T10:32:37.740-0300 [DEBUG] [org.gradle.cache.internal.DefaultFileLockManager] Releasing lock on daemon addresses registry.
2022-11-10T10:32:47.737-0300 [DEBUG] [org.gradle.cache.internal.DefaultFileLockManager] Waiting to acquire shared lock on daemon addresses registry.
2022-11-10T10:32:47.737-0300 [DEBUG] [org.gradle.cache.internal.DefaultFileLockManager] Lock acquired on daemon addresses registry.
2022-11-10T10:32:47.738-0300 [DEBUG] [org.gradle.cache.internal.DefaultFileLockManager] Releasing lock on daemon addresses registry.
2022-11-10T10:32:47.739-0300 [DEBUG] [org.gradle.cache.internal.DefaultFileLockManager] Waiting to acquire shared lock on daemon addresses registry.
2022-11-10T10:32:47.739-0300 [DEBUG] [org.gradle.cache.internal.DefaultFileLockManager] Lock acquired on daemon addresses registry.
2022-11-10T10:32:47.739-0300 [DEBUG] [org.gradle.cache.internal.DefaultFileLockManager] Releasing lock on daemon addresses registry.
2022-11-10T10:32:47.740-0300 [DEBUG] [org.gradle.cache.internal.DefaultFileLockManager] Waiting to acquire shared lock on daemon addresses registry.
2022-11-10T10:32:47.740-0300 [DEBUG] [org.gradle.cache.internal.DefaultFileLockManager] Lock acquired on daemon addresses registry.
2022-11-10T10:32:47.740-0300 [DEBUG] [org.gradle.cache.internal.DefaultFileLockManager] Releasing lock on daemon addresses registry.
2022-11-10T10:32:57.737-0300 [DEBUG] [org.gradle.cache.internal.DefaultFileLockManager] Waiting to acquire shared lock on daemon addresses registry.
2022-11-10T10:32:57.737-0300 [DEBUG] [org.gradle.cache.internal.DefaultFileLockManager] Lock acquired on daemon addresses registry.
2022-11-10T10:32:57.738-0300 [DEBUG] [org.gradle.cache.internal.DefaultFileLockManager] Releasing lock on daemon addresses registry.
2022-11-10T10:32:57.739-0300 [DEBUG] [org.gradle.cache.internal.DefaultFileLockManager] Waiting to acquire shared lock on daemon addresses registry.
2022-11-10T10:32:57.739-0300 [DEBUG] [org.gradle.cache.internal.DefaultFileLockManager] Lock acquired on daemon addresses registry.
2022-11-10T10:32:57.739-0300 [DEBUG] [org.gradle.cache.internal.DefaultFileLockManager] Releasing lock on daemon addresses registry.
2022-11-10T10:32:57.740-0300 [DEBUG] [org.gradle.cache.internal.DefaultFileLockManager] Waiting to acquire shared lock on daemon addresses registry.
2022-11-10T10:32:57.740-0300 [DEBUG] [org.gradle.cache.internal.DefaultFileLockManager] Lock acquired on daemon addresses registry.
2022-11-10T10:32:57.740-0300 [DEBUG] [org.gradle.cache.internal.DefaultFileLockManager] Releasing lock on daemon addresses registry.
2022-11-10T10:33:07.738-0300 [DEBUG] [org.gradle.cache.internal.DefaultFileLockManager] Waiting to acquire shared lock on daemon addresses registry.
2022-11-10T10:33:07.738-0300 [DEBUG] [org.gradle.cache.internal.DefaultFileLockManager] Lock acquired on daemon addresses registry.
2022-11-10T10:33:07.738-0300 [DEBUG] [org.gradle.cache.internal.DefaultFileLockManager] Releasing lock on daemon addresses registry.
2022-11-10T10:33:07.739-0300 [DEBUG] [org.gradle.cache.internal.DefaultFileLockManager] Waiting to acquire shared lock on daemon addresses registry.
2022-11-10T10:33:07.739-0300 [DEBUG] [org.gradle.cache.internal.DefaultFileLockManager] Lock acquired on daemon addresses registry.
2022-11-10T10:33:07.739-0300 [DEBUG] [org.gradle.cache.internal.DefaultFileLockManager] Releasing lock on daemon addresses registry.
2022-11-10T10:33:07.740-0300 [DEBUG] [org.gradle.cache.internal.DefaultFileLockManager] Waiting to acquire shared lock on daemon addresses registry.
2022-11-10T10:33:07.740-0300 [DEBUG] [org.gradle.cache.internal.DefaultFileLockManager] Lock acquired on daemon addresses registry.
2022-11-10T10:33:07.741-0300 [DEBUG] [org.gradle.cache.internal.DefaultFileLockManager] Releasing lock on daemon addresses registry.
2022-11-10T10:33:17.737-0300 [DEBUG] [org.gradle.cache.internal.DefaultFileLockManager] Waiting to acquire shared lock on daemon addresses registry.
2022-11-10T10:33:17.737-0300 [DEBUG] [org.gradle.cache.internal.DefaultFileLockManager] Lock acquired on daemon addresses registry.
2022-11-10T10:33:17.738-0300 [DEBUG] [org.gradle.cache.internal.DefaultFileLockManager] Releasing lock on daemon addresses registry.
2022-11-10T10:33:17.738-0300 [DEBUG] [org.gradle.cache.internal.DefaultFileLockManager] Waiting to acquire shared lock on daemon addresses registry.
2022-11-10T10:33:17.739-0300 [DEBUG] [org.gradle.cache.internal.DefaultFileLockManager] Lock acquired on daemon addresses registry.
2022-11-10T10:33:17.739-0300 [DEBUG] [org.gradle.cache.internal.DefaultFileLockManager] Releasing lock on daemon addresses registry.
2022-11-10T10:33:17.740-0300 [DEBUG] [org.gradle.cache.internal.DefaultFileLockManager] Waiting to acquire shared lock on daemon addresses registry.
2022-11-10T10:33:17.740-0300 [DEBUG] [org.gradle.cache.internal.DefaultFileLockManager] Lock acquired on daemon addresses registry.
2022-11-10T10:33:17.741-0300 [DEBUG] [org.gradle.cache.internal.DefaultFileLockManager] Releasing lock on daemon addresses registry.
2022-11-10T10:33:27.738-0300 [DEBUG] [org.gradle.cache.internal.DefaultFileLockManager] Waiting to acquire shared lock on daemon addresses registry.
2022-11-10T10:33:27.738-0300 [DEBUG] [org.gradle.cache.internal.DefaultFileLockManager] Lock acquired on daemon addresses registry.
2022-11-10T10:33:27.738-0300 [DEBUG] [org.gradle.cache.internal.DefaultFileLockManager] Releasing lock on daemon addresses registry.
2022-11-10T10:33:27.739-0300 [DEBUG] [org.gradle.cache.internal.DefaultFileLockManager] Waiting to acquire shared lock on daemon addresses registry.
2022-11-10T10:33:27.739-0300 [DEBUG] [org.gradle.cache.internal.DefaultFileLockManager] Lock acquired on daemon addresses registry.
2022-11-10T10:33:27.740-0300 [DEBUG] [org.gradle.cache.internal.DefaultFileLockManager] Releasing lock on daemon addresses registry.
2022-11-10T10:33:27.740-0300 [DEBUG] [org.gradle.cache.internal.DefaultFileLockManager] Waiting to acquire shared lock on daemon addresses registry.
2022-11-10T10:33:27.740-0300 [DEBUG] [org.gradle.cache.internal.DefaultFileLockManager] Lock acquired on daemon addresses registry.
2022-11-10T10:33:27.741-0300 [DEBUG] [org.gradle.cache.internal.DefaultFileLockManager] Releasing lock on daemon addresses registry.
2022-11-10T10:33:37.737-0300 [DEBUG] [org.gradle.cache.internal.DefaultFileLockManager] Waiting to acquire shared lock on daemon addresses registry.
2022-11-10T10:33:37.737-0300 [DEBUG] [org.gradle.cache.internal.DefaultFileLockManager] Lock acquired on daemon addresses registry.
2022-11-10T10:33:37.738-0300 [DEBUG] [org.gradle.cache.internal.DefaultFileLockManager] Releasing lock on daemon addresses registry.
2022-11-10T10:33:37.738-0300 [DEBUG] [org.gradle.cache.internal.DefaultFileLockManager] Waiting to acquire shared lock on daemon addresses registry.
2022-11-10T10:33:37.739-0300 [DEBUG] [org.gradle.cache.internal.DefaultFileLockManager] Lock acquired on daemon addresses registry.
2022-11-10T10:33:37.739-0300 [DEBUG] [org.gradle.cache.internal.DefaultFileLockManager] Releasing lock on daemon addresses registry.
2022-11-10T10:33:37.740-0300 [DEBUG] [org.gradle.cache.internal.DefaultFileLockManager] Waiting to acquire shared lock on daemon addresses registry.
2022-11-10T10:33:37.740-0300 [DEBUG] [org.gradle.cache.internal.DefaultFileLockManager] Lock acquired on daemon addresses registry.
2022-11-10T10:33:37.740-0300 [DEBUG] [org.gradle.cache.internal.DefaultFileLockManager] Releasing lock on daemon addresses registry.
2022-11-10T10:33:47.737-0300 [DEBUG] [org.gradle.cache.internal.DefaultFileLockManager] Waiting to acquire shared lock on daemon addresses registry.
2022-11-10T10:33:47.737-0300 [DEBUG] [org.gradle.cache.internal.DefaultFileLockManager] Lock acquired on daemon addresses registry.
2022-11-10T10:33:47.738-0300 [DEBUG] [org.gradle.cache.internal.DefaultFileLockManager] Releasing lock on daemon addresses registry.
2022-11-10T10:33:47.738-0300 [DEBUG] [org.gradle.cache.internal.DefaultFileLockManager] Waiting to acquire shared lock on daemon addresses registry.
2022-11-10T10:33:47.738-0300 [DEBUG] [org.gradle.cache.internal.DefaultFileLockManager] Lock acquired on daemon addresses registry.
2022-11-10T10:33:47.739-0300 [DEBUG] [org.gradle.cache.internal.DefaultFileLockManager] Releasing lock on daemon addresses registry.
2022-11-10T10:33:47.740-0300 [DEBUG] [org.gradle.cache.internal.DefaultFileLockManager] Waiting to acquire shared lock on daemon addresses registry.
2022-11-10T10:33:47.740-0300 [DEBUG] [org.gradle.cache.internal.DefaultFileLockManager] Lock acquired on daemon addresses registry.
2022-11-10T10:33:47.740-0300 [DEBUG] [org.gradle.cache.internal.DefaultFileLockManager] Releasing lock on daemon addresses registry.
2022-11-10T10:33:57.737-0300 [DEBUG] [org.gradle.cache.internal.DefaultFileLockManager] Waiting to acquire shared lock on daemon addresses registry.
2022-11-10T10:33:57.737-0300 [DEBUG] [org.gradle.cache.internal.DefaultFileLockManager] Lock acquired on daemon addresses registry.
2022-11-10T10:33:57.738-0300 [DEBUG] [org.gradle.cache.internal.DefaultFileLockManager] Releasing lock on daemon addresses registry.
2022-11-10T10:33:57.738-0300 [DEBUG] [org.gradle.cache.internal.DefaultFileLockManager] Waiting to acquire shared lock on daemon addresses registry.
2022-11-10T10:33:57.739-0300 [DEBUG] [org.gradle.cache.internal.DefaultFileLockManager] Lock acquired on daemon addresses registry.
2022-11-10T10:33:57.739-0300 [DEBUG] [org.gradle.cache.internal.DefaultFileLockManager] Releasing lock on daemon addresses registry.
2022-11-10T10:33:57.739-0300 [DEBUG] [org.gradle.cache.internal.DefaultFileLockManager] Waiting to acquire shared lock on daemon addresses registry.
2022-11-10T10:33:57.740-0300 [DEBUG] [org.gradle.cache.internal.DefaultFileLockManager] Lock acquired on daemon addresses registry.
2022-11-10T10:33:57.740-0300 [DEBUG] [org.gradle.cache.internal.DefaultFileLockManager] Releasing lock on daemon addresses registry.
2022-11-10T10:34:07.737-0300 [DEBUG] [org.gradle.cache.internal.DefaultFileLockManager] Waiting to acquire shared lock on daemon addresses registry.
2022-11-10T10:34:07.737-0300 [DEBUG] [org.gradle.cache.internal.DefaultFileLockManager] Lock acquired on daemon addresses registry.
2022-11-10T10:34:07.738-0300 [DEBUG] [org.gradle.cache.internal.DefaultFileLockManager] Releasing lock on daemon addresses registry.
2022-11-10T10:34:07.738-0300 [DEBUG] [org.gradle.cache.internal.DefaultFileLockManager] Waiting to acquire shared lock on daemon addresses registry.
2022-11-10T10:34:07.739-0300 [DEBUG] [org.gradle.cache.internal.DefaultFileLockManager] Lock acquired on daemon addresses registry.
2022-11-10T10:34:07.739-0300 [DEBUG] [org.gradle.cache.internal.DefaultFileLockManager] Releasing lock on daemon addresses registry.
2022-11-10T10:34:07.739-0300 [DEBUG] [org.gradle.cache.internal.DefaultFileLockManager] Waiting to acquire shared lock on daemon addresses registry.
2022-11-10T10:34:07.740-0300 [DEBUG] [org.gradle.cache.internal.DefaultFileLockManager] Lock acquired on daemon addresses registry.
2022-11-10T10:34:07.740-0300 [DEBUG] [org.gradle.cache.internal.DefaultFileLockManager] Releasing lock on daemon addresses registry.
2022-11-10T10:34:17.738-0300 [DEBUG] [org.gradle.cache.internal.DefaultFileLockManager] Waiting to acquire shared lock on daemon addresses registry.
2022-11-10T10:34:17.738-0300 [DEBUG] [org.gradle.cache.internal.DefaultFileLockManager] Lock acquired on daemon addresses registry.
2022-11-10T10:34:17.738-0300 [DEBUG] [org.gradle.cache.internal.DefaultFileLockManager] Releasing lock on daemon addresses registry.
2022-11-10T10:34:17.738-0300 [DEBUG] [org.gradle.cache.internal.DefaultFileLockManager] Waiting to acquire shared lock on daemon addresses registry.
2022-11-10T10:34:17.738-0300 [DEBUG] [org.gradle.cache.internal.DefaultFileLockManager] Lock acquired on daemon addresses registry.
2022-11-10T10:34:17.738-0300 [DEBUG] [org.gradle.cache.internal.DefaultFileLockManager] Releasing lock on daemon addresses registry.
2022-11-10T10:34:17.739-0300 [DEBUG] [org.gradle.cache.internal.DefaultFileLockManager] Waiting to acquire shared lock on daemon addresses registry.
2022-11-10T10:34:17.739-0300 [DEBUG] [org.gradle.cache.internal.DefaultFileLockManager] Lock acquired on daemon addresses registry.
2022-11-10T10:34:17.739-0300 [DEBUG] [org.gradle.cache.internal.DefaultFileLockManager] Releasing lock on daemon addresses registry.
2022-11-10T10:34:27.737-0300 [DEBUG] [org.gradle.cache.internal.DefaultFileLockManager] Waiting to acquire shared lock on daemon addresses registry.
2022-11-10T10:34:27.737-0300 [DEBUG] [org.gradle.cache.internal.DefaultFileLockManager] Lock acquired on daemon addresses registry.
2022-11-10T10:34:27.738-0300 [DEBUG] [org.gradle.cache.internal.DefaultFileLockManager] Releasing lock on daemon addresses registry.
2022-11-10T10:34:27.738-0300 [DEBUG] [org.gradle.cache.internal.DefaultFileLockManager] Waiting to acquire shared lock on daemon addresses registry.
2022-11-10T10:34:27.738-0300 [DEBUG] [org.gradle.cache.internal.DefaultFileLockManager] Lock acquired on daemon addresses registry.
2022-11-10T10:34:27.739-0300 [DEBUG] [org.gradle.cache.internal.DefaultFileLockManager] Releasing lock on daemon addresses registry.
2022-11-10T10:34:27.739-0300 [DEBUG] [org.gradle.cache.internal.DefaultFileLockManager] Waiting to acquire shared lock on daemon addresses registry.
2022-11-10T10:34:27.739-0300 [DEBUG] [org.gradle.cache.internal.DefaultFileLockManager] Lock acquired on daemon addresses registry.
2022-11-10T10:34:27.739-0300 [DEBUG] [org.gradle.cache.internal.DefaultFileLockManager] Releasing lock on daemon addresses registry.
2022-11-10T10:34:37.737-0300 [DEBUG] [org.gradle.cache.internal.DefaultFileLockManager] Waiting to acquire shared lock on daemon addresses registry.
2022-11-10T10:34:37.737-0300 [DEBUG] [org.gradle.cache.internal.DefaultFileLockManager] Lock acquired on daemon addresses registry.
2022-11-10T10:34:37.737-0300 [DEBUG] [org.gradle.cache.internal.DefaultFileLockManager] Releasing lock on daemon addresses registry.
2022-11-10T10:34:37.737-0300 [DEBUG] [org.gradle.cache.internal.DefaultFileLockManager] Waiting to acquire shared lock on daemon addresses registry.
2022-11-10T10:34:37.737-0300 [DEBUG] [org.gradle.cache.internal.DefaultFileLockManager] Lock acquired on daemon addresses registry.
2022-11-10T10:34:37.738-0300 [DEBUG] [org.gradle.cache.internal.DefaultFileLockManager] Releasing lock on daemon addresses registry.
2022-11-10T10:34:37.738-0300 [DEBUG] [org.gradle.cache.internal.DefaultFileLockManager] Waiting to acquire shared lock on daemon addresses registry.
2022-11-10T10:34:37.738-0300 [DEBUG] [org.gradle.cache.internal.DefaultFileLockManager] Lock acquired on daemon addresses registry.
2022-11-10T10:34:37.738-0300 [DEBUG] [org.gradle.cache.internal.DefaultFileLockManager] Releasing lock on daemon addresses registry.
2022-11-10T10:34:47.737-0300 [DEBUG] [org.gradle.cache.internal.DefaultFileLockManager] Waiting to acquire shared lock on daemon addresses registry.
2022-11-10T10:34:47.737-0300 [DEBUG] [org.gradle.cache.internal.DefaultFileLockManager] Lock acquired on daemon addresses registry.
2022-11-10T10:34:47.738-0300 [DEBUG] [org.gradle.cache.internal.DefaultFileLockManager] Releasing lock on daemon addresses registry.
2022-11-10T10:34:47.738-0300 [DEBUG] [org.gradle.cache.internal.DefaultFileLockManager] Waiting to acquire shared lock on daemon addresses registry.
2022-11-10T10:34:47.739-0300 [DEBUG] [org.gradle.cache.internal.DefaultFileLockManager] Lock acquired on daemon addresses registry.
2022-11-10T10:34:47.739-0300 [DEBUG] [org.gradle.cache.internal.DefaultFileLockManager] Releasing lock on daemon addresses registry.
2022-11-10T10:34:47.739-0300 [DEBUG] [org.gradle.cache.internal.DefaultFileLockManager] Waiting to acquire shared lock on daemon addresses registry.
2022-11-10T10:34:47.740-0300 [DEBUG] [org.gradle.cache.internal.DefaultFileLockManager] Lock acquired on daemon addresses registry.
2022-11-10T10:34:47.740-0300 [DEBUG] [org.gradle.cache.internal.DefaultFileLockManager] Releasing lock on daemon addresses registry.
2022-11-10T10:34:57.738-0300 [DEBUG] [org.gradle.cache.internal.DefaultFileLockManager] Waiting to acquire shared lock on daemon addresses registry.
2022-11-10T10:34:57.738-0300 [DEBUG] [org.gradle.cache.internal.DefaultFileLockManager] Lock acquired on daemon addresses registry.
2022-11-10T10:34:57.738-0300 [DEBUG] [org.gradle.cache.internal.DefaultFileLockManager] Releasing lock on daemon addresses registry.
2022-11-10T10:34:57.739-0300 [DEBUG] [org.gradle.cache.internal.DefaultFileLockManager] Waiting to acquire shared lock on daemon addresses registry.
2022-11-10T10:34:57.739-0300 [DEBUG] [org.gradle.cache.internal.DefaultFileLockManager] Lock acquired on daemon addresses registry.
2022-11-10T10:34:57.740-0300 [DEBUG] [org.gradle.cache.internal.DefaultFileLockManager] Releasing lock on daemon addresses registry.
2022-11-10T10:34:57.740-0300 [DEBUG] [org.gradle.cache.internal.DefaultFileLockManager] Waiting to acquire shared lock on daemon addresses registry.
2022-11-10T10:34:57.741-0300 [DEBUG] [org.gradle.cache.internal.DefaultFileLockManager] Lock acquired on daemon addresses registry.
2022-11-10T10:34:57.741-0300 [DEBUG] [org.gradle.cache.internal.DefaultFileLockManager] Releasing lock on daemon addresses registry.
2022-11-10T10:35:07.737-0300 [DEBUG] [org.gradle.cache.internal.DefaultFileLockManager] Waiting to acquire shared lock on daemon addresses registry.
2022-11-10T10:35:07.738-0300 [DEBUG] [org.gradle.cache.internal.DefaultFileLockManager] Lock acquired on daemon addresses registry.
2022-11-10T10:35:07.738-0300 [DEBUG] [org.gradle.cache.internal.DefaultFileLockManager] Releasing lock on daemon addresses registry.
2022-11-10T10:35:07.739-0300 [DEBUG] [org.gradle.cache.internal.DefaultFileLockManager] Waiting to acquire shared lock on daemon addresses registry.
2022-11-10T10:35:07.739-0300 [DEBUG] [org.gradle.cache.internal.DefaultFileLockManager] Lock acquired on daemon addresses registry.
2022-11-10T10:35:07.739-0300 [DEBUG] [org.gradle.cache.internal.DefaultFileLockManager] Releasing lock on daemon addresses registry.
2022-11-10T10:35:07.740-0300 [DEBUG] [org.gradle.cache.internal.DefaultFileLockManager] Waiting to acquire shared lock on daemon addresses registry.
2022-11-10T10:35:07.740-0300 [DEBUG] [org.gradle.cache.internal.DefaultFileLockManager] Lock acquired on daemon addresses registry.
2022-11-10T10:35:07.741-0300 [DEBUG] [org.gradle.cache.internal.DefaultFileLockManager] Releasing lock on daemon addresses registry.
2022-11-10T10:35:17.737-0300 [DEBUG] [org.gradle.cache.internal.DefaultFileLockManager] Waiting to acquire shared lock on daemon addresses registry.
2022-11-10T10:35:17.737-0300 [DEBUG] [org.gradle.cache.internal.DefaultFileLockManager] Lock acquired on daemon addresses registry.
2022-11-10T10:35:17.738-0300 [DEBUG] [org.gradle.cache.internal.DefaultFileLockManager] Releasing lock on daemon addresses registry.
2022-11-10T10:35:17.739-0300 [DEBUG] [org.gradle.cache.internal.DefaultFileLockManager] Waiting to acquire shared lock on daemon addresses registry.
2022-11-10T10:35:17.739-0300 [DEBUG] [org.gradle.cache.internal.DefaultFileLockManager] Lock acquired on daemon addresses registry.
2022-11-10T10:35:17.740-0300 [DEBUG] [org.gradle.cache.internal.DefaultFileLockManager] Releasing lock on daemon addresses registry.
2022-11-10T10:35:17.741-0300 [DEBUG] [org.gradle.cache.internal.DefaultFileLockManager] Waiting to acquire shared lock on daemon addresses registry.
2022-11-10T10:35:17.742-0300 [DEBUG] [org.gradle.cache.internal.DefaultFileLockManager] Lock acquired on daemon addresses registry.
2022-11-10T10:35:17.742-0300 [DEBUG] [org.gradle.cache.internal.DefaultFileLockManager] Releasing lock on daemon addresses registry.
2022-11-10T10:35:27.737-0300 [DEBUG] [org.gradle.cache.internal.DefaultFileLockManager] Waiting to acquire shared lock on daemon addresses registry.
2022-11-10T10:35:27.737-0300 [DEBUG] [org.gradle.cache.internal.DefaultFileLockManager] Lock acquired on daemon addresses registry.
2022-11-10T10:35:27.738-0300 [DEBUG] [org.gradle.cache.internal.DefaultFileLockManager] Releasing lock on daemon addresses registry.
2022-11-10T10:35:27.738-0300 [DEBUG] [org.gradle.cache.internal.DefaultFileLockManager] Waiting to acquire shared lock on daemon addresses registry.
2022-11-10T10:35:27.739-0300 [DEBUG] [org.gradle.cache.internal.DefaultFileLockManager] Lock acquired on daemon addresses registry.
2022-11-10T10:35:27.739-0300 [DEBUG] [org.gradle.cache.internal.DefaultFileLockManager] Releasing lock on daemon addresses registry.
2022-11-10T10:35:27.739-0300 [DEBUG] [org.gradle.cache.internal.DefaultFileLockManager] Waiting to acquire shared lock on daemon addresses registry.
2022-11-10T10:35:27.740-0300 [DEBUG] [org.gradle.cache.internal.DefaultFileLockManager] Lock acquired on daemon addresses registry.
2022-11-10T10:35:27.740-0300 [DEBUG] [org.gradle.cache.internal.DefaultFileLockManager] Releasing lock on daemon addresses registry.
2022-11-10T10:35:37.737-0300 [DEBUG] [org.gradle.cache.internal.DefaultFileLockManager] Waiting to acquire shared lock on daemon addresses registry.
2022-11-10T10:35:37.737-0300 [DEBUG] [org.gradle.cache.internal.DefaultFileLockManager] Lock acquired on daemon addresses registry.
2022-11-10T10:35:37.738-0300 [DEBUG] [org.gradle.cache.internal.DefaultFileLockManager] Releasing lock on daemon addresses registry.
2022-11-10T10:35:37.738-0300 [DEBUG] [org.gradle.cache.internal.DefaultFileLockManager] Waiting to acquire shared lock on daemon addresses registry.
2022-11-10T10:35:37.739-0300 [DEBUG] [org.gradle.cache.internal.DefaultFileLockManager] Lock acquired on daemon addresses registry.
2022-11-10T10:35:37.739-0300 [DEBUG] [org.gradle.cache.internal.DefaultFileLockManager] Releasing lock on daemon addresses registry.
2022-11-10T10:35:37.740-0300 [DEBUG] [org.gradle.cache.internal.DefaultFileLockManager] Waiting to acquire shared lock on daemon addresses registry.
2022-11-10T10:35:37.740-0300 [DEBUG] [org.gradle.cache.internal.DefaultFileLockManager] Lock acquired on daemon addresses registry.
2022-11-10T10:35:37.741-0300 [DEBUG] [org.gradle.cache.internal.DefaultFileLockManager] Releasing lock on daemon addresses registry.
2022-11-10T10:35:47.737-0300 [DEBUG] [org.gradle.cache.internal.DefaultFileLockManager] Waiting to acquire shared lock on daemon addresses registry.
2022-11-10T10:35:47.737-0300 [DEBUG] [org.gradle.cache.internal.DefaultFileLockManager] Lock acquired on daemon addresses registry.
2022-11-10T10:35:47.737-0300 [DEBUG] [org.gradle.cache.internal.DefaultFileLockManager] Releasing lock on daemon addresses registry.
2022-11-10T10:35:47.738-0300 [DEBUG] [org.gradle.cache.internal.DefaultFileLockManager] Waiting to acquire shared lock on daemon addresses registry.
2022-11-10T10:35:47.738-0300 [DEBUG] [org.gradle.cache.internal.DefaultFileLockManager] Lock acquired on daemon addresses registry.
2022-11-10T10:35:47.738-0300 [DEBUG] [org.gradle.cache.internal.DefaultFileLockManager] Releasing lock on daemon addresses registry.
2022-11-10T10:35:47.738-0300 [DEBUG] [org.gradle.cache.internal.DefaultFileLockManager] Waiting to acquire shared lock on daemon addresses registry.
2022-11-10T10:35:47.738-0300 [DEBUG] [org.gradle.cache.internal.DefaultFileLockManager] Lock acquired on daemon addresses registry.
2022-11-10T10:35:47.738-0300 [DEBUG] [org.gradle.cache.internal.DefaultFileLockManager] Releasing lock on daemon addresses registry.
2022-11-10T10:35:57.738-0300 [DEBUG] [org.gradle.cache.internal.DefaultFileLockManager] Waiting to acquire shared lock on daemon addresses registry.
2022-11-10T10:35:57.738-0300 [DEBUG] [org.gradle.cache.internal.DefaultFileLockManager] Lock acquired on daemon addresses registry.
2022-11-10T10:35:57.738-0300 [DEBUG] [org.gradle.cache.internal.DefaultFileLockManager] Releasing lock on daemon addresses registry.
2022-11-10T10:35:57.739-0300 [DEBUG] [org.gradle.cache.internal.DefaultFileLockManager] Waiting to acquire shared lock on daemon addresses registry.
2022-11-10T10:35:57.739-0300 [DEBUG] [org.gradle.cache.internal.DefaultFileLockManager] Lock acquired on daemon addresses registry.
2022-11-10T10:35:57.739-0300 [DEBUG] [org.gradle.cache.internal.DefaultFileLockManager] Releasing lock on daemon addresses registry.
2022-11-10T10:35:57.740-0300 [DEBUG] [org.gradle.cache.internal.DefaultFileLockManager] Waiting to acquire shared lock on daemon addresses registry.
2022-11-10T10:35:57.740-0300 [DEBUG] [org.gradle.cache.internal.DefaultFileLockManager] Lock acquired on daemon addresses registry.
2022-11-10T10:35:57.740-0300 [DEBUG] [org.gradle.cache.internal.DefaultFileLockManager] Releasing lock on daemon addresses registry.
2022-11-10T10:36:07.737-0300 [DEBUG] [org.gradle.cache.internal.DefaultFileLockManager] Waiting to acquire shared lock on daemon addresses registry.
2022-11-10T10:36:07.737-0300 [DEBUG] [org.gradle.cache.internal.DefaultFileLockManager] Lock acquired on daemon addresses registry.
2022-11-10T10:36:07.737-0300 [DEBUG] [org.gradle.cache.internal.DefaultFileLockManager] Releasing lock on daemon addresses registry.
2022-11-10T10:36:07.738-0300 [DEBUG] [org.gradle.cache.internal.DefaultFileLockManager] Waiting to acquire shared lock on daemon addresses registry.
2022-11-10T10:36:07.738-0300 [DEBUG] [org.gradle.cache.internal.DefaultFileLockManager] Lock acquired on daemon addresses registry.
2022-11-10T10:36:07.738-0300 [DEBUG] [org.gradle.cache.internal.DefaultFileLockManager] Releasing lock on daemon addresses registry.
2022-11-10T10:36:07.738-0300 [DEBUG] [org.gradle.cache.internal.DefaultFileLockManager] Waiting to acquire shared lock on daemon addresses registry.
2022-11-10T10:36:07.738-0300 [DEBUG] [org.gradle.cache.internal.DefaultFileLockManager] Lock acquired on daemon addresses registry.
2022-11-10T10:36:07.739-0300 [DEBUG] [org.gradle.cache.internal.DefaultFileLockManager] Releasing lock on daemon addresses registry.
2022-11-10T10:36:17.737-0300 [DEBUG] [org.gradle.cache.internal.DefaultFileLockManager] Waiting to acquire shared lock on daemon addresses registry.
2022-11-10T10:36:17.737-0300 [DEBUG] [org.gradle.cache.internal.DefaultFileLockManager] Lock acquired on daemon addresses registry.
2022-11-10T10:36:17.738-0300 [DEBUG] [org.gradle.cache.internal.DefaultFileLockManager] Releasing lock on daemon addresses registry.
2022-11-10T10:36:17.739-0300 [DEBUG] [org.gradle.cache.internal.DefaultFileLockManager] Waiting to acquire shared lock on daemon addresses registry.
2022-11-10T10:36:17.739-0300 [DEBUG] [org.gradle.cache.internal.DefaultFileLockManager] Lock acquired on daemon addresses registry.
2022-11-10T10:36:17.739-0300 [DEBUG] [org.gradle.cache.internal.DefaultFileLockManager] Releasing lock on daemon addresses registry.
2022-11-10T10:36:17.739-0300 [DEBUG] [org.gradle.cache.internal.DefaultFileLockManager] Waiting to acquire shared lock on daemon addresses registry.
2022-11-10T10:36:17.740-0300 [DEBUG] [org.gradle.cache.internal.DefaultFileLockManager] Lock acquired on daemon addresses registry.
2022-11-10T10:36:17.740-0300 [DEBUG] [org.gradle.cache.internal.DefaultFileLockManager] Releasing lock on daemon addresses registry.
2022-11-10T10:36:27.738-0300 [DEBUG] [org.gradle.cache.internal.DefaultFileLockManager] Waiting to acquire shared lock on daemon addresses registry.
2022-11-10T10:36:27.738-0300 [DEBUG] [org.gradle.cache.internal.DefaultFileLockManager] Lock acquired on daemon addresses registry.
2022-11-10T10:36:27.738-0300 [DEBUG] [org.gradle.cache.internal.DefaultFileLockManager] Releasing lock on daemon addresses registry.
2022-11-10T10:36:27.738-0300 [DEBUG] [org.gradle.cache.internal.DefaultFileLockManager] Waiting to acquire shared lock on daemon addresses registry.
2022-11-10T10:36:27.738-0300 [DEBUG] [org.gradle.cache.internal.DefaultFileLockManager] Lock acquired on daemon addresses registry.
2022-11-10T10:36:27.738-0300 [DEBUG] [org.gradle.cache.internal.DefaultFileLockManager] Releasing lock on daemon addresses registry.
2022-11-10T10:36:27.739-0300 [DEBUG] [org.gradle.cache.internal.DefaultFileLockManager] Waiting to acquire shared lock on daemon addresses registry.
2022-11-10T10:36:27.739-0300 [DEBUG] [org.gradle.cache.internal.DefaultFileLockManager] Lock acquired on daemon addresses registry.
2022-11-10T10:36:27.739-0300 [DEBUG] [org.gradle.cache.internal.DefaultFileLockManager] Releasing lock on daemon addresses registry.
2022-11-10T10:36:37.737-0300 [DEBUG] [org.gradle.cache.internal.DefaultFileLockManager] Waiting to acquire shared lock on daemon addresses registry.
2022-11-10T10:36:37.737-0300 [DEBUG] [org.gradle.cache.internal.DefaultFileLockManager] Lock acquired on daemon addresses registry.
2022-11-10T10:36:37.737-0300 [DEBUG] [org.gradle.cache.internal.DefaultFileLockManager] Releasing lock on daemon addresses registry.
2022-11-10T10:36:37.738-0300 [DEBUG] [org.gradle.cache.internal.DefaultFileLockManager] Waiting to acquire shared lock on daemon addresses registry.
2022-11-10T10:36:37.738-0300 [DEBUG] [org.gradle.cache.internal.DefaultFileLockManager] Lock acquired on daemon addresses registry.
2022-11-10T10:36:37.738-0300 [DEBUG] [org.gradle.cache.internal.DefaultFileLockManager] Releasing lock on daemon addresses registry.
2022-11-10T10:36:37.738-0300 [DEBUG] [org.gradle.cache.internal.DefaultFileLockManager] Waiting to acquire shared lock on daemon addresses registry.
2022-11-10T10:36:37.738-0300 [DEBUG] [org.gradle.cache.internal.DefaultFileLockManager] Lock acquired on daemon addresses registry.
2022-11-10T10:36:37.738-0300 [DEBUG] [org.gradle.cache.internal.DefaultFileLockManager] Releasing lock on daemon addresses registry.
2022-11-10T10:36:47.737-0300 [DEBUG] [org.gradle.cache.internal.DefaultFileLockManager] Waiting to acquire shared lock on daemon addresses registry.
2022-11-10T10:36:47.737-0300 [DEBUG] [org.gradle.cache.internal.DefaultFileLockManager] Lock acquired on daemon addresses registry.
2022-11-10T10:36:47.737-0300 [DEBUG] [org.gradle.cache.internal.DefaultFileLockManager] Releasing lock on daemon addresses registry.
2022-11-10T10:36:47.738-0300 [DEBUG] [org.gradle.cache.internal.DefaultFileLockManager] Waiting to acquire shared lock on daemon addresses registry.
2022-11-10T10:36:47.738-0300 [DEBUG] [org.gradle.cache.internal.DefaultFileLockManager] Lock acquired on daemon addresses registry.
2022-11-10T10:36:47.738-0300 [DEBUG] [org.gradle.cache.internal.DefaultFileLockManager] Releasing lock on daemon addresses registry.
2022-11-10T10:36:47.738-0300 [DEBUG] [org.gradle.cache.internal.DefaultFileLockManager] Waiting to acquire shared lock on daemon addresses registry.
2022-11-10T10:36:47.738-0300 [DEBUG] [org.gradle.cache.internal.DefaultFileLockManager] Lock acquired on daemon addresses registry.
2022-11-10T10:36:47.738-0300 [DEBUG] [org.gradle.cache.internal.DefaultFileLockManager] Releasing lock on daemon addresses registry.
2022-11-10T10:36:57.737-0300 [DEBUG] [org.gradle.cache.internal.DefaultFileLockManager] Waiting to acquire shared lock on daemon addresses registry.
2022-11-10T10:36:57.737-0300 [DEBUG] [org.gradle.cache.internal.DefaultFileLockManager] Lock acquired on daemon addresses registry.
2022-11-10T10:36:57.737-0300 [DEBUG] [org.gradle.cache.internal.DefaultFileLockManager] Releasing lock on daemon addresses registry.
2022-11-10T10:36:57.737-0300 [DEBUG] [org.gradle.cache.internal.DefaultFileLockManager] Waiting to acquire shared lock on daemon addresses registry.
2022-11-10T10:36:57.737-0300 [DEBUG] [org.gradle.cache.internal.DefaultFileLockManager] Lock acquired on daemon addresses registry.
2022-11-10T10:36:57.737-0300 [DEBUG] [org.gradle.cache.internal.DefaultFileLockManager] Releasing lock on daemon addresses registry.
2022-11-10T10:36:57.737-0300 [DEBUG] [org.gradle.cache.internal.DefaultFileLockManager] Waiting to acquire shared lock on daemon addresses registry.
2022-11-10T10:36:57.737-0300 [DEBUG] [org.gradle.cache.internal.DefaultFileLockManager] Lock acquired on daemon addresses registry.
2022-11-10T10:36:57.738-0300 [DEBUG] [org.gradle.cache.internal.DefaultFileLockManager] Releasing lock on daemon addresses registry.
2022-11-10T10:37:07.737-0300 [DEBUG] [org.gradle.cache.internal.DefaultFileLockManager] Waiting to acquire shared lock on daemon addresses registry.
2022-11-10T10:37:07.737-0300 [DEBUG] [org.gradle.cache.internal.DefaultFileLockManager] Lock acquired on daemon addresses registry.
2022-11-10T10:37:07.738-0300 [DEBUG] [org.gradle.cache.internal.DefaultFileLockManager] Releasing lock on daemon addresses registry.
2022-11-10T10:37:07.738-0300 [DEBUG] [org.gradle.cache.internal.DefaultFileLockManager] Waiting to acquire shared lock on daemon addresses registry.
2022-11-10T10:37:07.739-0300 [DEBUG] [org.gradle.cache.internal.DefaultFileLockManager] Lock acquired on daemon addresses registry.
2022-11-10T10:37:07.739-0300 [DEBUG] [org.gradle.cache.internal.DefaultFileLockManager] Releasing lock on daemon addresses registry.
2022-11-10T10:37:07.739-0300 [DEBUG] [org.gradle.cache.internal.DefaultFileLockManager] Waiting to acquire shared lock on daemon addresses registry.
2022-11-10T10:37:07.739-0300 [DEBUG] [org.gradle.cache.internal.DefaultFileLockManager] Lock acquired on daemon addresses registry.
2022-11-10T10:37:07.739-0300 [DEBUG] [org.gradle.cache.internal.DefaultFileLockManager] Releasing lock on daemon addresses registry.
2022-11-10T10:37:17.737-0300 [DEBUG] [org.gradle.cache.internal.DefaultFileLockManager] Waiting to acquire shared lock on daemon addresses registry.
2022-11-10T10:37:17.751-0300 [DEBUG] [org.gradle.cache.internal.DefaultFileLockManager] Lock acquired on daemon addresses registry.
2022-11-10T10:37:17.752-0300 [DEBUG] [org.gradle.cache.internal.DefaultFileLockManager] Releasing lock on daemon addresses registry.
2022-11-10T10:37:17.752-0300 [DEBUG] [org.gradle.cache.internal.DefaultFileLockManager] Waiting to acquire shared lock on daemon addresses registry.
2022-11-10T10:37:17.752-0300 [DEBUG] [org.gradle.cache.internal.DefaultFileLockManager] Lock acquired on daemon addresses registry.
2022-11-10T10:37:17.752-0300 [DEBUG] [org.gradle.cache.internal.DefaultFileLockManager] Releasing lock on daemon addresses registry.
2022-11-10T10:37:17.752-0300 [DEBUG] [org.gradle.cache.internal.DefaultFileLockManager] Waiting to acquire shared lock on daemon addresses registry.
2022-11-10T10:37:17.752-0300 [DEBUG] [org.gradle.cache.internal.DefaultFileLockManager] Lock acquired on daemon addresses registry.
2022-11-10T10:37:17.752-0300 [DEBUG] [org.gradle.cache.internal.DefaultFileLockManager] Releasing lock on daemon addresses registry.
2022-11-10T10:37:27.737-0300 [DEBUG] [org.gradle.cache.internal.DefaultFileLockManager] Waiting to acquire shared lock on daemon addresses registry.
2022-11-10T10:37:27.737-0300 [DEBUG] [org.gradle.cache.internal.DefaultFileLockManager] Lock acquired on daemon addresses registry.
2022-11-10T10:37:27.738-0300 [DEBUG] [org.gradle.cache.internal.DefaultFileLockManager] Releasing lock on daemon addresses registry.
2022-11-10T10:37:27.738-0300 [DEBUG] [org.gradle.cache.internal.DefaultFileLockManager] Waiting to acquire shared lock on daemon addresses registry.
2022-11-10T10:37:27.738-0300 [DEBUG] [org.gradle.cache.internal.DefaultFileLockManager] Lock acquired on daemon addresses registry.
2022-11-10T10:37:27.739-0300 [DEBUG] [org.gradle.cache.internal.DefaultFileLockManager] Releasing lock on daemon addresses registry.
2022-11-10T10:37:27.739-0300 [DEBUG] [org.gradle.cache.internal.DefaultFileLockManager] Waiting to acquire shared lock on daemon addresses registry.
2022-11-10T10:37:27.739-0300 [DEBUG] [org.gradle.cache.internal.DefaultFileLockManager] Lock acquired on daemon addresses registry.
2022-11-10T10:37:27.740-0300 [DEBUG] [org.gradle.cache.internal.DefaultFileLockManager] Releasing lock on daemon addresses registry.
2022-11-10T10:37:37.737-0300 [DEBUG] [org.gradle.cache.internal.DefaultFileLockManager] Waiting to acquire shared lock on daemon addresses registry.
2022-11-10T10:37:37.737-0300 [DEBUG] [org.gradle.cache.internal.DefaultFileLockManager] Lock acquired on daemon addresses registry.
2022-11-10T10:37:37.738-0300 [DEBUG] [org.gradle.cache.internal.DefaultFileLockManager] Releasing lock on daemon addresses registry.
2022-11-10T10:37:37.738-0300 [DEBUG] [org.gradle.cache.internal.DefaultFileLockManager] Waiting to acquire shared lock on daemon addresses registry.
2022-11-10T10:37:37.738-0300 [DEBUG] [org.gradle.cache.internal.DefaultFileLockManager] Lock acquired on daemon addresses registry.
2022-11-10T10:37:37.739-0300 [DEBUG] [org.gradle.cache.internal.DefaultFileLockManager] Releasing lock on daemon addresses registry.
2022-11-10T10:37:37.739-0300 [DEBUG] [org.gradle.cache.internal.DefaultFileLockManager] Waiting to acquire shared lock on daemon addresses registry.
2022-11-10T10:37:37.739-0300 [DEBUG] [org.gradle.cache.internal.DefaultFileLockManager] Lock acquired on daemon addresses registry.
2022-11-10T10:37:37.758-0300 [DEBUG] [org.gradle.cache.internal.DefaultFileLockManager] Releasing lock on daemon addresses registry.
2022-11-10T10:37:47.737-0300 [DEBUG] [org.gradle.cache.internal.DefaultFileLockManager] Waiting to acquire shared lock on daemon addresses registry.
2022-11-10T10:37:47.737-0300 [DEBUG] [org.gradle.cache.internal.DefaultFileLockManager] Lock acquired on daemon addresses registry.
2022-11-10T10:37:47.738-0300 [DEBUG] [org.gradle.cache.internal.DefaultFileLockManager] Releasing lock on daemon addresses registry.
2022-11-10T10:37:47.738-0300 [DEBUG] [org.gradle.cache.internal.DefaultFileLockManager] Waiting to acquire shared lock on daemon addresses registry.
2022-11-10T10:37:47.739-0300 [DEBUG] [org.gradle.cache.internal.DefaultFileLockManager] Lock acquired on daemon addresses registry.
2022-11-10T10:37:47.739-0300 [DEBUG] [org.gradle.cache.internal.DefaultFileLockManager] Releasing lock on daemon addresses registry.
2022-11-10T10:37:47.739-0300 [DEBUG] [org.gradle.cache.internal.DefaultFileLockManager] Waiting to acquire shared lock on daemon addresses registry.
2022-11-10T10:37:47.739-0300 [DEBUG] [org.gradle.cache.internal.DefaultFileLockManager] Lock acquired on daemon addresses registry.
2022-11-10T10:37:47.740-0300 [DEBUG] [org.gradle.cache.internal.DefaultFileLockManager] Releasing lock on daemon addresses registry.
2022-11-10T10:37:57.737-0300 [DEBUG] [org.gradle.cache.internal.DefaultFileLockManager] Waiting to acquire shared lock on daemon addresses registry.
2022-11-10T10:37:57.738-0300 [DEBUG] [org.gradle.cache.internal.DefaultFileLockManager] Lock acquired on daemon addresses registry.
2022-11-10T10:37:57.739-0300 [DEBUG] [org.gradle.cache.internal.DefaultFileLockManager] Releasing lock on daemon addresses registry.
2022-11-10T10:37:57.739-0300 [DEBUG] [org.gradle.cache.internal.DefaultFileLockManager] Waiting to acquire shared lock on daemon addresses registry.
2022-11-10T10:37:57.739-0300 [DEBUG] [org.gradle.cache.internal.DefaultFileLockManager] Lock acquired on daemon addresses registry.
2022-11-10T10:37:57.740-0300 [DEBUG] [org.gradle.cache.internal.DefaultFileLockManager] Releasing lock on daemon addresses registry.
2022-11-10T10:37:57.740-0300 [DEBUG] [org.gradle.cache.internal.DefaultFileLockManager] Waiting to acquire shared lock on daemon addresses registry.
2022-11-10T10:37:57.740-0300 [DEBUG] [org.gradle.cache.internal.DefaultFileLockManager] Lock acquired on daemon addresses registry.
2022-11-10T10:37:57.741-0300 [DEBUG] [org.gradle.cache.internal.DefaultFileLockManager] Releasing lock on daemon addresses registry.
2022-11-10T10:38:07.738-0300 [DEBUG] [org.gradle.cache.internal.DefaultFileLockManager] Waiting to acquire shared lock on daemon addresses registry.
2022-11-10T10:38:07.738-0300 [DEBUG] [org.gradle.cache.internal.DefaultFileLockManager] Lock acquired on daemon addresses registry.
2022-11-10T10:38:07.738-0300 [DEBUG] [org.gradle.cache.internal.DefaultFileLockManager] Releasing lock on daemon addresses registry.
2022-11-10T10:38:07.739-0300 [DEBUG] [org.gradle.cache.internal.DefaultFileLockManager] Waiting to acquire shared lock on daemon addresses registry.
2022-11-10T10:38:07.739-0300 [DEBUG] [org.gradle.cache.internal.DefaultFileLockManager] Lock acquired on daemon addresses registry.
2022-11-10T10:38:07.739-0300 [DEBUG] [org.gradle.cache.internal.DefaultFileLockManager] Releasing lock on daemon addresses registry.
2022-11-10T10:38:07.740-0300 [DEBUG] [org.gradle.cache.internal.DefaultFileLockManager] Waiting to acquire shared lock on daemon addresses registry.
2022-11-10T10:38:07.740-0300 [DEBUG] [org.gradle.cache.internal.DefaultFileLockManager] Lock acquired on daemon addresses registry.
2022-11-10T10:38:07.740-0300 [DEBUG] [org.gradle.cache.internal.DefaultFileLockManager] Releasing lock on daemon addresses registry.
2022-11-10T10:38:17.737-0300 [DEBUG] [org.gradle.cache.internal.DefaultFileLockManager] Waiting to acquire shared lock on daemon addresses registry.
2022-11-10T10:38:17.737-0300 [DEBUG] [org.gradle.cache.internal.DefaultFileLockManager] Lock acquired on daemon addresses registry.
2022-11-10T10:38:17.737-0300 [DEBUG] [org.gradle.cache.internal.DefaultFileLockManager] Releasing lock on daemon addresses registry.
2022-11-10T10:38:17.738-0300 [DEBUG] [org.gradle.cache.internal.DefaultFileLockManager] Waiting to acquire shared lock on daemon addresses registry.
2022-11-10T10:38:17.738-0300 [DEBUG] [org.gradle.cache.internal.DefaultFileLockManager] Lock acquired on daemon addresses registry.
2022-11-10T10:38:17.738-0300 [DEBUG] [org.gradle.cache.internal.DefaultFileLockManager] Releasing lock on daemon addresses registry.
2022-11-10T10:38:17.739-0300 [DEBUG] [org.gradle.cache.internal.DefaultFileLockManager] Waiting to acquire shared lock on daemon addresses registry.
2022-11-10T10:38:17.739-0300 [DEBUG] [org.gradle.cache.internal.DefaultFileLockManager] Lock acquired on daemon addresses registry.
2022-11-10T10:38:17.739-0300 [DEBUG] [org.gradle.cache.internal.DefaultFileLockManager] Releasing lock on daemon addresses registry.
2022-11-10T10:38:27.737-0300 [DEBUG] [org.gradle.cache.internal.DefaultFileLockManager] Waiting to acquire shared lock on daemon addresses registry.
2022-11-10T10:38:27.737-0300 [DEBUG] [org.gradle.cache.internal.DefaultFileLockManager] Lock acquired on daemon addresses registry.
2022-11-10T10:38:27.738-0300 [DEBUG] [org.gradle.cache.internal.DefaultFileLockManager] Releasing lock on daemon addresses registry.
2022-11-10T10:38:27.738-0300 [DEBUG] [org.gradle.cache.internal.DefaultFileLockManager] Waiting to acquire shared lock on daemon addresses registry.
2022-11-10T10:38:27.738-0300 [DEBUG] [org.gradle.cache.internal.DefaultFileLockManager] Lock acquired on daemon addresses registry.
2022-11-10T10:38:27.739-0300 [DEBUG] [org.gradle.cache.internal.DefaultFileLockManager] Releasing lock on daemon addresses registry.
2022-11-10T10:38:27.739-0300 [DEBUG] [org.gradle.cache.internal.DefaultFileLockManager] Waiting to acquire shared lock on daemon addresses registry.
2022-11-10T10:38:27.739-0300 [DEBUG] [org.gradle.cache.internal.DefaultFileLockManager] Lock acquired on daemon addresses registry.
2022-11-10T10:38:27.739-0300 [DEBUG] [org.gradle.cache.internal.DefaultFileLockManager] Releasing lock on daemon addresses registry.
2022-11-10T10:38:37.737-0300 [DEBUG] [org.gradle.cache.internal.DefaultFileLockManager] Waiting to acquire shared lock on daemon addresses registry.
2022-11-10T10:38:37.737-0300 [DEBUG] [org.gradle.cache.internal.DefaultFileLockManager] Lock acquired on daemon addresses registry.
2022-11-10T10:38:37.738-0300 [DEBUG] [org.gradle.cache.internal.DefaultFileLockManager] Releasing lock on daemon addresses registry.
2022-11-10T10:38:37.738-0300 [DEBUG] [org.gradle.cache.internal.DefaultFileLockManager] Waiting to acquire shared lock on daemon addresses registry.
2022-11-10T10:38:37.738-0300 [DEBUG] [org.gradle.cache.internal.DefaultFileLockManager] Lock acquired on daemon addresses registry.
2022-11-10T10:38:37.739-0300 [DEBUG] [org.gradle.cache.internal.DefaultFileLockManager] Releasing lock on daemon addresses registry.
2022-11-10T10:38:37.739-0300 [DEBUG] [org.gradle.cache.internal.DefaultFileLockManager] Waiting to acquire shared lock on daemon addresses registry.
2022-11-10T10:38:37.739-0300 [DEBUG] [org.gradle.cache.internal.DefaultFileLockManager] Lock acquired on daemon addresses registry.
2022-11-10T10:38:37.739-0300 [DEBUG] [org.gradle.cache.internal.DefaultFileLockManager] Releasing lock on daemon addresses registry.
2022-11-10T10:38:47.737-0300 [DEBUG] [org.gradle.cache.internal.DefaultFileLockManager] Waiting to acquire shared lock on daemon addresses registry.
2022-11-10T10:38:47.737-0300 [DEBUG] [org.gradle.cache.internal.DefaultFileLockManager] Lock acquired on daemon addresses registry.
2022-11-10T10:38:47.738-0300 [DEBUG] [org.gradle.cache.internal.DefaultFileLockManager] Releasing lock on daemon addresses registry.
2022-11-10T10:38:47.738-0300 [DEBUG] [org.gradle.cache.internal.DefaultFileLockManager] Waiting to acquire shared lock on daemon addresses registry.
2022-11-10T10:38:47.738-0300 [DEBUG] [org.gradle.cache.internal.DefaultFileLockManager] Lock acquired on daemon addresses registry.
2022-11-10T10:38:47.739-0300 [DEBUG] [org.gradle.cache.internal.DefaultFileLockManager] Releasing lock on daemon addresses registry.
2022-11-10T10:38:47.739-0300 [DEBUG] [org.gradle.cache.internal.DefaultFileLockManager] Waiting to acquire shared lock on daemon addresses registry.
2022-11-10T10:38:47.739-0300 [DEBUG] [org.gradle.cache.internal.DefaultFileLockManager] Lock acquired on daemon addresses registry.
2022-11-10T10:38:47.740-0300 [DEBUG] [org.gradle.cache.internal.DefaultFileLockManager] Releasing lock on daemon addresses registry.
2022-11-10T10:38:57.737-0300 [DEBUG] [org.gradle.cache.internal.DefaultFileLockManager] Waiting to acquire shared lock on daemon addresses registry.
2022-11-10T10:38:57.737-0300 [DEBUG] [org.gradle.cache.internal.DefaultFileLockManager] Lock acquired on daemon addresses registry.
2022-11-10T10:38:57.738-0300 [DEBUG] [org.gradle.cache.internal.DefaultFileLockManager] Releasing lock on daemon addresses registry.
2022-11-10T10:38:57.738-0300 [DEBUG] [org.gradle.cache.internal.DefaultFileLockManager] Waiting to acquire shared lock on daemon addresses registry.
2022-11-10T10:38:57.738-0300 [DEBUG] [org.gradle.cache.internal.DefaultFileLockManager] Lock acquired on daemon addresses registry.
2022-11-10T10:38:57.739-0300 [DEBUG] [org.gradle.cache.internal.DefaultFileLockManager] Releasing lock on daemon addresses registry.
2022-11-10T10:38:57.739-0300 [DEBUG] [org.gradle.cache.internal.DefaultFileLockManager] Waiting to acquire shared lock on daemon addresses registry.
2022-11-10T10:38:57.739-0300 [DEBUG] [org.gradle.cache.internal.DefaultFileLockManager] Lock acquired on daemon addresses registry.
2022-11-10T10:38:57.739-0300 [DEBUG] [org.gradle.cache.internal.DefaultFileLockManager] Releasing lock on daemon addresses registry.
2022-11-10T10:39:07.738-0300 [DEBUG] [org.gradle.cache.internal.DefaultFileLockManager] Waiting to acquire shared lock on daemon addresses registry.
2022-11-10T10:39:07.738-0300 [DEBUG] [org.gradle.cache.internal.DefaultFileLockManager] Lock acquired on daemon addresses registry.
2022-11-10T10:39:07.738-0300 [DEBUG] [org.gradle.cache.internal.DefaultFileLockManager] Releasing lock on daemon addresses registry.
2022-11-10T10:39:07.739-0300 [DEBUG] [org.gradle.cache.internal.DefaultFileLockManager] Waiting to acquire shared lock on daemon addresses registry.
2022-11-10T10:39:07.739-0300 [DEBUG] [org.gradle.cache.internal.DefaultFileLockManager] Lock acquired on daemon addresses registry.
2022-11-10T10:39:07.739-0300 [DEBUG] [org.gradle.cache.internal.DefaultFileLockManager] Releasing lock on daemon addresses registry.
2022-11-10T10:39:07.740-0300 [DEBUG] [org.gradle.cache.internal.DefaultFileLockManager] Waiting to acquire shared lock on daemon addresses registry.
2022-11-10T10:39:07.740-0300 [DEBUG] [org.gradle.cache.internal.DefaultFileLockManager] Lock acquired on daemon addresses registry.
2022-11-10T10:39:07.740-0300 [DEBUG] [org.gradle.cache.internal.DefaultFileLockManager] Releasing lock on daemon addresses registry.
2022-11-10T10:39:17.738-0300 [DEBUG] [org.gradle.cache.internal.DefaultFileLockManager] Waiting to acquire shared lock on daemon addresses registry.
2022-11-10T10:39:17.738-0300 [DEBUG] [org.gradle.cache.internal.DefaultFileLockManager] Lock acquired on daemon addresses registry.
2022-11-10T10:39:17.738-0300 [DEBUG] [org.gradle.cache.internal.DefaultFileLockManager] Releasing lock on daemon addresses registry.
2022-11-10T10:39:17.738-0300 [DEBUG] [org.gradle.cache.internal.DefaultFileLockManager] Waiting to acquire shared lock on daemon addresses registry.
2022-11-10T10:39:17.739-0300 [DEBUG] [org.gradle.cache.internal.DefaultFileLockManager] Lock acquired on daemon addresses registry.
2022-11-10T10:39:17.739-0300 [DEBUG] [org.gradle.cache.internal.DefaultFileLockManager] Releasing lock on daemon addresses registry.
2022-11-10T10:39:17.739-0300 [DEBUG] [org.gradle.cache.internal.DefaultFileLockManager] Waiting to acquire shared lock on daemon addresses registry.
2022-11-10T10:39:17.739-0300 [DEBUG] [org.gradle.cache.internal.DefaultFileLockManager] Lock acquired on daemon addresses registry.
2022-11-10T10:39:17.740-0300 [DEBUG] [org.gradle.cache.internal.DefaultFileLockManager] Releasing lock on daemon addresses registry.
2022-11-10T10:39:27.738-0300 [DEBUG] [org.gradle.cache.internal.DefaultFileLockManager] Waiting to acquire shared lock on daemon addresses registry.
2022-11-10T10:39:27.738-0300 [DEBUG] [org.gradle.cache.internal.DefaultFileLockManager] Lock acquired on daemon addresses registry.
2022-11-10T10:39:27.738-0300 [DEBUG] [org.gradle.cache.internal.DefaultFileLockManager] Releasing lock on daemon addresses registry.
2022-11-10T10:39:27.739-0300 [DEBUG] [org.gradle.cache.internal.DefaultFileLockManager] Waiting to acquire shared lock on daemon addresses registry.
2022-11-10T10:39:27.739-0300 [DEBUG] [org.gradle.cache.internal.DefaultFileLockManager] Lock acquired on daemon addresses registry.
2022-11-10T10:39:27.739-0300 [DEBUG] [org.gradle.cache.internal.DefaultFileLockManager] Releasing lock on daemon addresses registry.
2022-11-10T10:39:27.739-0300 [DEBUG] [org.gradle.cache.internal.DefaultFileLockManager] Waiting to acquire shared lock on daemon addresses registry.
2022-11-10T10:39:27.740-0300 [DEBUG] [org.gradle.cache.internal.DefaultFileLockManager] Lock acquired on daemon addresses registry.
2022-11-10T10:39:27.740-0300 [DEBUG] [org.gradle.cache.internal.DefaultFileLockManager] Releasing lock on daemon addresses registry.
2022-11-10T10:39:37.738-0300 [DEBUG] [org.gradle.cache.internal.DefaultFileLockManager] Waiting to acquire shared lock on daemon addresses registry.
2022-11-10T10:39:37.738-0300 [DEBUG] [org.gradle.cache.internal.DefaultFileLockManager] Lock acquired on daemon addresses registry.
2022-11-10T10:39:37.738-0300 [DEBUG] [org.gradle.cache.internal.DefaultFileLockManager] Releasing lock on daemon addresses registry.
2022-11-10T10:39:37.739-0300 [DEBUG] [org.gradle.cache.internal.DefaultFileLockManager] Waiting to acquire shared lock on daemon addresses registry.
2022-11-10T10:39:37.739-0300 [DEBUG] [org.gradle.cache.internal.DefaultFileLockManager] Lock acquired on daemon addresses registry.
2022-11-10T10:39:37.739-0300 [DEBUG] [org.gradle.cache.internal.DefaultFileLockManager] Releasing lock on daemon addresses registry.
2022-11-10T10:39:37.739-0300 [DEBUG] [org.gradle.cache.internal.DefaultFileLockManager] Waiting to acquire shared lock on daemon addresses registry.
2022-11-10T10:39:37.740-0300 [DEBUG] [org.gradle.cache.internal.DefaultFileLockManager] Lock acquired on daemon addresses registry.
2022-11-10T10:39:37.740-0300 [DEBUG] [org.gradle.cache.internal.DefaultFileLockManager] Releasing lock on daemon addresses registry.
2022-11-10T10:39:47.738-0300 [DEBUG] [org.gradle.cache.internal.DefaultFileLockManager] Waiting to acquire shared lock on daemon addresses registry.
2022-11-10T10:39:47.738-0300 [DEBUG] [org.gradle.cache.internal.DefaultFileLockManager] Lock acquired on daemon addresses registry.
2022-11-10T10:39:47.738-0300 [DEBUG] [org.gradle.cache.internal.DefaultFileLockManager] Releasing lock on daemon addresses registry.
2022-11-10T10:39:47.739-0300 [DEBUG] [org.gradle.cache.internal.DefaultFileLockManager] Waiting to acquire shared lock on daemon addresses registry.
2022-11-10T10:39:47.739-0300 [DEBUG] [org.gradle.cache.internal.DefaultFileLockManager] Lock acquired on daemon addresses registry.
2022-11-10T10:39:47.739-0300 [DEBUG] [org.gradle.cache.internal.DefaultFileLockManager] Releasing lock on daemon addresses registry.
2022-11-10T10:39:47.740-0300 [DEBUG] [org.gradle.cache.internal.DefaultFileLockManager] Waiting to acquire shared lock on daemon addresses registry.
2022-11-10T10:39:47.740-0300 [DEBUG] [org.gradle.cache.internal.DefaultFileLockManager] Lock acquired on daemon addresses registry.
2022-11-10T10:39:47.740-0300 [DEBUG] [org.gradle.cache.internal.DefaultFileLockManager] Releasing lock on daemon addresses registry.
2022-11-10T10:39:57.737-0300 [DEBUG] [org.gradle.cache.internal.DefaultFileLockManager] Waiting to acquire shared lock on daemon addresses registry.
2022-11-10T10:39:57.737-0300 [DEBUG] [org.gradle.cache.internal.DefaultFileLockManager] Lock acquired on daemon addresses registry.
2022-11-10T10:39:57.738-0300 [DEBUG] [org.gradle.cache.internal.DefaultFileLockManager] Releasing lock on daemon addresses registry.
2022-11-10T10:39:57.738-0300 [DEBUG] [org.gradle.cache.internal.DefaultFileLockManager] Waiting to acquire shared lock on daemon addresses registry.
2022-11-10T10:39:57.739-0300 [DEBUG] [org.gradle.cache.internal.DefaultFileLockManager] Lock acquired on daemon addresses registry.
2022-11-10T10:39:57.739-0300 [DEBUG] [org.gradle.cache.internal.DefaultFileLockManager] Releasing lock on daemon addresses registry.
2022-11-10T10:39:57.739-0300 [DEBUG] [org.gradle.cache.internal.DefaultFileLockManager] Waiting to acquire shared lock on daemon addresses registry.
2022-11-10T10:39:57.740-0300 [DEBUG] [org.gradle.cache.internal.DefaultFileLockManager] Lock acquired on daemon addresses registry.
2022-11-10T10:39:57.740-0300 [DEBUG] [org.gradle.cache.internal.DefaultFileLockManager] Releasing lock on daemon addresses registry.
2022-11-10T10:40:07.737-0300 [DEBUG] [org.gradle.cache.internal.DefaultFileLockManager] Waiting to acquire shared lock on daemon addresses registry.
2022-11-10T10:40:07.737-0300 [DEBUG] [org.gradle.cache.internal.DefaultFileLockManager] Lock acquired on daemon addresses registry.
2022-11-10T10:40:07.738-0300 [DEBUG] [org.gradle.cache.internal.DefaultFileLockManager] Releasing lock on daemon addresses registry.
2022-11-10T10:40:07.738-0300 [DEBUG] [org.gradle.cache.internal.DefaultFileLockManager] Waiting to acquire shared lock on daemon addresses registry.
2022-11-10T10:40:07.739-0300 [DEBUG] [org.gradle.cache.internal.DefaultFileLockManager] Lock acquired on daemon addresses registry.
2022-11-10T10:40:07.739-0300 [DEBUG] [org.gradle.cache.internal.DefaultFileLockManager] Releasing lock on daemon addresses registry.
2022-11-10T10:40:07.739-0300 [DEBUG] [org.gradle.cache.internal.DefaultFileLockManager] Waiting to acquire shared lock on daemon addresses registry.
2022-11-10T10:40:07.740-0300 [DEBUG] [org.gradle.cache.internal.DefaultFileLockManager] Lock acquired on daemon addresses registry.
2022-11-10T10:40:07.740-0300 [DEBUG] [org.gradle.cache.internal.DefaultFileLockManager] Releasing lock on daemon addresses registry.
2022-11-10T10:40:17.738-0300 [DEBUG] [org.gradle.cache.internal.DefaultFileLockManager] Waiting to acquire shared lock on daemon addresses registry.
2022-11-10T10:40:17.738-0300 [DEBUG] [org.gradle.cache.internal.DefaultFileLockManager] Lock acquired on daemon addresses registry.
2022-11-10T10:40:17.738-0300 [DEBUG] [org.gradle.cache.internal.DefaultFileLockManager] Releasing lock on daemon addresses registry.
2022-11-10T10:40:17.738-0300 [DEBUG] [org.gradle.cache.internal.DefaultFileLockManager] Waiting to acquire shared lock on daemon addresses registry.
2022-11-10T10:40:17.738-0300 [DEBUG] [org.gradle.cache.internal.DefaultFileLockManager] Lock acquired on daemon addresses registry.
2022-11-10T10:40:17.738-0300 [DEBUG] [org.gradle.cache.internal.DefaultFileLockManager] Releasing lock on daemon addresses registry.
2022-11-10T10:40:17.738-0300 [DEBUG] [org.gradle.cache.internal.DefaultFileLockManager] Waiting to acquire shared lock on daemon addresses registry.
2022-11-10T10:40:17.738-0300 [DEBUG] [org.gradle.cache.internal.DefaultFileLockManager] Lock acquired on daemon addresses registry.
2022-11-10T10:40:17.738-0300 [DEBUG] [org.gradle.cache.internal.DefaultFileLockManager] Releasing lock on daemon addresses registry.
2022-11-10T10:40:27.738-0300 [DEBUG] [org.gradle.cache.internal.DefaultFileLockManager] Waiting to acquire shared lock on daemon addresses registry.
2022-11-10T10:40:27.738-0300 [DEBUG] [org.gradle.cache.internal.DefaultFileLockManager] Lock acquired on daemon addresses registry.
2022-11-10T10:40:27.738-0300 [DEBUG] [org.gradle.cache.internal.DefaultFileLockManager] Releasing lock on daemon addresses registry.
2022-11-10T10:40:27.739-0300 [DEBUG] [org.gradle.cache.internal.DefaultFileLockManager] Waiting to acquire shared lock on daemon addresses registry.
2022-11-10T10:40:27.739-0300 [DEBUG] [org.gradle.cache.internal.DefaultFileLockManager] Lock acquired on daemon addresses registry.
2022-11-10T10:40:27.739-0300 [DEBUG] [org.gradle.cache.internal.DefaultFileLockManager] Releasing lock on daemon addresses registry.
2022-11-10T10:40:27.740-0300 [DEBUG] [org.gradle.cache.internal.DefaultFileLockManager] Waiting to acquire shared lock on daemon addresses registry.
2022-11-10T10:40:27.740-0300 [DEBUG] [org.gradle.cache.internal.DefaultFileLockManager] Lock acquired on daemon addresses registry.
2022-11-10T10:40:27.740-0300 [DEBUG] [org.gradle.cache.internal.DefaultFileLockManager] Releasing lock on daemon addresses registry.
2022-11-10T10:40:37.737-0300 [DEBUG] [org.gradle.cache.internal.DefaultFileLockManager] Waiting to acquire shared lock on daemon addresses registry.
2022-11-10T10:40:37.737-0300 [DEBUG] [org.gradle.cache.internal.DefaultFileLockManager] Lock acquired on daemon addresses registry.
2022-11-10T10:40:37.738-0300 [DEBUG] [org.gradle.cache.internal.DefaultFileLockManager] Releasing lock on daemon addresses registry.
2022-11-10T10:40:37.738-0300 [DEBUG] [org.gradle.cache.internal.DefaultFileLockManager] Waiting to acquire shared lock on daemon addresses registry.
2022-11-10T10:40:37.738-0300 [DEBUG] [org.gradle.cache.internal.DefaultFileLockManager] Lock acquired on daemon addresses registry.
2022-11-10T10:40:37.739-0300 [DEBUG] [org.gradle.cache.internal.DefaultFileLockManager] Releasing lock on daemon addresses registry.
2022-11-10T10:40:37.739-0300 [DEBUG] [org.gradle.cache.internal.DefaultFileLockManager] Waiting to acquire shared lock on daemon addresses registry.
2022-11-10T10:40:37.739-0300 [DEBUG] [org.gradle.cache.internal.DefaultFileLockManager] Lock acquired on daemon addresses registry.
2022-11-10T10:40:37.739-0300 [DEBUG] [org.gradle.cache.internal.DefaultFileLockManager] Releasing lock on daemon addresses registry.
2022-11-10T10:40:47.737-0300 [DEBUG] [org.gradle.cache.internal.DefaultFileLockManager] Waiting to acquire shared lock on daemon addresses registry.
2022-11-10T10:40:47.737-0300 [DEBUG] [org.gradle.cache.internal.DefaultFileLockManager] Lock acquired on daemon addresses registry.
2022-11-10T10:40:47.737-0300 [DEBUG] [org.gradle.cache.internal.DefaultFileLockManager] Releasing lock on daemon addresses registry.
2022-11-10T10:40:47.738-0300 [DEBUG] [org.gradle.cache.internal.DefaultFileLockManager] Waiting to acquire shared lock on daemon addresses registry.
2022-11-10T10:40:47.738-0300 [DEBUG] [org.gradle.cache.internal.DefaultFileLockManager] Lock acquired on daemon addresses registry.
2022-11-10T10:40:47.739-0300 [DEBUG] [org.gradle.cache.internal.DefaultFileLockManager] Releasing lock on daemon addresses registry.
2022-11-10T10:40:47.739-0300 [DEBUG] [org.gradle.cache.internal.DefaultFileLockManager] Waiting to acquire shared lock on daemon addresses registry.
2022-11-10T10:40:47.739-0300 [DEBUG] [org.gradle.cache.internal.DefaultFileLockManager] Lock acquired on daemon addresses registry.
2022-11-10T10:40:47.739-0300 [DEBUG] [org.gradle.cache.internal.DefaultFileLockManager] Releasing lock on daemon addresses registry.
2022-11-10T10:40:57.737-0300 [DEBUG] [org.gradle.cache.internal.DefaultFileLockManager] Waiting to acquire shared lock on daemon addresses registry.
2022-11-10T10:40:57.737-0300 [DEBUG] [org.gradle.cache.internal.DefaultFileLockManager] Lock acquired on daemon addresses registry.
2022-11-10T10:40:57.738-0300 [DEBUG] [org.gradle.cache.internal.DefaultFileLockManager] Releasing lock on daemon addresses registry.
2022-11-10T10:40:57.738-0300 [DEBUG] [org.gradle.cache.internal.DefaultFileLockManager] Waiting to acquire shared lock on daemon addresses registry.
2022-11-10T10:40:57.739-0300 [DEBUG] [org.gradle.cache.internal.DefaultFileLockManager] Lock acquired on daemon addresses registry.
2022-11-10T10:40:57.739-0300 [DEBUG] [org.gradle.cache.internal.DefaultFileLockManager] Releasing lock on daemon addresses registry.
2022-11-10T10:40:57.739-0300 [DEBUG] [org.gradle.cache.internal.DefaultFileLockManager] Waiting to acquire shared lock on daemon addresses registry.
2022-11-10T10:40:57.739-0300 [DEBUG] [org.gradle.cache.internal.DefaultFileLockManager] Lock acquired on daemon addresses registry.
2022-11-10T10:40:57.740-0300 [DEBUG] [org.gradle.cache.internal.DefaultFileLockManager] Releasing lock on daemon addresses registry.
2022-11-10T10:41:07.738-0300 [DEBUG] [org.gradle.cache.internal.DefaultFileLockManager] Waiting to acquire shared lock on daemon addresses registry.
2022-11-10T10:41:07.738-0300 [DEBUG] [org.gradle.cache.internal.DefaultFileLockManager] Lock acquired on daemon addresses registry.
2022-11-10T10:41:07.738-0300 [DEBUG] [org.gradle.cache.internal.DefaultFileLockManager] Releasing lock on daemon addresses registry.
2022-11-10T10:41:07.739-0300 [DEBUG] [org.gradle.cache.internal.DefaultFileLockManager] Waiting to acquire shared lock on daemon addresses registry.
2022-11-10T10:41:07.739-0300 [DEBUG] [org.gradle.cache.internal.DefaultFileLockManager] Lock acquired on daemon addresses registry.
2022-11-10T10:41:07.739-0300 [DEBUG] [org.gradle.cache.internal.DefaultFileLockManager] Releasing lock on daemon addresses registry.
2022-11-10T10:41:07.739-0300 [DEBUG] [org.gradle.cache.internal.DefaultFileLockManager] Waiting to acquire shared lock on daemon addresses registry.
2022-11-10T10:41:07.740-0300 [DEBUG] [org.gradle.cache.internal.DefaultFileLockManager] Lock acquired on daemon addresses registry.
2022-11-10T10:41:07.740-0300 [DEBUG] [org.gradle.cache.internal.DefaultFileLockManager] Releasing lock on daemon addresses registry.
2022-11-10T10:41:17.738-0300 [DEBUG] [org.gradle.cache.internal.DefaultFileLockManager] Waiting to acquire shared lock on daemon addresses registry.
2022-11-10T10:41:17.738-0300 [DEBUG] [org.gradle.cache.internal.DefaultFileLockManager] Lock acquired on daemon addresses registry.
2022-11-10T10:41:17.738-0300 [DEBUG] [org.gradle.cache.internal.DefaultFileLockManager] Releasing lock on daemon addresses registry.
2022-11-10T10:41:17.739-0300 [DEBUG] [org.gradle.cache.internal.DefaultFileLockManager] Waiting to acquire shared lock on daemon addresses registry.
2022-11-10T10:41:17.739-0300 [DEBUG] [org.gradle.cache.internal.DefaultFileLockManager] Lock acquired on daemon addresses registry.
2022-11-10T10:41:17.739-0300 [DEBUG] [org.gradle.cache.internal.DefaultFileLockManager] Releasing lock on daemon addresses registry.
2022-11-10T10:41:17.739-0300 [DEBUG] [org.gradle.cache.internal.DefaultFileLockManager] Waiting to acquire shared lock on daemon addresses registry.
2022-11-10T10:41:17.740-0300 [DEBUG] [org.gradle.cache.internal.DefaultFileLockManager] Lock acquired on daemon addresses registry.
2022-11-10T10:41:17.740-0300 [DEBUG] [org.gradle.cache.internal.DefaultFileLockManager] Releasing lock on daemon addresses registry.
2022-11-10T10:41:27.737-0300 [DEBUG] [org.gradle.cache.internal.DefaultFileLockManager] Waiting to acquire shared lock on daemon addresses registry.
2022-11-10T10:41:27.737-0300 [DEBUG] [org.gradle.cache.internal.DefaultFileLockManager] Lock acquired on daemon addresses registry.
2022-11-10T10:41:27.738-0300 [DEBUG] [org.gradle.cache.internal.DefaultFileLockManager] Releasing lock on daemon addresses registry.
2022-11-10T10:41:27.738-0300 [DEBUG] [org.gradle.cache.internal.DefaultFileLockManager] Waiting to acquire shared lock on daemon addresses registry.
2022-11-10T10:41:27.738-0300 [DEBUG] [org.gradle.cache.internal.DefaultFileLockManager] Lock acquired on daemon addresses registry.
2022-11-10T10:41:27.739-0300 [DEBUG] [org.gradle.cache.internal.DefaultFileLockManager] Releasing lock on daemon addresses registry.
2022-11-10T10:41:27.739-0300 [DEBUG] [org.gradle.cache.internal.DefaultFileLockManager] Waiting to acquire shared lock on daemon addresses registry.
2022-11-10T10:41:27.739-0300 [DEBUG] [org.gradle.cache.internal.DefaultFileLockManager] Lock acquired on daemon addresses registry.
2022-11-10T10:41:27.739-0300 [DEBUG] [org.gradle.cache.internal.DefaultFileLockManager] Releasing lock on daemon addresses registry.
2022-11-10T10:41:37.737-0300 [DEBUG] [org.gradle.cache.internal.DefaultFileLockManager] Waiting to acquire shared lock on daemon addresses registry.
2022-11-10T10:41:37.737-0300 [DEBUG] [org.gradle.cache.internal.DefaultFileLockManager] Lock acquired on daemon addresses registry.
2022-11-10T10:41:37.737-0300 [DEBUG] [org.gradle.cache.internal.DefaultFileLockManager] Releasing lock on daemon addresses registry.
2022-11-10T10:41:37.738-0300 [DEBUG] [org.gradle.cache.internal.DefaultFileLockManager] Waiting to acquire shared lock on daemon addresses registry.
2022-11-10T10:41:37.738-0300 [DEBUG] [org.gradle.cache.internal.DefaultFileLockManager] Lock acquired on daemon addresses registry.
2022-11-10T10:41:37.739-0300 [DEBUG] [org.gradle.cache.internal.DefaultFileLockManager] Releasing lock on daemon addresses registry.
2022-11-10T10:41:37.739-0300 [DEBUG] [org.gradle.cache.internal.DefaultFileLockManager] Waiting to acquire shared lock on daemon addresses registry.
2022-11-10T10:41:37.739-0300 [DEBUG] [org.gradle.cache.internal.DefaultFileLockManager] Lock acquired on daemon addresses registry.
2022-11-10T10:41:37.739-0300 [DEBUG] [org.gradle.cache.internal.DefaultFileLockManager] Releasing lock on daemon addresses registry.
2022-11-10T10:41:47.737-0300 [DEBUG] [org.gradle.cache.internal.DefaultFileLockManager] Waiting to acquire shared lock on daemon addresses registry.
2022-11-10T10:41:47.737-0300 [DEBUG] [org.gradle.cache.internal.DefaultFileLockManager] Lock acquired on daemon addresses registry.
2022-11-10T10:41:47.737-0300 [DEBUG] [org.gradle.cache.internal.DefaultFileLockManager] Releasing lock on daemon addresses registry.
2022-11-10T10:41:47.738-0300 [DEBUG] [org.gradle.cache.internal.DefaultFileLockManager] Waiting to acquire shared lock on daemon addresses registry.
2022-11-10T10:41:47.738-0300 [DEBUG] [org.gradle.cache.internal.DefaultFileLockManager] Lock acquired on daemon addresses registry.
2022-11-10T10:41:47.738-0300 [DEBUG] [org.gradle.cache.internal.DefaultFileLockManager] Releasing lock on daemon addresses registry.
2022-11-10T10:41:47.739-0300 [DEBUG] [org.gradle.cache.internal.DefaultFileLockManager] Waiting to acquire shared lock on daemon addresses registry.
2022-11-10T10:41:47.739-0300 [DEBUG] [org.gradle.cache.internal.DefaultFileLockManager] Lock acquired on daemon addresses registry.
2022-11-10T10:41:47.739-0300 [DEBUG] [org.gradle.cache.internal.DefaultFileLockManager] Releasing lock on daemon addresses registry.
2022-11-10T10:41:57.737-0300 [DEBUG] [org.gradle.cache.internal.DefaultFileLockManager] Waiting to acquire shared lock on daemon addresses registry.
2022-11-10T10:41:57.737-0300 [DEBUG] [org.gradle.cache.internal.DefaultFileLockManager] Lock acquired on daemon addresses registry.
2022-11-10T10:41:57.738-0300 [DEBUG] [org.gradle.cache.internal.DefaultFileLockManager] Releasing lock on daemon addresses registry.
2022-11-10T10:41:57.738-0300 [DEBUG] [org.gradle.cache.internal.DefaultFileLockManager] Waiting to acquire shared lock on daemon addresses registry.
2022-11-10T10:41:57.739-0300 [DEBUG] [org.gradle.cache.internal.DefaultFileLockManager] Lock acquired on daemon addresses registry.
2022-11-10T10:41:57.739-0300 [DEBUG] [org.gradle.cache.internal.DefaultFileLockManager] Releasing lock on daemon addresses registry.
2022-11-10T10:41:57.739-0300 [DEBUG] [org.gradle.cache.internal.DefaultFileLockManager] Waiting to acquire shared lock on daemon addresses registry.
2022-11-10T10:41:57.739-0300 [DEBUG] [org.gradle.cache.internal.DefaultFileLockManager] Lock acquired on daemon addresses registry.
2022-11-10T10:41:57.740-0300 [DEBUG] [org.gradle.cache.internal.DefaultFileLockManager] Releasing lock on daemon addresses registry.
2022-11-10T10:42:07.737-0300 [DEBUG] [org.gradle.cache.internal.DefaultFileLockManager] Waiting to acquire shared lock on daemon addresses registry.
2022-11-10T10:42:07.737-0300 [DEBUG] [org.gradle.cache.internal.DefaultFileLockManager] Lock acquired on daemon addresses registry.
2022-11-10T10:42:07.738-0300 [DEBUG] [org.gradle.cache.internal.DefaultFileLockManager] Releasing lock on daemon addresses registry.
2022-11-10T10:42:07.738-0300 [DEBUG] [org.gradle.cache.internal.DefaultFileLockManager] Waiting to acquire shared lock on daemon addresses registry.
2022-11-10T10:42:07.738-0300 [DEBUG] [org.gradle.cache.internal.DefaultFileLockManager] Lock acquired on daemon addresses registry.
2022-11-10T10:42:07.739-0300 [DEBUG] [org.gradle.cache.internal.DefaultFileLockManager] Releasing lock on daemon addresses registry.
2022-11-10T10:42:07.739-0300 [DEBUG] [org.gradle.cache.internal.DefaultFileLockManager] Waiting to acquire shared lock on daemon addresses registry.
2022-11-10T10:42:07.739-0300 [DEBUG] [org.gradle.cache.internal.DefaultFileLockManager] Lock acquired on daemon addresses registry.
2022-11-10T10:42:07.739-0300 [DEBUG] [org.gradle.cache.internal.DefaultFileLockManager] Releasing lock on daemon addresses registry.
2022-11-10T10:42:17.737-0300 [DEBUG] [org.gradle.cache.internal.DefaultFileLockManager] Waiting to acquire shared lock on daemon addresses registry.
2022-11-10T10:42:17.737-0300 [DEBUG] [org.gradle.cache.internal.DefaultFileLockManager] Lock acquired on daemon addresses registry.
2022-11-10T10:42:17.738-0300 [DEBUG] [org.gradle.cache.internal.DefaultFileLockManager] Releasing lock on daemon addresses registry.
2022-11-10T10:42:17.738-0300 [DEBUG] [org.gradle.cache.internal.DefaultFileLockManager] Waiting to acquire shared lock on daemon addresses registry.
2022-11-10T10:42:17.738-0300 [DEBUG] [org.gradle.cache.internal.DefaultFileLockManager] Lock acquired on daemon addresses registry.
2022-11-10T10:42:17.738-0300 [DEBUG] [org.gradle.cache.internal.DefaultFileLockManager] Releasing lock on daemon addresses registry.
2022-11-10T10:42:17.739-0300 [DEBUG] [org.gradle.cache.internal.DefaultFileLockManager] Waiting to acquire shared lock on daemon addresses registry.
2022-11-10T10:42:17.739-0300 [DEBUG] [org.gradle.cache.internal.DefaultFileLockManager] Lock acquired on daemon addresses registry.
2022-11-10T10:42:17.739-0300 [DEBUG] [org.gradle.cache.internal.DefaultFileLockManager] Releasing lock on daemon addresses registry.
2022-11-10T10:42:27.737-0300 [DEBUG] [org.gradle.cache.internal.DefaultFileLockManager] Waiting to acquire shared lock on daemon addresses registry.
2022-11-10T10:42:27.738-0300 [DEBUG] [org.gradle.cache.internal.DefaultFileLockManager] Lock acquired on daemon addresses registry.
2022-11-10T10:42:27.738-0300 [DEBUG] [org.gradle.cache.internal.DefaultFileLockManager] Releasing lock on daemon addresses registry.
2022-11-10T10:42:27.738-0300 [DEBUG] [org.gradle.cache.internal.DefaultFileLockManager] Waiting to acquire shared lock on daemon addresses registry.
2022-11-10T10:42:27.738-0300 [DEBUG] [org.gradle.cache.internal.DefaultFileLockManager] Lock acquired on daemon addresses registry.
2022-11-10T10:42:27.739-0300 [DEBUG] [org.gradle.cache.internal.DefaultFileLockManager] Releasing lock on daemon addresses registry.
2022-11-10T10:42:27.739-0300 [DEBUG] [org.gradle.cache.internal.DefaultFileLockManager] Waiting to acquire shared lock on daemon addresses registry.
2022-11-10T10:42:27.739-0300 [DEBUG] [org.gradle.cache.internal.DefaultFileLockManager] Lock acquired on daemon addresses registry.
2022-11-10T10:42:27.739-0300 [DEBUG] [org.gradle.cache.internal.DefaultFileLockManager] Releasing lock on daemon addresses registry.
2022-11-10T10:42:37.737-0300 [DEBUG] [org.gradle.cache.internal.DefaultFileLockManager] Waiting to acquire shared lock on daemon addresses registry.
2022-11-10T10:42:37.737-0300 [DEBUG] [org.gradle.cache.internal.DefaultFileLockManager] Lock acquired on daemon addresses registry.
2022-11-10T10:42:37.738-0300 [DEBUG] [org.gradle.cache.internal.DefaultFileLockManager] Releasing lock on daemon addresses registry.
2022-11-10T10:42:37.738-0300 [DEBUG] [org.gradle.cache.internal.DefaultFileLockManager] Waiting to acquire shared lock on daemon addresses registry.
2022-11-10T10:42:37.738-0300 [DEBUG] [org.gradle.cache.internal.DefaultFileLockManager] Lock acquired on daemon addresses registry.
2022-11-10T10:42:37.739-0300 [DEBUG] [org.gradle.cache.internal.DefaultFileLockManager] Releasing lock on daemon addresses registry.
2022-11-10T10:42:37.739-0300 [DEBUG] [org.gradle.cache.internal.DefaultFileLockManager] Waiting to acquire shared lock on daemon addresses registry.
2022-11-10T10:42:37.739-0300 [DEBUG] [org.gradle.cache.internal.DefaultFileLockManager] Lock acquired on daemon addresses registry.
2022-11-10T10:42:37.739-0300 [DEBUG] [org.gradle.cache.internal.DefaultFileLockManager] Releasing lock on daemon addresses registry.
2022-11-10T10:42:47.737-0300 [DEBUG] [org.gradle.cache.internal.DefaultFileLockManager] Waiting to acquire shared lock on daemon addresses registry.
2022-11-10T10:42:47.737-0300 [DEBUG] [org.gradle.cache.internal.DefaultFileLockManager] Lock acquired on daemon addresses registry.
2022-11-10T10:42:47.737-0300 [DEBUG] [org.gradle.cache.internal.DefaultFileLockManager] Releasing lock on daemon addresses registry.
2022-11-10T10:42:47.738-0300 [DEBUG] [org.gradle.cache.internal.DefaultFileLockManager] Waiting to acquire shared lock on daemon addresses registry.
2022-11-10T10:42:47.738-0300 [DEBUG] [org.gradle.cache.internal.DefaultFileLockManager] Lock acquired on daemon addresses registry.
2022-11-10T10:42:47.738-0300 [DEBUG] [org.gradle.cache.internal.DefaultFileLockManager] Releasing lock on daemon addresses registry.
2022-11-10T10:42:47.739-0300 [DEBUG] [org.gradle.cache.internal.DefaultFileLockManager] Waiting to acquire shared lock on daemon addresses registry.
2022-11-10T10:42:47.739-0300 [DEBUG] [org.gradle.cache.internal.DefaultFileLockManager] Lock acquired on daemon addresses registry.
2022-11-10T10:42:47.739-0300 [DEBUG] [org.gradle.cache.internal.DefaultFileLockManager] Releasing lock on daemon addresses registry.
2022-11-10T10:42:57.737-0300 [DEBUG] [org.gradle.cache.internal.DefaultFileLockManager] Waiting to acquire shared lock on daemon addresses registry.
2022-11-10T10:42:57.737-0300 [DEBUG] [org.gradle.cache.internal.DefaultFileLockManager] Lock acquired on daemon addresses registry.
2022-11-10T10:42:57.738-0300 [DEBUG] [org.gradle.cache.internal.DefaultFileLockManager] Releasing lock on daemon addresses registry.
2022-11-10T10:42:57.738-0300 [DEBUG] [org.gradle.cache.internal.DefaultFileLockManager] Waiting to acquire shared lock on daemon addresses registry.
2022-11-10T10:42:57.739-0300 [DEBUG] [org.gradle.cache.internal.DefaultFileLockManager] Lock acquired on daemon addresses registry.
2022-11-10T10:42:57.739-0300 [DEBUG] [org.gradle.cache.internal.DefaultFileLockManager] Releasing lock on daemon addresses registry.
2022-11-10T10:42:57.739-0300 [DEBUG] [org.gradle.cache.internal.DefaultFileLockManager] Waiting to acquire shared lock on daemon addresses registry.
2022-11-10T10:42:57.740-0300 [DEBUG] [org.gradle.cache.internal.DefaultFileLockManager] Lock acquired on daemon addresses registry.
2022-11-10T10:42:57.740-0300 [DEBUG] [org.gradle.cache.internal.DefaultFileLockManager] Releasing lock on daemon addresses registry.
2022-11-10T10:43:07.737-0300 [DEBUG] [org.gradle.cache.internal.DefaultFileLockManager] Waiting to acquire shared lock on daemon addresses registry.
2022-11-10T10:43:07.737-0300 [DEBUG] [org.gradle.cache.internal.DefaultFileLockManager] Lock acquired on daemon addresses registry.
2022-11-10T10:43:07.737-0300 [DEBUG] [org.gradle.cache.internal.DefaultFileLockManager] Releasing lock on daemon addresses registry.
2022-11-10T10:43:07.738-0300 [DEBUG] [org.gradle.cache.internal.DefaultFileLockManager] Waiting to acquire shared lock on daemon addresses registry.
2022-11-10T10:43:07.738-0300 [DEBUG] [org.gradle.cache.internal.DefaultFileLockManager] Lock acquired on daemon addresses registry.
2022-11-10T10:43:07.739-0300 [DEBUG] [org.gradle.cache.internal.DefaultFileLockManager] Releasing lock on daemon addresses registry.
2022-11-10T10:43:07.739-0300 [DEBUG] [org.gradle.cache.internal.DefaultFileLockManager] Waiting to acquire shared lock on daemon addresses registry.
2022-11-10T10:43:07.739-0300 [DEBUG] [org.gradle.cache.internal.DefaultFileLockManager] Lock acquired on daemon addresses registry.
2022-11-10T10:43:07.740-0300 [DEBUG] [org.gradle.cache.internal.DefaultFileLockManager] Releasing lock on daemon addresses registry.
2022-11-10T10:43:17.737-0300 [DEBUG] [org.gradle.cache.internal.DefaultFileLockManager] Waiting to acquire shared lock on daemon addresses registry.
2022-11-10T10:43:17.737-0300 [DEBUG] [org.gradle.cache.internal.DefaultFileLockManager] Lock acquired on daemon addresses registry.
2022-11-10T10:43:17.738-0300 [DEBUG] [org.gradle.cache.internal.DefaultFileLockManager] Releasing lock on daemon addresses registry.
2022-11-10T10:43:17.738-0300 [DEBUG] [org.gradle.cache.internal.DefaultFileLockManager] Waiting to acquire shared lock on daemon addresses registry.
2022-11-10T10:43:17.739-0300 [DEBUG] [org.gradle.cache.internal.DefaultFileLockManager] Lock acquired on daemon addresses registry.
2022-11-10T10:43:17.739-0300 [DEBUG] [org.gradle.cache.internal.DefaultFileLockManager] Releasing lock on daemon addresses registry.
2022-11-10T10:43:17.740-0300 [DEBUG] [org.gradle.cache.internal.DefaultFileLockManager] Waiting to acquire shared lock on daemon addresses registry.
2022-11-10T10:43:17.740-0300 [DEBUG] [org.gradle.cache.internal.DefaultFileLockManager] Lock acquired on daemon addresses registry.
2022-11-10T10:43:17.740-0300 [DEBUG] [org.gradle.cache.internal.DefaultFileLockManager] Releasing lock on daemon addresses registry.
2022-11-10T10:43:27.737-0300 [DEBUG] [org.gradle.cache.internal.DefaultFileLockManager] Waiting to acquire shared lock on daemon addresses registry.
2022-11-10T10:43:27.737-0300 [DEBUG] [org.gradle.cache.internal.DefaultFileLockManager] Lock acquired on daemon addresses registry.
2022-11-10T10:43:27.737-0300 [DEBUG] [org.gradle.cache.internal.DefaultFileLockManager] Releasing lock on daemon addresses registry.
2022-11-10T10:43:27.738-0300 [DEBUG] [org.gradle.cache.internal.DefaultFileLockManager] Waiting to acquire shared lock on daemon addresses registry.
2022-11-10T10:43:27.738-0300 [DEBUG] [org.gradle.cache.internal.DefaultFileLockManager] Lock acquired on daemon addresses registry.
2022-11-10T10:43:27.738-0300 [DEBUG] [org.gradle.cache.internal.DefaultFileLockManager] Releasing lock on daemon addresses registry.
2022-11-10T10:43:27.738-0300 [DEBUG] [org.gradle.cache.internal.DefaultFileLockManager] Waiting to acquire shared lock on daemon addresses registry.
2022-11-10T10:43:27.739-0300 [DEBUG] [org.gradle.cache.internal.DefaultFileLockManager] Lock acquired on daemon addresses registry.
2022-11-10T10:43:27.739-0300 [DEBUG] [org.gradle.cache.internal.DefaultFileLockManager] Releasing lock on daemon addresses registry.
2022-11-10T10:43:37.737-0300 [DEBUG] [org.gradle.cache.internal.DefaultFileLockManager] Waiting to acquire shared lock on daemon addresses registry.
2022-11-10T10:43:37.737-0300 [DEBUG] [org.gradle.cache.internal.DefaultFileLockManager] Lock acquired on daemon addresses registry.
2022-11-10T10:43:37.737-0300 [DEBUG] [org.gradle.cache.internal.DefaultFileLockManager] Releasing lock on daemon addresses registry.
2022-11-10T10:43:37.738-0300 [DEBUG] [org.gradle.cache.internal.DefaultFileLockManager] Waiting to acquire shared lock on daemon addresses registry.
2022-11-10T10:43:37.738-0300 [DEBUG] [org.gradle.cache.internal.DefaultFileLockManager] Lock acquired on daemon addresses registry.
2022-11-10T10:43:37.738-0300 [DEBUG] [org.gradle.cache.internal.DefaultFileLockManager] Releasing lock on daemon addresses registry.
2022-11-10T10:43:37.738-0300 [DEBUG] [org.gradle.cache.internal.DefaultFileLockManager] Waiting to acquire shared lock on daemon addresses registry.
2022-11-10T10:43:37.738-0300 [DEBUG] [org.gradle.cache.internal.DefaultFileLockManager] Lock acquired on daemon addresses registry.
2022-11-10T10:43:37.738-0300 [DEBUG] [org.gradle.cache.internal.DefaultFileLockManager] Releasing lock on daemon addresses registry.
2022-11-10T10:43:47.737-0300 [DEBUG] [org.gradle.cache.internal.DefaultFileLockManager] Waiting to acquire shared lock on daemon addresses registry.
2022-11-10T10:43:47.737-0300 [DEBUG] [org.gradle.cache.internal.DefaultFileLockManager] Lock acquired on daemon addresses registry.
2022-11-10T10:43:47.737-0300 [DEBUG] [org.gradle.cache.internal.DefaultFileLockManager] Releasing lock on daemon addresses registry.
2022-11-10T10:43:47.737-0300 [DEBUG] [org.gradle.cache.internal.DefaultFileLockManager] Waiting to acquire shared lock on daemon addresses registry.
2022-11-10T10:43:47.737-0300 [DEBUG] [org.gradle.cache.internal.DefaultFileLockManager] Lock acquired on daemon addresses registry.
2022-11-10T10:43:47.737-0300 [DEBUG] [org.gradle.cache.internal.DefaultFileLockManager] Releasing lock on daemon addresses registry.
2022-11-10T10:43:47.737-0300 [DEBUG] [org.gradle.cache.internal.DefaultFileLockManager] Waiting to acquire shared lock on daemon addresses registry.
2022-11-10T10:43:47.737-0300 [DEBUG] [org.gradle.cache.internal.DefaultFileLockManager] Lock acquired on daemon addresses registry.
2022-11-10T10:43:47.737-0300 [DEBUG] [org.gradle.cache.internal.DefaultFileLockManager] Releasing lock on daemon addresses registry.
2022-11-10T10:43:57.738-0300 [DEBUG] [org.gradle.cache.internal.DefaultFileLockManager] Waiting to acquire shared lock on daemon addresses registry.
2022-11-10T10:43:57.738-0300 [DEBUG] [org.gradle.cache.internal.DefaultFileLockManager] Lock acquired on daemon addresses registry.
2022-11-10T10:43:57.738-0300 [DEBUG] [org.gradle.cache.internal.DefaultFileLockManager] Releasing lock on daemon addresses registry.
2022-11-10T10:43:57.739-0300 [DEBUG] [org.gradle.cache.internal.DefaultFileLockManager] Waiting to acquire shared lock on daemon addresses registry.
2022-11-10T10:43:57.739-0300 [DEBUG] [org.gradle.cache.internal.DefaultFileLockManager] Lock acquired on daemon addresses registry.
2022-11-10T10:43:57.739-0300 [DEBUG] [org.gradle.cache.internal.DefaultFileLockManager] Releasing lock on daemon addresses registry.
2022-11-10T10:43:57.739-0300 [DEBUG] [org.gradle.cache.internal.DefaultFileLockManager] Waiting to acquire shared lock on daemon addresses registry.
2022-11-10T10:43:57.739-0300 [DEBUG] [org.gradle.cache.internal.DefaultFileLockManager] Lock acquired on daemon addresses registry.
2022-11-10T10:43:57.740-0300 [DEBUG] [org.gradle.cache.internal.DefaultFileLockManager] Releasing lock on daemon addresses registry.
2022-11-10T10:44:07.737-0300 [DEBUG] [org.gradle.cache.internal.DefaultFileLockManager] Waiting to acquire shared lock on daemon addresses registry.
2022-11-10T10:44:07.737-0300 [DEBUG] [org.gradle.cache.internal.DefaultFileLockManager] Lock acquired on daemon addresses registry.
2022-11-10T10:44:07.737-0300 [DEBUG] [org.gradle.cache.internal.DefaultFileLockManager] Releasing lock on daemon addresses registry.
2022-11-10T10:44:07.738-0300 [DEBUG] [org.gradle.cache.internal.DefaultFileLockManager] Waiting to acquire shared lock on daemon addresses registry.
2022-11-10T10:44:07.738-0300 [DEBUG] [org.gradle.cache.internal.DefaultFileLockManager] Lock acquired on daemon addresses registry.
2022-11-10T10:44:07.738-0300 [DEBUG] [org.gradle.cache.internal.DefaultFileLockManager] Releasing lock on daemon addresses registry.
2022-11-10T10:44:07.739-0300 [DEBUG] [org.gradle.cache.internal.DefaultFileLockManager] Waiting to acquire shared lock on daemon addresses registry.
2022-11-10T10:44:07.739-0300 [DEBUG] [org.gradle.cache.internal.DefaultFileLockManager] Lock acquired on daemon addresses registry.
2022-11-10T10:44:07.739-0300 [DEBUG] [org.gradle.cache.internal.DefaultFileLockManager] Releasing lock on daemon addresses registry.
2022-11-10T10:44:17.737-0300 [DEBUG] [org.gradle.cache.internal.DefaultFileLockManager] Waiting to acquire shared lock on daemon addresses registry.
2022-11-10T10:44:17.737-0300 [DEBUG] [org.gradle.cache.internal.DefaultFileLockManager] Lock acquired on daemon addresses registry.
2022-11-10T10:44:17.737-0300 [DEBUG] [org.gradle.cache.internal.DefaultFileLockManager] Releasing lock on daemon addresses registry.
2022-11-10T10:44:17.738-0300 [DEBUG] [org.gradle.cache.internal.DefaultFileLockManager] Waiting to acquire shared lock on daemon addresses registry.
2022-11-10T10:44:17.738-0300 [DEBUG] [org.gradle.cache.internal.DefaultFileLockManager] Lock acquired on daemon addresses registry.
2022-11-10T10:44:17.738-0300 [DEBUG] [org.gradle.cache.internal.DefaultFileLockManager] Releasing lock on daemon addresses registry.
2022-11-10T10:44:17.739-0300 [DEBUG] [org.gradle.cache.internal.DefaultFileLockManager] Waiting to acquire shared lock on daemon addresses registry.
2022-11-10T10:44:17.739-0300 [DEBUG] [org.gradle.cache.internal.DefaultFileLockManager] Lock acquired on daemon addresses registry.
2022-11-10T10:44:17.739-0300 [DEBUG] [org.gradle.cache.internal.DefaultFileLockManager] Releasing lock on daemon addresses registry.
2022-11-10T10:44:27.737-0300 [DEBUG] [org.gradle.cache.internal.DefaultFileLockManager] Waiting to acquire shared lock on daemon addresses registry.
2022-11-10T10:44:27.737-0300 [DEBUG] [org.gradle.cache.internal.DefaultFileLockManager] Lock acquired on daemon addresses registry.
2022-11-10T10:44:27.737-0300 [DEBUG] [org.gradle.cache.internal.DefaultFileLockManager] Releasing lock on daemon addresses registry.
2022-11-10T10:44:27.738-0300 [DEBUG] [org.gradle.cache.internal.DefaultFileLockManager] Waiting to acquire shared lock on daemon addresses registry.
2022-11-10T10:44:27.738-0300 [DEBUG] [org.gradle.cache.internal.DefaultFileLockManager] Lock acquired on daemon addresses registry.
2022-11-10T10:44:27.738-0300 [DEBUG] [org.gradle.cache.internal.DefaultFileLockManager] Releasing lock on daemon addresses registry.
2022-11-10T10:44:27.739-0300 [DEBUG] [org.gradle.cache.internal.DefaultFileLockManager] Waiting to acquire shared lock on daemon addresses registry.
2022-11-10T10:44:27.739-0300 [DEBUG] [org.gradle.cache.internal.DefaultFileLockManager] Lock acquired on daemon addresses registry.
2022-11-10T10:44:27.739-0300 [DEBUG] [org.gradle.cache.internal.DefaultFileLockManager] Releasing lock on daemon addresses registry.
2022-11-10T10:44:37.737-0300 [DEBUG] [org.gradle.cache.internal.DefaultFileLockManager] Waiting to acquire shared lock on daemon addresses registry.
2022-11-10T10:44:37.737-0300 [DEBUG] [org.gradle.cache.internal.DefaultFileLockManager] Lock acquired on daemon addresses registry.
2022-11-10T10:44:37.737-0300 [DEBUG] [org.gradle.cache.internal.DefaultFileLockManager] Releasing lock on daemon addresses registry.
2022-11-10T10:44:37.738-0300 [DEBUG] [org.gradle.cache.internal.DefaultFileLockManager] Waiting to acquire shared lock on daemon addresses registry.
2022-11-10T10:44:37.738-0300 [DEBUG] [org.gradle.cache.internal.DefaultFileLockManager] Lock acquired on daemon addresses registry.
2022-11-10T10:44:37.738-0300 [DEBUG] [org.gradle.cache.internal.DefaultFileLockManager] Releasing lock on daemon addresses registry.
2022-11-10T10:44:37.739-0300 [DEBUG] [org.gradle.cache.internal.DefaultFileLockManager] Waiting to acquire shared lock on daemon addresses registry.
2022-11-10T10:44:37.739-0300 [DEBUG] [org.gradle.cache.internal.DefaultFileLockManager] Lock acquired on daemon addresses registry.
2022-11-10T10:44:37.739-0300 [DEBUG] [org.gradle.cache.internal.DefaultFileLockManager] Releasing lock on daemon addresses registry.
2022-11-10T10:44:47.737-0300 [DEBUG] [org.gradle.cache.internal.DefaultFileLockManager] Waiting to acquire shared lock on daemon addresses registry.
2022-11-10T10:44:47.737-0300 [DEBUG] [org.gradle.cache.internal.DefaultFileLockManager] Lock acquired on daemon addresses registry.
2022-11-10T10:44:47.737-0300 [DEBUG] [org.gradle.cache.internal.DefaultFileLockManager] Releasing lock on daemon addresses registry.
2022-11-10T10:44:47.738-0300 [DEBUG] [org.gradle.cache.internal.DefaultFileLockManager] Waiting to acquire shared lock on daemon addresses registry.
2022-11-10T10:44:47.738-0300 [DEBUG] [org.gradle.cache.internal.DefaultFileLockManager] Lock acquired on daemon addresses registry.
2022-11-10T10:44:47.738-0300 [DEBUG] [org.gradle.cache.internal.DefaultFileLockManager] Releasing lock on daemon addresses registry.
2022-11-10T10:44:47.739-0300 [DEBUG] [org.gradle.cache.internal.DefaultFileLockManager] Waiting to acquire shared lock on daemon addresses registry.
2022-11-10T10:44:47.739-0300 [DEBUG] [org.gradle.cache.internal.DefaultFileLockManager] Lock acquired on daemon addresses registry.
2022-11-10T10:44:47.739-0300 [DEBUG] [org.gradle.cache.internal.DefaultFileLockManager] Releasing lock on daemon addresses registry.
2022-11-10T10:44:57.738-0300 [DEBUG] [org.gradle.cache.internal.DefaultFileLockManager] Waiting to acquire shared lock on daemon addresses registry.
2022-11-10T10:44:57.738-0300 [DEBUG] [org.gradle.cache.internal.DefaultFileLockManager] Lock acquired on daemon addresses registry.
2022-11-10T10:44:57.738-0300 [DEBUG] [org.gradle.cache.internal.DefaultFileLockManager] Releasing lock on daemon addresses registry.
2022-11-10T10:44:57.739-0300 [DEBUG] [org.gradle.cache.internal.DefaultFileLockManager] Waiting to acquire shared lock on daemon addresses registry.
2022-11-10T10:44:57.739-0300 [DEBUG] [org.gradle.cache.internal.DefaultFileLockManager] Lock acquired on daemon addresses registry.
2022-11-10T10:44:57.739-0300 [DEBUG] [org.gradle.cache.internal.DefaultFileLockManager] Releasing lock on daemon addresses registry.
2022-11-10T10:44:57.740-0300 [DEBUG] [org.gradle.cache.internal.DefaultFileLockManager] Waiting to acquire shared lock on daemon addresses registry.
2022-11-10T10:44:57.740-0300 [DEBUG] [org.gradle.cache.internal.DefaultFileLockManager] Lock acquired on daemon addresses registry.
2022-11-10T10:44:57.740-0300 [DEBUG] [org.gradle.cache.internal.DefaultFileLockManager] Releasing lock on daemon addresses registry.
2022-11-10T10:45:07.737-0300 [DEBUG] [org.gradle.cache.internal.DefaultFileLockManager] Waiting to acquire shared lock on daemon addresses registry.
2022-11-10T10:45:07.737-0300 [DEBUG] [org.gradle.cache.internal.DefaultFileLockManager] Lock acquired on daemon addresses registry.
2022-11-10T10:45:07.737-0300 [DEBUG] [org.gradle.cache.internal.DefaultFileLockManager] Releasing lock on daemon addresses registry.
2022-11-10T10:45:07.738-0300 [DEBUG] [org.gradle.cache.internal.DefaultFileLockManager] Waiting to acquire shared lock on daemon addresses registry.
2022-11-10T10:45:07.738-0300 [DEBUG] [org.gradle.cache.internal.DefaultFileLockManager] Lock acquired on daemon addresses registry.
2022-11-10T10:45:07.739-0300 [DEBUG] [org.gradle.cache.internal.DefaultFileLockManager] Releasing lock on daemon addresses registry.
2022-11-10T10:45:07.739-0300 [DEBUG] [org.gradle.cache.internal.DefaultFileLockManager] Waiting to acquire shared lock on daemon addresses registry.
2022-11-10T10:45:07.739-0300 [DEBUG] [org.gradle.cache.internal.DefaultFileLockManager] Lock acquired on daemon addresses registry.
2022-11-10T10:45:07.739-0300 [DEBUG] [org.gradle.cache.internal.DefaultFileLockManager] Releasing lock on daemon addresses registry.
2022-11-10T10:45:17.737-0300 [DEBUG] [org.gradle.cache.internal.DefaultFileLockManager] Waiting to acquire shared lock on daemon addresses registry.
2022-11-10T10:45:17.737-0300 [DEBUG] [org.gradle.cache.internal.DefaultFileLockManager] Lock acquired on daemon addresses registry.
2022-11-10T10:45:17.737-0300 [DEBUG] [org.gradle.cache.internal.DefaultFileLockManager] Releasing lock on daemon addresses registry.
2022-11-10T10:45:17.738-0300 [DEBUG] [org.gradle.cache.internal.DefaultFileLockManager] Waiting to acquire shared lock on daemon addresses registry.
2022-11-10T10:45:17.738-0300 [DEBUG] [org.gradle.cache.internal.DefaultFileLockManager] Lock acquired on daemon addresses registry.
2022-11-10T10:45:17.738-0300 [DEBUG] [org.gradle.cache.internal.DefaultFileLockManager] Releasing lock on daemon addresses registry.
2022-11-10T10:45:17.739-0300 [DEBUG] [org.gradle.cache.internal.DefaultFileLockManager] Waiting to acquire shared lock on daemon addresses registry.
2022-11-10T10:45:17.739-0300 [DEBUG] [org.gradle.cache.internal.DefaultFileLockManager] Lock acquired on daemon addresses registry.
2022-11-10T10:45:17.739-0300 [DEBUG] [org.gradle.cache.internal.DefaultFileLockManager] Releasing lock on daemon addresses registry.
2022-11-10T10:45:27.737-0300 [DEBUG] [org.gradle.cache.internal.DefaultFileLockManager] Waiting to acquire shared lock on daemon addresses registry.
2022-11-10T10:45:27.737-0300 [DEBUG] [org.gradle.cache.internal.DefaultFileLockManager] Lock acquired on daemon addresses registry.
2022-11-10T10:45:27.737-0300 [DEBUG] [org.gradle.cache.internal.DefaultFileLockManager] Releasing lock on daemon addresses registry.
2022-11-10T10:45:27.738-0300 [DEBUG] [org.gradle.cache.internal.DefaultFileLockManager] Waiting to acquire shared lock on daemon addresses registry.
2022-11-10T10:45:27.738-0300 [DEBUG] [org.gradle.cache.internal.DefaultFileLockManager] Lock acquired on daemon addresses registry.
2022-11-10T10:45:27.738-0300 [DEBUG] [org.gradle.cache.internal.DefaultFileLockManager] Releasing lock on daemon addresses registry.
2022-11-10T10:45:27.739-0300 [DEBUG] [org.gradle.cache.internal.DefaultFileLockManager] Waiting to acquire shared lock on daemon addresses registry.
2022-11-10T10:45:27.739-0300 [DEBUG] [org.gradle.cache.internal.DefaultFileLockManager] Lock acquired on daemon addresses registry.
2022-11-10T10:45:27.739-0300 [DEBUG] [org.gradle.cache.internal.DefaultFileLockManager] Releasing lock on daemon addresses registry.
2022-11-10T10:45:37.737-0300 [DEBUG] [org.gradle.cache.internal.DefaultFileLockManager] Waiting to acquire shared lock on daemon addresses registry.
2022-11-10T10:45:37.737-0300 [DEBUG] [org.gradle.cache.internal.DefaultFileLockManager] Lock acquired on daemon addresses registry.
2022-11-10T10:45:37.737-0300 [DEBUG] [org.gradle.cache.internal.DefaultFileLockManager] Releasing lock on daemon addresses registry.
2022-11-10T10:45:37.738-0300 [DEBUG] [org.gradle.cache.internal.DefaultFileLockManager] Waiting to acquire shared lock on daemon addresses registry.
2022-11-10T10:45:37.738-0300 [DEBUG] [org.gradle.cache.internal.DefaultFileLockManager] Lock acquired on daemon addresses registry.
2022-11-10T10:45:37.738-0300 [DEBUG] [org.gradle.cache.internal.DefaultFileLockManager] Releasing lock on daemon addresses registry.
2022-11-10T10:45:37.739-0300 [DEBUG] [org.gradle.cache.internal.DefaultFileLockManager] Waiting to acquire shared lock on daemon addresses registry.
2022-11-10T10:45:37.739-0300 [DEBUG] [org.gradle.cache.internal.DefaultFileLockManager] Lock acquired on daemon addresses registry.
2022-11-10T10:45:37.739-0300 [DEBUG] [org.gradle.cache.internal.DefaultFileLockManager] Releasing lock on daemon addresses registry.
2022-11-10T10:45:47.737-0300 [DEBUG] [org.gradle.cache.internal.DefaultFileLockManager] Waiting to acquire shared lock on daemon addresses registry.
2022-11-10T10:45:47.737-0300 [DEBUG] [org.gradle.cache.internal.DefaultFileLockManager] Lock acquired on daemon addresses registry.
2022-11-10T10:45:47.737-0300 [DEBUG] [org.gradle.cache.internal.DefaultFileLockManager] Releasing lock on daemon addresses registry.
2022-11-10T10:45:47.738-0300 [DEBUG] [org.gradle.cache.internal.DefaultFileLockManager] Waiting to acquire shared lock on daemon addresses registry.
2022-11-10T10:45:47.738-0300 [DEBUG] [org.gradle.cache.internal.DefaultFileLockManager] Lock acquired on daemon addresses registry.
2022-11-10T10:45:47.738-0300 [DEBUG] [org.gradle.cache.internal.DefaultFileLockManager] Releasing lock on daemon addresses registry.
2022-11-10T10:45:47.739-0300 [DEBUG] [org.gradle.cache.internal.DefaultFileLockManager] Waiting to acquire shared lock on daemon addresses registry.
2022-11-10T10:45:47.739-0300 [DEBUG] [org.gradle.cache.internal.DefaultFileLockManager] Lock acquired on daemon addresses registry.
2022-11-10T10:45:47.739-0300 [DEBUG] [org.gradle.cache.internal.DefaultFileLockManager] Releasing lock on daemon addresses registry.
2022-11-10T10:45:57.737-0300 [DEBUG] [org.gradle.cache.internal.DefaultFileLockManager] Waiting to acquire shared lock on daemon addresses registry.
2022-11-10T10:45:57.737-0300 [DEBUG] [org.gradle.cache.internal.DefaultFileLockManager] Lock acquired on daemon addresses registry.
2022-11-10T10:45:57.737-0300 [DEBUG] [org.gradle.cache.internal.DefaultFileLockManager] Releasing lock on daemon addresses registry.
2022-11-10T10:45:57.738-0300 [DEBUG] [org.gradle.cache.internal.DefaultFileLockManager] Waiting to acquire shared lock on daemon addresses registry.
2022-11-10T10:45:57.738-0300 [DEBUG] [org.gradle.cache.internal.DefaultFileLockManager] Lock acquired on daemon addresses registry.
2022-11-10T10:45:57.738-0300 [DEBUG] [org.gradle.cache.internal.DefaultFileLockManager] Releasing lock on daemon addresses registry.
2022-11-10T10:45:57.739-0300 [DEBUG] [org.gradle.cache.internal.DefaultFileLockManager] Waiting to acquire shared lock on daemon addresses registry.
2022-11-10T10:45:57.739-0300 [DEBUG] [org.gradle.cache.internal.DefaultFileLockManager] Lock acquired on daemon addresses registry.
2022-11-10T10:45:57.739-0300 [DEBUG] [org.gradle.cache.internal.DefaultFileLockManager] Releasing lock on daemon addresses registry.
2022-11-10T10:46:07.737-0300 [DEBUG] [org.gradle.cache.internal.DefaultFileLockManager] Waiting to acquire shared lock on daemon addresses registry.
2022-11-10T10:46:07.737-0300 [DEBUG] [org.gradle.cache.internal.DefaultFileLockManager] Lock acquired on daemon addresses registry.
2022-11-10T10:46:07.737-0300 [DEBUG] [org.gradle.cache.internal.DefaultFileLockManager] Releasing lock on daemon addresses registry.
2022-11-10T10:46:07.738-0300 [DEBUG] [org.gradle.cache.internal.DefaultFileLockManager] Waiting to acquire shared lock on daemon addresses registry.
2022-11-10T10:46:07.738-0300 [DEBUG] [org.gradle.cache.internal.DefaultFileLockManager] Lock acquired on daemon addresses registry.
2022-11-10T10:46:07.738-0300 [DEBUG] [org.gradle.cache.internal.DefaultFileLockManager] Releasing lock on daemon addresses registry.
2022-11-10T10:46:07.739-0300 [DEBUG] [org.gradle.cache.internal.DefaultFileLockManager] Waiting to acquire shared lock on daemon addresses registry.
2022-11-10T10:46:07.739-0300 [DEBUG] [org.gradle.cache.internal.DefaultFileLockManager] Lock acquired on daemon addresses registry.
2022-11-10T10:46:07.739-0300 [DEBUG] [org.gradle.cache.internal.DefaultFileLockManager] Releasing lock on daemon addresses registry.
2022-11-10T10:46:17.737-0300 [DEBUG] [org.gradle.cache.internal.DefaultFileLockManager] Waiting to acquire shared lock on daemon addresses registry.
2022-11-10T10:46:17.737-0300 [DEBUG] [org.gradle.cache.internal.DefaultFileLockManager] Lock acquired on daemon addresses registry.
2022-11-10T10:46:17.737-0300 [DEBUG] [org.gradle.cache.internal.DefaultFileLockManager] Releasing lock on daemon addresses registry.
2022-11-10T10:46:17.737-0300 [DEBUG] [org.gradle.cache.internal.DefaultFileLockManager] Waiting to acquire shared lock on daemon addresses registry.
2022-11-10T10:46:17.737-0300 [DEBUG] [org.gradle.cache.internal.DefaultFileLockManager] Lock acquired on daemon addresses registry.
2022-11-10T10:46:17.738-0300 [DEBUG] [org.gradle.cache.internal.DefaultFileLockManager] Releasing lock on daemon addresses registry.
2022-11-10T10:46:17.738-0300 [DEBUG] [org.gradle.cache.internal.DefaultFileLockManager] Waiting to acquire shared lock on daemon addresses registry.
2022-11-10T10:46:17.738-0300 [DEBUG] [org.gradle.cache.internal.DefaultFileLockManager] Lock acquired on daemon addresses registry.
2022-11-10T10:46:17.738-0300 [DEBUG] [org.gradle.cache.internal.DefaultFileLockManager] Releasing lock on daemon addresses registry.
2022-11-10T10:46:27.737-0300 [DEBUG] [org.gradle.cache.internal.DefaultFileLockManager] Waiting to acquire shared lock on daemon addresses registry.
2022-11-10T10:46:27.737-0300 [DEBUG] [org.gradle.cache.internal.DefaultFileLockManager] Lock acquired on daemon addresses registry.
2022-11-10T10:46:27.737-0300 [DEBUG] [org.gradle.cache.internal.DefaultFileLockManager] Releasing lock on daemon addresses registry.
2022-11-10T10:46:27.738-0300 [DEBUG] [org.gradle.cache.internal.DefaultFileLockManager] Waiting to acquire shared lock on daemon addresses registry.
2022-11-10T10:46:27.738-0300 [DEBUG] [org.gradle.cache.internal.DefaultFileLockManager] Lock acquired on daemon addresses registry.
2022-11-10T10:46:27.738-0300 [DEBUG] [org.gradle.cache.internal.DefaultFileLockManager] Releasing lock on daemon addresses registry.
2022-11-10T10:46:27.739-0300 [DEBUG] [org.gradle.cache.internal.DefaultFileLockManager] Waiting to acquire shared lock on daemon addresses registry.
2022-11-10T10:46:27.739-0300 [DEBUG] [org.gradle.cache.internal.DefaultFileLockManager] Lock acquired on daemon addresses registry.
2022-11-10T10:46:27.739-0300 [DEBUG] [org.gradle.cache.internal.DefaultFileLockManager] Releasing lock on daemon addresses registry.
2022-11-10T10:46:37.737-0300 [DEBUG] [org.gradle.cache.internal.DefaultFileLockManager] Waiting to acquire shared lock on daemon addresses registry.
2022-11-10T10:46:37.737-0300 [DEBUG] [org.gradle.cache.internal.DefaultFileLockManager] Lock acquired on daemon addresses registry.
2022-11-10T10:46:37.737-0300 [DEBUG] [org.gradle.cache.internal.DefaultFileLockManager] Releasing lock on daemon addresses registry.
2022-11-10T10:46:37.738-0300 [DEBUG] [org.gradle.cache.internal.DefaultFileLockManager] Waiting to acquire shared lock on daemon addresses registry.
2022-11-10T10:46:37.738-0300 [DEBUG] [org.gradle.cache.internal.DefaultFileLockManager] Lock acquired on daemon addresses registry.
2022-11-10T10:46:37.738-0300 [DEBUG] [org.gradle.cache.internal.DefaultFileLockManager] Releasing lock on daemon addresses registry.
2022-11-10T10:46:37.739-0300 [DEBUG] [org.gradle.cache.internal.DefaultFileLockManager] Waiting to acquire shared lock on daemon addresses registry.
2022-11-10T10:46:37.739-0300 [DEBUG] [org.gradle.cache.internal.DefaultFileLockManager] Lock acquired on daemon addresses registry.
2022-11-10T10:46:37.739-0300 [DEBUG] [org.gradle.cache.internal.DefaultFileLockManager] Releasing lock on daemon addresses registry.
2022-11-10T10:46:47.737-0300 [DEBUG] [org.gradle.cache.internal.DefaultFileLockManager] Waiting to acquire shared lock on daemon addresses registry.
2022-11-10T10:46:47.737-0300 [DEBUG] [org.gradle.cache.internal.DefaultFileLockManager] Lock acquired on daemon addresses registry.
2022-11-10T10:46:47.737-0300 [DEBUG] [org.gradle.cache.internal.DefaultFileLockManager] Releasing lock on daemon addresses registry.
2022-11-10T10:46:47.738-0300 [DEBUG] [org.gradle.cache.internal.DefaultFileLockManager] Waiting to acquire shared lock on daemon addresses registry.
2022-11-10T10:46:47.738-0300 [DEBUG] [org.gradle.cache.internal.DefaultFileLockManager] Lock acquired on daemon addresses registry.
2022-11-10T10:46:47.738-0300 [DEBUG] [org.gradle.cache.internal.DefaultFileLockManager] Releasing lock on daemon addresses registry.
2022-11-10T10:46:47.739-0300 [DEBUG] [org.gradle.cache.internal.DefaultFileLockManager] Waiting to acquire shared lock on daemon addresses registry.
2022-11-10T10:46:47.739-0300 [DEBUG] [org.gradle.cache.internal.DefaultFileLockManager] Lock acquired on daemon addresses registry.
2022-11-10T10:46:47.739-0300 [DEBUG] [org.gradle.cache.internal.DefaultFileLockManager] Releasing lock on daemon addresses registry.
2022-11-10T10:46:57.737-0300 [DEBUG] [org.gradle.cache.internal.DefaultFileLockManager] Waiting to acquire shared lock on daemon addresses registry.
2022-11-10T10:46:57.737-0300 [DEBUG] [org.gradle.cache.internal.DefaultFileLockManager] Lock acquired on daemon addresses registry.
2022-11-10T10:46:57.737-0300 [DEBUG] [org.gradle.cache.internal.DefaultFileLockManager] Releasing lock on daemon addresses registry.
2022-11-10T10:46:57.738-0300 [DEBUG] [org.gradle.cache.internal.DefaultFileLockManager] Waiting to acquire shared lock on daemon addresses registry.
2022-11-10T10:46:57.738-0300 [DEBUG] [org.gradle.cache.internal.DefaultFileLockManager] Lock acquired on daemon addresses registry.
2022-11-10T10:46:57.738-0300 [DEBUG] [org.gradle.cache.internal.DefaultFileLockManager] Releasing lock on daemon addresses registry.
2022-11-10T10:46:57.739-0300 [DEBUG] [org.gradle.cache.internal.DefaultFileLockManager] Waiting to acquire shared lock on daemon addresses registry.
2022-11-10T10:46:57.739-0300 [DEBUG] [org.gradle.cache.internal.DefaultFileLockManager] Lock acquired on daemon addresses registry.
2022-11-10T10:46:57.739-0300 [DEBUG] [org.gradle.cache.internal.DefaultFileLockManager] Releasing lock on daemon addresses registry.
2022-11-10T10:47:07.737-0300 [DEBUG] [org.gradle.cache.internal.DefaultFileLockManager] Waiting to acquire shared lock on daemon addresses registry.
2022-11-10T10:47:07.737-0300 [DEBUG] [org.gradle.cache.internal.DefaultFileLockManager] Lock acquired on daemon addresses registry.
2022-11-10T10:47:07.737-0300 [DEBUG] [org.gradle.cache.internal.DefaultFileLockManager] Releasing lock on daemon addresses registry.
2022-11-10T10:47:07.738-0300 [DEBUG] [org.gradle.cache.internal.DefaultFileLockManager] Waiting to acquire shared lock on daemon addresses registry.
2022-11-10T10:47:07.738-0300 [DEBUG] [org.gradle.cache.internal.DefaultFileLockManager] Lock acquired on daemon addresses registry.
2022-11-10T10:47:07.738-0300 [DEBUG] [org.gradle.cache.internal.DefaultFileLockManager] Releasing lock on daemon addresses registry.
2022-11-10T10:47:07.739-0300 [DEBUG] [org.gradle.cache.internal.DefaultFileLockManager] Waiting to acquire shared lock on daemon addresses registry.
2022-11-10T10:47:07.739-0300 [DEBUG] [org.gradle.cache.internal.DefaultFileLockManager] Lock acquired on daemon addresses registry.
2022-11-10T10:47:07.739-0300 [DEBUG] [org.gradle.cache.internal.DefaultFileLockManager] Releasing lock on daemon addresses registry.
2022-11-10T10:47:17.737-0300 [DEBUG] [org.gradle.cache.internal.DefaultFileLockManager] Waiting to acquire shared lock on daemon addresses registry.
2022-11-10T10:47:17.737-0300 [DEBUG] [org.gradle.cache.internal.DefaultFileLockManager] Lock acquired on daemon addresses registry.
2022-11-10T10:47:17.737-0300 [DEBUG] [org.gradle.cache.internal.DefaultFileLockManager] Releasing lock on daemon addresses registry.
2022-11-10T10:47:17.738-0300 [DEBUG] [org.gradle.cache.internal.DefaultFileLockManager] Waiting to acquire shared lock on daemon addresses registry.
2022-11-10T10:47:17.738-0300 [DEBUG] [org.gradle.cache.internal.DefaultFileLockManager] Lock acquired on daemon addresses registry.
2022-11-10T10:47:17.738-0300 [DEBUG] [org.gradle.cache.internal.DefaultFileLockManager] Releasing lock on daemon addresses registry.
2022-11-10T10:47:17.739-0300 [DEBUG] [org.gradle.cache.internal.DefaultFileLockManager] Waiting to acquire shared lock on daemon addresses registry.
2022-11-10T10:47:17.739-0300 [DEBUG] [org.gradle.cache.internal.DefaultFileLockManager] Lock acquired on daemon addresses registry.
2022-11-10T10:47:17.739-0300 [DEBUG] [org.gradle.cache.internal.DefaultFileLockManager] Releasing lock on daemon addresses registry.
2022-11-10T10:47:27.737-0300 [DEBUG] [org.gradle.cache.internal.DefaultFileLockManager] Waiting to acquire shared lock on daemon addresses registry.
2022-11-10T10:47:27.737-0300 [DEBUG] [org.gradle.cache.internal.DefaultFileLockManager] Lock acquired on daemon addresses registry.
2022-11-10T10:47:27.737-0300 [DEBUG] [org.gradle.cache.internal.DefaultFileLockManager] Releasing lock on daemon addresses registry.
2022-11-10T10:47:27.738-0300 [DEBUG] [org.gradle.cache.internal.DefaultFileLockManager] Waiting to acquire shared lock on daemon addresses registry.
2022-11-10T10:47:27.738-0300 [DEBUG] [org.gradle.cache.internal.DefaultFileLockManager] Lock acquired on daemon addresses registry.
2022-11-10T10:47:27.738-0300 [DEBUG] [org.gradle.cache.internal.DefaultFileLockManager] Releasing lock on daemon addresses registry.
2022-11-10T10:47:27.739-0300 [DEBUG] [org.gradle.cache.internal.DefaultFileLockManager] Waiting to acquire shared lock on daemon addresses registry.
2022-11-10T10:47:27.739-0300 [DEBUG] [org.gradle.cache.internal.DefaultFileLockManager] Lock acquired on daemon addresses registry.
2022-11-10T10:47:27.739-0300 [DEBUG] [org.gradle.cache.internal.DefaultFileLockManager] Releasing lock on daemon addresses registry.
2022-11-10T10:47:37.737-0300 [DEBUG] [org.gradle.cache.internal.DefaultFileLockManager] Waiting to acquire shared lock on daemon addresses registry.
2022-11-10T10:47:37.737-0300 [DEBUG] [org.gradle.cache.internal.DefaultFileLockManager] Lock acquired on daemon addresses registry.
2022-11-10T10:47:37.737-0300 [DEBUG] [org.gradle.cache.internal.DefaultFileLockManager] Releasing lock on daemon addresses registry.
2022-11-10T10:47:37.738-0300 [DEBUG] [org.gradle.cache.internal.DefaultFileLockManager] Waiting to acquire shared lock on daemon addresses registry.
2022-11-10T10:47:37.738-0300 [DEBUG] [org.gradle.cache.internal.DefaultFileLockManager] Lock acquired on daemon addresses registry.
2022-11-10T10:47:37.738-0300 [DEBUG] [org.gradle.cache.internal.DefaultFileLockManager] Releasing lock on daemon addresses registry.
2022-11-10T10:47:37.739-0300 [DEBUG] [org.gradle.cache.internal.DefaultFileLockManager] Waiting to acquire shared lock on daemon addresses registry.
2022-11-10T10:47:37.739-0300 [DEBUG] [org.gradle.cache.internal.DefaultFileLockManager] Lock acquired on daemon addresses registry.
2022-11-10T10:47:37.739-0300 [DEBUG] [org.gradle.cache.internal.DefaultFileLockManager] Releasing lock on daemon addresses registry.
2022-11-10T10:47:47.737-0300 [DEBUG] [org.gradle.cache.internal.DefaultFileLockManager] Waiting to acquire shared lock on daemon addresses registry.
2022-11-10T10:47:47.737-0300 [DEBUG] [org.gradle.cache.internal.DefaultFileLockManager] Lock acquired on daemon addresses registry.
2022-11-10T10:47:47.737-0300 [DEBUG] [org.gradle.cache.internal.DefaultFileLockManager] Releasing lock on daemon addresses registry.
2022-11-10T10:47:47.738-0300 [DEBUG] [org.gradle.cache.internal.DefaultFileLockManager] Waiting to acquire shared lock on daemon addresses registry.
2022-11-10T10:47:47.738-0300 [DEBUG] [org.gradle.cache.internal.DefaultFileLockManager] Lock acquired on daemon addresses registry.
2022-11-10T10:47:47.738-0300 [DEBUG] [org.gradle.cache.internal.DefaultFileLockManager] Releasing lock on daemon addresses registry.
2022-11-10T10:47:47.739-0300 [DEBUG] [org.gradle.cache.internal.DefaultFileLockManager] Waiting to acquire shared lock on daemon addresses registry.
2022-11-10T10:47:47.739-0300 [DEBUG] [org.gradle.cache.internal.DefaultFileLockManager] Lock acquired on daemon addresses registry.
2022-11-10T10:47:47.739-0300 [DEBUG] [org.gradle.cache.internal.DefaultFileLockManager] Releasing lock on daemon addresses registry.
2022-11-10T10:47:57.738-0300 [DEBUG] [org.gradle.cache.internal.DefaultFileLockManager] Waiting to acquire shared lock on daemon addresses registry.
2022-11-10T10:47:57.738-0300 [DEBUG] [org.gradle.cache.internal.DefaultFileLockManager] Lock acquired on daemon addresses registry.
2022-11-10T10:47:57.738-0300 [DEBUG] [org.gradle.cache.internal.DefaultFileLockManager] Releasing lock on daemon addresses registry.
2022-11-10T10:47:57.739-0300 [DEBUG] [org.gradle.cache.internal.DefaultFileLockManager] Waiting to acquire shared lock on daemon addresses registry.
2022-11-10T10:47:57.739-0300 [DEBUG] [org.gradle.cache.internal.DefaultFileLockManager] Lock acquired on daemon addresses registry.
2022-11-10T10:47:57.739-0300 [DEBUG] [org.gradle.cache.internal.DefaultFileLockManager] Releasing lock on daemon addresses registry.
2022-11-10T10:47:57.739-0300 [DEBUG] [org.gradle.cache.internal.DefaultFileLockManager] Waiting to acquire shared lock on daemon addresses registry.
2022-11-10T10:47:57.739-0300 [DEBUG] [org.gradle.cache.internal.DefaultFileLockManager] Lock acquired on daemon addresses registry.
2022-11-10T10:47:57.740-0300 [DEBUG] [org.gradle.cache.internal.DefaultFileLockManager] Releasing lock on daemon addresses registry.
2022-11-10T10:48:07.737-0300 [DEBUG] [org.gradle.cache.internal.DefaultFileLockManager] Waiting to acquire shared lock on daemon addresses registry.
2022-11-10T10:48:07.737-0300 [DEBUG] [org.gradle.cache.internal.DefaultFileLockManager] Lock acquired on daemon addresses registry.
2022-11-10T10:48:07.737-0300 [DEBUG] [org.gradle.cache.internal.DefaultFileLockManager] Releasing lock on daemon addresses registry.
2022-11-10T10:48:07.738-0300 [DEBUG] [org.gradle.cache.internal.DefaultFileLockManager] Waiting to acquire shared lock on daemon addresses registry.
2022-11-10T10:48:07.738-0300 [DEBUG] [org.gradle.cache.internal.DefaultFileLockManager] Lock acquired on daemon addresses registry.
2022-11-10T10:48:07.738-0300 [DEBUG] [org.gradle.cache.internal.DefaultFileLockManager] Releasing lock on daemon addresses registry.
2022-11-10T10:48:07.738-0300 [DEBUG] [org.gradle.cache.internal.DefaultFileLockManager] Waiting to acquire shared lock on daemon addresses registry.
2022-11-10T10:48:07.739-0300 [DEBUG] [org.gradle.cache.internal.DefaultFileLockManager] Lock acquired on daemon addresses registry.
2022-11-10T10:48:07.739-0300 [DEBUG] [org.gradle.cache.internal.DefaultFileLockManager] Releasing lock on daemon addresses registry.
2022-11-10T10:48:17.737-0300 [DEBUG] [org.gradle.cache.internal.DefaultFileLockManager] Waiting to acquire shared lock on daemon addresses registry.
2022-11-10T10:48:17.737-0300 [DEBUG] [org.gradle.cache.internal.DefaultFileLockManager] Lock acquired on daemon addresses registry.
2022-11-10T10:48:17.737-0300 [DEBUG] [org.gradle.cache.internal.DefaultFileLockManager] Releasing lock on daemon addresses registry.
2022-11-10T10:48:17.738-0300 [DEBUG] [org.gradle.cache.internal.DefaultFileLockManager] Waiting to acquire shared lock on daemon addresses registry.
2022-11-10T10:48:17.738-0300 [DEBUG] [org.gradle.cache.internal.DefaultFileLockManager] Lock acquired on daemon addresses registry.
2022-11-10T10:48:17.738-0300 [DEBUG] [org.gradle.cache.internal.DefaultFileLockManager] Releasing lock on daemon addresses registry.
2022-11-10T10:48:17.739-0300 [DEBUG] [org.gradle.cache.internal.DefaultFileLockManager] Waiting to acquire shared lock on daemon addresses registry.
2022-11-10T10:48:17.739-0300 [DEBUG] [org.gradle.cache.internal.DefaultFileLockManager] Lock acquired on daemon addresses registry.
2022-11-10T10:48:17.739-0300 [DEBUG] [org.gradle.cache.internal.DefaultFileLockManager] Releasing lock on daemon addresses registry.
2022-11-10T10:48:27.737-0300 [DEBUG] [org.gradle.cache.internal.DefaultFileLockManager] Waiting to acquire shared lock on daemon addresses registry.
2022-11-10T10:48:27.737-0300 [DEBUG] [org.gradle.cache.internal.DefaultFileLockManager] Lock acquired on daemon addresses registry.
2022-11-10T10:48:27.737-0300 [DEBUG] [org.gradle.cache.internal.DefaultFileLockManager] Releasing lock on daemon addresses registry.
2022-11-10T10:48:27.738-0300 [DEBUG] [org.gradle.cache.internal.DefaultFileLockManager] Waiting to acquire shared lock on daemon addresses registry.
2022-11-10T10:48:27.738-0300 [DEBUG] [org.gradle.cache.internal.DefaultFileLockManager] Lock acquired on daemon addresses registry.
2022-11-10T10:48:27.738-0300 [DEBUG] [org.gradle.cache.internal.DefaultFileLockManager] Releasing lock on daemon addresses registry.
2022-11-10T10:48:27.738-0300 [DEBUG] [org.gradle.cache.internal.DefaultFileLockManager] Waiting to acquire shared lock on daemon addresses registry.
2022-11-10T10:48:27.739-0300 [DEBUG] [org.gradle.cache.internal.DefaultFileLockManager] Lock acquired on daemon addresses registry.
2022-11-10T10:48:27.739-0300 [DEBUG] [org.gradle.cache.internal.DefaultFileLockManager] Releasing lock on daemon addresses registry.
2022-11-10T10:48:37.737-0300 [DEBUG] [org.gradle.cache.internal.DefaultFileLockManager] Waiting to acquire shared lock on daemon addresses registry.
2022-11-10T10:48:37.737-0300 [DEBUG] [org.gradle.cache.internal.DefaultFileLockManager] Lock acquired on daemon addresses registry.
2022-11-10T10:48:37.737-0300 [DEBUG] [org.gradle.cache.internal.DefaultFileLockManager] Releasing lock on daemon addresses registry.
2022-11-10T10:48:37.738-0300 [DEBUG] [org.gradle.cache.internal.DefaultFileLockManager] Waiting to acquire shared lock on daemon addresses registry.
2022-11-10T10:48:37.738-0300 [DEBUG] [org.gradle.cache.internal.DefaultFileLockManager] Lock acquired on daemon addresses registry.
2022-11-10T10:48:37.738-0300 [DEBUG] [org.gradle.cache.internal.DefaultFileLockManager] Releasing lock on daemon addresses registry.
2022-11-10T10:48:37.739-0300 [DEBUG] [org.gradle.cache.internal.DefaultFileLockManager] Waiting to acquire shared lock on daemon addresses registry.
2022-11-10T10:48:37.739-0300 [DEBUG] [org.gradle.cache.internal.DefaultFileLockManager] Lock acquired on daemon addresses registry.
2022-11-10T10:48:37.739-0300 [DEBUG] [org.gradle.cache.internal.DefaultFileLockManager] Releasing lock on daemon addresses registry.
2022-11-10T10:48:47.737-0300 [DEBUG] [org.gradle.cache.internal.DefaultFileLockManager] Waiting to acquire shared lock on daemon addresses registry.
2022-11-10T10:48:47.737-0300 [DEBUG] [org.gradle.cache.internal.DefaultFileLockManager] Lock acquired on daemon addresses registry.
2022-11-10T10:48:47.737-0300 [DEBUG] [org.gradle.cache.internal.DefaultFileLockManager] Releasing lock on daemon addresses registry.
2022-11-10T10:48:47.738-0300 [DEBUG] [org.gradle.cache.internal.DefaultFileLockManager] Waiting to acquire shared lock on daemon addresses registry.
2022-11-10T10:48:47.738-0300 [DEBUG] [org.gradle.cache.internal.DefaultFileLockManager] Lock acquired on daemon addresses registry.
2022-11-10T10:48:47.738-0300 [DEBUG] [org.gradle.cache.internal.DefaultFileLockManager] Releasing lock on daemon addresses registry.
2022-11-10T10:48:47.739-0300 [DEBUG] [org.gradle.cache.internal.DefaultFileLockManager] Waiting to acquire shared lock on daemon addresses registry.
2022-11-10T10:48:47.739-0300 [DEBUG] [org.gradle.cache.internal.DefaultFileLockManager] Lock acquired on daemon addresses registry.
2022-11-10T10:48:47.739-0300 [DEBUG] [org.gradle.cache.internal.DefaultFileLockManager] Releasing lock on daemon addresses registry.
2022-11-10T10:48:57.738-0300 [DEBUG] [org.gradle.cache.internal.DefaultFileLockManager] Waiting to acquire shared lock on daemon addresses registry.
2022-11-10T10:48:57.738-0300 [DEBUG] [org.gradle.cache.internal.DefaultFileLockManager] Lock acquired on daemon addresses registry.
2022-11-10T10:48:57.738-0300 [DEBUG] [org.gradle.cache.internal.DefaultFileLockManager] Releasing lock on daemon addresses registry.
2022-11-10T10:48:57.739-0300 [DEBUG] [org.gradle.cache.internal.DefaultFileLockManager] Waiting to acquire shared lock on daemon addresses registry.
2022-11-10T10:48:57.739-0300 [DEBUG] [org.gradle.cache.internal.DefaultFileLockManager] Lock acquired on daemon addresses registry.
2022-11-10T10:48:57.739-0300 [DEBUG] [org.gradle.cache.internal.DefaultFileLockManager] Releasing lock on daemon addresses registry.
2022-11-10T10:48:57.739-0300 [DEBUG] [org.gradle.cache.internal.DefaultFileLockManager] Waiting to acquire shared lock on daemon addresses registry.
2022-11-10T10:48:57.739-0300 [DEBUG] [org.gradle.cache.internal.DefaultFileLockManager] Lock acquired on daemon addresses registry.
2022-11-10T10:48:57.740-0300 [DEBUG] [org.gradle.cache.internal.DefaultFileLockManager] Releasing lock on daemon addresses registry.
2022-11-10T10:49:07.737-0300 [DEBUG] [org.gradle.cache.internal.DefaultFileLockManager] Waiting to acquire shared lock on daemon addresses registry.
2022-11-10T10:49:07.737-0300 [DEBUG] [org.gradle.cache.internal.DefaultFileLockManager] Lock acquired on daemon addresses registry.
2022-11-10T10:49:07.737-0300 [DEBUG] [org.gradle.cache.internal.DefaultFileLockManager] Releasing lock on daemon addresses registry.
2022-11-10T10:49:07.738-0300 [DEBUG] [org.gradle.cache.internal.DefaultFileLockManager] Waiting to acquire shared lock on daemon addresses registry.
2022-11-10T10:49:07.738-0300 [DEBUG] [org.gradle.cache.internal.DefaultFileLockManager] Lock acquired on daemon addresses registry.
2022-11-10T10:49:07.738-0300 [DEBUG] [org.gradle.cache.internal.DefaultFileLockManager] Releasing lock on daemon addresses registry.
2022-11-10T10:49:07.739-0300 [DEBUG] [org.gradle.cache.internal.DefaultFileLockManager] Waiting to acquire shared lock on daemon addresses registry.
2022-11-10T10:49:07.739-0300 [DEBUG] [org.gradle.cache.internal.DefaultFileLockManager] Lock acquired on daemon addresses registry.
2022-11-10T10:49:07.739-0300 [DEBUG] [org.gradle.cache.internal.DefaultFileLockManager] Releasing lock on daemon addresses registry.
2022-11-10T10:49:17.737-0300 [DEBUG] [org.gradle.cache.internal.DefaultFileLockManager] Waiting to acquire shared lock on daemon addresses registry.
2022-11-10T10:49:17.737-0300 [DEBUG] [org.gradle.cache.internal.DefaultFileLockManager] Lock acquired on daemon addresses registry.
2022-11-10T10:49:17.738-0300 [DEBUG] [org.gradle.cache.internal.DefaultFileLockManager] Releasing lock on daemon addresses registry.
2022-11-10T10:49:17.738-0300 [DEBUG] [org.gradle.cache.internal.DefaultFileLockManager] Waiting to acquire shared lock on daemon addresses registry.
2022-11-10T10:49:17.738-0300 [DEBUG] [org.gradle.cache.internal.DefaultFileLockManager] Lock acquired on daemon addresses registry.
2022-11-10T10:49:17.739-0300 [DEBUG] [org.gradle.cache.internal.DefaultFileLockManager] Releasing lock on daemon addresses registry.
2022-11-10T10:49:17.739-0300 [DEBUG] [org.gradle.cache.internal.DefaultFileLockManager] Waiting to acquire shared lock on daemon addresses registry.
2022-11-10T10:49:17.739-0300 [DEBUG] [org.gradle.cache.internal.DefaultFileLockManager] Lock acquired on daemon addresses registry.
2022-11-10T10:49:17.739-0300 [DEBUG] [org.gradle.cache.internal.DefaultFileLockManager] Releasing lock on daemon addresses registry.
2022-11-10T10:49:27.737-0300 [DEBUG] [org.gradle.cache.internal.DefaultFileLockManager] Waiting to acquire shared lock on daemon addresses registry.
2022-11-10T10:49:27.737-0300 [DEBUG] [org.gradle.cache.internal.DefaultFileLockManager] Lock acquired on daemon addresses registry.
2022-11-10T10:49:27.738-0300 [DEBUG] [org.gradle.cache.internal.DefaultFileLockManager] Releasing lock on daemon addresses registry.
2022-11-10T10:49:27.738-0300 [DEBUG] [org.gradle.cache.internal.DefaultFileLockManager] Waiting to acquire shared lock on daemon addresses registry.
2022-11-10T10:49:27.738-0300 [DEBUG] [org.gradle.cache.internal.DefaultFileLockManager] Lock acquired on daemon addresses registry.
2022-11-10T10:49:27.739-0300 [DEBUG] [org.gradle.cache.internal.DefaultFileLockManager] Releasing lock on daemon addresses registry.
2022-11-10T10:49:27.739-0300 [DEBUG] [org.gradle.cache.internal.DefaultFileLockManager] Waiting to acquire shared lock on daemon addresses registry.
2022-11-10T10:49:27.740-0300 [DEBUG] [org.gradle.cache.internal.DefaultFileLockManager] Lock acquired on daemon addresses registry.
2022-11-10T10:49:27.740-0300 [DEBUG] [org.gradle.cache.internal.DefaultFileLockManager] Releasing lock on daemon addresses registry.
2022-11-10T10:49:37.737-0300 [DEBUG] [org.gradle.cache.internal.DefaultFileLockManager] Waiting to acquire shared lock on daemon addresses registry.
2022-11-10T10:49:37.737-0300 [DEBUG] [org.gradle.cache.internal.DefaultFileLockManager] Lock acquired on daemon addresses registry.
2022-11-10T10:49:37.738-0300 [DEBUG] [org.gradle.cache.internal.DefaultFileLockManager] Releasing lock on daemon addresses registry.
2022-11-10T10:49:37.738-0300 [DEBUG] [org.gradle.cache.internal.DefaultFileLockManager] Waiting to acquire shared lock on daemon addresses registry.
2022-11-10T10:49:37.738-0300 [DEBUG] [org.gradle.cache.internal.DefaultFileLockManager] Lock acquired on daemon addresses registry.
2022-11-10T10:49:37.739-0300 [DEBUG] [org.gradle.cache.internal.DefaultFileLockManager] Releasing lock on daemon addresses registry.
2022-11-10T10:49:37.739-0300 [DEBUG] [org.gradle.cache.internal.DefaultFileLockManager] Waiting to acquire shared lock on daemon addresses registry.
2022-11-10T10:49:37.739-0300 [DEBUG] [org.gradle.cache.internal.DefaultFileLockManager] Lock acquired on daemon addresses registry.
2022-11-10T10:49:37.739-0300 [DEBUG] [org.gradle.cache.internal.DefaultFileLockManager] Releasing lock on daemon addresses registry.
2022-11-10T10:49:47.737-0300 [DEBUG] [org.gradle.cache.internal.DefaultFileLockManager] Waiting to acquire shared lock on daemon addresses registry.
2022-11-10T10:49:47.737-0300 [DEBUG] [org.gradle.cache.internal.DefaultFileLockManager] Lock acquired on daemon addresses registry.
2022-11-10T10:49:47.737-0300 [DEBUG] [org.gradle.cache.internal.DefaultFileLockManager] Releasing lock on daemon addresses registry.
2022-11-10T10:49:47.737-0300 [DEBUG] [org.gradle.cache.internal.DefaultFileLockManager] Waiting to acquire shared lock on daemon addresses registry.
2022-11-10T10:49:47.737-0300 [DEBUG] [org.gradle.cache.internal.DefaultFileLockManager] Lock acquired on daemon addresses registry.
2022-11-10T10:49:47.737-0300 [DEBUG] [org.gradle.cache.internal.DefaultFileLockManager] Releasing lock on daemon addresses registry.
2022-11-10T10:49:47.737-0300 [DEBUG] [org.gradle.cache.internal.DefaultFileLockManager] Waiting to acquire shared lock on daemon addresses registry.
2022-11-10T10:49:47.737-0300 [DEBUG] [org.gradle.cache.internal.DefaultFileLockManager] Lock acquired on daemon addresses registry.
2022-11-10T10:49:47.737-0300 [DEBUG] [org.gradle.cache.internal.DefaultFileLockManager] Releasing lock on daemon addresses registry.
2022-11-10T10:49:57.738-0300 [DEBUG] [org.gradle.cache.internal.DefaultFileLockManager] Waiting to acquire shared lock on daemon addresses registry.
2022-11-10T10:49:57.738-0300 [DEBUG] [org.gradle.cache.internal.DefaultFileLockManager] Lock acquired on daemon addresses registry.
2022-11-10T10:49:57.738-0300 [DEBUG] [org.gradle.cache.internal.DefaultFileLockManager] Releasing lock on daemon addresses registry.
2022-11-10T10:49:57.738-0300 [DEBUG] [org.gradle.cache.internal.DefaultFileLockManager] Waiting to acquire shared lock on daemon addresses registry.
2022-11-10T10:49:57.738-0300 [DEBUG] [org.gradle.cache.internal.DefaultFileLockManager] Lock acquired on daemon addresses registry.
2022-11-10T10:49:57.738-0300 [DEBUG] [org.gradle.cache.internal.DefaultFileLockManager] Releasing lock on daemon addresses registry.
2022-11-10T10:49:57.739-0300 [DEBUG] [org.gradle.cache.internal.DefaultFileLockManager] Waiting to acquire shared lock on daemon addresses registry.
2022-11-10T10:49:57.739-0300 [DEBUG] [org.gradle.cache.internal.DefaultFileLockManager] Lock acquired on daemon addresses registry.
2022-11-10T10:49:57.739-0300 [DEBUG] [org.gradle.cache.internal.DefaultFileLockManager] Releasing lock on daemon addresses registry.
2022-11-10T10:50:07.738-0300 [DEBUG] [org.gradle.cache.internal.DefaultFileLockManager] Waiting to acquire shared lock on daemon addresses registry.
2022-11-10T10:50:07.738-0300 [DEBUG] [org.gradle.cache.internal.DefaultFileLockManager] Lock acquired on daemon addresses registry.
2022-11-10T10:50:07.738-0300 [DEBUG] [org.gradle.cache.internal.DefaultFileLockManager] Releasing lock on daemon addresses registry.
2022-11-10T10:50:07.738-0300 [DEBUG] [org.gradle.cache.internal.DefaultFileLockManager] Waiting to acquire shared lock on daemon addresses registry.
2022-11-10T10:50:07.738-0300 [DEBUG] [org.gradle.cache.internal.DefaultFileLockManager] Lock acquired on daemon addresses registry.
2022-11-10T10:50:07.739-0300 [DEBUG] [org.gradle.cache.internal.DefaultFileLockManager] Releasing lock on daemon addresses registry.
2022-11-10T10:50:07.739-0300 [DEBUG] [org.gradle.cache.internal.DefaultFileLockManager] Waiting to acquire shared lock on daemon addresses registry.
2022-11-10T10:50:07.739-0300 [DEBUG] [org.gradle.cache.internal.DefaultFileLockManager] Lock acquired on daemon addresses registry.
2022-11-10T10:50:07.739-0300 [DEBUG] [org.gradle.cache.internal.DefaultFileLockManager] Releasing lock on daemon addresses registry.
2022-11-10T10:50:17.737-0300 [DEBUG] [org.gradle.cache.internal.DefaultFileLockManager] Waiting to acquire shared lock on daemon addresses registry.
2022-11-10T10:50:17.737-0300 [DEBUG] [org.gradle.cache.internal.DefaultFileLockManager] Lock acquired on daemon addresses registry.
2022-11-10T10:50:17.737-0300 [DEBUG] [org.gradle.cache.internal.DefaultFileLockManager] Releasing lock on daemon addresses registry.
2022-11-10T10:50:17.738-0300 [DEBUG] [org.gradle.cache.internal.DefaultFileLockManager] Waiting to acquire shared lock on daemon addresses registry.
2022-11-10T10:50:17.738-0300 [DEBUG] [org.gradle.cache.internal.DefaultFileLockManager] Lock acquired on daemon addresses registry.
2022-11-10T10:50:17.738-0300 [DEBUG] [org.gradle.cache.internal.DefaultFileLockManager] Releasing lock on daemon addresses registry.
2022-11-10T10:50:17.739-0300 [DEBUG] [org.gradle.cache.internal.DefaultFileLockManager] Waiting to acquire shared lock on daemon addresses registry.
2022-11-10T10:50:17.739-0300 [DEBUG] [org.gradle.cache.internal.DefaultFileLockManager] Lock acquired on daemon addresses registry.
2022-11-10T10:50:17.739-0300 [DEBUG] [org.gradle.cache.internal.DefaultFileLockManager] Releasing lock on daemon addresses registry.
2022-11-10T10:50:27.737-0300 [DEBUG] [org.gradle.cache.internal.DefaultFileLockManager] Waiting to acquire shared lock on daemon addresses registry.
2022-11-10T10:50:27.737-0300 [DEBUG] [org.gradle.cache.internal.DefaultFileLockManager] Lock acquired on daemon addresses registry.
2022-11-10T10:50:27.738-0300 [DEBUG] [org.gradle.cache.internal.DefaultFileLockManager] Releasing lock on daemon addresses registry.
2022-11-10T10:50:27.738-0300 [DEBUG] [org.gradle.cache.internal.DefaultFileLockManager] Waiting to acquire shared lock on daemon addresses registry.
2022-11-10T10:50:27.739-0300 [DEBUG] [org.gradle.cache.internal.DefaultFileLockManager] Lock acquired on daemon addresses registry.
2022-11-10T10:50:27.739-0300 [DEBUG] [org.gradle.cache.internal.DefaultFileLockManager] Releasing lock on daemon addresses registry.
2022-11-10T10:50:27.739-0300 [DEBUG] [org.gradle.cache.internal.DefaultFileLockManager] Waiting to acquire shared lock on daemon addresses registry.
2022-11-10T10:50:27.739-0300 [DEBUG] [org.gradle.cache.internal.DefaultFileLockManager] Lock acquired on daemon addresses registry.
2022-11-10T10:50:27.740-0300 [DEBUG] [org.gradle.cache.internal.DefaultFileLockManager] Releasing lock on daemon addresses registry.
2022-11-10T10:50:37.557-0300 [DEBUG] [org.gradle.internal.remote.internal.inet.TcpIncomingConnector] Accepted connection from /127.0.0.1:46158 to /127.0.0.1:39911.
2022-11-10T10:50:37.565-0300 [DEBUG] [org.gradle.launcher.daemon.server.SynchronizedDispatchConnection] thread 87: received class org.gradle.launcher.daemon.protocol.StopWhenIdle
2022-11-10T10:50:37.565-0300 [DEBUG] [org.gradle.launcher.daemon.server.DefaultDaemonConnection] thread 87: Received non-IO message from client: StopWhenIdle[id=98aeb010-54bb-4ab8-a204-93647294470b]
2022-11-10T10:50:37.565-0300 [INFO] [org.gradle.launcher.daemon.server.DefaultIncomingConnectionHandler] Received command: StopWhenIdle[id=98aeb010-54bb-4ab8-a204-93647294470b].
2022-11-10T10:50:37.565-0300 [DEBUG] [org.gradle.launcher.daemon.server.DefaultIncomingConnectionHandler] Starting executing command: StopWhenIdle[id=98aeb010-54bb-4ab8-a204-93647294470b] with connection: socket connection from /127.0.0.1:39911 to /127.0.0.1:46158.
2022-11-10T10:50:37.565-0300 [DEBUG] [org.gradle.launcher.daemon.server.DaemonRegistryUpdater] Storing daemon stop event: stop command received
2022-11-10T10:50:37.606-0300 [DEBUG] [org.gradle.launcher.daemon.registry.PersistentDaemonRegistry] Storing daemon stop event with timestamp 1668088237566
2022-11-10T10:50:37.647-0300 [DEBUG] [org.gradle.cache.internal.DefaultFileLockManager] Waiting to acquire exclusive lock on daemon addresses registry.
2022-11-10T10:50:37.648-0300 [DEBUG] [org.gradle.cache.internal.DefaultFileLockManager] Lock acquired on daemon addresses registry.
2022-11-10T10:50:37.648-0300 [DEBUG] [org.gradle.cache.internal.DefaultFileLockManager] Releasing lock on daemon addresses registry.
2022-11-10T10:50:37.649-0300 [LIFECYCLE] [org.gradle.launcher.daemon.server.DaemonStateCoordinator] Daemon will be stopped at the end of the build stop command received
2022-11-10T10:50:37.649-0300 [DEBUG] [org.gradle.launcher.daemon.server.DaemonStateCoordinator] Marking daemon stopped due to stop command received. The daemon is running a build: false
2022-11-10T10:50:37.649-0300 [DEBUG] [org.gradle.launcher.daemon.server.DaemonStateCoordinator] daemon has stopped.
2022-11-10T10:50:37.649-0300 [DEBUG] [org.gradle.launcher.daemon.server.SynchronizedDispatchConnection] thread 86: dispatching Success[value=null]
2022-11-10T10:50:37.649-0300 [DEBUG] [org.gradle.launcher.daemon.server.Daemon] stop() called on daemon
2022-11-10T10:50:37.649-0300 [INFO] [org.gradle.launcher.daemon.server.Daemon] Stop requested. Daemon is removing its presence from the registry...
2022-11-10T10:50:37.650-0300 [DEBUG] [org.gradle.launcher.daemon.server.DefaultIncomingConnectionHandler] Finishing executing command: StopWhenIdle[id=98aeb010-54bb-4ab8-a204-93647294470b]
2022-11-10T10:50:37.650-0300 [DEBUG] [org.gradle.launcher.daemon.server.SynchronizedDispatchConnection] thread 87: received class org.gradle.launcher.daemon.protocol.Finished
2022-11-10T10:50:37.650-0300 [DEBUG] [org.gradle.launcher.daemon.server.DaemonRegistryUpdater] Removing our presence to clients, eg. removing this address from the registry: [627e0900-7489-471b-aa0a-f89250be0642 port:39911, addresses:[localhost/127.0.0.1]]
2022-11-10T10:50:37.650-0300 [DEBUG] [org.gradle.launcher.daemon.server.DefaultDaemonConnection] thread 87: Received non-IO message from client: org.gradle.launcher.daemon.protocol.Finished@11a6967
2022-11-10T10:50:37.651-0300 [DEBUG] [org.gradle.launcher.daemon.registry.PersistentDaemonRegistry] Removing daemon address: [627e0900-7489-471b-aa0a-f89250be0642 port:39911, addresses:[localhost/127.0.0.1]]
2022-11-10T10:50:37.651-0300 [DEBUG] [org.gradle.launcher.daemon.server.DefaultIncomingConnectionHandler] Received finished message: org.gradle.launcher.daemon.protocol.Finished@11a6967
2022-11-10T10:50:37.651-0300 [DEBUG] [org.gradle.internal.remote.internal.inet.SocketConnection] Discarding EOFException: java.io.EOFException
2022-11-10T10:50:37.651-0300 [DEBUG] [org.gradle.launcher.daemon.server.SynchronizedDispatchConnection] thread 87: received null
2022-11-10T10:50:37.651-0300 [DEBUG] [org.gradle.launcher.daemon.server.DefaultDaemonConnection] thread 87: Received end-of-input from client.
2022-11-10T10:50:37.651-0300 [DEBUG] [org.gradle.launcher.daemon.server.SynchronizedDispatchConnection] thread 86: stopping connection
2022-11-10T10:50:37.652-0300 [DEBUG] [org.gradle.cache.internal.DefaultFileLockManager] Waiting to acquire exclusive lock on daemon addresses registry.
2022-11-10T10:50:37.652-0300 [DEBUG] [org.gradle.launcher.daemon.server.SynchronizedDispatchConnection] thread 86: stopping connection
2022-11-10T10:50:37.652-0300 [DEBUG] [org.gradle.cache.internal.DefaultFileLockManager] Lock acquired on daemon addresses registry.
2022-11-10T10:50:37.654-0300 [DEBUG] [org.gradle.cache.internal.DefaultFileLockManager] Releasing lock on daemon addresses registry.
2022-11-10T10:50:37.654-0300 [DEBUG] [org.gradle.launcher.daemon.server.DaemonRegistryUpdater] Address removed from registry.
2022-11-10T10:50:37.656-0300 [DEBUG] [org.gradle.cache.internal.LockOnDemandCrossProcessCacheAccess] Releasing file lock for jars (/home/adolfo/Proyectos_Android/vaczine/caches/jars-9)
2022-11-10T10:50:37.657-0300 [DEBUG] [org.gradle.cache.internal.DefaultFileLockManager] Releasing lock on jars (/home/adolfo/Proyectos_Android/vaczine/caches/jars-9).
2022-11-10T10:50:37.930-0300 [DEBUG] [org.gradle.cache.internal.DefaultCacheAccess] Cache Artifact transforms cache (/home/adolfo/Proyectos_Android/vaczine/caches/transforms-3) was closed 0 times.
2022-11-10T10:50:37.934-0300 [DEBUG] [org.gradle.cache.internal.LockOnDemandCrossProcessCacheAccess] Releasing file lock for file content cache (/home/adolfo/Proyectos_Android/vaczine/caches/7.5.1/fileContent)
2022-11-10T10:50:37.935-0300 [DEBUG] [org.gradle.cache.internal.DefaultFileLockManager] Releasing lock on file content cache (/home/adolfo/Proyectos_Android/vaczine/caches/7.5.1/fileContent).
2022-11-10T10:50:37.962-0300 [DEBUG] [org.gradle.internal.watch.vfs.impl.WatchingVirtualFileSystem] Closing VFS, dropping state
2022-11-10T10:50:38.118-0300 [DEBUG] [org.gradle.cache.internal.DefaultCacheAccess] Cache Generated Gradle JARs cache (/home/adolfo/Proyectos_Android/vaczine/caches/7.5.1/generated-gradle-jars) was closed 0 times.
2022-11-10T10:50:38.118-0300 [DEBUG] [org.gradle.internal.watch.registry.impl.DefaultFileWatcherRegistry] Finished listening to file system change events
2022-11-10T10:50:38.118-0300 [DEBUG] [org.gradle.cache.internal.LockOnDemandCrossProcessCacheAccess] Releasing file lock for artifact cache (/home/adolfo/Proyectos_Android/vaczine/caches/modules-2)
2022-11-10T10:50:38.175-0300 [DEBUG] [org.gradle.cache.internal.btree.BTreePersistentIndexedCache] Closing cache module-metadata.bin (/home/adolfo/Proyectos_Android/vaczine/caches/modules-2/metadata-2.99/module-metadata.bin)
2022-11-10T10:50:38.175-0300 [DEBUG] [org.gradle.cache.internal.btree.BTreePersistentIndexedCache] Closing cache module-artifacts.bin (/home/adolfo/Proyectos_Android/vaczine/caches/modules-2/metadata-2.99/module-artifacts.bin)
2022-11-10T10:50:38.175-0300 [DEBUG] [org.gradle.cache.internal.btree.BTreePersistentIndexedCache] Closing cache resource-at-url.bin (/home/adolfo/Proyectos_Android/vaczine/caches/modules-2/metadata-2.99/resource-at-url.bin)
2022-11-10T10:50:38.175-0300 [DEBUG] [org.gradle.cache.internal.btree.BTreePersistentIndexedCache] Closing cache module-artifact.bin (/home/adolfo/Proyectos_Android/vaczine/caches/modules-2/metadata-2.99/module-artifact.bin)
2022-11-10T10:50:38.175-0300 [DEBUG] [org.gradle.cache.internal.DefaultFileLockManager] Releasing lock on artifact cache (/home/adolfo/Proyectos_Android/vaczine/caches/modules-2).
2022-11-10T10:50:38.206-0300 [DEBUG] [org.gradle.cache.internal.DefaultPersistentDirectoryStore] artifact cache (/home/adolfo/Proyectos_Android/vaczine/caches/modules-2) has last been fully cleaned up 22 hours ago
2022-11-10T10:50:38.206-0300 [DEBUG] [org.gradle.cache.internal.LockOnDemandCrossProcessCacheAccess] Releasing file lock for journal cache (/home/adolfo/Proyectos_Android/vaczine/caches/journal-1)
2022-11-10T10:50:38.229-0300 [DEBUG] [org.gradle.cache.internal.btree.BTreePersistentIndexedCache] Closing cache file-access.bin (/home/adolfo/Proyectos_Android/vaczine/caches/journal-1/file-access.bin)
2022-11-10T10:50:38.229-0300 [DEBUG] [org.gradle.cache.internal.DefaultFileLockManager] Releasing lock on journal cache (/home/adolfo/Proyectos_Android/vaczine/caches/journal-1).
2022-11-10T10:50:38.230-0300 [DEBUG] [org.gradle.cache.internal.LockOnDemandCrossProcessCacheAccess] Releasing file lock for file hash cache (/home/adolfo/Proyectos_Android/vaczine/caches/7.5.1/fileHashes)
2022-11-10T10:50:38.266-0300 [DEBUG] [org.gradle.cache.internal.btree.BTreePersistentIndexedCache] Closing cache fileHashes.bin (/home/adolfo/Proyectos_Android/vaczine/caches/7.5.1/fileHashes/fileHashes.bin)
2022-11-10T10:50:38.267-0300 [DEBUG] [org.gradle.cache.internal.btree.BTreePersistentIndexedCache] Closing cache resourceHashesCache.bin (/home/adolfo/Proyectos_Android/vaczine/caches/7.5.1/fileHashes/resourceHashesCache.bin)
2022-11-10T10:50:38.267-0300 [DEBUG] [org.gradle.cache.internal.DefaultFileLockManager] Releasing lock on file hash cache (/home/adolfo/Proyectos_Android/vaczine/caches/7.5.1/fileHashes).
2022-11-10T10:50:38.267-0300 [DEBUG] [org.gradle.cache.internal.LockOnDemandCrossProcessCacheAccess] Releasing file lock for execution history cache (/home/adolfo/Proyectos_Android/vaczine/caches/7.5.1/executionHistory)
2022-11-10T10:50:38.267-0300 [DEBUG] [org.gradle.cache.internal.DefaultFileLockManager] Releasing lock on execution history cache (/home/adolfo/Proyectos_Android/vaczine/caches/7.5.1/executionHistory).
2022-11-10T10:50:38.880-0300 [DEBUG] [org.apache.http.impl.conn.PoolingHttpClientConnectionManager] Connection manager is shutting down
2022-11-10T10:50:38.880-0300 [DEBUG] [org.apache.http.impl.conn.DefaultManagedHttpClientConnection] http-outgoing-19: Close connection
2022-11-10T10:50:38.880-0300 [DEBUG] [org.apache.http.impl.conn.DefaultManagedHttpClientConnection] http-outgoing-18: Close connection
2022-11-10T10:50:38.880-0300 [DEBUG] [org.apache.http.impl.conn.PoolingHttpClientConnectionManager] Connection manager shut down
2022-11-10T10:50:38.880-0300 [DEBUG] [org.apache.http.impl.conn.PoolingHttpClientConnectionManager] Connection manager is shutting down
2022-11-10T10:50:38.880-0300 [DEBUG] [org.apache.http.impl.conn.DefaultManagedHttpClientConnection] http-outgoing-25: Close connection
2022-11-10T10:50:38.880-0300 [DEBUG] [org.apache.http.impl.conn.PoolingHttpClientConnectionManager] Connection manager shut down
2022-11-10T10:50:38.880-0300 [DEBUG] [org.apache.http.impl.conn.PoolingHttpClientConnectionManager] Connection manager is shutting down
2022-11-10T10:50:38.880-0300 [DEBUG] [org.apache.http.impl.conn.DefaultManagedHttpClientConnection] http-outgoing-21: Close connection
2022-11-10T10:50:38.880-0300 [DEBUG] [org.apache.http.impl.conn.DefaultManagedHttpClientConnection] http-outgoing-24: Close connection
2022-11-10T10:50:38.880-0300 [DEBUG] [org.apache.http.impl.conn.DefaultManagedHttpClientConnection] http-outgoing-23: Close connection
2022-11-10T10:50:38.880-0300 [DEBUG] [org.apache.http.impl.conn.DefaultManagedHttpClientConnection] http-outgoing-22: Close connection
2022-11-10T10:50:38.881-0300 [DEBUG] [org.apache.http.impl.conn.PoolingHttpClientConnectionManager] Connection manager shut down
2022-11-10T10:50:38.881-0300 [DEBUG] [org.apache.http.impl.conn.PoolingHttpClientConnectionManager] Connection manager is shutting down
2022-11-10T10:50:38.881-0300 [DEBUG] [org.apache.http.impl.conn.DefaultManagedHttpClientConnection] http-outgoing-20: Close connection
2022-11-10T10:50:38.881-0300 [DEBUG] [org.apache.http.impl.conn.PoolingHttpClientConnectionManager] Connection manager shut down
2022-11-10T10:50:38.993-0300 [DEBUG] [org.gradle.cache.internal.VersionSpecificCacheCleanupAction] Processed version-specific caches at /home/adolfo/Proyectos_Android/vaczine/caches for cleanup in 0.705 secs
2022-11-10T10:50:39.878-0300 [DEBUG] [org.gradle.cache.internal.WrapperDistributionCleanupAction] Skipping distribution for Gradle 7.2 at /home/adolfo/Proyectos_Android/vaczine/wrapper/dists/gradle-7.2-bin/2dnblmf4td7x66yl1d74lt32g because it was recently added
Daemon vm is shutting down... The daemon has exited normally or was terminated in response to a user interrupt.
2022-11-10T10:50:39.905-0300 [DEBUG] [org.gradle.launcher.daemon.registry.PersistentDaemonRegistry] Removing daemon address: [627e0900-7489-471b-aa0a-f89250be0642 port:39911, addresses:[localhost/127.0.0.1]]
2022-11-10T10:50:39.905-0300 [DEBUG] [org.gradle.cache.internal.DefaultFileLockManager] Waiting to acquire exclusive lock on daemon addresses registry.
2022-11-10T10:50:39.905-0300 [DEBUG] [org.gradle.cache.internal.DefaultFileLockManager] Lock acquired on daemon addresses registry.
2022-11-10T10:50:39.906-0300 [DEBUG] [org.gradle.cache.internal.DefaultFileLockManager] Releasing lock on daemon addresses registry.
