2024-07-17T21:49:07.268-0300 [DEBUG] [org.gradle.launcher.daemon.bootstrap.DaemonMain] Assuming the daemon was started with following jvm opts: [-Xms128m, -Xmx1500m, -Dfile.encoding=UTF-8, -Duser.country=AR, -Duser.language=es, -Duser.variant]
2024-07-17T21:49:07.348-0300 [INFO] [org.gradle.launcher.daemon.server.Daemon] start() called on daemon - DefaultDaemonContext[uid=2b84d9cb-00b5-4ae3-b1b0-a4fe86477286,javaHome=/usr/lib/jvm/java-8-openjdk-amd64,daemonRegistryDir=/home/adolfo/Proyectos_Android_Studio/vaczine/daemon,pid=3459,idleTimeout=10800000,priority=NORMAL,daemonOpts=-Xms128m,-Xmx1500m,-Dfile.encoding=UTF-8,-Duser.country=AR,-Duser.language=es,-Duser.variant]
2024-07-17T21:49:07.372-0300 [DEBUG] [org.gradle.internal.remote.internal.inet.InetAddresses] Adding IP addresses for network interface wlp1s0
2024-07-17T21:49:07.373-0300 [DEBUG] [org.gradle.internal.remote.internal.inet.InetAddresses] Is this a loopback interface? false
2024-07-17T21:49:07.373-0300 [DEBUG] [org.gradle.internal.remote.internal.inet.InetAddresses] Adding remote address /fe80:0:0:0:5075:e910:2b18:2184%wlp1s0
2024-07-17T21:49:07.373-0300 [DEBUG] [org.gradle.internal.remote.internal.inet.InetAddresses] Adding remote address /192.168.1.108
2024-07-17T21:49:07.374-0300 [DEBUG] [org.gradle.internal.remote.internal.inet.InetAddresses] Adding IP addresses for network interface lo
2024-07-17T21:49:07.376-0300 [DEBUG] [org.gradle.internal.remote.internal.inet.InetAddresses] Is this a loopback interface? true
2024-07-17T21:49:07.377-0300 [DEBUG] [org.gradle.internal.remote.internal.inet.InetAddresses] Adding loopback address /0:0:0:0:0:0:0:1%lo
2024-07-17T21:49:07.377-0300 [DEBUG] [org.gradle.internal.remote.internal.inet.InetAddresses] Adding loopback address /127.0.0.1
2024-07-17T21:49:07.379-0300 [DEBUG] [org.gradle.internal.remote.internal.inet.TcpIncomingConnector] Listening on [9abc85d2-919e-4571-9709-aae23b0b12f7 port:35151, addresses:[localhost/127.0.0.1]].
2024-07-17T21:49:07.383-0300 [DEBUG] [org.gradle.launcher.daemon.server.Daemon] Daemon starting at: Wed Jul 17 21:49:07 ART 2024, with address: [9abc85d2-919e-4571-9709-aae23b0b12f7 port:35151, addresses:[localhost/127.0.0.1]]
2024-07-17T21:49:07.383-0300 [INFO] [org.gradle.launcher.daemon.server.DaemonRegistryUpdater] Advertising the daemon address to the clients: [9abc85d2-919e-4571-9709-aae23b0b12f7 port:35151, addresses:[localhost/127.0.0.1]]
2024-07-17T21:49:07.383-0300 [DEBUG] [org.gradle.launcher.daemon.server.DaemonRegistryUpdater] Advertised daemon context: DefaultDaemonContext[uid=2b84d9cb-00b5-4ae3-b1b0-a4fe86477286,javaHome=/usr/lib/jvm/java-8-openjdk-amd64,daemonRegistryDir=/home/adolfo/Proyectos_Android_Studio/vaczine/daemon,pid=3459,idleTimeout=10800000,priority=NORMAL,daemonOpts=-Xms128m,-Xmx1500m,-Dfile.encoding=UTF-8,-Duser.country=AR,-Duser.language=es,-Duser.variant]
2024-07-17T21:49:07.384-0300 [DEBUG] [org.gradle.launcher.daemon.registry.PersistentDaemonRegistry] Storing daemon address: [9abc85d2-919e-4571-9709-aae23b0b12f7 port:35151, addresses:[localhost/127.0.0.1]], context: DefaultDaemonContext[uid=2b84d9cb-00b5-4ae3-b1b0-a4fe86477286,javaHome=/usr/lib/jvm/java-8-openjdk-amd64,daemonRegistryDir=/home/adolfo/Proyectos_Android_Studio/vaczine/daemon,pid=3459,idleTimeout=10800000,priority=NORMAL,daemonOpts=-Xms128m,-Xmx1500m,-Dfile.encoding=UTF-8,-Duser.country=AR,-Duser.language=es,-Duser.variant]
2024-07-17T21:49:07.391-0300 [DEBUG] [org.gradle.cache.internal.DefaultFileLockManager] Waiting to acquire exclusive lock on daemon addresses registry.
2024-07-17T21:49:07.393-0300 [DEBUG] [org.gradle.cache.internal.DefaultFileLockManager] Lock acquired on daemon addresses registry.
2024-07-17T21:49:07.398-0300 [DEBUG] [org.gradle.cache.internal.DefaultFileLockManager] Releasing lock on daemon addresses registry.
2024-07-17T21:49:07.398-0300 [LIFECYCLE] [org.gradle.launcher.daemon.server.Daemon] Daemon server started.
2024-07-17T21:49:07.399-0300 [DEBUG] [org.gradle.launcher.daemon.bootstrap.DaemonStartupCommunication] Completed writing the daemon greeting. Closing streams...
2024-07-17T21:49:07.404-0300 [DEBUG] [org.gradle.launcher.daemon.server.Daemon] stopOnExpiration() called on daemon
2024-07-17T21:49:07.405-0300 [DEBUG] [org.gradle.launcher.daemon.server.Daemon] awaitExpiration() called on daemon
2024-07-17T21:49:07.406-0300 [DEBUG] [org.gradle.launcher.daemon.server.DaemonStateCoordinator] daemon is running. Sleeping until state changes.
2024-07-17T21:49:07.406-0300 [DEBUG] [org.gradle.internal.remote.internal.inet.TcpIncomingConnector] Accepted connection from /127.0.0.1:50914 to /127.0.0.1:35151.
2024-07-17T21:49:07.476-0300 [DEBUG] [org.gradle.launcher.daemon.server.SynchronizedDispatchConnection] thread 17: received class org.gradle.launcher.daemon.protocol.Build
2024-07-17T21:49:07.476-0300 [DEBUG] [org.gradle.launcher.daemon.server.DefaultDaemonConnection] thread 17: Received non-IO message from client: Build{id=c2410f9a-021f-4137-90f8-9a959096a0bb, currentDir=/home/adolfo/Proyectos_Android_Studio/mozaikids}
2024-07-17T21:49:07.477-0300 [INFO] [org.gradle.launcher.daemon.server.DefaultIncomingConnectionHandler] Received command: Build{id=c2410f9a-021f-4137-90f8-9a959096a0bb, currentDir=/home/adolfo/Proyectos_Android_Studio/mozaikids}.
2024-07-17T21:49:07.477-0300 [DEBUG] [org.gradle.launcher.daemon.server.DefaultIncomingConnectionHandler] Starting executing command: Build{id=c2410f9a-021f-4137-90f8-9a959096a0bb, currentDir=/home/adolfo/Proyectos_Android_Studio/mozaikids} with connection: socket connection from /127.0.0.1:35151 to /127.0.0.1:50914.
2024-07-17T21:49:07.480-0300 [ERROR] [org.gradle.launcher.daemon.server.DaemonStateCoordinator] Command execution: started DaemonCommandExecution[command = Build{id=c2410f9a-021f-4137-90f8-9a959096a0bb, currentDir=/home/adolfo/Proyectos_Android_Studio/mozaikids}, connection = DefaultDaemonConnection: socket connection from /127.0.0.1:35151 to /127.0.0.1:50914] after 0.0 minutes of idle
2024-07-17T21:49:07.480-0300 [INFO] [org.gradle.launcher.daemon.server.DaemonRegistryUpdater] Marking the daemon as busy, address: [9abc85d2-919e-4571-9709-aae23b0b12f7 port:35151, addresses:[localhost/127.0.0.1]]
2024-07-17T21:49:07.480-0300 [DEBUG] [org.gradle.launcher.daemon.registry.PersistentDaemonRegistry] Marking busy by address: [9abc85d2-919e-4571-9709-aae23b0b12f7 port:35151, addresses:[localhost/127.0.0.1]]
2024-07-17T21:49:07.481-0300 [DEBUG] [org.gradle.cache.internal.DefaultFileLockManager] Waiting to acquire exclusive lock on daemon addresses registry.
2024-07-17T21:49:07.481-0300 [DEBUG] [org.gradle.cache.internal.DefaultFileLockManager] Lock acquired on daemon addresses registry.
2024-07-17T21:49:07.483-0300 [DEBUG] [org.gradle.cache.internal.DefaultFileLockManager] Releasing lock on daemon addresses registry.
2024-07-17T21:49:07.483-0300 [DEBUG] [org.gradle.launcher.daemon.server.DaemonStateCoordinator] resetting idle timer
2024-07-17T21:49:07.483-0300 [DEBUG] [org.gradle.launcher.daemon.server.DaemonStateCoordinator] daemon is running. Sleeping until state changes.
2024-07-17T21:49:07.484-0300 [INFO] [org.gradle.launcher.daemon.server.exec.StartBuildOrRespondWithBusy] Daemon is about to start building Build{id=c2410f9a-021f-4137-90f8-9a959096a0bb, currentDir=/home/adolfo/Proyectos_Android_Studio/mozaikids}. Dispatching build started information...
2024-07-17T21:49:07.485-0300 [DEBUG] [org.gradle.launcher.daemon.server.SynchronizedDispatchConnection] thread 19: dispatching org.gradle.launcher.daemon.protocol.BuildStarted@7f1035
2024-07-17T21:49:07.487-0300 [DEBUG] [org.gradle.launcher.daemon.server.exec.EstablishBuildEnvironment] Configuring env variables: [PATH, INVOCATION_ID, XAUTHORITY, XMODIFIERS, GDMSESSION, XDG_DATA_DIRS, QT_IM_MODULE, XDG_CONFIG_DIRS, LANG, DBUS_SESSION_BUS_ADDRESS, XDG_SESSION_TYPE, XDG_CURRENT_DESKTOP, JOURNAL_STREAM, DISPLAY, WAYLAND_DISPLAY, USERNAME, SESSION_MANAGER, LOGNAME, PWD, MANAGERPID, IM_CONFIG_PHASE, _, XDG_SESSION_CLASS, LANGUAGE, GJS_DEBUG_TOPICS, SHELL, GIO_LAUNCHED_DESKTOP_FILE, DESKTOP_SESSION, USER, XDG_MENU_PREFIX, GIO_LAUNCHED_DESKTOP_FILE_PID, QT_ACCESSIBILITY, GJS_DEBUG_OUTPUT, GNOME_DESKTOP_SESSION_ID, GTK_MODULES, SSH_AUTH_SOCK, GNOME_SHELL_SESSION_MODE, SYSTEMD_EXEC_PID, XDG_RUNTIME_DIR, GNOME_SETUP_DISPLAY, XDG_SESSION_DESKTOP, SSH_AGENT_LAUNCHER, SHLVL, HOME]
2024-07-17T21:49:07.488-0300 [DEBUG] [org.gradle.launcher.daemon.server.SynchronizedDispatchConnection] thread 17: received class org.gradle.launcher.daemon.protocol.CloseInput
2024-07-17T21:49:07.488-0300 [DEBUG] [org.gradle.launcher.daemon.server.DefaultDaemonConnection] thread 17: Received IO message from client: org.gradle.launcher.daemon.protocol.CloseInput@68891476
2024-07-17T21:49:07.493-0300 [DEBUG] [org.gradle.launcher.daemon.server.exec.LogToClient] About to start relaying all logs to the client via the connection.
2024-07-17T21:49:07.493-0300 [INFO] [org.gradle.launcher.daemon.server.exec.LogToClient] The client will now receive all logging from the daemon (pid: 3459). The daemon log file: /home/adolfo/Proyectos_Android_Studio/vaczine/daemon/6.7.1/daemon-3459.out.log
2024-07-17T21:49:07.496-0300 [INFO] [org.gradle.launcher.daemon.server.exec.LogAndCheckHealth] Starting build in new daemon [memory: 1,4 GB]
2024-07-17T21:49:07.497-0300 [INFO] [org.gradle.launcher.daemon.server.exec.ForwardClientInput] Closing daemon's stdin at end of input.
2024-07-17T21:49:07.498-0300 [INFO] [org.gradle.launcher.daemon.server.exec.ForwardClientInput] The daemon will no longer process any standard input.
2024-07-17T21:49:07.502-0300 [DEBUG] [org.gradle.launcher.daemon.server.exec.ExecuteBuild] The daemon has started executing the build.
2024-07-17T21:49:07.503-0300 [DEBUG] [org.gradle.launcher.daemon.server.exec.ExecuteBuild] Executing build with daemon context: DefaultDaemonContext[uid=2b84d9cb-00b5-4ae3-b1b0-a4fe86477286,javaHome=/usr/lib/jvm/java-8-openjdk-amd64,daemonRegistryDir=/home/adolfo/Proyectos_Android_Studio/vaczine/daemon,pid=3459,idleTimeout=10800000,priority=NORMAL,daemonOpts=-Xms128m,-Xmx1500m,-Dfile.encoding=UTF-8,-Duser.country=AR,-Duser.language=es,-Duser.variant]
Warning: Mapping new ns http://schemas.android.com/repository/android/common/02 to old ns http://schemas.android.com/repository/android/common/01
Warning: Mapping new ns http://schemas.android.com/repository/android/generic/02 to old ns http://schemas.android.com/repository/android/generic/01
Warning: Mapping new ns http://schemas.android.com/sdk/android/repo/addon2/02 to old ns http://schemas.android.com/sdk/android/repo/addon2/01
Warning: Mapping new ns http://schemas.android.com/sdk/android/repo/addon2/03 to old ns http://schemas.android.com/sdk/android/repo/addon2/01
Warning: Mapping new ns http://schemas.android.com/sdk/android/repo/repository2/02 to old ns http://schemas.android.com/sdk/android/repo/repository2/01
Warning: Mapping new ns http://schemas.android.com/sdk/android/repo/repository2/03 to old ns http://schemas.android.com/sdk/android/repo/repository2/01
Warning: Mapping new ns http://schemas.android.com/sdk/android/repo/sys-img2/03 to old ns http://schemas.android.com/sdk/android/repo/sys-img2/01
Warning: Mapping new ns http://schemas.android.com/sdk/android/repo/sys-img2/02 to old ns http://schemas.android.com/sdk/android/repo/sys-img2/01
Warning: elemento inesperado (URI:"", local:"extension-level"). Los elementos esperados son <{}codename>,<{}layoutlib>,<{}api-level>
Warning: elemento inesperado (URI:"", local:"base-extension"). Los elementos esperados son <{}codename>,<{}layoutlib>,<{}api-level>

BUILD SUCCESSFUL in 27s
2024-07-17T21:49:31.386-0300 [DEBUG] [org.gradle.launcher.daemon.server.exec.ExecuteBuild] The daemon has finished executing the build.
2024-07-17T21:49:31.396-0300 [DEBUG] [org.gradle.launcher.daemon.server.DaemonStateCoordinator] daemon is running. Sleeping until state changes.
2024-07-17T21:49:31.397-0300 [DEBUG] [org.gradle.launcher.daemon.server.DaemonStateCoordinator] Command execution: finished waiting for DaemonCommandExecution[command = Build{id=c2410f9a-021f-4137-90f8-9a959096a0bb, currentDir=/home/adolfo/Proyectos_Android_Studio/mozaikids}, connection = DefaultDaemonConnection: socket connection from /127.0.0.1:35151 to /127.0.0.1:50914]. Result org.gradle.launcher.daemon.server.DaemonStateCoordinator@27d9ee2f with state Busy
2024-07-17T21:49:31.397-0300 [DEBUG] [org.gradle.launcher.daemon.server.DaemonStateCoordinator] Command execution: completed DaemonCommandExecution[command = Build{id=c2410f9a-021f-4137-90f8-9a959096a0bb, currentDir=/home/adolfo/Proyectos_Android_Studio/mozaikids}, connection = DefaultDaemonConnection: socket connection from /127.0.0.1:35151 to /127.0.0.1:50914]
2024-07-17T21:49:31.397-0300 [DEBUG] [org.gradle.launcher.daemon.server.DaemonStateCoordinator] resetting idle timer
2024-07-17T21:49:31.398-0300 [INFO] [org.gradle.launcher.daemon.server.DaemonRegistryUpdater] Marking the daemon as idle, address: [9abc85d2-919e-4571-9709-aae23b0b12f7 port:35151, addresses:[localhost/127.0.0.1]]
2024-07-17T21:49:31.398-0300 [DEBUG] [org.gradle.launcher.daemon.registry.PersistentDaemonRegistry] Marking busy by address: [9abc85d2-919e-4571-9709-aae23b0b12f7 port:35151, addresses:[localhost/127.0.0.1]]
2024-07-17T21:49:31.398-0300 [DEBUG] [org.gradle.cache.internal.DefaultFileLockManager] Waiting to acquire exclusive lock on daemon addresses registry.
2024-07-17T21:49:31.398-0300 [DEBUG] [org.gradle.cache.internal.DefaultFileLockManager] Lock acquired on daemon addresses registry.
2024-07-17T21:49:31.399-0300 [DEBUG] [org.gradle.cache.internal.DefaultFileLockManager] Releasing lock on daemon addresses registry.
2024-07-17T21:49:31.400-0300 [DEBUG] [org.gradle.launcher.daemon.server.DaemonStateCoordinator] daemon is running. Sleeping until state changes.
2024-07-17T21:49:31.400-0300 [DEBUG] [org.gradle.launcher.daemon.server.exec.ReturnResult] Daemon is dispatching the build result: Success[value=org.gradle.launcher.exec.BuildActionResult@434b8103]
2024-07-17T21:49:31.400-0300 [DEBUG] [org.gradle.launcher.daemon.server.SynchronizedDispatchConnection] thread 16: dispatching Success[value=org.gradle.launcher.exec.BuildActionResult@434b8103]
2024-07-17T21:49:31.400-0300 [DEBUG] [org.gradle.launcher.daemon.server.DefaultIncomingConnectionHandler] Finishing executing command: Build{id=c2410f9a-021f-4137-90f8-9a959096a0bb, currentDir=/home/adolfo/Proyectos_Android_Studio/mozaikids}
2024-07-17T21:49:31.446-0300 [DEBUG] [org.gradle.launcher.daemon.server.SynchronizedDispatchConnection] thread 17: received class org.gradle.launcher.daemon.protocol.Finished
2024-07-17T21:49:31.446-0300 [DEBUG] [org.gradle.launcher.daemon.server.DefaultDaemonConnection] thread 17: Received non-IO message from client: org.gradle.launcher.daemon.protocol.Finished@72a875b3
2024-07-17T21:49:31.447-0300 [DEBUG] [org.gradle.launcher.daemon.server.DefaultIncomingConnectionHandler] Received finished message: org.gradle.launcher.daemon.protocol.Finished@72a875b3
2024-07-17T21:49:31.447-0300 [DEBUG] [org.gradle.launcher.daemon.server.SynchronizedDispatchConnection] thread 16: stopping connection
2024-07-17T21:49:31.447-0300 [DEBUG] [org.gradle.internal.remote.internal.inet.SocketConnection] Discarding EOFException: java.io.EOFException
2024-07-17T21:49:31.448-0300 [DEBUG] [org.gradle.launcher.daemon.server.SynchronizedDispatchConnection] thread 17: received null
2024-07-17T21:49:31.448-0300 [DEBUG] [org.gradle.launcher.daemon.server.DefaultDaemonConnection] thread 17: Received end-of-input from client.
2024-07-17T21:49:31.449-0300 [DEBUG] [org.gradle.launcher.daemon.server.SynchronizedDispatchConnection] thread 16: stopping connection
2024-07-17T21:49:37.406-0300 [DEBUG] [org.gradle.cache.internal.DefaultFileLockManager] Waiting to acquire shared lock on daemon addresses registry.
2024-07-17T21:49:37.407-0300 [DEBUG] [org.gradle.cache.internal.DefaultFileLockManager] Lock acquired on daemon addresses registry.
2024-07-17T21:49:37.407-0300 [DEBUG] [org.gradle.cache.internal.DefaultFileLockManager] Releasing lock on daemon addresses registry.
2024-07-17T21:49:37.408-0300 [DEBUG] [org.gradle.cache.internal.DefaultFileLockManager] Waiting to acquire shared lock on daemon addresses registry.
2024-07-17T21:49:37.408-0300 [DEBUG] [org.gradle.cache.internal.DefaultFileLockManager] Lock acquired on daemon addresses registry.
2024-07-17T21:49:37.409-0300 [DEBUG] [org.gradle.cache.internal.DefaultFileLockManager] Releasing lock on daemon addresses registry.
2024-07-17T21:49:47.406-0300 [DEBUG] [org.gradle.cache.internal.DefaultFileLockManager] Waiting to acquire shared lock on daemon addresses registry.
2024-07-17T21:49:47.406-0300 [DEBUG] [org.gradle.cache.internal.DefaultFileLockManager] Lock acquired on daemon addresses registry.
2024-07-17T21:49:47.406-0300 [DEBUG] [org.gradle.cache.internal.DefaultFileLockManager] Releasing lock on daemon addresses registry.
2024-07-17T21:49:47.407-0300 [DEBUG] [org.gradle.cache.internal.DefaultFileLockManager] Waiting to acquire shared lock on daemon addresses registry.
2024-07-17T21:49:47.407-0300 [DEBUG] [org.gradle.cache.internal.DefaultFileLockManager] Lock acquired on daemon addresses registry.
2024-07-17T21:49:47.407-0300 [DEBUG] [org.gradle.cache.internal.DefaultFileLockManager] Releasing lock on daemon addresses registry.
2024-07-17T21:49:47.408-0300 [DEBUG] [org.gradle.cache.internal.DefaultFileLockManager] Waiting to acquire shared lock on daemon addresses registry.
2024-07-17T21:49:47.408-0300 [DEBUG] [org.gradle.cache.internal.DefaultFileLockManager] Lock acquired on daemon addresses registry.
2024-07-17T21:49:47.408-0300 [DEBUG] [org.gradle.cache.internal.DefaultFileLockManager] Releasing lock on daemon addresses registry.
2024-07-17T21:49:57.406-0300 [DEBUG] [org.gradle.cache.internal.DefaultFileLockManager] Waiting to acquire shared lock on daemon addresses registry.
2024-07-17T21:49:57.406-0300 [DEBUG] [org.gradle.cache.internal.DefaultFileLockManager] Lock acquired on daemon addresses registry.
2024-07-17T21:49:57.406-0300 [DEBUG] [org.gradle.cache.internal.DefaultFileLockManager] Releasing lock on daemon addresses registry.
2024-07-17T21:49:57.406-0300 [DEBUG] [org.gradle.cache.internal.DefaultFileLockManager] Waiting to acquire shared lock on daemon addresses registry.
2024-07-17T21:49:57.406-0300 [DEBUG] [org.gradle.cache.internal.DefaultFileLockManager] Lock acquired on daemon addresses registry.
2024-07-17T21:49:57.406-0300 [DEBUG] [org.gradle.cache.internal.DefaultFileLockManager] Releasing lock on daemon addresses registry.
2024-07-17T21:49:57.406-0300 [DEBUG] [org.gradle.cache.internal.DefaultFileLockManager] Waiting to acquire shared lock on daemon addresses registry.
2024-07-17T21:49:57.406-0300 [DEBUG] [org.gradle.cache.internal.DefaultFileLockManager] Lock acquired on daemon addresses registry.
2024-07-17T21:49:57.407-0300 [DEBUG] [org.gradle.cache.internal.DefaultFileLockManager] Releasing lock on daemon addresses registry.
2024-07-17T21:50:07.406-0300 [DEBUG] [org.gradle.cache.internal.DefaultFileLockManager] Waiting to acquire shared lock on daemon addresses registry.
2024-07-17T21:50:07.409-0300 [DEBUG] [org.gradle.cache.internal.DefaultFileLockManager] Lock acquired on daemon addresses registry.
2024-07-17T21:50:07.413-0300 [DEBUG] [org.gradle.cache.internal.DefaultFileLockManager] Releasing lock on daemon addresses registry.
2024-07-17T21:50:07.413-0300 [DEBUG] [org.gradle.cache.internal.DefaultFileLockManager] Waiting to acquire shared lock on daemon addresses registry.
2024-07-17T21:50:07.413-0300 [DEBUG] [org.gradle.cache.internal.DefaultFileLockManager] Lock acquired on daemon addresses registry.
2024-07-17T21:50:07.413-0300 [DEBUG] [org.gradle.cache.internal.DefaultFileLockManager] Releasing lock on daemon addresses registry.
2024-07-17T21:50:07.413-0300 [DEBUG] [org.gradle.cache.internal.DefaultFileLockManager] Waiting to acquire shared lock on daemon addresses registry.
2024-07-17T21:50:07.414-0300 [DEBUG] [org.gradle.cache.internal.DefaultFileLockManager] Lock acquired on daemon addresses registry.
2024-07-17T21:50:07.414-0300 [DEBUG] [org.gradle.cache.internal.DefaultFileLockManager] Releasing lock on daemon addresses registry.
2024-07-17T21:50:17.407-0300 [DEBUG] [org.gradle.cache.internal.DefaultFileLockManager] Waiting to acquire shared lock on daemon addresses registry.
2024-07-17T21:50:17.409-0300 [DEBUG] [org.gradle.cache.internal.DefaultFileLockManager] Lock acquired on daemon addresses registry.
2024-07-17T21:50:17.409-0300 [DEBUG] [org.gradle.cache.internal.DefaultFileLockManager] Releasing lock on daemon addresses registry.
2024-07-17T21:50:17.409-0300 [DEBUG] [org.gradle.cache.internal.DefaultFileLockManager] Waiting to acquire shared lock on daemon addresses registry.
2024-07-17T21:50:17.409-0300 [DEBUG] [org.gradle.cache.internal.DefaultFileLockManager] Lock acquired on daemon addresses registry.
2024-07-17T21:50:17.409-0300 [DEBUG] [org.gradle.cache.internal.DefaultFileLockManager] Releasing lock on daemon addresses registry.
2024-07-17T21:50:17.409-0300 [DEBUG] [org.gradle.cache.internal.DefaultFileLockManager] Waiting to acquire shared lock on daemon addresses registry.
2024-07-17T21:50:17.409-0300 [DEBUG] [org.gradle.cache.internal.DefaultFileLockManager] Lock acquired on daemon addresses registry.
2024-07-17T21:50:17.410-0300 [DEBUG] [org.gradle.cache.internal.DefaultFileLockManager] Releasing lock on daemon addresses registry.
2024-07-17T21:50:23.057-0300 [DEBUG] [org.gradle.internal.remote.internal.inet.TcpIncomingConnector] Accepted connection from /127.0.0.1:42174 to /127.0.0.1:35151.
2024-07-17T21:50:23.071-0300 [DEBUG] [org.gradle.launcher.daemon.server.SynchronizedDispatchConnection] thread 157: received class org.gradle.launcher.daemon.protocol.Build
2024-07-17T21:50:23.071-0300 [DEBUG] [org.gradle.launcher.daemon.server.DefaultDaemonConnection] thread 157: Received non-IO message from client: Build{id=8c6809f5-2ccb-43c7-9a74-b86766e68022, currentDir=/home/adolfo/Proyectos_Android_Studio/mozaikids}
2024-07-17T21:50:23.071-0300 [INFO] [org.gradle.launcher.daemon.server.DefaultIncomingConnectionHandler] Received command: Build{id=8c6809f5-2ccb-43c7-9a74-b86766e68022, currentDir=/home/adolfo/Proyectos_Android_Studio/mozaikids}.
2024-07-17T21:50:23.071-0300 [DEBUG] [org.gradle.launcher.daemon.server.DefaultIncomingConnectionHandler] Starting executing command: Build{id=8c6809f5-2ccb-43c7-9a74-b86766e68022, currentDir=/home/adolfo/Proyectos_Android_Studio/mozaikids} with connection: socket connection from /127.0.0.1:35151 to /127.0.0.1:42174.
2024-07-17T21:50:23.072-0300 [ERROR] [org.gradle.launcher.daemon.server.DaemonStateCoordinator] Command execution: started DaemonCommandExecution[command = Build{id=8c6809f5-2ccb-43c7-9a74-b86766e68022, currentDir=/home/adolfo/Proyectos_Android_Studio/mozaikids}, connection = DefaultDaemonConnection: socket connection from /127.0.0.1:35151 to /127.0.0.1:42174] after 0.0 minutes of idle
2024-07-17T21:50:23.072-0300 [INFO] [org.gradle.launcher.daemon.server.DaemonRegistryUpdater] Marking the daemon as busy, address: [9abc85d2-919e-4571-9709-aae23b0b12f7 port:35151, addresses:[localhost/127.0.0.1]]
2024-07-17T21:50:23.072-0300 [DEBUG] [org.gradle.launcher.daemon.registry.PersistentDaemonRegistry] Marking busy by address: [9abc85d2-919e-4571-9709-aae23b0b12f7 port:35151, addresses:[localhost/127.0.0.1]]
2024-07-17T21:50:23.072-0300 [DEBUG] [org.gradle.cache.internal.DefaultFileLockManager] Waiting to acquire exclusive lock on daemon addresses registry.
2024-07-17T21:50:23.073-0300 [DEBUG] [org.gradle.cache.internal.DefaultFileLockManager] Lock acquired on daemon addresses registry.
2024-07-17T21:50:23.074-0300 [DEBUG] [org.gradle.cache.internal.DefaultFileLockManager] Releasing lock on daemon addresses registry.
2024-07-17T21:50:23.074-0300 [DEBUG] [org.gradle.launcher.daemon.server.DaemonStateCoordinator] resetting idle timer
2024-07-17T21:50:23.074-0300 [DEBUG] [org.gradle.launcher.daemon.server.DaemonStateCoordinator] daemon is running. Sleeping until state changes.
2024-07-17T21:50:23.074-0300 [INFO] [org.gradle.launcher.daemon.server.exec.StartBuildOrRespondWithBusy] Daemon is about to start building Build{id=8c6809f5-2ccb-43c7-9a74-b86766e68022, currentDir=/home/adolfo/Proyectos_Android_Studio/mozaikids}. Dispatching build started information...
2024-07-17T21:50:23.075-0300 [DEBUG] [org.gradle.launcher.daemon.server.SynchronizedDispatchConnection] thread 19: dispatching org.gradle.launcher.daemon.protocol.BuildStarted@7eea9690
2024-07-17T21:50:23.075-0300 [DEBUG] [org.gradle.launcher.daemon.server.exec.EstablishBuildEnvironment] Configuring env variables: [PATH, INVOCATION_ID, XAUTHORITY, XMODIFIERS, GDMSESSION, XDG_DATA_DIRS, QT_IM_MODULE, XDG_CONFIG_DIRS, LANG, DBUS_SESSION_BUS_ADDRESS, XDG_SESSION_TYPE, XDG_CURRENT_DESKTOP, JOURNAL_STREAM, DISPLAY, WAYLAND_DISPLAY, USERNAME, SESSION_MANAGER, LOGNAME, PWD, MANAGERPID, IM_CONFIG_PHASE, _, XDG_SESSION_CLASS, LANGUAGE, GJS_DEBUG_TOPICS, SHELL, GIO_LAUNCHED_DESKTOP_FILE, DESKTOP_SESSION, USER, XDG_MENU_PREFIX, GIO_LAUNCHED_DESKTOP_FILE_PID, QT_ACCESSIBILITY, GJS_DEBUG_OUTPUT, GNOME_DESKTOP_SESSION_ID, GTK_MODULES, SSH_AUTH_SOCK, GNOME_SHELL_SESSION_MODE, SYSTEMD_EXEC_PID, XDG_RUNTIME_DIR, GNOME_SETUP_DISPLAY, XDG_SESSION_DESKTOP, SSH_AGENT_LAUNCHER, SHLVL, HOME]
2024-07-17T21:50:23.076-0300 [DEBUG] [org.gradle.launcher.daemon.server.SynchronizedDispatchConnection] thread 157: received class org.gradle.launcher.daemon.protocol.CloseInput
2024-07-17T21:50:23.076-0300 [DEBUG] [org.gradle.launcher.daemon.server.DefaultDaemonConnection] thread 157: Received IO message from client: org.gradle.launcher.daemon.protocol.CloseInput@5eeec1a7
2024-07-17T21:50:23.076-0300 [DEBUG] [org.gradle.launcher.daemon.server.exec.LogToClient] About to start relaying all logs to the client via the connection.
2024-07-17T21:50:23.076-0300 [INFO] [org.gradle.launcher.daemon.server.exec.LogToClient] The client will now receive all logging from the daemon (pid: 3459). The daemon log file: /home/adolfo/Proyectos_Android_Studio/vaczine/daemon/6.7.1/daemon-3459.out.log
2024-07-17T21:50:23.077-0300 [INFO] [org.gradle.launcher.daemon.server.exec.LogAndCheckHealth] Starting 2nd build in daemon [uptime: 1 mins 15.791 secs, performance: 99%, GC rate: 0,18/s, heap usage: 2% of 1,0 GB]
2024-07-17T21:50:23.077-0300 [DEBUG] [org.gradle.launcher.daemon.server.exec.ExecuteBuild] The daemon has started executing the build.
2024-07-17T21:50:23.077-0300 [INFO] [org.gradle.launcher.daemon.server.exec.ForwardClientInput] Closing daemon's stdin at end of input.
2024-07-17T21:50:23.077-0300 [INFO] [org.gradle.launcher.daemon.server.exec.ForwardClientInput] The daemon will no longer process any standard input.
2024-07-17T21:50:23.077-0300 [DEBUG] [org.gradle.launcher.daemon.server.exec.ExecuteBuild] Executing build with daemon context: DefaultDaemonContext[uid=2b84d9cb-00b5-4ae3-b1b0-a4fe86477286,javaHome=/usr/lib/jvm/java-8-openjdk-amd64,daemonRegistryDir=/home/adolfo/Proyectos_Android_Studio/vaczine/daemon,pid=3459,idleTimeout=10800000,priority=NORMAL,daemonOpts=-Xms128m,-Xmx1500m,-Dfile.encoding=UTF-8,-Duser.country=AR,-Duser.language=es,-Duser.variant]
Warning: Mapping new ns http://schemas.android.com/repository/android/common/02 to old ns http://schemas.android.com/repository/android/common/01
Warning: Mapping new ns http://schemas.android.com/repository/android/generic/02 to old ns http://schemas.android.com/repository/android/generic/01
Warning: Mapping new ns http://schemas.android.com/sdk/android/repo/addon2/02 to old ns http://schemas.android.com/sdk/android/repo/addon2/01
Warning: Mapping new ns http://schemas.android.com/sdk/android/repo/addon2/03 to old ns http://schemas.android.com/sdk/android/repo/addon2/01
Warning: Mapping new ns http://schemas.android.com/sdk/android/repo/repository2/02 to old ns http://schemas.android.com/sdk/android/repo/repository2/01
Warning: Mapping new ns http://schemas.android.com/sdk/android/repo/repository2/03 to old ns http://schemas.android.com/sdk/android/repo/repository2/01
Warning: Mapping new ns http://schemas.android.com/sdk/android/repo/sys-img2/03 to old ns http://schemas.android.com/sdk/android/repo/sys-img2/01
Warning: Mapping new ns http://schemas.android.com/sdk/android/repo/sys-img2/02 to old ns http://schemas.android.com/sdk/android/repo/sys-img2/01
Warning: elemento inesperado (URI:"", local:"extension-level"). Los elementos esperados son <{}codename>,<{}layoutlib>,<{}api-level>
Warning: elemento inesperado (URI:"", local:"base-extension"). Los elementos esperados son <{}codename>,<{}layoutlib>,<{}api-level>
/home/adolfo/Proyectos_Android_Studio/mozaikids/android/AndroidManifest.xml Error:
	Apps targeting Android 12 and higher are required to specify an explicit value for `android:exported` when the corresponding component has an intent filter defined. See https://developer.android.com/guide/topics/manifest/activity-element#exported for details.

See http://g.co/androidstudio/manifest-merger for more information about the manifest merger.

Unable to strip the following libraries, packaging them as they are: libgdx-box2d.so, libgdx-freetype.so, libgdx.so.

FAILURE: Build failed with an exception.

* What went wrong:
Execution failed for task ':android:processDebugMainManifest'.
> Manifest merger failed : Apps targeting Android 12 and higher are required to specify an explicit value for `android:exported` when the corresponding component has an intent filter defined. See https://developer.android.com/guide/topics/manifest/activity-element#exported for details.

* Try:
Run with --info or --debug option to get more log output. Run with --scan to get full insights.

* Exception is:
org.gradle.api.tasks.TaskExecutionException: Execution failed for task ':android:processDebugMainManifest'.
	at org.gradle.api.internal.tasks.execution.ExecuteActionsTaskExecuter.lambda$executeIfValid$1(ExecuteActionsTaskExecuter.java:200)
	at org.gradle.internal.Try$Failure.ifSuccessfulOrElse(Try.java:263)
	at org.gradle.api.internal.tasks.execution.ExecuteActionsTaskExecuter.executeIfValid(ExecuteActionsTaskExecuter.java:198)
	at org.gradle.api.internal.tasks.execution.ExecuteActionsTaskExecuter.execute(ExecuteActionsTaskExecuter.java:179)
	at org.gradle.api.internal.tasks.execution.CleanupStaleOutputsExecuter.execute(CleanupStaleOutputsExecuter.java:109)
	at org.gradle.api.internal.tasks.execution.FinalizePropertiesTaskExecuter.execute(FinalizePropertiesTaskExecuter.java:46)
	at org.gradle.api.internal.tasks.execution.ResolveTaskExecutionModeExecuter.execute(ResolveTaskExecutionModeExecuter.java:62)
	at org.gradle.api.internal.tasks.execution.SkipTaskWithNoActionsExecuter.execute(SkipTaskWithNoActionsExecuter.java:57)
	at org.gradle.api.internal.tasks.execution.SkipOnlyIfTaskExecuter.execute(SkipOnlyIfTaskExecuter.java:56)
	at org.gradle.api.internal.tasks.execution.CatchExceptionTaskExecuter.execute(CatchExceptionTaskExecuter.java:36)
	at org.gradle.api.internal.tasks.execution.EventFiringTaskExecuter$1.executeTask(EventFiringTaskExecuter.java:77)
	at org.gradle.api.internal.tasks.execution.EventFiringTaskExecuter$1.call(EventFiringTaskExecuter.java:55)
	at org.gradle.api.internal.tasks.execution.EventFiringTaskExecuter$1.call(EventFiringTaskExecuter.java:52)
	at org.gradle.internal.operations.DefaultBuildOperationRunner$CallableBuildOperationWorker.execute(DefaultBuildOperationRunner.java:200)
	at org.gradle.internal.operations.DefaultBuildOperationRunner$CallableBuildOperationWorker.execute(DefaultBuildOperationRunner.java:195)
	at org.gradle.internal.operations.DefaultBuildOperationRunner$3.execute(DefaultBuildOperationRunner.java:75)
	at org.gradle.internal.operations.DefaultBuildOperationRunner$3.execute(DefaultBuildOperationRunner.java:68)
	at org.gradle.internal.operations.DefaultBuildOperationRunner.execute(DefaultBuildOperationRunner.java:153)
	at org.gradle.internal.operations.DefaultBuildOperationRunner.execute(DefaultBuildOperationRunner.java:68)
	at org.gradle.internal.operations.DefaultBuildOperationRunner.call(DefaultBuildOperationRunner.java:62)
	at org.gradle.internal.operations.DefaultBuildOperationExecutor.lambda$call$2(DefaultBuildOperationExecutor.java:76)
	at org.gradle.internal.operations.UnmanagedBuildOperationWrapper.callWithUnmanagedSupport(UnmanagedBuildOperationWrapper.java:54)
	at org.gradle.internal.operations.DefaultBuildOperationExecutor.call(DefaultBuildOperationExecutor.java:76)
	at org.gradle.api.internal.tasks.execution.EventFiringTaskExecuter.execute(EventFiringTaskExecuter.java:52)
	at org.gradle.execution.plan.LocalTaskNodeExecutor.execute(LocalTaskNodeExecutor.java:41)
	at org.gradle.execution.taskgraph.DefaultTaskExecutionGraph$InvokeNodeExecutorsAction.execute(DefaultTaskExecutionGraph.java:372)
	at org.gradle.execution.taskgraph.DefaultTaskExecutionGraph$InvokeNodeExecutorsAction.execute(DefaultTaskExecutionGraph.java:359)
	at org.gradle.execution.taskgraph.DefaultTaskExecutionGraph$BuildOperationAwareExecutionAction.execute(DefaultTaskExecutionGraph.java:352)
	at org.gradle.execution.taskgraph.DefaultTaskExecutionGraph$BuildOperationAwareExecutionAction.execute(DefaultTaskExecutionGraph.java:338)
	at org.gradle.execution.plan.DefaultPlanExecutor$ExecutorWorker.lambda$run$0(DefaultPlanExecutor.java:127)
	at org.gradle.execution.plan.DefaultPlanExecutor$ExecutorWorker.execute(DefaultPlanExecutor.java:191)
	at org.gradle.execution.plan.DefaultPlanExecutor$ExecutorWorker.executeNextNode(DefaultPlanExecutor.java:182)
	at org.gradle.execution.plan.DefaultPlanExecutor$ExecutorWorker.run(DefaultPlanExecutor.java:124)
	at org.gradle.execution.plan.DefaultPlanExecutor.process(DefaultPlanExecutor.java:72)
	at org.gradle.execution.taskgraph.DefaultTaskExecutionGraph.executeWithServices(DefaultTaskExecutionGraph.java:184)
	at org.gradle.execution.taskgraph.DefaultTaskExecutionGraph.execute(DefaultTaskExecutionGraph.java:177)
	at org.gradle.execution.SelectedTaskExecutionAction.execute(SelectedTaskExecutionAction.java:39)
	at org.gradle.execution.DefaultBuildWorkExecutor.execute(DefaultBuildWorkExecutor.java:40)
	at org.gradle.execution.DefaultBuildWorkExecutor.access$000(DefaultBuildWorkExecutor.java:24)
	at org.gradle.execution.DefaultBuildWorkExecutor$1.proceed(DefaultBuildWorkExecutor.java:48)
	at org.gradle.execution.DryRunBuildExecutionAction.execute(DryRunBuildExecutionAction.java:49)
	at org.gradle.execution.DefaultBuildWorkExecutor.execute(DefaultBuildWorkExecutor.java:40)
	at org.gradle.execution.DefaultBuildWorkExecutor.execute(DefaultBuildWorkExecutor.java:33)
	at org.gradle.execution.IncludedBuildLifecycleBuildWorkExecutor.execute(IncludedBuildLifecycleBuildWorkExecutor.java:36)
	at org.gradle.execution.DeprecateUndefinedBuildWorkExecutor.execute(DeprecateUndefinedBuildWorkExecutor.java:42)
	at org.gradle.execution.BuildOperationFiringBuildWorkerExecutor$ExecuteTasks.run(BuildOperationFiringBuildWorkerExecutor.java:57)
	at org.gradle.internal.operations.DefaultBuildOperationRunner$1.execute(DefaultBuildOperationRunner.java:29)
	at org.gradle.internal.operations.DefaultBuildOperationRunner$1.execute(DefaultBuildOperationRunner.java:26)
	at org.gradle.internal.operations.DefaultBuildOperationRunner$3.execute(DefaultBuildOperationRunner.java:75)
	at org.gradle.internal.operations.DefaultBuildOperationRunner$3.execute(DefaultBuildOperationRunner.java:68)
	at org.gradle.internal.operations.DefaultBuildOperationRunner.execute(DefaultBuildOperationRunner.java:153)
	at org.gradle.internal.operations.DefaultBuildOperationRunner.execute(DefaultBuildOperationRunner.java:68)
	at org.gradle.internal.operations.DefaultBuildOperationRunner.run(DefaultBuildOperationRunner.java:56)
	at org.gradle.internal.operations.DefaultBuildOperationExecutor.lambda$run$1(DefaultBuildOperationExecutor.java:71)
	at org.gradle.internal.operations.UnmanagedBuildOperationWrapper.runWithUnmanagedSupport(UnmanagedBuildOperationWrapper.java:45)
	at org.gradle.internal.operations.DefaultBuildOperationExecutor.run(DefaultBuildOperationExecutor.java:71)
	at org.gradle.execution.BuildOperationFiringBuildWorkerExecutor.execute(BuildOperationFiringBuildWorkerExecutor.java:42)
	at org.gradle.initialization.DefaultGradleLauncher.runWork(DefaultGradleLauncher.java:265)
	at org.gradle.initialization.DefaultGradleLauncher.doClassicBuildStages(DefaultGradleLauncher.java:174)
	at org.gradle.initialization.DefaultGradleLauncher.doBuildStages(DefaultGradleLauncher.java:150)
	at org.gradle.initialization.DefaultGradleLauncher.executeTasks(DefaultGradleLauncher.java:126)
	at org.gradle.internal.invocation.GradleBuildController$1.create(GradleBuildController.java:72)
	at org.gradle.internal.invocation.GradleBuildController$1.create(GradleBuildController.java:67)
	at org.gradle.internal.work.DefaultWorkerLeaseService.withLocks(DefaultWorkerLeaseService.java:178)
	at org.gradle.internal.invocation.GradleBuildController.doBuild(GradleBuildController.java:67)
	at org.gradle.internal.invocation.GradleBuildController.run(GradleBuildController.java:56)
	at org.gradle.tooling.internal.provider.runner.BuildModelActionRunner.run(BuildModelActionRunner.java:54)
	at org.gradle.launcher.exec.ChainingBuildActionRunner.run(ChainingBuildActionRunner.java:35)
	at org.gradle.launcher.exec.ChainingBuildActionRunner.run(ChainingBuildActionRunner.java:35)
	at org.gradle.launcher.exec.BuildOutcomeReportingBuildActionRunner.run(BuildOutcomeReportingBuildActionRunner.java:63)
	at org.gradle.tooling.internal.provider.ValidatingBuildActionRunner.run(ValidatingBuildActionRunner.java:32)
	at org.gradle.tooling.internal.provider.FileSystemWatchingBuildActionRunner.run(FileSystemWatchingBuildActionRunner.java:67)
	at org.gradle.launcher.exec.BuildCompletionNotifyingBuildActionRunner.run(BuildCompletionNotifyingBuildActionRunner.java:41)
	at org.gradle.launcher.exec.RunAsBuildOperationBuildActionRunner$3.call(RunAsBuildOperationBuildActionRunner.java:49)
	at org.gradle.launcher.exec.RunAsBuildOperationBuildActionRunner$3.call(RunAsBuildOperationBuildActionRunner.java:44)
	at org.gradle.internal.operations.DefaultBuildOperationRunner$CallableBuildOperationWorker.execute(DefaultBuildOperationRunner.java:200)
	at org.gradle.internal.operations.DefaultBuildOperationRunner$CallableBuildOperationWorker.execute(DefaultBuildOperationRunner.java:195)
	at org.gradle.internal.operations.DefaultBuildOperationRunner$3.execute(DefaultBuildOperationRunner.java:75)
	at org.gradle.internal.operations.DefaultBuildOperationRunner$3.execute(DefaultBuildOperationRunner.java:68)
	at org.gradle.internal.operations.DefaultBuildOperationRunner.execute(DefaultBuildOperationRunner.java:153)
	at org.gradle.internal.operations.DefaultBuildOperationRunner.execute(DefaultBuildOperationRunner.java:68)
	at org.gradle.internal.operations.DefaultBuildOperationRunner.call(DefaultBuildOperationRunner.java:62)
	at org.gradle.internal.operations.DefaultBuildOperationExecutor.lambda$call$2(DefaultBuildOperationExecutor.java:76)
	at org.gradle.internal.operations.UnmanagedBuildOperationWrapper.callWithUnmanagedSupport(UnmanagedBuildOperationWrapper.java:54)
	at org.gradle.internal.operations.DefaultBuildOperationExecutor.call(DefaultBuildOperationExecutor.java:76)
	at org.gradle.launcher.exec.RunAsBuildOperationBuildActionRunner.run(RunAsBuildOperationBuildActionRunner.java:44)
	at org.gradle.launcher.exec.InProcessBuildActionExecuter.lambda$execute$0(InProcessBuildActionExecuter.java:54)
	at org.gradle.composite.internal.DefaultRootBuildState.run(DefaultRootBuildState.java:87)
	at org.gradle.launcher.exec.InProcessBuildActionExecuter.execute(InProcessBuildActionExecuter.java:53)
	at org.gradle.launcher.exec.InProcessBuildActionExecuter.execute(InProcessBuildActionExecuter.java:29)
	at org.gradle.launcher.exec.BuildTreeScopeLifecycleBuildActionExecuter.lambda$execute$0(BuildTreeScopeLifecycleBuildActionExecuter.java:33)
	at org.gradle.internal.buildtree.BuildTreeState.run(BuildTreeState.java:49)
	at org.gradle.launcher.exec.BuildTreeScopeLifecycleBuildActionExecuter.execute(BuildTreeScopeLifecycleBuildActionExecuter.java:32)
	at org.gradle.launcher.exec.BuildTreeScopeLifecycleBuildActionExecuter.execute(BuildTreeScopeLifecycleBuildActionExecuter.java:27)
	at org.gradle.tooling.internal.provider.ContinuousBuildActionExecuter.execute(ContinuousBuildActionExecuter.java:104)
	at org.gradle.tooling.internal.provider.ContinuousBuildActionExecuter.execute(ContinuousBuildActionExecuter.java:55)
	at org.gradle.tooling.internal.provider.SubscribableBuildActionExecuter.execute(SubscribableBuildActionExecuter.java:64)
	at org.gradle.tooling.internal.provider.SubscribableBuildActionExecuter.execute(SubscribableBuildActionExecuter.java:37)
	at org.gradle.tooling.internal.provider.SessionScopeLifecycleBuildActionExecuter.lambda$execute$0(SessionScopeLifecycleBuildActionExecuter.java:54)
	at org.gradle.internal.session.BuildSessionState.run(BuildSessionState.java:67)
	at org.gradle.tooling.internal.provider.SessionScopeLifecycleBuildActionExecuter.execute(SessionScopeLifecycleBuildActionExecuter.java:50)
	at org.gradle.tooling.internal.provider.SessionScopeLifecycleBuildActionExecuter.execute(SessionScopeLifecycleBuildActionExecuter.java:36)
	at org.gradle.tooling.internal.provider.GradleThreadBuildActionExecuter.execute(GradleThreadBuildActionExecuter.java:36)
	at org.gradle.tooling.internal.provider.GradleThreadBuildActionExecuter.execute(GradleThreadBuildActionExecuter.java:25)
	at org.gradle.tooling.internal.provider.StartParamsValidatingActionExecuter.execute(StartParamsValidatingActionExecuter.java:59)
	at org.gradle.tooling.internal.provider.StartParamsValidatingActionExecuter.execute(StartParamsValidatingActionExecuter.java:31)
	at org.gradle.tooling.internal.provider.SessionFailureReportingActionExecuter.execute(SessionFailureReportingActionExecuter.java:55)
	at org.gradle.tooling.internal.provider.SessionFailureReportingActionExecuter.execute(SessionFailureReportingActionExecuter.java:41)
	at org.gradle.tooling.internal.provider.SetupLoggingActionExecuter.execute(SetupLoggingActionExecuter.java:47)
	at org.gradle.tooling.internal.provider.SetupLoggingActionExecuter.execute(SetupLoggingActionExecuter.java:31)
	at org.gradle.launcher.daemon.server.exec.ExecuteBuild.doBuild(ExecuteBuild.java:65)
	at org.gradle.launcher.daemon.server.exec.BuildCommandOnly.execute(BuildCommandOnly.java:37)
	at org.gradle.launcher.daemon.server.api.DaemonCommandExecution.proceed(DaemonCommandExecution.java:104)
	at org.gradle.launcher.daemon.server.exec.WatchForDisconnection.execute(WatchForDisconnection.java:39)
	at org.gradle.launcher.daemon.server.api.DaemonCommandExecution.proceed(DaemonCommandExecution.java:104)
	at org.gradle.launcher.daemon.server.exec.ResetDeprecationLogger.execute(ResetDeprecationLogger.java:29)
	at org.gradle.launcher.daemon.server.api.DaemonCommandExecution.proceed(DaemonCommandExecution.java:104)
	at org.gradle.launcher.daemon.server.exec.RequestStopIfSingleUsedDaemon.execute(RequestStopIfSingleUsedDaemon.java:35)
	at org.gradle.launcher.daemon.server.api.DaemonCommandExecution.proceed(DaemonCommandExecution.java:104)
	at org.gradle.launcher.daemon.server.exec.ForwardClientInput$2.create(ForwardClientInput.java:78)
	at org.gradle.launcher.daemon.server.exec.ForwardClientInput$2.create(ForwardClientInput.java:75)
	at org.gradle.util.Swapper.swap(Swapper.java:38)
	at org.gradle.launcher.daemon.server.exec.ForwardClientInput.execute(ForwardClientInput.java:75)
	at org.gradle.launcher.daemon.server.api.DaemonCommandExecution.proceed(DaemonCommandExecution.java:104)
	at org.gradle.launcher.daemon.server.exec.LogAndCheckHealth.execute(LogAndCheckHealth.java:55)
	at org.gradle.launcher.daemon.server.api.DaemonCommandExecution.proceed(DaemonCommandExecution.java:104)
	at org.gradle.launcher.daemon.server.exec.LogToClient.doBuild(LogToClient.java:63)
	at org.gradle.launcher.daemon.server.exec.BuildCommandOnly.execute(BuildCommandOnly.java:37)
	at org.gradle.launcher.daemon.server.api.DaemonCommandExecution.proceed(DaemonCommandExecution.java:104)
	at org.gradle.launcher.daemon.server.exec.EstablishBuildEnvironment.doBuild(EstablishBuildEnvironment.java:84)
	at org.gradle.launcher.daemon.server.exec.BuildCommandOnly.execute(BuildCommandOnly.java:37)
	at org.gradle.launcher.daemon.server.api.DaemonCommandExecution.proceed(DaemonCommandExecution.java:104)
	at org.gradle.launcher.daemon.server.exec.StartBuildOrRespondWithBusy$1.run(StartBuildOrRespondWithBusy.java:52)
	at org.gradle.launcher.daemon.server.DaemonStateCoordinator$1.run(DaemonStateCoordinator.java:297)
	at org.gradle.internal.concurrent.ExecutorPolicy$CatchAndRecordFailures.onExecute(ExecutorPolicy.java:64)
	at org.gradle.internal.concurrent.ManagedExecutorImpl$1.run(ManagedExecutorImpl.java:48)
	at org.gradle.internal.concurrent.ThreadFactoryImpl$ManagedThreadRunnable.run(ThreadFactoryImpl.java:56)
Caused by: java.lang.RuntimeException: Manifest merger failed : Apps targeting Android 12 and higher are required to specify an explicit value for `android:exported` when the corresponding component has an intent filter defined. See https://developer.android.com/guide/topics/manifest/activity-element#exported for details.
	at com.android.build.gradle.internal.tasks.manifest.ManifestHelperKt.mergeManifests(ManifestHelper.kt:87)
	at com.android.build.gradle.tasks.ProcessApplicationManifest.doFullTaskAction(ProcessApplicationManifest.kt:144)
	at com.android.build.gradle.internal.tasks.IncrementalTask.handleIncrementalInputs(IncrementalTask.kt:110)
	at com.android.build.gradle.internal.tasks.IncrementalTask.access$handleIncrementalInputs(IncrementalTask.kt:65)
	at com.android.build.gradle.internal.tasks.IncrementalTask$taskAction$$inlined$recordTaskAction$1.invoke(BaseTask.kt:62)
	at com.android.build.gradle.internal.tasks.Blocks.recordSpan(Blocks.java:51)
	at com.android.build.gradle.internal.tasks.IncrementalTask.taskAction$gradle_core(IncrementalTask.kt:137)
	at org.gradle.internal.reflect.JavaMethod.invoke(JavaMethod.java:104)
	at org.gradle.api.internal.project.taskfactory.IncrementalTaskInputsTaskAction.doExecute(IncrementalTaskInputsTaskAction.java:47)
	at org.gradle.api.internal.project.taskfactory.StandardTaskAction.execute(StandardTaskAction.java:51)
	at org.gradle.api.internal.project.taskfactory.AbstractIncrementalTaskAction.execute(AbstractIncrementalTaskAction.java:25)
	at org.gradle.api.internal.project.taskfactory.StandardTaskAction.execute(StandardTaskAction.java:29)
	at org.gradle.api.internal.tasks.execution.ExecuteActionsTaskExecuter$3.run(ExecuteActionsTaskExecuter.java:555)
	at org.gradle.internal.operations.DefaultBuildOperationRunner$1.execute(DefaultBuildOperationRunner.java:29)
	at org.gradle.internal.operations.DefaultBuildOperationRunner$1.execute(DefaultBuildOperationRunner.java:26)
	at org.gradle.internal.operations.DefaultBuildOperationRunner$3.execute(DefaultBuildOperationRunner.java:75)
	at org.gradle.internal.operations.DefaultBuildOperationRunner$3.execute(DefaultBuildOperationRunner.java:68)
	at org.gradle.internal.operations.DefaultBuildOperationRunner.execute(DefaultBuildOperationRunner.java:153)
	at org.gradle.internal.operations.DefaultBuildOperationRunner.execute(DefaultBuildOperationRunner.java:68)
	at org.gradle.internal.operations.DefaultBuildOperationRunner.run(DefaultBuildOperationRunner.java:56)
	at org.gradle.internal.operations.DefaultBuildOperationExecutor.lambda$run$1(DefaultBuildOperationExecutor.java:71)
	at org.gradle.internal.operations.UnmanagedBuildOperationWrapper.runWithUnmanagedSupport(UnmanagedBuildOperationWrapper.java:45)
	at org.gradle.internal.operations.DefaultBuildOperationExecutor.run(DefaultBuildOperationExecutor.java:71)
	at org.gradle.api.internal.tasks.execution.ExecuteActionsTaskExecuter.executeAction(ExecuteActionsTaskExecuter.java:540)
	at org.gradle.api.internal.tasks.execution.ExecuteActionsTaskExecuter.executeActions(ExecuteActionsTaskExecuter.java:523)
	at org.gradle.api.internal.tasks.execution.ExecuteActionsTaskExecuter.access$300(ExecuteActionsTaskExecuter.java:108)
	at org.gradle.api.internal.tasks.execution.ExecuteActionsTaskExecuter$TaskExecution.executeWithPreviousOutputFiles(ExecuteActionsTaskExecuter.java:271)
	at org.gradle.api.internal.tasks.execution.ExecuteActionsTaskExecuter$TaskExecution.execute(ExecuteActionsTaskExecuter.java:260)
	at org.gradle.internal.execution.steps.ExecuteStep.lambda$execute$0(ExecuteStep.java:33)
	at org.gradle.internal.execution.steps.ExecuteStep.execute(ExecuteStep.java:33)
	at org.gradle.internal.execution.steps.ExecuteStep.execute(ExecuteStep.java:26)
	at org.gradle.internal.execution.steps.CleanupOutputsStep.execute(CleanupOutputsStep.java:67)
	at org.gradle.internal.execution.steps.CleanupOutputsStep.execute(CleanupOutputsStep.java:36)
	at org.gradle.internal.execution.steps.ResolveInputChangesStep.execute(ResolveInputChangesStep.java:49)
	at org.gradle.internal.execution.steps.ResolveInputChangesStep.execute(ResolveInputChangesStep.java:34)
	at org.gradle.internal.execution.steps.CancelExecutionStep.execute(CancelExecutionStep.java:43)
	at org.gradle.internal.execution.steps.TimeoutStep.executeWithoutTimeout(TimeoutStep.java:73)
	at org.gradle.internal.execution.steps.TimeoutStep.execute(TimeoutStep.java:54)
	at org.gradle.internal.execution.steps.CreateOutputsStep.execute(CreateOutputsStep.java:44)
	at org.gradle.internal.execution.steps.SnapshotOutputsStep.execute(SnapshotOutputsStep.java:54)
	at org.gradle.internal.execution.steps.SnapshotOutputsStep.execute(SnapshotOutputsStep.java:38)
	at org.gradle.internal.execution.steps.BroadcastChangingOutputsStep.execute(BroadcastChangingOutputsStep.java:42)
	at org.gradle.internal.execution.steps.CacheStep.executeWithoutCache(CacheStep.java:159)
	at org.gradle.internal.execution.steps.CacheStep.execute(CacheStep.java:72)
	at org.gradle.internal.execution.steps.CacheStep.execute(CacheStep.java:43)
	at org.gradle.internal.execution.steps.StoreExecutionStateStep.execute(StoreExecutionStateStep.java:44)
	at org.gradle.internal.execution.steps.StoreExecutionStateStep.execute(StoreExecutionStateStep.java:33)
	at org.gradle.internal.execution.steps.RecordOutputsStep.execute(RecordOutputsStep.java:38)
	at org.gradle.internal.execution.steps.RecordOutputsStep.execute(RecordOutputsStep.java:24)
	at org.gradle.internal.execution.steps.SkipUpToDateStep.executeBecause(SkipUpToDateStep.java:92)
	at org.gradle.internal.execution.steps.SkipUpToDateStep.lambda$execute$0(SkipUpToDateStep.java:85)
	at org.gradle.internal.execution.steps.SkipUpToDateStep.execute(SkipUpToDateStep.java:55)
	at org.gradle.internal.execution.steps.SkipUpToDateStep.execute(SkipUpToDateStep.java:39)
	at org.gradle.internal.execution.steps.ResolveChangesStep.execute(ResolveChangesStep.java:76)
	at org.gradle.internal.execution.steps.ResolveChangesStep.execute(ResolveChangesStep.java:37)
	at org.gradle.internal.execution.steps.legacy.MarkSnapshottingInputsFinishedStep.execute(MarkSnapshottingInputsFinishedStep.java:36)
	at org.gradle.internal.execution.steps.legacy.MarkSnapshottingInputsFinishedStep.execute(MarkSnapshottingInputsFinishedStep.java:26)
	at org.gradle.internal.execution.steps.ResolveCachingStateStep.execute(ResolveCachingStateStep.java:94)
	at org.gradle.internal.execution.steps.ResolveCachingStateStep.execute(ResolveCachingStateStep.java:49)
	at org.gradle.internal.execution.steps.CaptureStateBeforeExecutionStep.execute(CaptureStateBeforeExecutionStep.java:79)
	at org.gradle.internal.execution.steps.CaptureStateBeforeExecutionStep.execute(CaptureStateBeforeExecutionStep.java:53)
	at org.gradle.internal.execution.steps.ValidateStep.execute(ValidateStep.java:74)
	at org.gradle.internal.execution.steps.SkipEmptyWorkStep.lambda$execute$2(SkipEmptyWorkStep.java:78)
	at org.gradle.internal.execution.steps.SkipEmptyWorkStep.execute(SkipEmptyWorkStep.java:78)
	at org.gradle.internal.execution.steps.SkipEmptyWorkStep.execute(SkipEmptyWorkStep.java:34)
	at org.gradle.internal.execution.steps.legacy.MarkSnapshottingInputsStartedStep.execute(MarkSnapshottingInputsStartedStep.java:39)
	at org.gradle.internal.execution.steps.LoadExecutionStateStep.execute(LoadExecutionStateStep.java:40)
	at org.gradle.internal.execution.steps.LoadExecutionStateStep.execute(LoadExecutionStateStep.java:28)
	at org.gradle.internal.execution.impl.DefaultWorkExecutor.execute(DefaultWorkExecutor.java:33)
	at org.gradle.api.internal.tasks.execution.ExecuteActionsTaskExecuter.executeIfValid(ExecuteActionsTaskExecuter.java:187)
	at org.gradle.api.internal.tasks.execution.ExecuteActionsTaskExecuter.execute(ExecuteActionsTaskExecuter.java:179)
	at org.gradle.api.internal.tasks.execution.CleanupStaleOutputsExecuter.execute(CleanupStaleOutputsExecuter.java:109)
	at org.gradle.api.internal.tasks.execution.FinalizePropertiesTaskExecuter.execute(FinalizePropertiesTaskExecuter.java:46)
	at org.gradle.api.internal.tasks.execution.ResolveTaskExecutionModeExecuter.execute(ResolveTaskExecutionModeExecuter.java:62)
	at org.gradle.api.internal.tasks.execution.SkipTaskWithNoActionsExecuter.execute(SkipTaskWithNoActionsExecuter.java:57)
	at org.gradle.api.internal.tasks.execution.SkipOnlyIfTaskExecuter.execute(SkipOnlyIfTaskExecuter.java:56)
	at org.gradle.api.internal.tasks.execution.CatchExceptionTaskExecuter.execute(CatchExceptionTaskExecuter.java:36)
	at org.gradle.api.internal.tasks.execution.EventFiringTaskExecuter$1.executeTask(EventFiringTaskExecuter.java:77)
	at org.gradle.api.internal.tasks.execution.EventFiringTaskExecuter$1.call(EventFiringTaskExecuter.java:55)
	at org.gradle.api.internal.tasks.execution.EventFiringTaskExecuter$1.call(EventFiringTaskExecuter.java:52)
	at org.gradle.internal.operations.DefaultBuildOperationRunner$CallableBuildOperationWorker.execute(DefaultBuildOperationRunner.java:200)
	at org.gradle.internal.operations.DefaultBuildOperationRunner$CallableBuildOperationWorker.execute(DefaultBuildOperationRunner.java:195)
	at org.gradle.internal.operations.DefaultBuildOperationRunner$3.execute(DefaultBuildOperationRunner.java:75)
	at org.gradle.internal.operations.DefaultBuildOperationRunner$3.execute(DefaultBuildOperationRunner.java:68)
	at org.gradle.internal.operations.DefaultBuildOperationRunner.execute(DefaultBuildOperationRunner.java:153)
	at org.gradle.internal.operations.DefaultBuildOperationRunner.execute(DefaultBuildOperationRunner.java:68)
	at org.gradle.internal.operations.DefaultBuildOperationRunner.call(DefaultBuildOperationRunner.java:62)
	at org.gradle.internal.operations.DefaultBuildOperationExecutor.lambda$call$2(DefaultBuildOperationExecutor.java:76)
	at org.gradle.internal.operations.UnmanagedBuildOperationWrapper.callWithUnmanagedSupport(UnmanagedBuildOperationWrapper.java:54)
	at org.gradle.internal.operations.DefaultBuildOperationExecutor.call(DefaultBuildOperationExecutor.java:76)
	at org.gradle.api.internal.tasks.execution.EventFiringTaskExecuter.execute(EventFiringTaskExecuter.java:52)
	at org.gradle.execution.plan.LocalTaskNodeExecutor.execute(LocalTaskNodeExecutor.java:41)
	at org.gradle.execution.taskgraph.DefaultTaskExecutionGraph$InvokeNodeExecutorsAction.execute(DefaultTaskExecutionGraph.java:372)
	at org.gradle.execution.taskgraph.DefaultTaskExecutionGraph$InvokeNodeExecutorsAction.execute(DefaultTaskExecutionGraph.java:359)
	at org.gradle.execution.taskgraph.DefaultTaskExecutionGraph$BuildOperationAwareExecutionAction.execute(DefaultTaskExecutionGraph.java:352)
	at org.gradle.execution.taskgraph.DefaultTaskExecutionGraph$BuildOperationAwareExecutionAction.execute(DefaultTaskExecutionGraph.java:338)
	at org.gradle.execution.plan.DefaultPlanExecutor$ExecutorWorker.lambda$run$0(DefaultPlanExecutor.java:127)
	at org.gradle.execution.plan.DefaultPlanExecutor$ExecutorWorker.execute(DefaultPlanExecutor.java:191)
	at org.gradle.execution.plan.DefaultPlanExecutor$ExecutorWorker.executeNextNode(DefaultPlanExecutor.java:182)
	at org.gradle.execution.plan.DefaultPlanExecutor$ExecutorWorker.run(DefaultPlanExecutor.java:124)
	at org.gradle.execution.plan.DefaultPlanExecutor.process(DefaultPlanExecutor.java:72)
	at org.gradle.execution.taskgraph.DefaultTaskExecutionGraph.executeWithServices(DefaultTaskExecutionGraph.java:184)
	at org.gradle.execution.taskgraph.DefaultTaskExecutionGraph.execute(DefaultTaskExecutionGraph.java:177)
	at org.gradle.execution.SelectedTaskExecutionAction.execute(SelectedTaskExecutionAction.java:39)
	at org.gradle.execution.DefaultBuildWorkExecutor.execute(DefaultBuildWorkExecutor.java:40)
	at org.gradle.execution.DefaultBuildWorkExecutor.access$000(DefaultBuildWorkExecutor.java:24)
	at org.gradle.execution.DefaultBuildWorkExecutor$1.proceed(DefaultBuildWorkExecutor.java:48)
	at org.gradle.execution.DryRunBuildExecutionAction.execute(DryRunBuildExecutionAction.java:49)
	at org.gradle.execution.DefaultBuildWorkExecutor.execute(DefaultBuildWorkExecutor.java:40)
	at org.gradle.execution.DefaultBuildWorkExecutor.execute(DefaultBuildWorkExecutor.java:33)
	at org.gradle.execution.IncludedBuildLifecycleBuildWorkExecutor.execute(IncludedBuildLifecycleBuildWorkExecutor.java:36)
	at org.gradle.execution.DeprecateUndefinedBuildWorkExecutor.execute(DeprecateUndefinedBuildWorkExecutor.java:42)
	at org.gradle.execution.BuildOperationFiringBuildWorkerExecutor$ExecuteTasks.run(BuildOperationFiringBuildWorkerExecutor.java:57)
	at org.gradle.internal.operations.DefaultBuildOperationRunner$1.execute(DefaultBuildOperationRunner.java:29)
	at org.gradle.internal.operations.DefaultBuildOperationRunner$1.execute(DefaultBuildOperationRunner.java:26)
	at org.gradle.internal.operations.DefaultBuildOperationRunner$3.execute(DefaultBuildOperationRunner.java:75)
	at org.gradle.internal.operations.DefaultBuildOperationRunner$3.execute(DefaultBuildOperationRunner.java:68)
	at org.gradle.internal.operations.DefaultBuildOperationRunner.execute(DefaultBuildOperationRunner.java:153)
	at org.gradle.internal.operations.DefaultBuildOperationRunner.execute(DefaultBuildOperationRunner.java:68)
	at org.gradle.internal.operations.DefaultBuildOperationRunner.run(DefaultBuildOperationRunner.java:56)
	at org.gradle.internal.operations.DefaultBuildOperationExecutor.lambda$run$1(DefaultBuildOperationExecutor.java:71)
	at org.gradle.internal.operations.UnmanagedBuildOperationWrapper.runWithUnmanagedSupport(UnmanagedBuildOperationWrapper.java:45)
	at org.gradle.internal.operations.DefaultBuildOperationExecutor.run(DefaultBuildOperationExecutor.java:71)
	at org.gradle.execution.BuildOperationFiringBuildWorkerExecutor.execute(BuildOperationFiringBuildWorkerExecutor.java:42)
	at org.gradle.initialization.DefaultGradleLauncher.runWork(DefaultGradleLauncher.java:265)
	at org.gradle.initialization.DefaultGradleLauncher.doClassicBuildStages(DefaultGradleLauncher.java:174)
	at org.gradle.initialization.DefaultGradleLauncher.doBuildStages(DefaultGradleLauncher.java:150)
	at org.gradle.initialization.DefaultGradleLauncher.executeTasks(DefaultGradleLauncher.java:126)
	at org.gradle.internal.invocation.GradleBuildController$1.create(GradleBuildController.java:72)
	at org.gradle.internal.invocation.GradleBuildController$1.create(GradleBuildController.java:67)
	at org.gradle.internal.work.DefaultWorkerLeaseService.withLocks(DefaultWorkerLeaseService.java:178)
	at org.gradle.internal.invocation.GradleBuildController.doBuild(GradleBuildController.java:67)
	at org.gradle.internal.invocation.GradleBuildController.run(GradleBuildController.java:56)
	at org.gradle.tooling.internal.provider.runner.BuildModelActionRunner.run(BuildModelActionRunner.java:54)
	at org.gradle.launcher.exec.ChainingBuildActionRunner.run(ChainingBuildActionRunner.java:35)
	at org.gradle.launcher.exec.ChainingBuildActionRunner.run(ChainingBuildActionRunner.java:35)
	at org.gradle.launcher.exec.BuildOutcomeReportingBuildActionRunner.run(BuildOutcomeReportingBuildActionRunner.java:63)
	at org.gradle.tooling.internal.provider.ValidatingBuildActionRunner.run(ValidatingBuildActionRunner.java:32)
	at org.gradle.tooling.internal.provider.FileSystemWatchingBuildActionRunner.run(FileSystemWatchingBuildActionRunner.java:67)
	at org.gradle.launcher.exec.BuildCompletionNotifyingBuildActionRunner.run(BuildCompletionNotifyingBuildActionRunner.java:41)
	at org.gradle.launcher.exec.RunAsBuildOperationBuildActionRunner$3.call(RunAsBuildOperationBuildActionRunner.java:49)
	at org.gradle.launcher.exec.RunAsBuildOperationBuildActionRunner$3.call(RunAsBuildOperationBuildActionRunner.java:44)
	at org.gradle.internal.operations.DefaultBuildOperationRunner$CallableBuildOperationWorker.execute(DefaultBuildOperationRunner.java:200)
	at org.gradle.internal.operations.DefaultBuildOperationRunner$CallableBuildOperationWorker.execute(DefaultBuildOperationRunner.java:195)
	at org.gradle.internal.operations.DefaultBuildOperationRunner$3.execute(DefaultBuildOperationRunner.java:75)
	at org.gradle.internal.operations.DefaultBuildOperationRunner$3.execute(DefaultBuildOperationRunner.java:68)
	at org.gradle.internal.operations.DefaultBuildOperationRunner.execute(DefaultBuildOperationRunner.java:153)
	at org.gradle.internal.operations.DefaultBuildOperationRunner.execute(DefaultBuildOperationRunner.java:68)
	at org.gradle.internal.operations.DefaultBuildOperationRunner.call(DefaultBuildOperationRunner.java:62)
	at org.gradle.internal.operations.DefaultBuildOperationExecutor.lambda$call$2(DefaultBuildOperationExecutor.java:76)
	at org.gradle.internal.operations.UnmanagedBuildOperationWrapper.callWithUnmanagedSupport(UnmanagedBuildOperationWrapper.java:54)
	at org.gradle.internal.operations.DefaultBuildOperationExecutor.call(DefaultBuildOperationExecutor.java:76)
	at org.gradle.launcher.exec.RunAsBuildOperationBuildActionRunner.run(RunAsBuildOperationBuildActionRunner.java:44)
	at org.gradle.launcher.exec.InProcessBuildActionExecuter.lambda$execute$0(InProcessBuildActionExecuter.java:54)
	at org.gradle.composite.internal.DefaultRootBuildState.run(DefaultRootBuildState.java:87)
	at org.gradle.launcher.exec.InProcessBuildActionExecuter.execute(InProcessBuildActionExecuter.java:53)
	at org.gradle.launcher.exec.InProcessBuildActionExecuter.execute(InProcessBuildActionExecuter.java:29)
	at org.gradle.launcher.exec.BuildTreeScopeLifecycleBuildActionExecuter.lambda$execute$0(BuildTreeScopeLifecycleBuildActionExecuter.java:33)
	at org.gradle.internal.buildtree.BuildTreeState.run(BuildTreeState.java:49)
	at org.gradle.launcher.exec.BuildTreeScopeLifecycleBuildActionExecuter.execute(BuildTreeScopeLifecycleBuildActionExecuter.java:32)
	at org.gradle.launcher.exec.BuildTreeScopeLifecycleBuildActionExecuter.execute(BuildTreeScopeLifecycleBuildActionExecuter.java:27)
	at org.gradle.tooling.internal.provider.ContinuousBuildActionExecuter.execute(ContinuousBuildActionExecuter.java:104)
	at org.gradle.tooling.internal.provider.ContinuousBuildActionExecuter.execute(ContinuousBuildActionExecuter.java:55)
	at org.gradle.tooling.internal.provider.SubscribableBuildActionExecuter.execute(SubscribableBuildActionExecuter.java:64)
	at org.gradle.tooling.internal.provider.SubscribableBuildActionExecuter.execute(SubscribableBuildActionExecuter.java:37)
	at org.gradle.tooling.internal.provider.SessionScopeLifecycleBuildActionExecuter.lambda$execute$0(SessionScopeLifecycleBuildActionExecuter.java:54)
	at org.gradle.internal.session.BuildSessionState.run(BuildSessionState.java:67)
	at org.gradle.tooling.internal.provider.SessionScopeLifecycleBuildActionExecuter.execute(SessionScopeLifecycleBuildActionExecuter.java:50)
	at org.gradle.tooling.internal.provider.SessionScopeLifecycleBuildActionExecuter.execute(SessionScopeLifecycleBuildActionExecuter.java:36)
	at org.gradle.tooling.internal.provider.GradleThreadBuildActionExecuter.execute(GradleThreadBuildActionExecuter.java:36)
	at org.gradle.tooling.internal.provider.GradleThreadBuildActionExecuter.execute(GradleThreadBuildActionExecuter.java:25)
	at org.gradle.tooling.internal.provider.StartParamsValidatingActionExecuter.execute(StartParamsValidatingActionExecuter.java:59)
	at org.gradle.tooling.internal.provider.StartParamsValidatingActionExecuter.execute(StartParamsValidatingActionExecuter.java:31)
	at org.gradle.tooling.internal.provider.SessionFailureReportingActionExecuter.execute(SessionFailureReportingActionExecuter.java:55)
	at org.gradle.tooling.internal.provider.SessionFailureReportingActionExecuter.execute(SessionFailureReportingActionExecuter.java:41)
	at org.gradle.tooling.internal.provider.SetupLoggingActionExecuter.execute(SetupLoggingActionExecuter.java:47)
	at org.gradle.tooling.internal.provider.SetupLoggingActionExecuter.execute(SetupLoggingActionExecuter.java:31)
	at org.gradle.launcher.daemon.server.exec.ExecuteBuild.doBuild(ExecuteBuild.java:65)
	at org.gradle.launcher.daemon.server.exec.BuildCommandOnly.execute(BuildCommandOnly.java:37)
	at org.gradle.launcher.daemon.server.api.DaemonCommandExecution.proceed(DaemonCommandExecution.java:104)
	at org.gradle.launcher.daemon.server.exec.WatchForDisconnection.execute(WatchForDisconnection.java:39)
	at org.gradle.launcher.daemon.server.api.DaemonCommandExecution.proceed(DaemonCommandExecution.java:104)
	at org.gradle.launcher.daemon.server.exec.ResetDeprecationLogger.execute(ResetDeprecationLogger.java:29)
	at org.gradle.launcher.daemon.server.api.DaemonCommandExecution.proceed(DaemonCommandExecution.java:104)
	at org.gradle.launcher.daemon.server.exec.RequestStopIfSingleUsedDaemon.execute(RequestStopIfSingleUsedDaemon.java:35)
	at org.gradle.launcher.daemon.server.api.DaemonCommandExecution.proceed(DaemonCommandExecution.java:104)
	at org.gradle.launcher.daemon.server.exec.ForwardClientInput$2.create(ForwardClientInput.java:78)
	at org.gradle.launcher.daemon.server.exec.ForwardClientInput$2.create(ForwardClientInput.java:75)
	at org.gradle.util.Swapper.swap(Swapper.java:38)
	at org.gradle.launcher.daemon.server.exec.ForwardClientInput.execute(ForwardClientInput.java:75)
	at org.gradle.launcher.daemon.server.api.DaemonCommandExecution.proceed(DaemonCommandExecution.java:104)
	at org.gradle.launcher.daemon.server.exec.LogAndCheckHealth.execute(LogAndCheckHealth.java:55)
	at org.gradle.launcher.daemon.server.api.DaemonCommandExecution.proceed(DaemonCommandExecution.java:104)
	at org.gradle.launcher.daemon.server.exec.LogToClient.doBuild(LogToClient.java:63)
	at org.gradle.launcher.daemon.server.exec.BuildCommandOnly.execute(BuildCommandOnly.java:37)
	at org.gradle.launcher.daemon.server.api.DaemonCommandExecution.proceed(DaemonCommandExecution.java:104)
	at org.gradle.launcher.daemon.server.exec.EstablishBuildEnvironment.doBuild(EstablishBuildEnvironment.java:84)
	at org.gradle.launcher.daemon.server.exec.BuildCommandOnly.execute(BuildCommandOnly.java:37)
	at org.gradle.launcher.daemon.server.api.DaemonCommandExecution.proceed(DaemonCommandExecution.java:104)
	at org.gradle.launcher.daemon.server.exec.StartBuildOrRespondWithBusy$1.run(StartBuildOrRespondWithBusy.java:52)
	at org.gradle.launcher.daemon.server.DaemonStateCoordinator$1.run(DaemonStateCoordinator.java:297)
	at org.gradle.internal.concurrent.ExecutorPolicy$CatchAndRecordFailures.onExecute(ExecutorPolicy.java:64)
	at org.gradle.internal.concurrent.ManagedExecutorImpl$1.run(ManagedExecutorImpl.java:48)
	at org.gradle.internal.concurrent.ThreadFactoryImpl$ManagedThreadRunnable.run(ThreadFactoryImpl.java:56)


* Get more help at https://help.gradle.org

BUILD FAILED in 8s
26 actionable tasks: 14 executed, 12 up-to-date
2024-07-17T21:50:31.597-0300 [DEBUG] [org.gradle.launcher.daemon.server.exec.ExecuteBuild] The daemon has finished executing the build.
2024-07-17T21:50:31.600-0300 [DEBUG] [org.gradle.launcher.daemon.server.DaemonStateCoordinator] Command execution: finished waiting for DaemonCommandExecution[command = Build{id=8c6809f5-2ccb-43c7-9a74-b86766e68022, currentDir=/home/adolfo/Proyectos_Android_Studio/mozaikids}, connection = DefaultDaemonConnection: socket connection from /127.0.0.1:35151 to /127.0.0.1:42174]. Result org.gradle.launcher.daemon.server.DaemonStateCoordinator@27d9ee2f with state Busy
2024-07-17T21:50:31.600-0300 [DEBUG] [org.gradle.launcher.daemon.server.DaemonStateCoordinator] Command execution: completed DaemonCommandExecution[command = Build{id=8c6809f5-2ccb-43c7-9a74-b86766e68022, currentDir=/home/adolfo/Proyectos_Android_Studio/mozaikids}, connection = DefaultDaemonConnection: socket connection from /127.0.0.1:35151 to /127.0.0.1:42174]
2024-07-17T21:50:31.600-0300 [DEBUG] [org.gradle.launcher.daemon.server.DaemonStateCoordinator] resetting idle timer
2024-07-17T21:50:31.600-0300 [INFO] [org.gradle.launcher.daemon.server.DaemonRegistryUpdater] Marking the daemon as idle, address: [9abc85d2-919e-4571-9709-aae23b0b12f7 port:35151, addresses:[localhost/127.0.0.1]]
2024-07-17T21:50:31.600-0300 [DEBUG] [org.gradle.launcher.daemon.registry.PersistentDaemonRegistry] Marking busy by address: [9abc85d2-919e-4571-9709-aae23b0b12f7 port:35151, addresses:[localhost/127.0.0.1]]
2024-07-17T21:50:31.600-0300 [DEBUG] [org.gradle.cache.internal.DefaultFileLockManager] Waiting to acquire exclusive lock on daemon addresses registry.
2024-07-17T21:50:31.601-0300 [DEBUG] [org.gradle.cache.internal.DefaultFileLockManager] Lock acquired on daemon addresses registry.
2024-07-17T21:50:31.601-0300 [DEBUG] [org.gradle.cache.internal.DefaultFileLockManager] Releasing lock on daemon addresses registry.
2024-07-17T21:50:31.601-0300 [DEBUG] [org.gradle.launcher.daemon.server.exec.ReturnResult] Daemon is dispatching the build result: Success[value=org.gradle.launcher.exec.BuildActionResult@4d9be475]
2024-07-17T21:50:31.601-0300 [DEBUG] [org.gradle.launcher.daemon.server.DaemonStateCoordinator] daemon is running. Sleeping until state changes.
2024-07-17T21:50:31.601-0300 [DEBUG] [org.gradle.launcher.daemon.server.SynchronizedDispatchConnection] thread 16: dispatching Success[value=org.gradle.launcher.exec.BuildActionResult@4d9be475]
2024-07-17T21:50:31.602-0300 [DEBUG] [org.gradle.launcher.daemon.server.DefaultIncomingConnectionHandler] Finishing executing command: Build{id=8c6809f5-2ccb-43c7-9a74-b86766e68022, currentDir=/home/adolfo/Proyectos_Android_Studio/mozaikids}
2024-07-17T21:50:31.609-0300 [DEBUG] [org.gradle.launcher.daemon.server.SynchronizedDispatchConnection] thread 157: received class org.gradle.launcher.daemon.protocol.Finished
2024-07-17T21:50:31.609-0300 [DEBUG] [org.gradle.launcher.daemon.server.DefaultDaemonConnection] thread 157: Received non-IO message from client: org.gradle.launcher.daemon.protocol.Finished@1bec441e
2024-07-17T21:50:31.610-0300 [DEBUG] [org.gradle.launcher.daemon.server.DefaultIncomingConnectionHandler] Received finished message: org.gradle.launcher.daemon.protocol.Finished@1bec441e
2024-07-17T21:50:31.610-0300 [DEBUG] [org.gradle.internal.remote.internal.inet.SocketConnection] Discarding EOFException: java.io.EOFException
2024-07-17T21:50:31.610-0300 [DEBUG] [org.gradle.launcher.daemon.server.SynchronizedDispatchConnection] thread 16: stopping connection
2024-07-17T21:50:31.610-0300 [DEBUG] [org.gradle.launcher.daemon.server.SynchronizedDispatchConnection] thread 157: received null
2024-07-17T21:50:31.611-0300 [DEBUG] [org.gradle.launcher.daemon.server.DefaultDaemonConnection] thread 157: Received end-of-input from client.
2024-07-17T21:50:31.612-0300 [DEBUG] [org.gradle.launcher.daemon.server.SynchronizedDispatchConnection] thread 16: stopping connection
2024-07-17T21:50:37.406-0300 [DEBUG] [org.gradle.cache.internal.DefaultFileLockManager] Waiting to acquire shared lock on daemon addresses registry.
2024-07-17T21:50:37.406-0300 [DEBUG] [org.gradle.cache.internal.DefaultFileLockManager] Lock acquired on daemon addresses registry.
2024-07-17T21:50:37.408-0300 [DEBUG] [org.gradle.cache.internal.DefaultFileLockManager] Releasing lock on daemon addresses registry.
2024-07-17T21:50:37.408-0300 [DEBUG] [org.gradle.cache.internal.DefaultFileLockManager] Waiting to acquire shared lock on daemon addresses registry.
2024-07-17T21:50:37.409-0300 [DEBUG] [org.gradle.cache.internal.DefaultFileLockManager] Lock acquired on daemon addresses registry.
2024-07-17T21:50:37.409-0300 [DEBUG] [org.gradle.cache.internal.DefaultFileLockManager] Releasing lock on daemon addresses registry.
2024-07-17T21:50:47.406-0300 [DEBUG] [org.gradle.cache.internal.DefaultFileLockManager] Waiting to acquire shared lock on daemon addresses registry.
2024-07-17T21:50:47.407-0300 [DEBUG] [org.gradle.cache.internal.DefaultFileLockManager] Lock acquired on daemon addresses registry.
2024-07-17T21:50:47.407-0300 [DEBUG] [org.gradle.cache.internal.DefaultFileLockManager] Releasing lock on daemon addresses registry.
2024-07-17T21:50:47.407-0300 [DEBUG] [org.gradle.cache.internal.DefaultFileLockManager] Waiting to acquire shared lock on daemon addresses registry.
2024-07-17T21:50:47.407-0300 [DEBUG] [org.gradle.cache.internal.DefaultFileLockManager] Lock acquired on daemon addresses registry.
2024-07-17T21:50:47.407-0300 [DEBUG] [org.gradle.cache.internal.DefaultFileLockManager] Releasing lock on daemon addresses registry.
2024-07-17T21:50:47.407-0300 [DEBUG] [org.gradle.cache.internal.DefaultFileLockManager] Waiting to acquire shared lock on daemon addresses registry.
2024-07-17T21:50:47.407-0300 [DEBUG] [org.gradle.cache.internal.DefaultFileLockManager] Lock acquired on daemon addresses registry.
2024-07-17T21:50:47.408-0300 [DEBUG] [org.gradle.cache.internal.DefaultFileLockManager] Releasing lock on daemon addresses registry.
2024-07-17T21:50:57.406-0300 [DEBUG] [org.gradle.cache.internal.DefaultFileLockManager] Waiting to acquire shared lock on daemon addresses registry.
2024-07-17T21:50:57.406-0300 [DEBUG] [org.gradle.cache.internal.DefaultFileLockManager] Lock acquired on daemon addresses registry.
2024-07-17T21:50:57.406-0300 [DEBUG] [org.gradle.cache.internal.DefaultFileLockManager] Releasing lock on daemon addresses registry.
2024-07-17T21:50:57.406-0300 [DEBUG] [org.gradle.cache.internal.DefaultFileLockManager] Waiting to acquire shared lock on daemon addresses registry.
2024-07-17T21:50:57.407-0300 [DEBUG] [org.gradle.cache.internal.DefaultFileLockManager] Lock acquired on daemon addresses registry.
2024-07-17T21:50:57.407-0300 [DEBUG] [org.gradle.cache.internal.DefaultFileLockManager] Releasing lock on daemon addresses registry.
2024-07-17T21:50:57.407-0300 [DEBUG] [org.gradle.cache.internal.DefaultFileLockManager] Waiting to acquire shared lock on daemon addresses registry.
2024-07-17T21:50:57.407-0300 [DEBUG] [org.gradle.cache.internal.DefaultFileLockManager] Lock acquired on daemon addresses registry.
2024-07-17T21:50:57.407-0300 [DEBUG] [org.gradle.cache.internal.DefaultFileLockManager] Releasing lock on daemon addresses registry.
2024-07-17T21:51:07.406-0300 [DEBUG] [org.gradle.cache.internal.DefaultFileLockManager] Waiting to acquire shared lock on daemon addresses registry.
2024-07-17T21:51:07.406-0300 [DEBUG] [org.gradle.cache.internal.DefaultFileLockManager] Lock acquired on daemon addresses registry.
2024-07-17T21:51:07.406-0300 [DEBUG] [org.gradle.cache.internal.DefaultFileLockManager] Releasing lock on daemon addresses registry.
2024-07-17T21:51:07.407-0300 [DEBUG] [org.gradle.cache.internal.DefaultFileLockManager] Waiting to acquire shared lock on daemon addresses registry.
2024-07-17T21:51:07.407-0300 [DEBUG] [org.gradle.cache.internal.DefaultFileLockManager] Lock acquired on daemon addresses registry.
2024-07-17T21:51:07.407-0300 [DEBUG] [org.gradle.cache.internal.DefaultFileLockManager] Releasing lock on daemon addresses registry.
2024-07-17T21:51:07.407-0300 [DEBUG] [org.gradle.cache.internal.DefaultFileLockManager] Waiting to acquire shared lock on daemon addresses registry.
2024-07-17T21:51:07.407-0300 [DEBUG] [org.gradle.cache.internal.DefaultFileLockManager] Lock acquired on daemon addresses registry.
2024-07-17T21:51:07.407-0300 [DEBUG] [org.gradle.cache.internal.DefaultFileLockManager] Releasing lock on daemon addresses registry.
2024-07-17T21:51:17.406-0300 [DEBUG] [org.gradle.cache.internal.DefaultFileLockManager] Waiting to acquire shared lock on daemon addresses registry.
2024-07-17T21:51:17.406-0300 [DEBUG] [org.gradle.cache.internal.DefaultFileLockManager] Lock acquired on daemon addresses registry.
2024-07-17T21:51:17.406-0300 [DEBUG] [org.gradle.cache.internal.DefaultFileLockManager] Releasing lock on daemon addresses registry.
2024-07-17T21:51:17.406-0300 [DEBUG] [org.gradle.cache.internal.DefaultFileLockManager] Waiting to acquire shared lock on daemon addresses registry.
2024-07-17T21:51:17.406-0300 [DEBUG] [org.gradle.cache.internal.DefaultFileLockManager] Lock acquired on daemon addresses registry.
2024-07-17T21:51:17.406-0300 [DEBUG] [org.gradle.cache.internal.DefaultFileLockManager] Releasing lock on daemon addresses registry.
2024-07-17T21:51:17.407-0300 [DEBUG] [org.gradle.cache.internal.DefaultFileLockManager] Waiting to acquire shared lock on daemon addresses registry.
2024-07-17T21:51:17.407-0300 [DEBUG] [org.gradle.cache.internal.DefaultFileLockManager] Lock acquired on daemon addresses registry.
2024-07-17T21:51:17.407-0300 [DEBUG] [org.gradle.cache.internal.DefaultFileLockManager] Releasing lock on daemon addresses registry.
2024-07-17T21:51:27.406-0300 [DEBUG] [org.gradle.cache.internal.DefaultFileLockManager] Waiting to acquire shared lock on daemon addresses registry.
2024-07-17T21:51:27.406-0300 [DEBUG] [org.gradle.cache.internal.DefaultFileLockManager] Lock acquired on daemon addresses registry.
2024-07-17T21:51:27.406-0300 [DEBUG] [org.gradle.cache.internal.DefaultFileLockManager] Releasing lock on daemon addresses registry.
2024-07-17T21:51:27.406-0300 [DEBUG] [org.gradle.cache.internal.DefaultFileLockManager] Waiting to acquire shared lock on daemon addresses registry.
2024-07-17T21:51:27.406-0300 [DEBUG] [org.gradle.cache.internal.DefaultFileLockManager] Lock acquired on daemon addresses registry.
2024-07-17T21:51:27.406-0300 [DEBUG] [org.gradle.cache.internal.DefaultFileLockManager] Releasing lock on daemon addresses registry.
2024-07-17T21:51:27.407-0300 [DEBUG] [org.gradle.cache.internal.DefaultFileLockManager] Waiting to acquire shared lock on daemon addresses registry.
2024-07-17T21:51:27.407-0300 [DEBUG] [org.gradle.cache.internal.DefaultFileLockManager] Lock acquired on daemon addresses registry.
2024-07-17T21:51:27.407-0300 [DEBUG] [org.gradle.cache.internal.DefaultFileLockManager] Releasing lock on daemon addresses registry.
2024-07-17T21:51:37.406-0300 [DEBUG] [org.gradle.cache.internal.DefaultFileLockManager] Waiting to acquire shared lock on daemon addresses registry.
2024-07-17T21:51:37.407-0300 [DEBUG] [org.gradle.cache.internal.DefaultFileLockManager] Lock acquired on daemon addresses registry.
2024-07-17T21:51:37.407-0300 [DEBUG] [org.gradle.cache.internal.DefaultFileLockManager] Releasing lock on daemon addresses registry.
2024-07-17T21:51:37.407-0300 [DEBUG] [org.gradle.cache.internal.DefaultFileLockManager] Waiting to acquire shared lock on daemon addresses registry.
2024-07-17T21:51:37.407-0300 [DEBUG] [org.gradle.cache.internal.DefaultFileLockManager] Lock acquired on daemon addresses registry.
2024-07-17T21:51:37.407-0300 [DEBUG] [org.gradle.cache.internal.DefaultFileLockManager] Releasing lock on daemon addresses registry.
2024-07-17T21:51:37.407-0300 [DEBUG] [org.gradle.cache.internal.DefaultFileLockManager] Waiting to acquire shared lock on daemon addresses registry.
2024-07-17T21:51:37.407-0300 [DEBUG] [org.gradle.cache.internal.DefaultFileLockManager] Lock acquired on daemon addresses registry.
2024-07-17T21:51:37.408-0300 [DEBUG] [org.gradle.cache.internal.DefaultFileLockManager] Releasing lock on daemon addresses registry.
2024-07-17T21:51:47.406-0300 [DEBUG] [org.gradle.cache.internal.DefaultFileLockManager] Waiting to acquire shared lock on daemon addresses registry.
2024-07-17T21:51:47.407-0300 [DEBUG] [org.gradle.cache.internal.DefaultFileLockManager] Lock acquired on daemon addresses registry.
2024-07-17T21:51:47.407-0300 [DEBUG] [org.gradle.cache.internal.DefaultFileLockManager] Releasing lock on daemon addresses registry.
2024-07-17T21:51:47.407-0300 [DEBUG] [org.gradle.cache.internal.DefaultFileLockManager] Waiting to acquire shared lock on daemon addresses registry.
2024-07-17T21:51:47.407-0300 [DEBUG] [org.gradle.cache.internal.DefaultFileLockManager] Lock acquired on daemon addresses registry.
2024-07-17T21:51:47.407-0300 [DEBUG] [org.gradle.cache.internal.DefaultFileLockManager] Releasing lock on daemon addresses registry.
2024-07-17T21:51:47.407-0300 [DEBUG] [org.gradle.cache.internal.DefaultFileLockManager] Waiting to acquire shared lock on daemon addresses registry.
2024-07-17T21:51:47.408-0300 [DEBUG] [org.gradle.cache.internal.DefaultFileLockManager] Lock acquired on daemon addresses registry.
2024-07-17T21:51:47.408-0300 [DEBUG] [org.gradle.cache.internal.DefaultFileLockManager] Releasing lock on daemon addresses registry.
2024-07-17T21:51:57.407-0300 [DEBUG] [org.gradle.cache.internal.DefaultFileLockManager] Waiting to acquire shared lock on daemon addresses registry.
2024-07-17T21:51:57.407-0300 [DEBUG] [org.gradle.cache.internal.DefaultFileLockManager] Lock acquired on daemon addresses registry.
2024-07-17T21:51:57.407-0300 [DEBUG] [org.gradle.cache.internal.DefaultFileLockManager] Releasing lock on daemon addresses registry.
2024-07-17T21:51:57.407-0300 [DEBUG] [org.gradle.cache.internal.DefaultFileLockManager] Waiting to acquire shared lock on daemon addresses registry.
2024-07-17T21:51:57.407-0300 [DEBUG] [org.gradle.cache.internal.DefaultFileLockManager] Lock acquired on daemon addresses registry.
2024-07-17T21:51:57.407-0300 [DEBUG] [org.gradle.cache.internal.DefaultFileLockManager] Releasing lock on daemon addresses registry.
2024-07-17T21:51:57.408-0300 [DEBUG] [org.gradle.cache.internal.DefaultFileLockManager] Waiting to acquire shared lock on daemon addresses registry.
2024-07-17T21:51:57.408-0300 [DEBUG] [org.gradle.cache.internal.DefaultFileLockManager] Lock acquired on daemon addresses registry.
2024-07-17T21:51:57.408-0300 [DEBUG] [org.gradle.cache.internal.DefaultFileLockManager] Releasing lock on daemon addresses registry.
2024-07-17T21:52:05.034-0300 [DEBUG] [org.gradle.internal.remote.internal.inet.TcpIncomingConnector] Accepted connection from /127.0.0.1:41590 to /127.0.0.1:35151.
2024-07-17T21:52:05.045-0300 [DEBUG] [org.gradle.launcher.daemon.server.SynchronizedDispatchConnection] thread 221: received class org.gradle.launcher.daemon.protocol.Build
2024-07-17T21:52:05.045-0300 [DEBUG] [org.gradle.launcher.daemon.server.DefaultDaemonConnection] thread 221: Received non-IO message from client: Build{id=b7d612f9-355d-49b8-81ca-7ec035ebdf8a, currentDir=/home/adolfo/Proyectos_Android_Studio/mozaikids}
2024-07-17T21:52:05.045-0300 [INFO] [org.gradle.launcher.daemon.server.DefaultIncomingConnectionHandler] Received command: Build{id=b7d612f9-355d-49b8-81ca-7ec035ebdf8a, currentDir=/home/adolfo/Proyectos_Android_Studio/mozaikids}.
2024-07-17T21:52:05.045-0300 [DEBUG] [org.gradle.launcher.daemon.server.DefaultIncomingConnectionHandler] Starting executing command: Build{id=b7d612f9-355d-49b8-81ca-7ec035ebdf8a, currentDir=/home/adolfo/Proyectos_Android_Studio/mozaikids} with connection: socket connection from /127.0.0.1:35151 to /127.0.0.1:41590.
2024-07-17T21:52:05.046-0300 [ERROR] [org.gradle.launcher.daemon.server.DaemonStateCoordinator] Command execution: started DaemonCommandExecution[command = Build{id=b7d612f9-355d-49b8-81ca-7ec035ebdf8a, currentDir=/home/adolfo/Proyectos_Android_Studio/mozaikids}, connection = DefaultDaemonConnection: socket connection from /127.0.0.1:35151 to /127.0.0.1:41590] after 1.0 minutes of idle
2024-07-17T21:52:05.046-0300 [INFO] [org.gradle.launcher.daemon.server.DaemonRegistryUpdater] Marking the daemon as busy, address: [9abc85d2-919e-4571-9709-aae23b0b12f7 port:35151, addresses:[localhost/127.0.0.1]]
2024-07-17T21:52:05.046-0300 [DEBUG] [org.gradle.launcher.daemon.registry.PersistentDaemonRegistry] Marking busy by address: [9abc85d2-919e-4571-9709-aae23b0b12f7 port:35151, addresses:[localhost/127.0.0.1]]
2024-07-17T21:52:05.046-0300 [DEBUG] [org.gradle.cache.internal.DefaultFileLockManager] Waiting to acquire exclusive lock on daemon addresses registry.
2024-07-17T21:52:05.047-0300 [DEBUG] [org.gradle.cache.internal.DefaultFileLockManager] Lock acquired on daemon addresses registry.
2024-07-17T21:52:05.047-0300 [DEBUG] [org.gradle.cache.internal.DefaultFileLockManager] Releasing lock on daemon addresses registry.
2024-07-17T21:52:05.048-0300 [DEBUG] [org.gradle.launcher.daemon.server.DaemonStateCoordinator] resetting idle timer
2024-07-17T21:52:05.048-0300 [DEBUG] [org.gradle.launcher.daemon.server.DaemonStateCoordinator] daemon is running. Sleeping until state changes.
2024-07-17T21:52:05.048-0300 [INFO] [org.gradle.launcher.daemon.server.exec.StartBuildOrRespondWithBusy] Daemon is about to start building Build{id=b7d612f9-355d-49b8-81ca-7ec035ebdf8a, currentDir=/home/adolfo/Proyectos_Android_Studio/mozaikids}. Dispatching build started information...
2024-07-17T21:52:05.049-0300 [DEBUG] [org.gradle.launcher.daemon.server.SynchronizedDispatchConnection] thread 223: dispatching org.gradle.launcher.daemon.protocol.BuildStarted@8f41663
2024-07-17T21:52:05.049-0300 [DEBUG] [org.gradle.launcher.daemon.server.exec.EstablishBuildEnvironment] Configuring env variables: [PATH, INVOCATION_ID, XAUTHORITY, XMODIFIERS, GDMSESSION, XDG_DATA_DIRS, QT_IM_MODULE, XDG_CONFIG_DIRS, LANG, DBUS_SESSION_BUS_ADDRESS, XDG_SESSION_TYPE, XDG_CURRENT_DESKTOP, JOURNAL_STREAM, DISPLAY, WAYLAND_DISPLAY, USERNAME, SESSION_MANAGER, LOGNAME, PWD, MANAGERPID, IM_CONFIG_PHASE, _, XDG_SESSION_CLASS, LANGUAGE, GJS_DEBUG_TOPICS, SHELL, GIO_LAUNCHED_DESKTOP_FILE, DESKTOP_SESSION, USER, XDG_MENU_PREFIX, GIO_LAUNCHED_DESKTOP_FILE_PID, QT_ACCESSIBILITY, GJS_DEBUG_OUTPUT, GNOME_DESKTOP_SESSION_ID, GTK_MODULES, SSH_AUTH_SOCK, GNOME_SHELL_SESSION_MODE, SYSTEMD_EXEC_PID, XDG_RUNTIME_DIR, GNOME_SETUP_DISPLAY, XDG_SESSION_DESKTOP, SSH_AGENT_LAUNCHER, SHLVL, HOME]
2024-07-17T21:52:05.050-0300 [DEBUG] [org.gradle.launcher.daemon.server.SynchronizedDispatchConnection] thread 221: received class org.gradle.launcher.daemon.protocol.CloseInput
2024-07-17T21:52:05.050-0300 [DEBUG] [org.gradle.launcher.daemon.server.DefaultDaemonConnection] thread 221: Received IO message from client: org.gradle.launcher.daemon.protocol.CloseInput@213128f1
2024-07-17T21:52:05.050-0300 [DEBUG] [org.gradle.launcher.daemon.server.exec.LogToClient] About to start relaying all logs to the client via the connection.
2024-07-17T21:52:05.051-0300 [INFO] [org.gradle.launcher.daemon.server.exec.LogToClient] The client will now receive all logging from the daemon (pid: 3459). The daemon log file: /home/adolfo/Proyectos_Android_Studio/vaczine/daemon/6.7.1/daemon-3459.out.log
2024-07-17T21:52:05.052-0300 [INFO] [org.gradle.launcher.daemon.server.exec.LogAndCheckHealth] Starting 3rd build in daemon [uptime: 2 mins 57.766 secs, performance: 97%, GC rate: 0,06/s, heap usage: 5% of 1,0 GB]
2024-07-17T21:52:05.052-0300 [DEBUG] [org.gradle.launcher.daemon.server.exec.ExecuteBuild] The daemon has started executing the build.
2024-07-17T21:52:05.052-0300 [DEBUG] [org.gradle.launcher.daemon.server.exec.ExecuteBuild] Executing build with daemon context: DefaultDaemonContext[uid=2b84d9cb-00b5-4ae3-b1b0-a4fe86477286,javaHome=/usr/lib/jvm/java-8-openjdk-amd64,daemonRegistryDir=/home/adolfo/Proyectos_Android_Studio/vaczine/daemon,pid=3459,idleTimeout=10800000,priority=NORMAL,daemonOpts=-Xms128m,-Xmx1500m,-Dfile.encoding=UTF-8,-Duser.country=AR,-Duser.language=es,-Duser.variant]
2024-07-17T21:52:05.052-0300 [INFO] [org.gradle.launcher.daemon.server.exec.ForwardClientInput] Closing daemon's stdin at end of input.
2024-07-17T21:52:05.052-0300 [INFO] [org.gradle.launcher.daemon.server.exec.ForwardClientInput] The daemon will no longer process any standard input.
Warning: Mapping new ns http://schemas.android.com/repository/android/common/02 to old ns http://schemas.android.com/repository/android/common/01
Warning: Mapping new ns http://schemas.android.com/repository/android/generic/02 to old ns http://schemas.android.com/repository/android/generic/01
Warning: Mapping new ns http://schemas.android.com/sdk/android/repo/addon2/02 to old ns http://schemas.android.com/sdk/android/repo/addon2/01
Warning: Mapping new ns http://schemas.android.com/sdk/android/repo/addon2/03 to old ns http://schemas.android.com/sdk/android/repo/addon2/01
Warning: Mapping new ns http://schemas.android.com/sdk/android/repo/repository2/02 to old ns http://schemas.android.com/sdk/android/repo/repository2/01
Warning: Mapping new ns http://schemas.android.com/sdk/android/repo/repository2/03 to old ns http://schemas.android.com/sdk/android/repo/repository2/01
Warning: Mapping new ns http://schemas.android.com/sdk/android/repo/sys-img2/03 to old ns http://schemas.android.com/sdk/android/repo/sys-img2/01
Warning: Mapping new ns http://schemas.android.com/sdk/android/repo/sys-img2/02 to old ns http://schemas.android.com/sdk/android/repo/sys-img2/01
Warning: elemento inesperado (URI:"", local:"extension-level"). Los elementos esperados son <{}codename>,<{}layoutlib>,<{}api-level>
Warning: elemento inesperado (URI:"", local:"base-extension"). Los elementos esperados son <{}codename>,<{}layoutlib>,<{}api-level>
aapt2 W 07-17 21:52:07  4330  4330 LoadedArsc.cpp:682] Unknown chunk type '200'.

Note: /home/adolfo/Proyectos_Android_Studio/mozaikids/android/src/com/mkosk/AndroidLauncher.java uses or overrides a deprecated API.
Note: Recompile with -Xlint:deprecation for details.

BUILD SUCCESSFUL in 4s
33 actionable tasks: 9 executed, 24 up-to-date
2024-07-17T21:52:09.571-0300 [DEBUG] [org.gradle.launcher.daemon.server.exec.ExecuteBuild] The daemon has finished executing the build.
2024-07-17T21:52:09.579-0300 [DEBUG] [org.gradle.launcher.daemon.server.DaemonStateCoordinator] daemon is running. Sleeping until state changes.
2024-07-17T21:52:09.580-0300 [DEBUG] [org.gradle.launcher.daemon.server.DaemonStateCoordinator] Command execution: finished waiting for DaemonCommandExecution[command = Build{id=b7d612f9-355d-49b8-81ca-7ec035ebdf8a, currentDir=/home/adolfo/Proyectos_Android_Studio/mozaikids}, connection = DefaultDaemonConnection: socket connection from /127.0.0.1:35151 to /127.0.0.1:41590]. Result org.gradle.launcher.daemon.server.DaemonStateCoordinator@27d9ee2f with state Busy
2024-07-17T21:52:09.580-0300 [DEBUG] [org.gradle.launcher.daemon.server.DaemonStateCoordinator] Command execution: completed DaemonCommandExecution[command = Build{id=b7d612f9-355d-49b8-81ca-7ec035ebdf8a, currentDir=/home/adolfo/Proyectos_Android_Studio/mozaikids}, connection = DefaultDaemonConnection: socket connection from /127.0.0.1:35151 to /127.0.0.1:41590]
2024-07-17T21:52:09.580-0300 [DEBUG] [org.gradle.launcher.daemon.server.DaemonStateCoordinator] resetting idle timer
2024-07-17T21:52:09.580-0300 [INFO] [org.gradle.launcher.daemon.server.DaemonRegistryUpdater] Marking the daemon as idle, address: [9abc85d2-919e-4571-9709-aae23b0b12f7 port:35151, addresses:[localhost/127.0.0.1]]
2024-07-17T21:52:09.580-0300 [DEBUG] [org.gradle.launcher.daemon.registry.PersistentDaemonRegistry] Marking busy by address: [9abc85d2-919e-4571-9709-aae23b0b12f7 port:35151, addresses:[localhost/127.0.0.1]]
2024-07-17T21:52:09.581-0300 [DEBUG] [org.gradle.cache.internal.DefaultFileLockManager] Waiting to acquire exclusive lock on daemon addresses registry.
2024-07-17T21:52:09.581-0300 [DEBUG] [org.gradle.cache.internal.DefaultFileLockManager] Lock acquired on daemon addresses registry.
2024-07-17T21:52:09.582-0300 [DEBUG] [org.gradle.cache.internal.DefaultFileLockManager] Releasing lock on daemon addresses registry.
2024-07-17T21:52:09.582-0300 [DEBUG] [org.gradle.launcher.daemon.server.exec.ReturnResult] Daemon is dispatching the build result: Success[value=org.gradle.launcher.exec.BuildActionResult@127b5324]
2024-07-17T21:52:09.582-0300 [DEBUG] [org.gradle.launcher.daemon.server.DaemonStateCoordinator] daemon is running. Sleeping until state changes.
2024-07-17T21:52:09.582-0300 [DEBUG] [org.gradle.launcher.daemon.server.SynchronizedDispatchConnection] thread 220: dispatching Success[value=org.gradle.launcher.exec.BuildActionResult@127b5324]
2024-07-17T21:52:09.582-0300 [DEBUG] [org.gradle.launcher.daemon.server.DefaultIncomingConnectionHandler] Finishing executing command: Build{id=b7d612f9-355d-49b8-81ca-7ec035ebdf8a, currentDir=/home/adolfo/Proyectos_Android_Studio/mozaikids}
2024-07-17T21:52:09.583-0300 [DEBUG] [org.gradle.launcher.daemon.server.SynchronizedDispatchConnection] thread 221: received class org.gradle.launcher.daemon.protocol.Finished
2024-07-17T21:52:09.583-0300 [DEBUG] [org.gradle.launcher.daemon.server.DefaultDaemonConnection] thread 221: Received non-IO message from client: org.gradle.launcher.daemon.protocol.Finished@2ff6d2a7
2024-07-17T21:52:09.583-0300 [DEBUG] [org.gradle.launcher.daemon.server.DefaultIncomingConnectionHandler] Received finished message: org.gradle.launcher.daemon.protocol.Finished@2ff6d2a7
2024-07-17T21:52:09.583-0300 [DEBUG] [org.gradle.launcher.daemon.server.SynchronizedDispatchConnection] thread 220: stopping connection
2024-07-17T21:52:09.584-0300 [DEBUG] [org.gradle.internal.remote.internal.inet.SocketConnection] Discarding EOFException: java.io.EOFException
2024-07-17T21:52:09.584-0300 [DEBUG] [org.gradle.launcher.daemon.server.SynchronizedDispatchConnection] thread 221: received null
2024-07-17T21:52:09.584-0300 [DEBUG] [org.gradle.launcher.daemon.server.DefaultDaemonConnection] thread 221: Received end-of-input from client.
2024-07-17T21:52:09.584-0300 [DEBUG] [org.gradle.launcher.daemon.server.SynchronizedDispatchConnection] thread 220: stopping connection
2024-07-17T21:52:17.408-0300 [DEBUG] [org.gradle.cache.internal.DefaultFileLockManager] Waiting to acquire shared lock on daemon addresses registry.
2024-07-17T21:52:17.409-0300 [DEBUG] [org.gradle.cache.internal.DefaultFileLockManager] Lock acquired on daemon addresses registry.
2024-07-17T21:52:17.409-0300 [DEBUG] [org.gradle.cache.internal.DefaultFileLockManager] Releasing lock on daemon addresses registry.
2024-07-17T21:52:17.409-0300 [DEBUG] [org.gradle.cache.internal.DefaultFileLockManager] Waiting to acquire shared lock on daemon addresses registry.
2024-07-17T21:52:17.409-0300 [DEBUG] [org.gradle.cache.internal.DefaultFileLockManager] Lock acquired on daemon addresses registry.
2024-07-17T21:52:17.409-0300 [DEBUG] [org.gradle.cache.internal.DefaultFileLockManager] Releasing lock on daemon addresses registry.
2024-07-17T21:52:27.406-0300 [DEBUG] [org.gradle.cache.internal.DefaultFileLockManager] Waiting to acquire shared lock on daemon addresses registry.
2024-07-17T21:52:27.407-0300 [DEBUG] [org.gradle.cache.internal.DefaultFileLockManager] Lock acquired on daemon addresses registry.
2024-07-17T21:52:27.407-0300 [DEBUG] [org.gradle.cache.internal.DefaultFileLockManager] Releasing lock on daemon addresses registry.
2024-07-17T21:52:27.407-0300 [DEBUG] [org.gradle.cache.internal.DefaultFileLockManager] Waiting to acquire shared lock on daemon addresses registry.
2024-07-17T21:52:27.407-0300 [DEBUG] [org.gradle.cache.internal.DefaultFileLockManager] Lock acquired on daemon addresses registry.
2024-07-17T21:52:27.407-0300 [DEBUG] [org.gradle.cache.internal.DefaultFileLockManager] Releasing lock on daemon addresses registry.
2024-07-17T21:52:27.407-0300 [DEBUG] [org.gradle.cache.internal.DefaultFileLockManager] Waiting to acquire shared lock on daemon addresses registry.
2024-07-17T21:52:27.407-0300 [DEBUG] [org.gradle.cache.internal.DefaultFileLockManager] Lock acquired on daemon addresses registry.
2024-07-17T21:52:27.407-0300 [DEBUG] [org.gradle.cache.internal.DefaultFileLockManager] Releasing lock on daemon addresses registry.
2024-07-17T21:52:37.406-0300 [DEBUG] [org.gradle.cache.internal.DefaultFileLockManager] Waiting to acquire shared lock on daemon addresses registry.
2024-07-17T21:52:37.406-0300 [DEBUG] [org.gradle.cache.internal.DefaultFileLockManager] Lock acquired on daemon addresses registry.
2024-07-17T21:52:37.407-0300 [DEBUG] [org.gradle.cache.internal.DefaultFileLockManager] Releasing lock on daemon addresses registry.
2024-07-17T21:52:37.407-0300 [DEBUG] [org.gradle.cache.internal.DefaultFileLockManager] Waiting to acquire shared lock on daemon addresses registry.
2024-07-17T21:52:37.407-0300 [DEBUG] [org.gradle.cache.internal.DefaultFileLockManager] Lock acquired on daemon addresses registry.
2024-07-17T21:52:37.407-0300 [DEBUG] [org.gradle.cache.internal.DefaultFileLockManager] Releasing lock on daemon addresses registry.
2024-07-17T21:52:37.407-0300 [DEBUG] [org.gradle.cache.internal.DefaultFileLockManager] Waiting to acquire shared lock on daemon addresses registry.
2024-07-17T21:52:37.407-0300 [DEBUG] [org.gradle.cache.internal.DefaultFileLockManager] Lock acquired on daemon addresses registry.
2024-07-17T21:52:37.407-0300 [DEBUG] [org.gradle.cache.internal.DefaultFileLockManager] Releasing lock on daemon addresses registry.
2024-07-17T21:52:47.406-0300 [DEBUG] [org.gradle.cache.internal.DefaultFileLockManager] Waiting to acquire shared lock on daemon addresses registry.
2024-07-17T21:52:47.407-0300 [DEBUG] [org.gradle.cache.internal.DefaultFileLockManager] Lock acquired on daemon addresses registry.
2024-07-17T21:52:47.407-0300 [DEBUG] [org.gradle.cache.internal.DefaultFileLockManager] Releasing lock on daemon addresses registry.
2024-07-17T21:52:47.407-0300 [DEBUG] [org.gradle.cache.internal.DefaultFileLockManager] Waiting to acquire shared lock on daemon addresses registry.
2024-07-17T21:52:47.407-0300 [DEBUG] [org.gradle.cache.internal.DefaultFileLockManager] Lock acquired on daemon addresses registry.
2024-07-17T21:52:47.407-0300 [DEBUG] [org.gradle.cache.internal.DefaultFileLockManager] Releasing lock on daemon addresses registry.
2024-07-17T21:52:47.407-0300 [DEBUG] [org.gradle.cache.internal.DefaultFileLockManager] Waiting to acquire shared lock on daemon addresses registry.
2024-07-17T21:52:47.408-0300 [DEBUG] [org.gradle.cache.internal.DefaultFileLockManager] Lock acquired on daemon addresses registry.
2024-07-17T21:52:47.408-0300 [DEBUG] [org.gradle.cache.internal.DefaultFileLockManager] Releasing lock on daemon addresses registry.
2024-07-17T21:52:57.406-0300 [DEBUG] [org.gradle.cache.internal.DefaultFileLockManager] Waiting to acquire shared lock on daemon addresses registry.
2024-07-17T21:52:57.407-0300 [DEBUG] [org.gradle.cache.internal.DefaultFileLockManager] Lock acquired on daemon addresses registry.
2024-07-17T21:52:57.407-0300 [DEBUG] [org.gradle.cache.internal.DefaultFileLockManager] Releasing lock on daemon addresses registry.
2024-07-17T21:52:57.407-0300 [DEBUG] [org.gradle.cache.internal.DefaultFileLockManager] Waiting to acquire shared lock on daemon addresses registry.
2024-07-17T21:52:57.407-0300 [DEBUG] [org.gradle.cache.internal.DefaultFileLockManager] Lock acquired on daemon addresses registry.
2024-07-17T21:52:57.407-0300 [DEBUG] [org.gradle.cache.internal.DefaultFileLockManager] Releasing lock on daemon addresses registry.
2024-07-17T21:52:57.407-0300 [DEBUG] [org.gradle.cache.internal.DefaultFileLockManager] Waiting to acquire shared lock on daemon addresses registry.
2024-07-17T21:52:57.407-0300 [DEBUG] [org.gradle.cache.internal.DefaultFileLockManager] Lock acquired on daemon addresses registry.
2024-07-17T21:52:57.407-0300 [DEBUG] [org.gradle.cache.internal.DefaultFileLockManager] Releasing lock on daemon addresses registry.
2024-07-17T21:53:07.406-0300 [DEBUG] [org.gradle.cache.internal.DefaultFileLockManager] Waiting to acquire shared lock on daemon addresses registry.
2024-07-17T21:53:07.406-0300 [DEBUG] [org.gradle.cache.internal.DefaultFileLockManager] Lock acquired on daemon addresses registry.
2024-07-17T21:53:07.406-0300 [DEBUG] [org.gradle.cache.internal.DefaultFileLockManager] Releasing lock on daemon addresses registry.
2024-07-17T21:53:07.406-0300 [DEBUG] [org.gradle.cache.internal.DefaultFileLockManager] Waiting to acquire shared lock on daemon addresses registry.
2024-07-17T21:53:07.406-0300 [DEBUG] [org.gradle.cache.internal.DefaultFileLockManager] Lock acquired on daemon addresses registry.
2024-07-17T21:53:07.407-0300 [DEBUG] [org.gradle.cache.internal.DefaultFileLockManager] Releasing lock on daemon addresses registry.
2024-07-17T21:53:07.407-0300 [DEBUG] [org.gradle.cache.internal.DefaultFileLockManager] Waiting to acquire shared lock on daemon addresses registry.
2024-07-17T21:53:07.407-0300 [DEBUG] [org.gradle.cache.internal.DefaultFileLockManager] Lock acquired on daemon addresses registry.
2024-07-17T21:53:07.407-0300 [DEBUG] [org.gradle.cache.internal.DefaultFileLockManager] Releasing lock on daemon addresses registry.
2024-07-17T21:53:16.049-0300 [DEBUG] [org.gradle.internal.remote.internal.inet.TcpIncomingConnector] Accepted connection from /127.0.0.1:55156 to /127.0.0.1:35151.
2024-07-17T21:53:16.053-0300 [DEBUG] [org.gradle.launcher.daemon.server.SynchronizedDispatchConnection] thread 387: received class org.gradle.launcher.daemon.protocol.StopWhenIdle
2024-07-17T21:53:16.054-0300 [DEBUG] [org.gradle.launcher.daemon.server.DefaultDaemonConnection] thread 387: Received non-IO message from client: StopWhenIdle[id=f4c57b1d-7ed1-4592-bf09-c37b11268cd8]
2024-07-17T21:53:16.054-0300 [INFO] [org.gradle.launcher.daemon.server.DefaultIncomingConnectionHandler] Received command: StopWhenIdle[id=f4c57b1d-7ed1-4592-bf09-c37b11268cd8].
2024-07-17T21:53:16.054-0300 [DEBUG] [org.gradle.launcher.daemon.server.DefaultIncomingConnectionHandler] Starting executing command: StopWhenIdle[id=f4c57b1d-7ed1-4592-bf09-c37b11268cd8] with connection: socket connection from /127.0.0.1:35151 to /127.0.0.1:55156.
2024-07-17T21:53:16.054-0300 [DEBUG] [org.gradle.launcher.daemon.server.DaemonRegistryUpdater] Storing daemon stop event: stop command received
2024-07-17T21:53:16.056-0300 [DEBUG] [org.gradle.launcher.daemon.registry.PersistentDaemonRegistry] Storing daemon stop event with timestamp 1721263996055
2024-07-17T21:53:16.057-0300 [DEBUG] [org.gradle.cache.internal.DefaultFileLockManager] Waiting to acquire exclusive lock on daemon addresses registry.
2024-07-17T21:53:16.058-0300 [DEBUG] [org.gradle.cache.internal.DefaultFileLockManager] Lock acquired on daemon addresses registry.
2024-07-17T21:53:16.058-0300 [DEBUG] [org.gradle.cache.internal.DefaultFileLockManager] Releasing lock on daemon addresses registry.
2024-07-17T21:53:16.059-0300 [LIFECYCLE] [org.gradle.launcher.daemon.server.DaemonStateCoordinator] Daemon will be stopped at the end of the build stop command received
2024-07-17T21:53:16.059-0300 [DEBUG] [org.gradle.launcher.daemon.server.DaemonStateCoordinator] Marking daemon stopped due to stop command received. The daemon is running a build: false
2024-07-17T21:53:16.059-0300 [DEBUG] [org.gradle.launcher.daemon.server.SynchronizedDispatchConnection] thread 386: dispatching Success[value=null]
2024-07-17T21:53:16.059-0300 [DEBUG] [org.gradle.launcher.daemon.server.DaemonStateCoordinator] daemon has stopped.
2024-07-17T21:53:16.059-0300 [DEBUG] [org.gradle.launcher.daemon.server.Daemon] stop() called on daemon
2024-07-17T21:53:16.059-0300 [DEBUG] [org.gradle.launcher.daemon.server.DefaultIncomingConnectionHandler] Finishing executing command: StopWhenIdle[id=f4c57b1d-7ed1-4592-bf09-c37b11268cd8]
2024-07-17T21:53:16.059-0300 [INFO] [org.gradle.launcher.daemon.server.Daemon] Stop requested. Daemon is removing its presence from the registry...
2024-07-17T21:53:16.059-0300 [DEBUG] [org.gradle.launcher.daemon.server.DaemonRegistryUpdater] Removing our presence to clients, eg. removing this address from the registry: [9abc85d2-919e-4571-9709-aae23b0b12f7 port:35151, addresses:[localhost/127.0.0.1]]
2024-07-17T21:53:16.060-0300 [DEBUG] [org.gradle.launcher.daemon.registry.PersistentDaemonRegistry] Removing daemon address: [9abc85d2-919e-4571-9709-aae23b0b12f7 port:35151, addresses:[localhost/127.0.0.1]]
2024-07-17T21:53:16.060-0300 [DEBUG] [org.gradle.launcher.daemon.server.SynchronizedDispatchConnection] thread 387: received class org.gradle.launcher.daemon.protocol.Finished
2024-07-17T21:53:16.060-0300 [DEBUG] [org.gradle.launcher.daemon.server.DefaultDaemonConnection] thread 387: Received non-IO message from client: org.gradle.launcher.daemon.protocol.Finished@5354680c
2024-07-17T21:53:16.060-0300 [DEBUG] [org.gradle.launcher.daemon.server.DefaultIncomingConnectionHandler] Received finished message: org.gradle.launcher.daemon.protocol.Finished@5354680c
2024-07-17T21:53:16.060-0300 [DEBUG] [org.gradle.cache.internal.DefaultFileLockManager] Waiting to acquire exclusive lock on daemon addresses registry.
2024-07-17T21:53:16.060-0300 [DEBUG] [org.gradle.internal.remote.internal.inet.SocketConnection] Discarding EOFException: java.io.EOFException
2024-07-17T21:53:16.061-0300 [DEBUG] [org.gradle.launcher.daemon.server.SynchronizedDispatchConnection] thread 386: stopping connection
2024-07-17T21:53:16.061-0300 [DEBUG] [org.gradle.launcher.daemon.server.SynchronizedDispatchConnection] thread 387: received null
2024-07-17T21:53:16.061-0300 [DEBUG] [org.gradle.cache.internal.DefaultFileLockManager] Lock acquired on daemon addresses registry.
2024-07-17T21:53:16.061-0300 [DEBUG] [org.gradle.launcher.daemon.server.DefaultDaemonConnection] thread 387: Received end-of-input from client.
2024-07-17T21:53:16.062-0300 [DEBUG] [org.gradle.launcher.daemon.server.SynchronizedDispatchConnection] thread 386: stopping connection
2024-07-17T21:53:16.062-0300 [DEBUG] [org.gradle.cache.internal.DefaultFileLockManager] Releasing lock on daemon addresses registry.
2024-07-17T21:53:16.063-0300 [DEBUG] [org.gradle.launcher.daemon.server.DaemonRegistryUpdater] Address removed from registry.
2024-07-17T21:53:16.090-0300 [DEBUG] [org.gradle.cache.internal.LockOnDemandCrossProcessCacheAccess] Releasing file lock for jars (/home/adolfo/Proyectos_Android_Studio/vaczine/caches/jars-8)
2024-07-17T21:53:16.090-0300 [DEBUG] [org.gradle.cache.internal.DefaultFileLockManager] Releasing lock on jars (/home/adolfo/Proyectos_Android_Studio/vaczine/caches/jars-8).
2024-07-17T21:53:16.091-0300 [DEBUG] [org.gradle.cache.internal.DefaultPersistentDirectoryStore] jars (/home/adolfo/Proyectos_Android_Studio/vaczine/caches/jars-8) has last been fully cleaned up 2 hours ago
2024-07-17T21:53:16.092-0300 [DEBUG] [org.gradle.cache.internal.LockOnDemandCrossProcessCacheAccess] Releasing file lock for file content cache (/home/adolfo/Proyectos_Android_Studio/vaczine/caches/6.7.1/fileContent)
2024-07-17T21:53:16.092-0300 [DEBUG] [org.gradle.cache.internal.DefaultFileLockManager] Releasing lock on file content cache (/home/adolfo/Proyectos_Android_Studio/vaczine/caches/6.7.1/fileContent).
2024-07-17T21:53:16.093-0300 [DEBUG] [org.gradle.cache.internal.LockOnDemandCrossProcessCacheAccess] Releasing file lock for Java compile cache (/home/adolfo/Proyectos_Android_Studio/vaczine/caches/6.7.1/javaCompile)
2024-07-17T21:53:16.093-0300 [DEBUG] [org.gradle.cache.internal.btree.BTreePersistentIndexedCache] Closing cache jarAnalysis.bin (/home/adolfo/Proyectos_Android_Studio/vaczine/caches/6.7.1/javaCompile/jarAnalysis.bin)
2024-07-17T21:53:16.093-0300 [DEBUG] [org.gradle.cache.internal.DefaultFileLockManager] Releasing lock on Java compile cache (/home/adolfo/Proyectos_Android_Studio/vaczine/caches/6.7.1/javaCompile).
2024-07-17T21:53:16.095-0300 [DEBUG] [org.gradle.cache.internal.LockOnDemandCrossProcessCacheAccess] Releasing file lock for Artifact transforms cache (/home/adolfo/Proyectos_Android_Studio/vaczine/caches/transforms-2)
2024-07-17T21:53:16.095-0300 [DEBUG] [org.gradle.cache.internal.DefaultFileLockManager] Releasing lock on Artifact transforms cache (/home/adolfo/Proyectos_Android_Studio/vaczine/caches/transforms-2).
2024-07-17T21:53:16.096-0300 [DEBUG] [org.gradle.cache.internal.DefaultPersistentDirectoryStore] Artifact transforms cache (/home/adolfo/Proyectos_Android_Studio/vaczine/caches/transforms-2) has last been fully cleaned up 2 hours ago
2024-07-17T21:53:16.096-0300 [DEBUG] [org.gradle.cache.internal.LockOnDemandCrossProcessCacheAccess] Releasing file lock for artifact cache (/home/adolfo/Proyectos_Android_Studio/vaczine/caches/modules-2)
2024-07-17T21:53:16.097-0300 [DEBUG] [org.gradle.cache.internal.btree.BTreePersistentIndexedCache] Closing cache module-artifacts.bin (/home/adolfo/Proyectos_Android_Studio/vaczine/caches/modules-2/metadata-2.96/module-artifacts.bin)
2024-07-17T21:53:16.097-0300 [DEBUG] [org.gradle.cache.internal.btree.BTreePersistentIndexedCache] Closing cache module-metadata.bin (/home/adolfo/Proyectos_Android_Studio/vaczine/caches/modules-2/metadata-2.96/module-metadata.bin)
2024-07-17T21:53:16.097-0300 [DEBUG] [org.gradle.cache.internal.btree.BTreePersistentIndexedCache] Closing cache module-artifact.bin (/home/adolfo/Proyectos_Android_Studio/vaczine/caches/modules-2/metadata-2.96/module-artifact.bin)
2024-07-17T21:53:16.097-0300 [DEBUG] [org.gradle.cache.internal.btree.BTreePersistentIndexedCache] Closing cache resource-at-url.bin (/home/adolfo/Proyectos_Android_Studio/vaczine/caches/modules-2/metadata-2.96/resource-at-url.bin)
2024-07-17T21:53:16.097-0300 [DEBUG] [org.gradle.cache.internal.DefaultFileLockManager] Releasing lock on artifact cache (/home/adolfo/Proyectos_Android_Studio/vaczine/caches/modules-2).
2024-07-17T21:53:16.097-0300 [DEBUG] [org.gradle.cache.internal.DefaultPersistentDirectoryStore] artifact cache (/home/adolfo/Proyectos_Android_Studio/vaczine/caches/modules-2) has last been fully cleaned up 4 hours ago
2024-07-17T21:53:16.098-0300 [DEBUG] [org.gradle.cache.internal.DefaultCacheAccess] Cache Generated Gradle JARs cache (/home/adolfo/Proyectos_Android_Studio/vaczine/caches/6.7.1/generated-gradle-jars) was closed 0 times.
2024-07-17T21:53:16.098-0300 [DEBUG] [org.gradle.cache.internal.LockOnDemandCrossProcessCacheAccess] Releasing file lock for journal cache (/home/adolfo/Proyectos_Android_Studio/vaczine/caches/journal-1)
2024-07-17T21:53:16.098-0300 [DEBUG] [org.gradle.cache.internal.btree.BTreePersistentIndexedCache] Closing cache file-access.bin (/home/adolfo/Proyectos_Android_Studio/vaczine/caches/journal-1/file-access.bin)
2024-07-17T21:53:16.098-0300 [DEBUG] [org.gradle.cache.internal.DefaultFileLockManager] Releasing lock on journal cache (/home/adolfo/Proyectos_Android_Studio/vaczine/caches/journal-1).
2024-07-17T21:53:16.099-0300 [DEBUG] [org.gradle.cache.internal.LockOnDemandCrossProcessCacheAccess] Releasing file lock for file hash cache (/home/adolfo/Proyectos_Android_Studio/vaczine/caches/6.7.1/fileHashes)
2024-07-17T21:53:16.099-0300 [DEBUG] [org.gradle.cache.internal.btree.BTreePersistentIndexedCache] Closing cache fileHashes.bin (/home/adolfo/Proyectos_Android_Studio/vaczine/caches/6.7.1/fileHashes/fileHashes.bin)
2024-07-17T21:53:16.100-0300 [DEBUG] [org.gradle.cache.internal.btree.BTreePersistentIndexedCache] Closing cache resourceHashesCache.bin (/home/adolfo/Proyectos_Android_Studio/vaczine/caches/6.7.1/fileHashes/resourceHashesCache.bin)
2024-07-17T21:53:16.100-0300 [DEBUG] [org.gradle.cache.internal.DefaultFileLockManager] Releasing lock on file hash cache (/home/adolfo/Proyectos_Android_Studio/vaczine/caches/6.7.1/fileHashes).
2024-07-17T21:53:16.100-0300 [DEBUG] [org.gradle.cache.internal.LockOnDemandCrossProcessCacheAccess] Releasing file lock for execution history cache (/home/adolfo/Proyectos_Android_Studio/vaczine/caches/6.7.1/executionHistory)
2024-07-17T21:53:16.100-0300 [DEBUG] [org.gradle.cache.internal.btree.BTreePersistentIndexedCache] Closing cache executionHistory.bin (/home/adolfo/Proyectos_Android_Studio/vaczine/caches/6.7.1/executionHistory/executionHistory.bin)
2024-07-17T21:53:16.100-0300 [DEBUG] [org.gradle.cache.internal.DefaultFileLockManager] Releasing lock on execution history cache (/home/adolfo/Proyectos_Android_Studio/vaczine/caches/6.7.1/executionHistory).
Daemon vm is shutting down... The daemon has exited normally or was terminated in response to a user interrupt.
2024-07-17T21:53:16.102-0300 [DEBUG] [org.gradle.launcher.daemon.registry.PersistentDaemonRegistry] Removing daemon address: [9abc85d2-919e-4571-9709-aae23b0b12f7 port:35151, addresses:[localhost/127.0.0.1]]
2024-07-17T21:53:16.103-0300 [DEBUG] [org.gradle.cache.internal.DefaultFileLockManager] Waiting to acquire exclusive lock on daemon addresses registry.
2024-07-17T21:53:16.103-0300 [DEBUG] [org.gradle.cache.internal.DefaultFileLockManager] Lock acquired on daemon addresses registry.
2024-07-17T21:53:16.103-0300 [DEBUG] [org.gradle.cache.internal.DefaultFileLockManager] Releasing lock on daemon addresses registry.
