15:40:14.088 [DEBUG] [org.gradle.launcher.daemon.bootstrap.DaemonMain] Assuming the daemon was started with following jvm opts: [--add-opens, java.base/java.util=ALL-UNNAMED, --add-opens, java.base/java.lang=ALL-UNNAMED, --add-opens, java.base/java.lang.invoke=ALL-UNNAMED, --add-opens, java.prefs/java.util.prefs=ALL-UNNAMED, -Xms128m, -Xmx1500m, -Dfile.encoding=UTF-8, -Duser.country=AR, -Duser.language=es, -Duser.variant]
15:40:14.632 [INFO] [org.gradle.launcher.daemon.server.Daemon] start() called on daemon - DefaultDaemonContext[uid=16580420-76c4-4aab-9e8f-cbbfd23a9cc1,javaHome=/usr/lib/jvm/java-11-openjdk-amd64,daemonRegistryDir=/home/adolfo/Proyectos_Android/vaczine/daemon,pid=22095,idleTimeout=10800000,priority=NORMAL,daemonOpts=--add-opens,java.base/java.util=ALL-UNNAMED,--add-opens,java.base/java.lang=ALL-UNNAMED,--add-opens,java.base/java.lang.invoke=ALL-UNNAMED,--add-opens,java.prefs/java.util.prefs=ALL-UNNAMED,-Xms128m,-Xmx1500m,-Dfile.encoding=UTF-8,-Duser.country=AR,-Duser.language=es,-Duser.variant]
15:40:14.763 [DEBUG] [org.gradle.internal.remote.internal.inet.InetAddresses] Adding IP addresses for network interface enp3s0
15:40:14.764 [DEBUG] [org.gradle.internal.remote.internal.inet.InetAddresses] Is this a loopback interface? false
15:40:14.764 [DEBUG] [org.gradle.internal.remote.internal.inet.InetAddresses] Adding remote address /fe80:0:0:0:b93e:68b1:f07b:4be5%enp3s0
15:40:14.764 [DEBUG] [org.gradle.internal.remote.internal.inet.InetAddresses] Adding remote address /10.230.22.246
15:40:14.764 [DEBUG] [org.gradle.internal.remote.internal.inet.InetAddresses] Adding IP addresses for network interface lo
15:40:14.770 [DEBUG] [org.gradle.internal.remote.internal.inet.InetAddresses] Is this a loopback interface? true
15:40:14.770 [DEBUG] [org.gradle.internal.remote.internal.inet.InetAddresses] Adding loopback address /0:0:0:0:0:0:0:1%lo
15:40:14.770 [DEBUG] [org.gradle.internal.remote.internal.inet.InetAddresses] Adding loopback address /127.0.0.1
15:40:14.781 [DEBUG] [org.gradle.internal.remote.internal.inet.TcpIncomingConnector] Listening on [df57b614-2176-47e5-9ee5-40ddcd94332c port:43623, addresses:[/0:0:0:0:0:0:0:1%lo, /127.0.0.1]].
15:40:14.824 [DEBUG] [org.gradle.launcher.daemon.server.Daemon] Daemon starting at: Wed Nov 09 15:40:14 ART 2022, with address: [df57b614-2176-47e5-9ee5-40ddcd94332c port:43623, addresses:[/0:0:0:0:0:0:0:1%lo, /127.0.0.1]]
15:40:14.825 [INFO] [org.gradle.launcher.daemon.server.DaemonRegistryUpdater] Advertising the daemon address to the clients: [df57b614-2176-47e5-9ee5-40ddcd94332c port:43623, addresses:[/0:0:0:0:0:0:0:1%lo, /127.0.0.1]]
15:40:14.826 [DEBUG] [org.gradle.launcher.daemon.server.DaemonRegistryUpdater] Advertised daemon context: DefaultDaemonContext[uid=16580420-76c4-4aab-9e8f-cbbfd23a9cc1,javaHome=/usr/lib/jvm/java-11-openjdk-amd64,daemonRegistryDir=/home/adolfo/Proyectos_Android/vaczine/daemon,pid=22095,idleTimeout=10800000,priority=NORMAL,daemonOpts=--add-opens,java.base/java.util=ALL-UNNAMED,--add-opens,java.base/java.lang=ALL-UNNAMED,--add-opens,java.base/java.lang.invoke=ALL-UNNAMED,--add-opens,java.prefs/java.util.prefs=ALL-UNNAMED,-Xms128m,-Xmx1500m,-Dfile.encoding=UTF-8,-Duser.country=AR,-Duser.language=es,-Duser.variant]
15:40:14.827 [DEBUG] [org.gradle.launcher.daemon.registry.PersistentDaemonRegistry] Storing daemon address: [df57b614-2176-47e5-9ee5-40ddcd94332c port:43623, addresses:[/0:0:0:0:0:0:0:1%lo, /127.0.0.1]], context: DefaultDaemonContext[uid=16580420-76c4-4aab-9e8f-cbbfd23a9cc1,javaHome=/usr/lib/jvm/java-11-openjdk-amd64,daemonRegistryDir=/home/adolfo/Proyectos_Android/vaczine/daemon,pid=22095,idleTimeout=10800000,priority=NORMAL,daemonOpts=--add-opens,java.base/java.util=ALL-UNNAMED,--add-opens,java.base/java.lang=ALL-UNNAMED,--add-opens,java.base/java.lang.invoke=ALL-UNNAMED,--add-opens,java.prefs/java.util.prefs=ALL-UNNAMED,-Xms128m,-Xmx1500m,-Dfile.encoding=UTF-8,-Duser.country=AR,-Duser.language=es,-Duser.variant]
15:40:14.833 [DEBUG] [org.gradle.cache.internal.DefaultFileLockManager] Waiting to acquire exclusive lock on daemon addresses registry.
15:40:14.836 [DEBUG] [org.gradle.cache.internal.DefaultFileLockManager] Lock acquired on daemon addresses registry.
15:40:14.838 [DEBUG] [org.gradle.cache.internal.DefaultFileLockManager] Releasing lock on daemon addresses registry.
15:40:14.839 [LIFECYCLE] [org.gradle.launcher.daemon.server.Daemon] Daemon server started.
15:40:14.840 [DEBUG] [org.gradle.launcher.daemon.bootstrap.DaemonStartupCommunication] Completed writing the daemon greeting. Closing streams...
15:40:14.848 [DEBUG] [org.gradle.internal.remote.internal.inet.TcpIncomingConnector] Accepted connection from /0:0:0:0:0:0:0:1:41444 to /0:0:0:0:0:0:0:1:43623.
15:40:14.865 [DEBUG] [org.gradle.launcher.daemon.server.Daemon] stopOnExpiration() called on daemon
15:40:14.867 [DEBUG] [org.gradle.launcher.daemon.server.Daemon] awaitExpiration() called on daemon
15:40:14.868 [DEBUG] [org.gradle.launcher.daemon.server.DaemonStateCoordinator] daemon is running. Sleeping until state changes.
15:40:15.017 [DEBUG] [org.gradle.launcher.daemon.server.SynchronizedDispatchConnection] thread 18: received class org.gradle.launcher.daemon.protocol.Build
15:40:15.017 [DEBUG] [org.gradle.launcher.daemon.server.DefaultDaemonConnection] thread 18: Received non-IO message from client: Build{id=8c8bf897-6c7e-46e6-8569-47571f80fe0a, currentDir=/home/adolfo/Proyectos_Android/vaczine}
15:40:15.018 [INFO] [org.gradle.launcher.daemon.server.DefaultIncomingConnectionHandler] Received command: Build{id=8c8bf897-6c7e-46e6-8569-47571f80fe0a, currentDir=/home/adolfo/Proyectos_Android/vaczine}.
15:40:15.018 [DEBUG] [org.gradle.launcher.daemon.server.DefaultIncomingConnectionHandler] Starting executing command: Build{id=8c8bf897-6c7e-46e6-8569-47571f80fe0a, currentDir=/home/adolfo/Proyectos_Android/vaczine} with connection: socket connection from /0:0:0:0:0:0:0:1:43623 to /0:0:0:0:0:0:0:1:41444.
15:40:15.020 [ERROR] [org.gradle.launcher.daemon.server.DaemonStateCoordinator] Command execution: started DaemonCommandExecution[command = Build{id=8c8bf897-6c7e-46e6-8569-47571f80fe0a, currentDir=/home/adolfo/Proyectos_Android/vaczine}, connection = DefaultDaemonConnection: socket connection from /0:0:0:0:0:0:0:1:43623 to /0:0:0:0:0:0:0:1:41444] after 0.0 minutes of idle
15:40:15.021 [INFO] [org.gradle.launcher.daemon.server.DaemonRegistryUpdater] Marking the daemon as busy, address: [df57b614-2176-47e5-9ee5-40ddcd94332c port:43623, addresses:[/0:0:0:0:0:0:0:1%lo, /127.0.0.1]]
15:40:15.021 [DEBUG] [org.gradle.launcher.daemon.registry.PersistentDaemonRegistry] Marking busy by address: [df57b614-2176-47e5-9ee5-40ddcd94332c port:43623, addresses:[/0:0:0:0:0:0:0:1%lo, /127.0.0.1]]
15:40:15.025 [DEBUG] [org.gradle.cache.internal.DefaultFileLockManager] Waiting to acquire exclusive lock on daemon addresses registry.
15:40:15.025 [DEBUG] [org.gradle.cache.internal.DefaultFileLockManager] Lock acquired on daemon addresses registry.
15:40:15.026 [DEBUG] [org.gradle.cache.internal.DefaultFileLockManager] Releasing lock on daemon addresses registry.
15:40:15.027 [DEBUG] [org.gradle.launcher.daemon.server.DaemonStateCoordinator] resetting idle timer
15:40:15.027 [DEBUG] [org.gradle.launcher.daemon.server.DaemonStateCoordinator] daemon is running. Sleeping until state changes.
15:40:15.028 [INFO] [org.gradle.launcher.daemon.server.exec.StartBuildOrRespondWithBusy] Daemon is about to start building Build{id=8c8bf897-6c7e-46e6-8569-47571f80fe0a, currentDir=/home/adolfo/Proyectos_Android/vaczine}. Dispatching build started information...
15:40:15.028 [DEBUG] [org.gradle.launcher.daemon.server.SynchronizedDispatchConnection] thread 20: dispatching class org.gradle.launcher.daemon.protocol.BuildStarted
15:40:15.033 [DEBUG] [org.gradle.launcher.daemon.server.SynchronizedDispatchConnection] thread 18: received class org.gradle.launcher.daemon.protocol.CloseInput
15:40:15.033 [DEBUG] [org.gradle.launcher.daemon.server.DefaultDaemonConnection] thread 18: Received IO message from client: org.gradle.launcher.daemon.protocol.CloseInput@23073c16
15:40:15.035 [DEBUG] [org.gradle.launcher.daemon.server.exec.EstablishBuildEnvironment] Configuring env variables: {PATH=/usr/local/sbin:/usr/local/bin:/usr/sbin:/usr/bin:/sbin:/bin:/usr/games:/usr/local/games:/snap/bin, XAUTHORITY=/home/adolfo/.Xauthority, GDMSESSION=mate, XDG_DATA_DIRS=/usr/share/mate:/usr/local/share:/usr/share:/var/lib/snapd/desktop, COMPIZ_CONFIG_PROFILE=mate, XDG_CONFIG_DIRS=/etc/xdg/xdg-mate:/etc/xdg, LANG=es_AR.UTF-8, XDG_SEAT_PATH=/org/freedesktop/DisplayManager/Seat0, DBUS_SESSION_BUS_ADDRESS=unix:path=/run/user/1000/bus, XDG_SESSION_TYPE=x11, XDG_SESSION_ID=c2, XDG_CURRENT_DESKTOP=MATE, QT_AUTO_SCREEN_SCALE_FACTOR=0, DISPLAY=:0, SSH_AGENT_PID=1289, SESSION_MANAGER=local/adolfo-desktop:@/tmp/.ICE-unix/1161,unix/adolfo-desktop:/tmp/.ICE-unix/1161, LOGNAME=adolfo, PWD=/home/adolfo, XDG_SESSION_CLASS=user, LANGUAGE=es_AR:es, GDM_LANG=es_AR, SHELL=/bin/bash, QT_SCALE_FACTOR=1, UBUNTU_MENUPROXY=1, GIO_LAUNCHED_DESKTOP_FILE=/home/adolfo/.local/share/applications/mozo-made-4.desktop, XDG_GREETER_DATA_DIR=/var/lib/lightdm-data/adolfo, GPG_AGENT_INFO=/run/user/1000/gnupg/S.gpg-agent:0:1, DESKTOP_SESSION=mate, OLDPWD=/home/adolfo/Android/android-studio_202111122/bin, USER=adolfo, GIO_LAUNCHED_DESKTOP_FILE_PID=21244, QT_ACCESSIBILITY=1, GTK_MODULES=appmenu-gtk-module:gail:atk-bridge:canberra-gtk-module, SSH_AUTH_SOCK=/run/user/1000/keyring/ssh, XDG_SEAT=seat0, GTK_OVERLAY_SCROLLING=0, XDG_SESSION_PATH=/org/freedesktop/DisplayManager/Session0, MATE_DESKTOP_SESSION_ID=this-is-deprecated, QT_QPA_PLATFORMTHEME=gtk2, XDG_RUNTIME_DIR=/run/user/1000, XDG_VTNR=7, XDG_SESSION_DESKTOP=mate, SHLVL=0, HOME=/home/adolfo}
15:40:15.068 [DEBUG] [org.gradle.launcher.daemon.server.exec.LogToClient] About to start relaying all logs to the client via the connection.
15:40:15.068 [INFO] [org.gradle.launcher.daemon.server.exec.LogToClient] The client will now receive all logging from the daemon (pid: 22095). The daemon log file: /home/adolfo/Proyectos_Android/vaczine/daemon/5.4.1/daemon-22095.out.log
15:40:15.085 [INFO] [org.gradle.launcher.daemon.server.exec.LogAndCheckHealth] Starting build in new daemon [memory: 1,6 GB]
15:40:15.090 [INFO] [org.gradle.launcher.daemon.server.exec.ForwardClientInput] Closing daemon's stdin at end of input.
15:40:15.091 [INFO] [org.gradle.launcher.daemon.server.exec.ForwardClientInput] The daemon will no longer process any standard input.
15:40:15.097 [DEBUG] [org.gradle.launcher.daemon.server.exec.ExecuteBuild] The daemon has started executing the build.
15:40:15.098 [DEBUG] [org.gradle.launcher.daemon.server.exec.ExecuteBuild] Executing build with daemon context: DefaultDaemonContext[uid=16580420-76c4-4aab-9e8f-cbbfd23a9cc1,javaHome=/usr/lib/jvm/java-11-openjdk-amd64,daemonRegistryDir=/home/adolfo/Proyectos_Android/vaczine/daemon,pid=22095,idleTimeout=10800000,priority=NORMAL,daemonOpts=--add-opens,java.base/java.util=ALL-UNNAMED,--add-opens,java.base/java.lang=ALL-UNNAMED,--add-opens,java.base/java.lang.invoke=ALL-UNNAMED,--add-opens,java.prefs/java.util.prefs=ALL-UNNAMED,-Xms128m,-Xmx1500m,-Dfile.encoding=UTF-8,-Duser.country=AR,-Duser.language=es,-Duser.variant]

BUILD SUCCESSFUL in 41s
15:40:37.436 [DEBUG] [org.gradle.launcher.daemon.server.exec.ExecuteBuild] The daemon has finished executing the build.
15:40:37.448 [DEBUG] [org.gradle.launcher.daemon.server.DaemonStateCoordinator] daemon is running. Sleeping until state changes.
15:40:37.449 [DEBUG] [org.gradle.launcher.daemon.server.DaemonStateCoordinator] Command execution: finished waiting for DaemonCommandExecution[command = Build{id=8c8bf897-6c7e-46e6-8569-47571f80fe0a, currentDir=/home/adolfo/Proyectos_Android/vaczine}, connection = DefaultDaemonConnection: socket connection from /0:0:0:0:0:0:0:1:43623 to /0:0:0:0:0:0:0:1:41444]. Result org.gradle.launcher.daemon.server.DaemonStateCoordinator@60dbdcc8 with state Busy
15:40:37.449 [DEBUG] [org.gradle.launcher.daemon.server.DaemonStateCoordinator] Command execution: completed DaemonCommandExecution[command = Build{id=8c8bf897-6c7e-46e6-8569-47571f80fe0a, currentDir=/home/adolfo/Proyectos_Android/vaczine}, connection = DefaultDaemonConnection: socket connection from /0:0:0:0:0:0:0:1:43623 to /0:0:0:0:0:0:0:1:41444]
15:40:37.449 [DEBUG] [org.gradle.launcher.daemon.server.DaemonStateCoordinator] resetting idle timer
15:40:37.449 [INFO] [org.gradle.launcher.daemon.server.DaemonRegistryUpdater] Marking the daemon as idle, address: [df57b614-2176-47e5-9ee5-40ddcd94332c port:43623, addresses:[/0:0:0:0:0:0:0:1%lo, /127.0.0.1]]
15:40:37.450 [DEBUG] [org.gradle.launcher.daemon.registry.PersistentDaemonRegistry] Marking busy by address: [df57b614-2176-47e5-9ee5-40ddcd94332c port:43623, addresses:[/0:0:0:0:0:0:0:1%lo, /127.0.0.1]]
15:40:37.450 [DEBUG] [org.gradle.cache.internal.DefaultFileLockManager] Waiting to acquire exclusive lock on daemon addresses registry.
15:40:37.450 [DEBUG] [org.gradle.cache.internal.DefaultFileLockManager] Lock acquired on daemon addresses registry.
15:40:37.451 [DEBUG] [org.gradle.cache.internal.DefaultFileLockManager] Releasing lock on daemon addresses registry.
15:40:37.451 [DEBUG] [org.gradle.launcher.daemon.server.DaemonStateCoordinator] daemon is running. Sleeping until state changes.
15:40:37.451 [DEBUG] [org.gradle.launcher.daemon.server.exec.ReturnResult] Daemon is dispatching the build result: Success[value=org.gradle.launcher.exec.BuildActionResult@4b2e35e6]
15:40:37.451 [DEBUG] [org.gradle.launcher.daemon.server.SynchronizedDispatchConnection] thread 17: dispatching class org.gradle.launcher.daemon.protocol.Success
15:40:37.452 [DEBUG] [org.gradle.launcher.daemon.server.DefaultIncomingConnectionHandler] Finishing executing command: Build{id=8c8bf897-6c7e-46e6-8569-47571f80fe0a, currentDir=/home/adolfo/Proyectos_Android/vaczine}
15:40:37.454 [DEBUG] [org.gradle.launcher.daemon.server.SynchronizedDispatchConnection] thread 18: received class org.gradle.launcher.daemon.protocol.Finished
15:40:37.454 [DEBUG] [org.gradle.launcher.daemon.server.DefaultDaemonConnection] thread 18: Received non-IO message from client: org.gradle.launcher.daemon.protocol.Finished@6d5e200e
15:40:37.455 [DEBUG] [org.gradle.internal.remote.internal.inet.SocketConnection] Discarding EOFException: java.io.EOFException
15:40:37.455 [DEBUG] [org.gradle.launcher.daemon.server.SynchronizedDispatchConnection] thread 18: received null
15:40:37.455 [DEBUG] [org.gradle.launcher.daemon.server.DefaultDaemonConnection] thread 18: Received end-of-input from client.
15:40:37.457 [DEBUG] [org.gradle.launcher.daemon.server.DefaultIncomingConnectionHandler] Received finished message: null
15:40:37.458 [DEBUG] [org.gradle.launcher.daemon.server.SynchronizedDispatchConnection] thread 17: stopping connection
15:40:37.465 [DEBUG] [org.gradle.launcher.daemon.server.SynchronizedDispatchConnection] thread 17: stopping connection
15:40:38.451 [DEBUG] [org.gradle.process.internal.health.memory.MemoryManager] Emitting OS memory status event {Total: 4059156480, Free: 519372800}
15:40:38.451 [DEBUG] [org.gradle.launcher.daemon.server.health.LowMemoryDaemonExpirationStrategy] Received memory status update: {Total: 4059156480, Free: 519372800}
15:40:38.452 [DEBUG] [org.gradle.process.internal.health.memory.MemoryManager] Emitting JVM memory status event {Maximum: 1572864000, Committed: 163577856}
15:40:43.452 [DEBUG] [org.gradle.process.internal.health.memory.MemoryManager] Emitting OS memory status event {Total: 4059156480, Free: 520065024}
15:40:43.453 [DEBUG] [org.gradle.launcher.daemon.server.health.LowMemoryDaemonExpirationStrategy] Received memory status update: {Total: 4059156480, Free: 520065024}
15:40:43.454 [DEBUG] [org.gradle.process.internal.health.memory.MemoryManager] Emitting JVM memory status event {Maximum: 1572864000, Committed: 163577856}
15:40:44.867 [DEBUG] [org.gradle.launcher.daemon.server.Daemon] DaemonExpirationPeriodicCheck running
15:40:44.869 [DEBUG] [org.gradle.cache.internal.DefaultFileLockManager] Waiting to acquire shared lock on daemon addresses registry.
15:40:44.869 [DEBUG] [org.gradle.cache.internal.DefaultFileLockManager] Lock acquired on daemon addresses registry.
15:40:44.870 [DEBUG] [org.gradle.cache.internal.DefaultFileLockManager] Releasing lock on daemon addresses registry.
15:40:44.871 [DEBUG] [org.gradle.cache.internal.DefaultFileLockManager] Waiting to acquire shared lock on daemon addresses registry.
15:40:44.872 [DEBUG] [org.gradle.cache.internal.DefaultFileLockManager] Lock acquired on daemon addresses registry.
15:40:44.873 [DEBUG] [org.gradle.cache.internal.DefaultFileLockManager] Releasing lock on daemon addresses registry.
15:40:48.452 [DEBUG] [org.gradle.process.internal.health.memory.MemoryManager] Emitting OS memory status event {Total: 4059156480, Free: 516284416}
15:40:48.452 [DEBUG] [org.gradle.launcher.daemon.server.health.LowMemoryDaemonExpirationStrategy] Received memory status update: {Total: 4059156480, Free: 516284416}
15:40:48.453 [DEBUG] [org.gradle.process.internal.health.memory.MemoryManager] Emitting JVM memory status event {Maximum: 1572864000, Committed: 163577856}
15:40:53.452 [DEBUG] [org.gradle.process.internal.health.memory.MemoryManager] Emitting OS memory status event {Total: 4059156480, Free: 510226432}
15:40:53.453 [DEBUG] [org.gradle.launcher.daemon.server.health.LowMemoryDaemonExpirationStrategy] Received memory status update: {Total: 4059156480, Free: 510226432}
15:40:53.453 [DEBUG] [org.gradle.process.internal.health.memory.MemoryManager] Emitting JVM memory status event {Maximum: 1572864000, Committed: 163577856}
15:40:54.866 [DEBUG] [org.gradle.launcher.daemon.server.Daemon] DaemonExpirationPeriodicCheck running
15:40:54.867 [DEBUG] [org.gradle.cache.internal.DefaultFileLockManager] Waiting to acquire shared lock on daemon addresses registry.
15:40:54.868 [DEBUG] [org.gradle.cache.internal.DefaultFileLockManager] Lock acquired on daemon addresses registry.
15:40:54.868 [DEBUG] [org.gradle.cache.internal.DefaultFileLockManager] Releasing lock on daemon addresses registry.
15:40:54.869 [DEBUG] [org.gradle.cache.internal.DefaultFileLockManager] Waiting to acquire shared lock on daemon addresses registry.
15:40:54.870 [DEBUG] [org.gradle.cache.internal.DefaultFileLockManager] Lock acquired on daemon addresses registry.
15:40:54.870 [DEBUG] [org.gradle.cache.internal.DefaultFileLockManager] Releasing lock on daemon addresses registry.
15:40:54.871 [DEBUG] [org.gradle.cache.internal.DefaultFileLockManager] Waiting to acquire shared lock on daemon addresses registry.
15:40:54.871 [DEBUG] [org.gradle.cache.internal.DefaultFileLockManager] Lock acquired on daemon addresses registry.
15:40:54.872 [DEBUG] [org.gradle.cache.internal.DefaultFileLockManager] Releasing lock on daemon addresses registry.
15:40:58.451 [DEBUG] [org.gradle.process.internal.health.memory.MemoryManager] Emitting OS memory status event {Total: 4059156480, Free: 511430656}
15:40:58.452 [DEBUG] [org.gradle.launcher.daemon.server.health.LowMemoryDaemonExpirationStrategy] Received memory status update: {Total: 4059156480, Free: 511430656}
15:40:58.453 [DEBUG] [org.gradle.process.internal.health.memory.MemoryManager] Emitting JVM memory status event {Maximum: 1572864000, Committed: 163577856}
15:41:03.452 [DEBUG] [org.gradle.process.internal.health.memory.MemoryManager] Emitting OS memory status event {Total: 4059156480, Free: 510689280}
15:41:03.453 [DEBUG] [org.gradle.launcher.daemon.server.health.LowMemoryDaemonExpirationStrategy] Received memory status update: {Total: 4059156480, Free: 510689280}
15:41:03.453 [DEBUG] [org.gradle.process.internal.health.memory.MemoryManager] Emitting JVM memory status event {Maximum: 1572864000, Committed: 163577856}
15:41:04.866 [DEBUG] [org.gradle.launcher.daemon.server.Daemon] DaemonExpirationPeriodicCheck running
15:41:04.868 [DEBUG] [org.gradle.cache.internal.DefaultFileLockManager] Waiting to acquire shared lock on daemon addresses registry.
15:41:04.868 [DEBUG] [org.gradle.cache.internal.DefaultFileLockManager] Lock acquired on daemon addresses registry.
15:41:04.869 [DEBUG] [org.gradle.cache.internal.DefaultFileLockManager] Releasing lock on daemon addresses registry.
15:41:04.869 [DEBUG] [org.gradle.cache.internal.DefaultFileLockManager] Waiting to acquire shared lock on daemon addresses registry.
15:41:04.870 [DEBUG] [org.gradle.cache.internal.DefaultFileLockManager] Lock acquired on daemon addresses registry.
15:41:04.870 [DEBUG] [org.gradle.cache.internal.DefaultFileLockManager] Releasing lock on daemon addresses registry.
15:41:04.870 [DEBUG] [org.gradle.cache.internal.DefaultFileLockManager] Waiting to acquire shared lock on daemon addresses registry.
15:41:04.871 [DEBUG] [org.gradle.cache.internal.DefaultFileLockManager] Lock acquired on daemon addresses registry.
15:41:04.871 [DEBUG] [org.gradle.cache.internal.DefaultFileLockManager] Releasing lock on daemon addresses registry.
15:41:08.452 [DEBUG] [org.gradle.process.internal.health.memory.MemoryManager] Emitting OS memory status event {Total: 4059156480, Free: 511991808}
15:41:08.453 [DEBUG] [org.gradle.launcher.daemon.server.health.LowMemoryDaemonExpirationStrategy] Received memory status update: {Total: 4059156480, Free: 511991808}
15:41:08.455 [DEBUG] [org.gradle.process.internal.health.memory.MemoryManager] Emitting JVM memory status event {Maximum: 1572864000, Committed: 163577856}
15:41:13.452 [DEBUG] [org.gradle.process.internal.health.memory.MemoryManager] Emitting OS memory status event {Total: 4059156480, Free: 511926272}
15:41:13.452 [DEBUG] [org.gradle.launcher.daemon.server.health.LowMemoryDaemonExpirationStrategy] Received memory status update: {Total: 4059156480, Free: 511926272}
15:41:13.452 [DEBUG] [org.gradle.process.internal.health.memory.MemoryManager] Emitting JVM memory status event {Maximum: 1572864000, Committed: 163577856}
15:41:14.867 [DEBUG] [org.gradle.launcher.daemon.server.Daemon] DaemonExpirationPeriodicCheck running
15:41:14.868 [DEBUG] [org.gradle.cache.internal.DefaultFileLockManager] Waiting to acquire shared lock on daemon addresses registry.
15:41:14.868 [DEBUG] [org.gradle.cache.internal.DefaultFileLockManager] Lock acquired on daemon addresses registry.
15:41:14.869 [DEBUG] [org.gradle.cache.internal.DefaultFileLockManager] Releasing lock on daemon addresses registry.
15:41:14.870 [DEBUG] [org.gradle.cache.internal.DefaultFileLockManager] Waiting to acquire shared lock on daemon addresses registry.
15:41:14.870 [DEBUG] [org.gradle.cache.internal.DefaultFileLockManager] Lock acquired on daemon addresses registry.
15:41:14.871 [DEBUG] [org.gradle.cache.internal.DefaultFileLockManager] Releasing lock on daemon addresses registry.
15:41:14.872 [DEBUG] [org.gradle.cache.internal.DefaultFileLockManager] Waiting to acquire shared lock on daemon addresses registry.
15:41:14.873 [DEBUG] [org.gradle.cache.internal.DefaultFileLockManager] Lock acquired on daemon addresses registry.
15:41:14.873 [DEBUG] [org.gradle.cache.internal.DefaultFileLockManager] Releasing lock on daemon addresses registry.
15:41:18.452 [DEBUG] [org.gradle.process.internal.health.memory.MemoryManager] Emitting OS memory status event {Total: 4059156480, Free: 514801664}
15:41:18.452 [DEBUG] [org.gradle.launcher.daemon.server.health.LowMemoryDaemonExpirationStrategy] Received memory status update: {Total: 4059156480, Free: 514801664}
15:41:18.453 [DEBUG] [org.gradle.process.internal.health.memory.MemoryManager] Emitting JVM memory status event {Maximum: 1572864000, Committed: 163577856}
15:41:23.452 [DEBUG] [org.gradle.process.internal.health.memory.MemoryManager] Emitting OS memory status event {Total: 4059156480, Free: 522047488}
15:41:23.452 [DEBUG] [org.gradle.launcher.daemon.server.health.LowMemoryDaemonExpirationStrategy] Received memory status update: {Total: 4059156480, Free: 522047488}
15:41:23.453 [DEBUG] [org.gradle.process.internal.health.memory.MemoryManager] Emitting JVM memory status event {Maximum: 1572864000, Committed: 163577856}
15:41:24.867 [DEBUG] [org.gradle.launcher.daemon.server.Daemon] DaemonExpirationPeriodicCheck running
15:41:24.868 [DEBUG] [org.gradle.cache.internal.DefaultFileLockManager] Waiting to acquire shared lock on daemon addresses registry.
15:41:24.868 [DEBUG] [org.gradle.cache.internal.DefaultFileLockManager] Lock acquired on daemon addresses registry.
15:41:24.869 [DEBUG] [org.gradle.cache.internal.DefaultFileLockManager] Releasing lock on daemon addresses registry.
15:41:24.870 [DEBUG] [org.gradle.cache.internal.DefaultFileLockManager] Waiting to acquire shared lock on daemon addresses registry.
15:41:24.870 [DEBUG] [org.gradle.cache.internal.DefaultFileLockManager] Lock acquired on daemon addresses registry.
15:41:24.871 [DEBUG] [org.gradle.cache.internal.DefaultFileLockManager] Releasing lock on daemon addresses registry.
15:41:24.871 [DEBUG] [org.gradle.cache.internal.DefaultFileLockManager] Waiting to acquire shared lock on daemon addresses registry.
15:41:24.871 [DEBUG] [org.gradle.cache.internal.DefaultFileLockManager] Lock acquired on daemon addresses registry.
15:41:24.872 [DEBUG] [org.gradle.cache.internal.DefaultFileLockManager] Releasing lock on daemon addresses registry.
15:41:28.452 [DEBUG] [org.gradle.process.internal.health.memory.MemoryManager] Emitting OS memory status event {Total: 4059156480, Free: 519737344}
15:41:28.452 [DEBUG] [org.gradle.launcher.daemon.server.health.LowMemoryDaemonExpirationStrategy] Received memory status update: {Total: 4059156480, Free: 519737344}
15:41:28.452 [DEBUG] [org.gradle.process.internal.health.memory.MemoryManager] Emitting JVM memory status event {Maximum: 1572864000, Committed: 163577856}
15:41:33.451 [DEBUG] [org.gradle.process.internal.health.memory.MemoryManager] Emitting OS memory status event {Total: 4059156480, Free: 523358208}
15:41:33.452 [DEBUG] [org.gradle.launcher.daemon.server.health.LowMemoryDaemonExpirationStrategy] Received memory status update: {Total: 4059156480, Free: 523358208}
15:41:33.452 [DEBUG] [org.gradle.process.internal.health.memory.MemoryManager] Emitting JVM memory status event {Maximum: 1572864000, Committed: 163577856}
15:41:34.867 [DEBUG] [org.gradle.launcher.daemon.server.Daemon] DaemonExpirationPeriodicCheck running
15:41:34.867 [DEBUG] [org.gradle.cache.internal.DefaultFileLockManager] Waiting to acquire shared lock on daemon addresses registry.
15:41:34.868 [DEBUG] [org.gradle.cache.internal.DefaultFileLockManager] Lock acquired on daemon addresses registry.
15:41:34.868 [DEBUG] [org.gradle.cache.internal.DefaultFileLockManager] Releasing lock on daemon addresses registry.
15:41:34.869 [DEBUG] [org.gradle.cache.internal.DefaultFileLockManager] Waiting to acquire shared lock on daemon addresses registry.
15:41:34.870 [DEBUG] [org.gradle.cache.internal.DefaultFileLockManager] Lock acquired on daemon addresses registry.
15:41:34.870 [DEBUG] [org.gradle.cache.internal.DefaultFileLockManager] Releasing lock on daemon addresses registry.
15:41:34.871 [DEBUG] [org.gradle.cache.internal.DefaultFileLockManager] Waiting to acquire shared lock on daemon addresses registry.
15:41:34.871 [DEBUG] [org.gradle.cache.internal.DefaultFileLockManager] Lock acquired on daemon addresses registry.
15:41:34.872 [DEBUG] [org.gradle.cache.internal.DefaultFileLockManager] Releasing lock on daemon addresses registry.
15:41:38.452 [DEBUG] [org.gradle.process.internal.health.memory.MemoryManager] Emitting OS memory status event {Total: 4059156480, Free: 520359936}
15:41:38.452 [DEBUG] [org.gradle.launcher.daemon.server.health.LowMemoryDaemonExpirationStrategy] Received memory status update: {Total: 4059156480, Free: 520359936}
15:41:38.453 [DEBUG] [org.gradle.process.internal.health.memory.MemoryManager] Emitting JVM memory status event {Maximum: 1572864000, Committed: 163577856}
15:41:43.451 [DEBUG] [org.gradle.process.internal.health.memory.MemoryManager] Emitting OS memory status event {Total: 4059156480, Free: 528375808}
15:41:43.451 [DEBUG] [org.gradle.launcher.daemon.server.health.LowMemoryDaemonExpirationStrategy] Received memory status update: {Total: 4059156480, Free: 528375808}
15:41:43.451 [DEBUG] [org.gradle.process.internal.health.memory.MemoryManager] Emitting JVM memory status event {Maximum: 1572864000, Committed: 163577856}
15:41:44.867 [DEBUG] [org.gradle.launcher.daemon.server.Daemon] DaemonExpirationPeriodicCheck running
15:41:44.868 [DEBUG] [org.gradle.cache.internal.DefaultFileLockManager] Waiting to acquire shared lock on daemon addresses registry.
15:41:44.869 [DEBUG] [org.gradle.cache.internal.DefaultFileLockManager] Lock acquired on daemon addresses registry.
15:41:44.869 [DEBUG] [org.gradle.cache.internal.DefaultFileLockManager] Releasing lock on daemon addresses registry.
15:41:44.870 [DEBUG] [org.gradle.cache.internal.DefaultFileLockManager] Waiting to acquire shared lock on daemon addresses registry.
15:41:44.871 [DEBUG] [org.gradle.cache.internal.DefaultFileLockManager] Lock acquired on daemon addresses registry.
15:41:44.871 [DEBUG] [org.gradle.cache.internal.DefaultFileLockManager] Releasing lock on daemon addresses registry.
15:41:44.872 [DEBUG] [org.gradle.cache.internal.DefaultFileLockManager] Waiting to acquire shared lock on daemon addresses registry.
15:41:44.873 [DEBUG] [org.gradle.cache.internal.DefaultFileLockManager] Lock acquired on daemon addresses registry.
15:41:44.873 [DEBUG] [org.gradle.cache.internal.DefaultFileLockManager] Releasing lock on daemon addresses registry.
15:41:48.452 [DEBUG] [org.gradle.process.internal.health.memory.MemoryManager] Emitting OS memory status event {Total: 4059156480, Free: 526893056}
15:41:48.453 [DEBUG] [org.gradle.launcher.daemon.server.health.LowMemoryDaemonExpirationStrategy] Received memory status update: {Total: 4059156480, Free: 526893056}
15:41:48.453 [DEBUG] [org.gradle.process.internal.health.memory.MemoryManager] Emitting JVM memory status event {Maximum: 1572864000, Committed: 163577856}
15:41:53.452 [DEBUG] [org.gradle.process.internal.health.memory.MemoryManager] Emitting OS memory status event {Total: 4059156480, Free: 480325632}
15:41:53.453 [DEBUG] [org.gradle.launcher.daemon.server.health.LowMemoryDaemonExpirationStrategy] Received memory status update: {Total: 4059156480, Free: 480325632}
15:41:53.453 [DEBUG] [org.gradle.process.internal.health.memory.MemoryManager] Emitting JVM memory status event {Maximum: 1572864000, Committed: 163577856}
15:41:54.867 [DEBUG] [org.gradle.launcher.daemon.server.Daemon] DaemonExpirationPeriodicCheck running
15:41:54.868 [DEBUG] [org.gradle.cache.internal.DefaultFileLockManager] Waiting to acquire shared lock on daemon addresses registry.
15:41:54.868 [DEBUG] [org.gradle.cache.internal.DefaultFileLockManager] Lock acquired on daemon addresses registry.
15:41:54.869 [DEBUG] [org.gradle.cache.internal.DefaultFileLockManager] Releasing lock on daemon addresses registry.
15:41:54.870 [DEBUG] [org.gradle.cache.internal.DefaultFileLockManager] Waiting to acquire shared lock on daemon addresses registry.
15:41:54.870 [DEBUG] [org.gradle.cache.internal.DefaultFileLockManager] Lock acquired on daemon addresses registry.
15:41:54.870 [DEBUG] [org.gradle.cache.internal.DefaultFileLockManager] Releasing lock on daemon addresses registry.
15:41:54.871 [DEBUG] [org.gradle.cache.internal.DefaultFileLockManager] Waiting to acquire shared lock on daemon addresses registry.
15:41:54.872 [DEBUG] [org.gradle.cache.internal.DefaultFileLockManager] Lock acquired on daemon addresses registry.
15:41:54.872 [DEBUG] [org.gradle.cache.internal.DefaultFileLockManager] Releasing lock on daemon addresses registry.
15:41:58.452 [DEBUG] [org.gradle.process.internal.health.memory.MemoryManager] Emitting OS memory status event {Total: 4059156480, Free: 482656256}
15:41:58.452 [DEBUG] [org.gradle.launcher.daemon.server.health.LowMemoryDaemonExpirationStrategy] Received memory status update: {Total: 4059156480, Free: 482656256}
15:41:58.452 [DEBUG] [org.gradle.process.internal.health.memory.MemoryManager] Emitting JVM memory status event {Maximum: 1572864000, Committed: 163577856}
15:42:03.451 [DEBUG] [org.gradle.process.internal.health.memory.MemoryManager] Emitting OS memory status event {Total: 4059156480, Free: 483905536}
15:42:03.452 [DEBUG] [org.gradle.launcher.daemon.server.health.LowMemoryDaemonExpirationStrategy] Received memory status update: {Total: 4059156480, Free: 483905536}
15:42:03.452 [DEBUG] [org.gradle.process.internal.health.memory.MemoryManager] Emitting JVM memory status event {Maximum: 1572864000, Committed: 163577856}
15:42:04.867 [DEBUG] [org.gradle.launcher.daemon.server.Daemon] DaemonExpirationPeriodicCheck running
15:42:04.867 [DEBUG] [org.gradle.cache.internal.DefaultFileLockManager] Waiting to acquire shared lock on daemon addresses registry.
15:42:04.868 [DEBUG] [org.gradle.cache.internal.DefaultFileLockManager] Lock acquired on daemon addresses registry.
15:42:04.869 [DEBUG] [org.gradle.cache.internal.DefaultFileLockManager] Releasing lock on daemon addresses registry.
15:42:04.870 [DEBUG] [org.gradle.cache.internal.DefaultFileLockManager] Waiting to acquire shared lock on daemon addresses registry.
15:42:04.870 [DEBUG] [org.gradle.cache.internal.DefaultFileLockManager] Lock acquired on daemon addresses registry.
15:42:04.871 [DEBUG] [org.gradle.cache.internal.DefaultFileLockManager] Releasing lock on daemon addresses registry.
15:42:04.872 [DEBUG] [org.gradle.cache.internal.DefaultFileLockManager] Waiting to acquire shared lock on daemon addresses registry.
15:42:04.872 [DEBUG] [org.gradle.cache.internal.DefaultFileLockManager] Lock acquired on daemon addresses registry.
15:42:04.873 [DEBUG] [org.gradle.cache.internal.DefaultFileLockManager] Releasing lock on daemon addresses registry.
15:42:08.452 [DEBUG] [org.gradle.process.internal.health.memory.MemoryManager] Emitting OS memory status event {Total: 4059156480, Free: 509222912}
15:42:08.452 [DEBUG] [org.gradle.launcher.daemon.server.health.LowMemoryDaemonExpirationStrategy] Received memory status update: {Total: 4059156480, Free: 509222912}
15:42:08.452 [DEBUG] [org.gradle.process.internal.health.memory.MemoryManager] Emitting JVM memory status event {Maximum: 1572864000, Committed: 163577856}
15:42:13.451 [DEBUG] [org.gradle.process.internal.health.memory.MemoryManager] Emitting OS memory status event {Total: 4059156480, Free: 544776192}
15:42:13.452 [DEBUG] [org.gradle.launcher.daemon.server.health.LowMemoryDaemonExpirationStrategy] Received memory status update: {Total: 4059156480, Free: 544776192}
15:42:13.452 [DEBUG] [org.gradle.process.internal.health.memory.MemoryManager] Emitting JVM memory status event {Maximum: 1572864000, Committed: 163577856}
15:42:14.867 [DEBUG] [org.gradle.launcher.daemon.server.Daemon] DaemonExpirationPeriodicCheck running
15:42:14.867 [DEBUG] [org.gradle.cache.internal.DefaultFileLockManager] Waiting to acquire shared lock on daemon addresses registry.
15:42:14.868 [DEBUG] [org.gradle.cache.internal.DefaultFileLockManager] Lock acquired on daemon addresses registry.
15:42:14.868 [DEBUG] [org.gradle.cache.internal.DefaultFileLockManager] Releasing lock on daemon addresses registry.
15:42:14.868 [DEBUG] [org.gradle.cache.internal.DefaultFileLockManager] Waiting to acquire shared lock on daemon addresses registry.
15:42:14.869 [DEBUG] [org.gradle.cache.internal.DefaultFileLockManager] Lock acquired on daemon addresses registry.
15:42:14.869 [DEBUG] [org.gradle.cache.internal.DefaultFileLockManager] Releasing lock on daemon addresses registry.
15:42:14.869 [DEBUG] [org.gradle.cache.internal.DefaultFileLockManager] Waiting to acquire shared lock on daemon addresses registry.
15:42:14.870 [DEBUG] [org.gradle.cache.internal.DefaultFileLockManager] Lock acquired on daemon addresses registry.
15:42:14.870 [DEBUG] [org.gradle.cache.internal.DefaultFileLockManager] Releasing lock on daemon addresses registry.
15:42:18.452 [DEBUG] [org.gradle.process.internal.health.memory.MemoryManager] Emitting OS memory status event {Total: 4059156480, Free: 545144832}
15:42:18.452 [DEBUG] [org.gradle.launcher.daemon.server.health.LowMemoryDaemonExpirationStrategy] Received memory status update: {Total: 4059156480, Free: 545144832}
15:42:18.452 [DEBUG] [org.gradle.process.internal.health.memory.MemoryManager] Emitting JVM memory status event {Maximum: 1572864000, Committed: 163577856}
15:42:23.451 [DEBUG] [org.gradle.process.internal.health.memory.MemoryManager] Emitting OS memory status event {Total: 4059156480, Free: 545169408}
15:42:23.451 [DEBUG] [org.gradle.launcher.daemon.server.health.LowMemoryDaemonExpirationStrategy] Received memory status update: {Total: 4059156480, Free: 545169408}
15:42:23.451 [DEBUG] [org.gradle.process.internal.health.memory.MemoryManager] Emitting JVM memory status event {Maximum: 1572864000, Committed: 163577856}
15:42:24.867 [DEBUG] [org.gradle.launcher.daemon.server.Daemon] DaemonExpirationPeriodicCheck running
15:42:24.868 [DEBUG] [org.gradle.cache.internal.DefaultFileLockManager] Waiting to acquire shared lock on daemon addresses registry.
15:42:24.868 [DEBUG] [org.gradle.cache.internal.DefaultFileLockManager] Lock acquired on daemon addresses registry.
15:42:24.869 [DEBUG] [org.gradle.cache.internal.DefaultFileLockManager] Releasing lock on daemon addresses registry.
15:42:24.870 [DEBUG] [org.gradle.cache.internal.DefaultFileLockManager] Waiting to acquire shared lock on daemon addresses registry.
15:42:24.870 [DEBUG] [org.gradle.cache.internal.DefaultFileLockManager] Lock acquired on daemon addresses registry.
15:42:24.871 [DEBUG] [org.gradle.cache.internal.DefaultFileLockManager] Releasing lock on daemon addresses registry.
15:42:24.871 [DEBUG] [org.gradle.cache.internal.DefaultFileLockManager] Waiting to acquire shared lock on daemon addresses registry.
15:42:24.872 [DEBUG] [org.gradle.cache.internal.DefaultFileLockManager] Lock acquired on daemon addresses registry.
15:42:24.872 [DEBUG] [org.gradle.cache.internal.DefaultFileLockManager] Releasing lock on daemon addresses registry.
15:42:28.452 [DEBUG] [org.gradle.process.internal.health.memory.MemoryManager] Emitting OS memory status event {Total: 4059156480, Free: 540045312}
15:42:28.452 [DEBUG] [org.gradle.launcher.daemon.server.health.LowMemoryDaemonExpirationStrategy] Received memory status update: {Total: 4059156480, Free: 540045312}
15:42:28.452 [DEBUG] [org.gradle.process.internal.health.memory.MemoryManager] Emitting JVM memory status event {Maximum: 1572864000, Committed: 163577856}
15:42:33.451 [DEBUG] [org.gradle.process.internal.health.memory.MemoryManager] Emitting OS memory status event {Total: 4059156480, Free: 535597056}
15:42:33.451 [DEBUG] [org.gradle.launcher.daemon.server.health.LowMemoryDaemonExpirationStrategy] Received memory status update: {Total: 4059156480, Free: 535597056}
15:42:33.451 [DEBUG] [org.gradle.process.internal.health.memory.MemoryManager] Emitting JVM memory status event {Maximum: 1572864000, Committed: 163577856}
15:42:34.867 [DEBUG] [org.gradle.launcher.daemon.server.Daemon] DaemonExpirationPeriodicCheck running
15:42:34.868 [DEBUG] [org.gradle.cache.internal.DefaultFileLockManager] Waiting to acquire shared lock on daemon addresses registry.
15:42:34.868 [DEBUG] [org.gradle.cache.internal.DefaultFileLockManager] Lock acquired on daemon addresses registry.
15:42:34.868 [DEBUG] [org.gradle.cache.internal.DefaultFileLockManager] Releasing lock on daemon addresses registry.
15:42:34.869 [DEBUG] [org.gradle.cache.internal.DefaultFileLockManager] Waiting to acquire shared lock on daemon addresses registry.
15:42:34.869 [DEBUG] [org.gradle.cache.internal.DefaultFileLockManager] Lock acquired on daemon addresses registry.
15:42:34.870 [DEBUG] [org.gradle.cache.internal.DefaultFileLockManager] Releasing lock on daemon addresses registry.
15:42:34.870 [DEBUG] [org.gradle.cache.internal.DefaultFileLockManager] Waiting to acquire shared lock on daemon addresses registry.
15:42:34.871 [DEBUG] [org.gradle.cache.internal.DefaultFileLockManager] Lock acquired on daemon addresses registry.
15:42:34.871 [DEBUG] [org.gradle.cache.internal.DefaultFileLockManager] Releasing lock on daemon addresses registry.
15:42:38.451 [DEBUG] [org.gradle.process.internal.health.memory.MemoryManager] Emitting OS memory status event {Total: 4059156480, Free: 536641536}
15:42:38.452 [DEBUG] [org.gradle.launcher.daemon.server.health.LowMemoryDaemonExpirationStrategy] Received memory status update: {Total: 4059156480, Free: 536641536}
15:42:38.452 [DEBUG] [org.gradle.process.internal.health.memory.MemoryManager] Emitting JVM memory status event {Maximum: 1572864000, Committed: 163577856}
15:42:43.451 [DEBUG] [org.gradle.process.internal.health.memory.MemoryManager] Emitting OS memory status event {Total: 4059156480, Free: 537874432}
15:42:43.452 [DEBUG] [org.gradle.launcher.daemon.server.health.LowMemoryDaemonExpirationStrategy] Received memory status update: {Total: 4059156480, Free: 537874432}
15:42:43.452 [DEBUG] [org.gradle.process.internal.health.memory.MemoryManager] Emitting JVM memory status event {Maximum: 1572864000, Committed: 163577856}
15:42:44.867 [DEBUG] [org.gradle.launcher.daemon.server.Daemon] DaemonExpirationPeriodicCheck running
15:42:44.868 [DEBUG] [org.gradle.cache.internal.DefaultFileLockManager] Waiting to acquire shared lock on daemon addresses registry.
15:42:44.869 [DEBUG] [org.gradle.cache.internal.DefaultFileLockManager] Lock acquired on daemon addresses registry.
15:42:44.869 [DEBUG] [org.gradle.cache.internal.DefaultFileLockManager] Releasing lock on daemon addresses registry.
15:42:44.869 [DEBUG] [org.gradle.cache.internal.DefaultFileLockManager] Waiting to acquire shared lock on daemon addresses registry.
15:42:44.870 [DEBUG] [org.gradle.cache.internal.DefaultFileLockManager] Lock acquired on daemon addresses registry.
15:42:44.870 [DEBUG] [org.gradle.cache.internal.DefaultFileLockManager] Releasing lock on daemon addresses registry.
15:42:44.871 [DEBUG] [org.gradle.cache.internal.DefaultFileLockManager] Waiting to acquire shared lock on daemon addresses registry.
15:42:44.871 [DEBUG] [org.gradle.cache.internal.DefaultFileLockManager] Lock acquired on daemon addresses registry.
15:42:44.871 [DEBUG] [org.gradle.cache.internal.DefaultFileLockManager] Releasing lock on daemon addresses registry.
15:42:48.452 [DEBUG] [org.gradle.process.internal.health.memory.MemoryManager] Emitting OS memory status event {Total: 4059156480, Free: 536666112}
15:42:48.452 [DEBUG] [org.gradle.launcher.daemon.server.health.LowMemoryDaemonExpirationStrategy] Received memory status update: {Total: 4059156480, Free: 536666112}
15:42:48.452 [DEBUG] [org.gradle.process.internal.health.memory.MemoryManager] Emitting JVM memory status event {Maximum: 1572864000, Committed: 163577856}
15:42:53.451 [DEBUG] [org.gradle.process.internal.health.memory.MemoryManager] Emitting OS memory status event {Total: 4059156480, Free: 530673664}
15:42:53.452 [DEBUG] [org.gradle.launcher.daemon.server.health.LowMemoryDaemonExpirationStrategy] Received memory status update: {Total: 4059156480, Free: 530673664}
15:42:53.452 [DEBUG] [org.gradle.process.internal.health.memory.MemoryManager] Emitting JVM memory status event {Maximum: 1572864000, Committed: 163577856}
15:42:54.866 [DEBUG] [org.gradle.launcher.daemon.server.Daemon] DaemonExpirationPeriodicCheck running
15:42:54.867 [DEBUG] [org.gradle.cache.internal.DefaultFileLockManager] Waiting to acquire shared lock on daemon addresses registry.
15:42:54.868 [DEBUG] [org.gradle.cache.internal.DefaultFileLockManager] Lock acquired on daemon addresses registry.
15:42:54.868 [DEBUG] [org.gradle.cache.internal.DefaultFileLockManager] Releasing lock on daemon addresses registry.
15:42:54.869 [DEBUG] [org.gradle.cache.internal.DefaultFileLockManager] Waiting to acquire shared lock on daemon addresses registry.
15:42:54.869 [DEBUG] [org.gradle.cache.internal.DefaultFileLockManager] Lock acquired on daemon addresses registry.
15:42:54.870 [DEBUG] [org.gradle.cache.internal.DefaultFileLockManager] Releasing lock on daemon addresses registry.
15:42:54.870 [DEBUG] [org.gradle.cache.internal.DefaultFileLockManager] Waiting to acquire shared lock on daemon addresses registry.
15:42:54.871 [DEBUG] [org.gradle.cache.internal.DefaultFileLockManager] Lock acquired on daemon addresses registry.
15:42:54.871 [DEBUG] [org.gradle.cache.internal.DefaultFileLockManager] Releasing lock on daemon addresses registry.
15:42:58.452 [DEBUG] [org.gradle.process.internal.health.memory.MemoryManager] Emitting OS memory status event {Total: 4059156480, Free: 533983232}
15:42:58.452 [DEBUG] [org.gradle.launcher.daemon.server.health.LowMemoryDaemonExpirationStrategy] Received memory status update: {Total: 4059156480, Free: 533983232}
15:42:58.452 [DEBUG] [org.gradle.process.internal.health.memory.MemoryManager] Emitting JVM memory status event {Maximum: 1572864000, Committed: 163577856}
15:43:03.451 [DEBUG] [org.gradle.process.internal.health.memory.MemoryManager] Emitting OS memory status event {Total: 4059156480, Free: 533876736}
15:43:03.452 [DEBUG] [org.gradle.launcher.daemon.server.health.LowMemoryDaemonExpirationStrategy] Received memory status update: {Total: 4059156480, Free: 533876736}
15:43:03.452 [DEBUG] [org.gradle.process.internal.health.memory.MemoryManager] Emitting JVM memory status event {Maximum: 1572864000, Committed: 163577856}
15:43:04.866 [DEBUG] [org.gradle.launcher.daemon.server.Daemon] DaemonExpirationPeriodicCheck running
15:43:04.867 [DEBUG] [org.gradle.cache.internal.DefaultFileLockManager] Waiting to acquire shared lock on daemon addresses registry.
15:43:04.868 [DEBUG] [org.gradle.cache.internal.DefaultFileLockManager] Lock acquired on daemon addresses registry.
15:43:04.868 [DEBUG] [org.gradle.cache.internal.DefaultFileLockManager] Releasing lock on daemon addresses registry.
15:43:04.869 [DEBUG] [org.gradle.cache.internal.DefaultFileLockManager] Waiting to acquire shared lock on daemon addresses registry.
15:43:04.869 [DEBUG] [org.gradle.cache.internal.DefaultFileLockManager] Lock acquired on daemon addresses registry.
15:43:04.870 [DEBUG] [org.gradle.cache.internal.DefaultFileLockManager] Releasing lock on daemon addresses registry.
15:43:04.871 [DEBUG] [org.gradle.cache.internal.DefaultFileLockManager] Waiting to acquire shared lock on daemon addresses registry.
15:43:04.871 [DEBUG] [org.gradle.cache.internal.DefaultFileLockManager] Lock acquired on daemon addresses registry.
15:43:04.871 [DEBUG] [org.gradle.cache.internal.DefaultFileLockManager] Releasing lock on daemon addresses registry.
15:43:08.452 [DEBUG] [org.gradle.process.internal.health.memory.MemoryManager] Emitting OS memory status event {Total: 4059156480, Free: 533413888}
15:43:08.452 [DEBUG] [org.gradle.launcher.daemon.server.health.LowMemoryDaemonExpirationStrategy] Received memory status update: {Total: 4059156480, Free: 533413888}
15:43:08.453 [DEBUG] [org.gradle.process.internal.health.memory.MemoryManager] Emitting JVM memory status event {Maximum: 1572864000, Committed: 163577856}
15:43:13.452 [DEBUG] [org.gradle.process.internal.health.memory.MemoryManager] Emitting OS memory status event {Total: 4059156480, Free: 533954560}
15:43:13.452 [DEBUG] [org.gradle.launcher.daemon.server.health.LowMemoryDaemonExpirationStrategy] Received memory status update: {Total: 4059156480, Free: 533954560}
15:43:13.452 [DEBUG] [org.gradle.process.internal.health.memory.MemoryManager] Emitting JVM memory status event {Maximum: 1572864000, Committed: 163577856}
15:43:14.867 [DEBUG] [org.gradle.launcher.daemon.server.Daemon] DaemonExpirationPeriodicCheck running
15:43:14.867 [DEBUG] [org.gradle.cache.internal.DefaultFileLockManager] Waiting to acquire shared lock on daemon addresses registry.
15:43:14.867 [DEBUG] [org.gradle.cache.internal.DefaultFileLockManager] Lock acquired on daemon addresses registry.
15:43:14.867 [DEBUG] [org.gradle.cache.internal.DefaultFileLockManager] Releasing lock on daemon addresses registry.
15:43:14.868 [DEBUG] [org.gradle.cache.internal.DefaultFileLockManager] Waiting to acquire shared lock on daemon addresses registry.
15:43:14.868 [DEBUG] [org.gradle.cache.internal.DefaultFileLockManager] Lock acquired on daemon addresses registry.
15:43:14.868 [DEBUG] [org.gradle.cache.internal.DefaultFileLockManager] Releasing lock on daemon addresses registry.
15:43:14.868 [DEBUG] [org.gradle.cache.internal.DefaultFileLockManager] Waiting to acquire shared lock on daemon addresses registry.
15:43:14.868 [DEBUG] [org.gradle.cache.internal.DefaultFileLockManager] Lock acquired on daemon addresses registry.
15:43:14.869 [DEBUG] [org.gradle.cache.internal.DefaultFileLockManager] Releasing lock on daemon addresses registry.
15:43:18.452 [DEBUG] [org.gradle.process.internal.health.memory.MemoryManager] Emitting OS memory status event {Total: 4059156480, Free: 524632064}
15:43:18.452 [DEBUG] [org.gradle.launcher.daemon.server.health.LowMemoryDaemonExpirationStrategy] Received memory status update: {Total: 4059156480, Free: 524632064}
15:43:18.452 [DEBUG] [org.gradle.process.internal.health.memory.MemoryManager] Emitting JVM memory status event {Maximum: 1572864000, Committed: 163577856}
15:43:23.451 [DEBUG] [org.gradle.process.internal.health.memory.MemoryManager] Emitting OS memory status event {Total: 4059156480, Free: 533700608}
15:43:23.451 [DEBUG] [org.gradle.launcher.daemon.server.health.LowMemoryDaemonExpirationStrategy] Received memory status update: {Total: 4059156480, Free: 533700608}
15:43:23.451 [DEBUG] [org.gradle.process.internal.health.memory.MemoryManager] Emitting JVM memory status event {Maximum: 1572864000, Committed: 163577856}
15:43:24.867 [DEBUG] [org.gradle.launcher.daemon.server.Daemon] DaemonExpirationPeriodicCheck running
15:43:24.867 [DEBUG] [org.gradle.cache.internal.DefaultFileLockManager] Waiting to acquire shared lock on daemon addresses registry.
15:43:24.868 [DEBUG] [org.gradle.cache.internal.DefaultFileLockManager] Lock acquired on daemon addresses registry.
15:43:24.868 [DEBUG] [org.gradle.cache.internal.DefaultFileLockManager] Releasing lock on daemon addresses registry.
15:43:24.869 [DEBUG] [org.gradle.cache.internal.DefaultFileLockManager] Waiting to acquire shared lock on daemon addresses registry.
15:43:24.869 [DEBUG] [org.gradle.cache.internal.DefaultFileLockManager] Lock acquired on daemon addresses registry.
15:43:24.870 [DEBUG] [org.gradle.cache.internal.DefaultFileLockManager] Releasing lock on daemon addresses registry.
15:43:24.870 [DEBUG] [org.gradle.cache.internal.DefaultFileLockManager] Waiting to acquire shared lock on daemon addresses registry.
15:43:24.870 [DEBUG] [org.gradle.cache.internal.DefaultFileLockManager] Lock acquired on daemon addresses registry.
15:43:24.871 [DEBUG] [org.gradle.cache.internal.DefaultFileLockManager] Releasing lock on daemon addresses registry.
15:43:28.452 [DEBUG] [org.gradle.process.internal.health.memory.MemoryManager] Emitting OS memory status event {Total: 4059156480, Free: 533303296}
15:43:28.452 [DEBUG] [org.gradle.launcher.daemon.server.health.LowMemoryDaemonExpirationStrategy] Received memory status update: {Total: 4059156480, Free: 533303296}
15:43:28.452 [DEBUG] [org.gradle.process.internal.health.memory.MemoryManager] Emitting JVM memory status event {Maximum: 1572864000, Committed: 163577856}
15:43:33.451 [DEBUG] [org.gradle.process.internal.health.memory.MemoryManager] Emitting OS memory status event {Total: 4059156480, Free: 520273920}
15:43:33.451 [DEBUG] [org.gradle.launcher.daemon.server.health.LowMemoryDaemonExpirationStrategy] Received memory status update: {Total: 4059156480, Free: 520273920}
15:43:33.451 [DEBUG] [org.gradle.process.internal.health.memory.MemoryManager] Emitting JVM memory status event {Maximum: 1572864000, Committed: 163577856}
15:43:34.867 [DEBUG] [org.gradle.launcher.daemon.server.Daemon] DaemonExpirationPeriodicCheck running
15:43:34.868 [DEBUG] [org.gradle.cache.internal.DefaultFileLockManager] Waiting to acquire shared lock on daemon addresses registry.
15:43:34.868 [DEBUG] [org.gradle.cache.internal.DefaultFileLockManager] Lock acquired on daemon addresses registry.
15:43:34.869 [DEBUG] [org.gradle.cache.internal.DefaultFileLockManager] Releasing lock on daemon addresses registry.
15:43:34.869 [DEBUG] [org.gradle.cache.internal.DefaultFileLockManager] Waiting to acquire shared lock on daemon addresses registry.
15:43:34.870 [DEBUG] [org.gradle.cache.internal.DefaultFileLockManager] Lock acquired on daemon addresses registry.
15:43:34.870 [DEBUG] [org.gradle.cache.internal.DefaultFileLockManager] Releasing lock on daemon addresses registry.
15:43:34.871 [DEBUG] [org.gradle.cache.internal.DefaultFileLockManager] Waiting to acquire shared lock on daemon addresses registry.
15:43:34.871 [DEBUG] [org.gradle.cache.internal.DefaultFileLockManager] Lock acquired on daemon addresses registry.
15:43:34.871 [DEBUG] [org.gradle.cache.internal.DefaultFileLockManager] Releasing lock on daemon addresses registry.
15:43:38.452 [DEBUG] [org.gradle.process.internal.health.memory.MemoryManager] Emitting OS memory status event {Total: 4059156480, Free: 516976640}
15:43:38.452 [DEBUG] [org.gradle.launcher.daemon.server.health.LowMemoryDaemonExpirationStrategy] Received memory status update: {Total: 4059156480, Free: 516976640}
15:43:38.452 [DEBUG] [org.gradle.process.internal.health.memory.MemoryManager] Emitting JVM memory status event {Maximum: 1572864000, Committed: 163577856}
15:43:43.451 [DEBUG] [org.gradle.process.internal.health.memory.MemoryManager] Emitting OS memory status event {Total: 4059156480, Free: 513593344}
15:43:43.451 [DEBUG] [org.gradle.launcher.daemon.server.health.LowMemoryDaemonExpirationStrategy] Received memory status update: {Total: 4059156480, Free: 513593344}
15:43:43.451 [DEBUG] [org.gradle.process.internal.health.memory.MemoryManager] Emitting JVM memory status event {Maximum: 1572864000, Committed: 163577856}
15:43:44.867 [DEBUG] [org.gradle.launcher.daemon.server.Daemon] DaemonExpirationPeriodicCheck running
15:43:44.867 [DEBUG] [org.gradle.cache.internal.DefaultFileLockManager] Waiting to acquire shared lock on daemon addresses registry.
15:43:44.867 [DEBUG] [org.gradle.cache.internal.DefaultFileLockManager] Lock acquired on daemon addresses registry.
15:43:44.868 [DEBUG] [org.gradle.cache.internal.DefaultFileLockManager] Releasing lock on daemon addresses registry.
15:43:44.869 [DEBUG] [org.gradle.cache.internal.DefaultFileLockManager] Waiting to acquire shared lock on daemon addresses registry.
15:43:44.869 [DEBUG] [org.gradle.cache.internal.DefaultFileLockManager] Lock acquired on daemon addresses registry.
15:43:44.869 [DEBUG] [org.gradle.cache.internal.DefaultFileLockManager] Releasing lock on daemon addresses registry.
15:43:44.869 [DEBUG] [org.gradle.cache.internal.DefaultFileLockManager] Waiting to acquire shared lock on daemon addresses registry.
15:43:44.869 [DEBUG] [org.gradle.cache.internal.DefaultFileLockManager] Lock acquired on daemon addresses registry.
15:43:44.870 [DEBUG] [org.gradle.cache.internal.DefaultFileLockManager] Releasing lock on daemon addresses registry.
15:43:48.452 [DEBUG] [org.gradle.process.internal.health.memory.MemoryManager] Emitting OS memory status event {Total: 4059156480, Free: 520253440}
15:43:48.452 [DEBUG] [org.gradle.launcher.daemon.server.health.LowMemoryDaemonExpirationStrategy] Received memory status update: {Total: 4059156480, Free: 520253440}
15:43:48.452 [DEBUG] [org.gradle.process.internal.health.memory.MemoryManager] Emitting JVM memory status event {Maximum: 1572864000, Committed: 163577856}
15:43:53.451 [DEBUG] [org.gradle.process.internal.health.memory.MemoryManager] Emitting OS memory status event {Total: 4059156480, Free: 508579840}
15:43:53.451 [DEBUG] [org.gradle.launcher.daemon.server.health.LowMemoryDaemonExpirationStrategy] Received memory status update: {Total: 4059156480, Free: 508579840}
15:43:53.452 [DEBUG] [org.gradle.process.internal.health.memory.MemoryManager] Emitting JVM memory status event {Maximum: 1572864000, Committed: 163577856}
15:43:54.866 [DEBUG] [org.gradle.launcher.daemon.server.Daemon] DaemonExpirationPeriodicCheck running
15:43:54.867 [DEBUG] [org.gradle.cache.internal.DefaultFileLockManager] Waiting to acquire shared lock on daemon addresses registry.
15:43:54.867 [DEBUG] [org.gradle.cache.internal.DefaultFileLockManager] Lock acquired on daemon addresses registry.
15:43:54.867 [DEBUG] [org.gradle.cache.internal.DefaultFileLockManager] Releasing lock on daemon addresses registry.
15:43:54.868 [DEBUG] [org.gradle.cache.internal.DefaultFileLockManager] Waiting to acquire shared lock on daemon addresses registry.
15:43:54.868 [DEBUG] [org.gradle.cache.internal.DefaultFileLockManager] Lock acquired on daemon addresses registry.
15:43:54.868 [DEBUG] [org.gradle.cache.internal.DefaultFileLockManager] Releasing lock on daemon addresses registry.
15:43:54.868 [DEBUG] [org.gradle.cache.internal.DefaultFileLockManager] Waiting to acquire shared lock on daemon addresses registry.
15:43:54.869 [DEBUG] [org.gradle.cache.internal.DefaultFileLockManager] Lock acquired on daemon addresses registry.
15:43:54.869 [DEBUG] [org.gradle.cache.internal.DefaultFileLockManager] Releasing lock on daemon addresses registry.
15:43:58.452 [DEBUG] [org.gradle.process.internal.health.memory.MemoryManager] Emitting OS memory status event {Total: 4059156480, Free: 501669888}
15:43:58.452 [DEBUG] [org.gradle.launcher.daemon.server.health.LowMemoryDaemonExpirationStrategy] Received memory status update: {Total: 4059156480, Free: 501669888}
15:43:58.452 [DEBUG] [org.gradle.process.internal.health.memory.MemoryManager] Emitting JVM memory status event {Maximum: 1572864000, Committed: 163577856}
15:44:03.451 [DEBUG] [org.gradle.process.internal.health.memory.MemoryManager] Emitting OS memory status event {Total: 4059156480, Free: 485629952}
15:44:03.451 [DEBUG] [org.gradle.launcher.daemon.server.health.LowMemoryDaemonExpirationStrategy] Received memory status update: {Total: 4059156480, Free: 485629952}
15:44:03.452 [DEBUG] [org.gradle.process.internal.health.memory.MemoryManager] Emitting JVM memory status event {Maximum: 1572864000, Committed: 163577856}
15:44:04.867 [DEBUG] [org.gradle.launcher.daemon.server.Daemon] DaemonExpirationPeriodicCheck running
15:44:04.867 [DEBUG] [org.gradle.cache.internal.DefaultFileLockManager] Waiting to acquire shared lock on daemon addresses registry.
15:44:04.867 [DEBUG] [org.gradle.cache.internal.DefaultFileLockManager] Lock acquired on daemon addresses registry.
15:44:04.867 [DEBUG] [org.gradle.cache.internal.DefaultFileLockManager] Releasing lock on daemon addresses registry.
15:44:04.868 [DEBUG] [org.gradle.cache.internal.DefaultFileLockManager] Waiting to acquire shared lock on daemon addresses registry.
15:44:04.868 [DEBUG] [org.gradle.cache.internal.DefaultFileLockManager] Lock acquired on daemon addresses registry.
15:44:04.868 [DEBUG] [org.gradle.cache.internal.DefaultFileLockManager] Releasing lock on daemon addresses registry.
15:44:04.868 [DEBUG] [org.gradle.cache.internal.DefaultFileLockManager] Waiting to acquire shared lock on daemon addresses registry.
15:44:04.868 [DEBUG] [org.gradle.cache.internal.DefaultFileLockManager] Lock acquired on daemon addresses registry.
15:44:04.868 [DEBUG] [org.gradle.cache.internal.DefaultFileLockManager] Releasing lock on daemon addresses registry.
15:44:08.452 [DEBUG] [org.gradle.process.internal.health.memory.MemoryManager] Emitting OS memory status event {Total: 4059156480, Free: 428699648}
15:44:08.452 [DEBUG] [org.gradle.launcher.daemon.server.health.LowMemoryDaemonExpirationStrategy] Received memory status update: {Total: 4059156480, Free: 428699648}
15:44:08.452 [DEBUG] [org.gradle.process.internal.health.memory.MemoryManager] Emitting JVM memory status event {Maximum: 1572864000, Committed: 163577856}
15:44:13.451 [DEBUG] [org.gradle.process.internal.health.memory.MemoryManager] Emitting OS memory status event {Total: 4059156480, Free: 425738240}
15:44:13.451 [DEBUG] [org.gradle.launcher.daemon.server.health.LowMemoryDaemonExpirationStrategy] Received memory status update: {Total: 4059156480, Free: 425738240}
15:44:13.451 [DEBUG] [org.gradle.process.internal.health.memory.MemoryManager] Emitting JVM memory status event {Maximum: 1572864000, Committed: 163577856}
15:44:14.867 [DEBUG] [org.gradle.launcher.daemon.server.Daemon] DaemonExpirationPeriodicCheck running
15:44:14.868 [DEBUG] [org.gradle.cache.internal.DefaultFileLockManager] Waiting to acquire shared lock on daemon addresses registry.
15:44:14.868 [DEBUG] [org.gradle.cache.internal.DefaultFileLockManager] Lock acquired on daemon addresses registry.
15:44:14.869 [DEBUG] [org.gradle.cache.internal.DefaultFileLockManager] Releasing lock on daemon addresses registry.
15:44:14.870 [DEBUG] [org.gradle.cache.internal.DefaultFileLockManager] Waiting to acquire shared lock on daemon addresses registry.
15:44:14.870 [DEBUG] [org.gradle.cache.internal.DefaultFileLockManager] Lock acquired on daemon addresses registry.
15:44:14.870 [DEBUG] [org.gradle.cache.internal.DefaultFileLockManager] Releasing lock on daemon addresses registry.
15:44:14.871 [DEBUG] [org.gradle.cache.internal.DefaultFileLockManager] Waiting to acquire shared lock on daemon addresses registry.
15:44:14.871 [DEBUG] [org.gradle.cache.internal.DefaultFileLockManager] Lock acquired on daemon addresses registry.
15:44:14.871 [DEBUG] [org.gradle.cache.internal.DefaultFileLockManager] Releasing lock on daemon addresses registry.
15:44:18.452 [DEBUG] [org.gradle.process.internal.health.memory.MemoryManager] Emitting OS memory status event {Total: 4059156480, Free: 443097088}
15:44:18.452 [DEBUG] [org.gradle.launcher.daemon.server.health.LowMemoryDaemonExpirationStrategy] Received memory status update: {Total: 4059156480, Free: 443097088}
15:44:18.452 [DEBUG] [org.gradle.process.internal.health.memory.MemoryManager] Emitting JVM memory status event {Maximum: 1572864000, Committed: 163577856}
15:44:23.452 [DEBUG] [org.gradle.process.internal.health.memory.MemoryManager] Emitting OS memory status event {Total: 4059156480, Free: 452136960}
15:44:23.452 [DEBUG] [org.gradle.launcher.daemon.server.health.LowMemoryDaemonExpirationStrategy] Received memory status update: {Total: 4059156480, Free: 452136960}
15:44:23.452 [DEBUG] [org.gradle.process.internal.health.memory.MemoryManager] Emitting JVM memory status event {Maximum: 1572864000, Committed: 163577856}
15:44:24.867 [DEBUG] [org.gradle.launcher.daemon.server.Daemon] DaemonExpirationPeriodicCheck running
15:44:24.867 [DEBUG] [org.gradle.cache.internal.DefaultFileLockManager] Waiting to acquire shared lock on daemon addresses registry.
15:44:24.867 [DEBUG] [org.gradle.cache.internal.DefaultFileLockManager] Lock acquired on daemon addresses registry.
15:44:24.868 [DEBUG] [org.gradle.cache.internal.DefaultFileLockManager] Releasing lock on daemon addresses registry.
15:44:24.868 [DEBUG] [org.gradle.cache.internal.DefaultFileLockManager] Waiting to acquire shared lock on daemon addresses registry.
15:44:24.869 [DEBUG] [org.gradle.cache.internal.DefaultFileLockManager] Lock acquired on daemon addresses registry.
15:44:24.869 [DEBUG] [org.gradle.cache.internal.DefaultFileLockManager] Releasing lock on daemon addresses registry.
15:44:24.869 [DEBUG] [org.gradle.cache.internal.DefaultFileLockManager] Waiting to acquire shared lock on daemon addresses registry.
15:44:24.870 [DEBUG] [org.gradle.cache.internal.DefaultFileLockManager] Lock acquired on daemon addresses registry.
15:44:24.870 [DEBUG] [org.gradle.cache.internal.DefaultFileLockManager] Releasing lock on daemon addresses registry.
15:44:28.452 [DEBUG] [org.gradle.process.internal.health.memory.MemoryManager] Emitting OS memory status event {Total: 4059156480, Free: 450686976}
15:44:28.452 [DEBUG] [org.gradle.launcher.daemon.server.health.LowMemoryDaemonExpirationStrategy] Received memory status update: {Total: 4059156480, Free: 450686976}
15:44:28.452 [DEBUG] [org.gradle.process.internal.health.memory.MemoryManager] Emitting JVM memory status event {Maximum: 1572864000, Committed: 163577856}
15:44:33.451 [DEBUG] [org.gradle.process.internal.health.memory.MemoryManager] Emitting OS memory status event {Total: 4059156480, Free: 428298240}
15:44:33.451 [DEBUG] [org.gradle.launcher.daemon.server.health.LowMemoryDaemonExpirationStrategy] Received memory status update: {Total: 4059156480, Free: 428298240}
15:44:33.451 [DEBUG] [org.gradle.process.internal.health.memory.MemoryManager] Emitting JVM memory status event {Maximum: 1572864000, Committed: 163577856}
15:44:34.867 [DEBUG] [org.gradle.launcher.daemon.server.Daemon] DaemonExpirationPeriodicCheck running
15:44:34.867 [DEBUG] [org.gradle.cache.internal.DefaultFileLockManager] Waiting to acquire shared lock on daemon addresses registry.
15:44:34.867 [DEBUG] [org.gradle.cache.internal.DefaultFileLockManager] Lock acquired on daemon addresses registry.
15:44:34.867 [DEBUG] [org.gradle.cache.internal.DefaultFileLockManager] Releasing lock on daemon addresses registry.
15:44:34.868 [DEBUG] [org.gradle.cache.internal.DefaultFileLockManager] Waiting to acquire shared lock on daemon addresses registry.
15:44:34.868 [DEBUG] [org.gradle.cache.internal.DefaultFileLockManager] Lock acquired on daemon addresses registry.
15:44:34.868 [DEBUG] [org.gradle.cache.internal.DefaultFileLockManager] Releasing lock on daemon addresses registry.
15:44:34.868 [DEBUG] [org.gradle.cache.internal.DefaultFileLockManager] Waiting to acquire shared lock on daemon addresses registry.
15:44:34.868 [DEBUG] [org.gradle.cache.internal.DefaultFileLockManager] Lock acquired on daemon addresses registry.
15:44:34.869 [DEBUG] [org.gradle.cache.internal.DefaultFileLockManager] Releasing lock on daemon addresses registry.
15:44:38.452 [DEBUG] [org.gradle.process.internal.health.memory.MemoryManager] Emitting OS memory status event {Total: 4059156480, Free: 381059072}
15:44:38.452 [DEBUG] [org.gradle.launcher.daemon.server.health.LowMemoryDaemonExpirationStrategy] Received memory status update: {Total: 4059156480, Free: 381059072}
15:44:38.555 [DEBUG] [org.gradle.process.internal.health.memory.MemoryManager] 405915648 memory requested, 381059072 free
15:44:38.603 [DEBUG] [org.gradle.workers.internal.WorkerDaemonExpiration] Will attempt to release 387 of memory
15:44:39.057 [DEBUG] [org.gradle.process.internal.health.memory.MemoryManager] 405915648 memory requested, 0 released, 381059072 free
15:44:39.057 [DEBUG] [org.gradle.process.internal.health.memory.MemoryManager] Emitting JVM memory status event {Maximum: 1572864000, Committed: 163577856}
15:44:43.451 [DEBUG] [org.gradle.process.internal.health.memory.MemoryManager] Emitting OS memory status event {Total: 4059156480, Free: 378081280}
15:44:43.451 [DEBUG] [org.gradle.launcher.daemon.server.health.LowMemoryDaemonExpirationStrategy] Received memory status update: {Total: 4059156480, Free: 378081280}
15:44:43.451 [DEBUG] [org.gradle.process.internal.health.memory.MemoryManager] 405915648 memory requested, 378081280 free
15:44:43.451 [DEBUG] [org.gradle.workers.internal.WorkerDaemonExpiration] Will attempt to release 387 of memory
15:44:43.451 [DEBUG] [org.gradle.process.internal.health.memory.MemoryManager] 405915648 memory requested, 0 released, 378081280 free
15:44:43.451 [DEBUG] [org.gradle.process.internal.health.memory.MemoryManager] Emitting JVM memory status event {Maximum: 1572864000, Committed: 163577856}
15:44:44.867 [DEBUG] [org.gradle.launcher.daemon.server.Daemon] DaemonExpirationPeriodicCheck running
15:44:44.867 [DEBUG] [org.gradle.cache.internal.DefaultFileLockManager] Waiting to acquire shared lock on daemon addresses registry.
15:44:44.867 [DEBUG] [org.gradle.cache.internal.DefaultFileLockManager] Lock acquired on daemon addresses registry.
15:44:44.867 [DEBUG] [org.gradle.cache.internal.DefaultFileLockManager] Releasing lock on daemon addresses registry.
15:44:44.867 [DEBUG] [org.gradle.cache.internal.DefaultFileLockManager] Waiting to acquire shared lock on daemon addresses registry.
15:44:44.867 [DEBUG] [org.gradle.cache.internal.DefaultFileLockManager] Lock acquired on daemon addresses registry.
15:44:44.868 [DEBUG] [org.gradle.cache.internal.DefaultFileLockManager] Releasing lock on daemon addresses registry.
15:44:44.868 [DEBUG] [org.gradle.cache.internal.DefaultFileLockManager] Waiting to acquire shared lock on daemon addresses registry.
15:44:44.868 [DEBUG] [org.gradle.cache.internal.DefaultFileLockManager] Lock acquired on daemon addresses registry.
15:44:44.868 [DEBUG] [org.gradle.cache.internal.DefaultFileLockManager] Releasing lock on daemon addresses registry.
15:44:48.452 [DEBUG] [org.gradle.process.internal.health.memory.MemoryManager] Emitting OS memory status event {Total: 4059156480, Free: 382660608}
15:44:48.452 [DEBUG] [org.gradle.launcher.daemon.server.health.LowMemoryDaemonExpirationStrategy] Received memory status update: {Total: 4059156480, Free: 382660608}
15:44:48.452 [DEBUG] [org.gradle.process.internal.health.memory.MemoryManager] 405915648 memory requested, 382660608 free
15:44:48.452 [DEBUG] [org.gradle.workers.internal.WorkerDaemonExpiration] Will attempt to release 387 of memory
15:44:48.452 [DEBUG] [org.gradle.process.internal.health.memory.MemoryManager] 405915648 memory requested, 0 released, 382660608 free
15:44:48.452 [DEBUG] [org.gradle.process.internal.health.memory.MemoryManager] Emitting JVM memory status event {Maximum: 1572864000, Committed: 163577856}
15:44:53.485 [DEBUG] [org.gradle.process.internal.health.memory.MemoryManager] Emitting OS memory status event {Total: 4059156480, Free: 386383872}
15:44:53.485 [DEBUG] [org.gradle.launcher.daemon.server.health.LowMemoryDaemonExpirationStrategy] Received memory status update: {Total: 4059156480, Free: 386383872}
15:44:53.485 [DEBUG] [org.gradle.process.internal.health.memory.MemoryManager] 405915648 memory requested, 386383872 free
15:44:53.485 [DEBUG] [org.gradle.workers.internal.WorkerDaemonExpiration] Will attempt to release 387 of memory
15:44:53.486 [DEBUG] [org.gradle.process.internal.health.memory.MemoryManager] 405915648 memory requested, 0 released, 386383872 free
15:44:53.486 [DEBUG] [org.gradle.process.internal.health.memory.MemoryManager] Emitting JVM memory status event {Maximum: 1572864000, Committed: 163577856}
15:44:54.867 [DEBUG] [org.gradle.launcher.daemon.server.Daemon] DaemonExpirationPeriodicCheck running
15:44:54.867 [DEBUG] [org.gradle.cache.internal.DefaultFileLockManager] Waiting to acquire shared lock on daemon addresses registry.
15:44:54.867 [DEBUG] [org.gradle.cache.internal.DefaultFileLockManager] Lock acquired on daemon addresses registry.
15:44:54.867 [DEBUG] [org.gradle.cache.internal.DefaultFileLockManager] Releasing lock on daemon addresses registry.
15:44:54.867 [DEBUG] [org.gradle.cache.internal.DefaultFileLockManager] Waiting to acquire shared lock on daemon addresses registry.
15:44:54.868 [DEBUG] [org.gradle.cache.internal.DefaultFileLockManager] Lock acquired on daemon addresses registry.
15:44:54.868 [DEBUG] [org.gradle.cache.internal.DefaultFileLockManager] Releasing lock on daemon addresses registry.
15:44:54.868 [DEBUG] [org.gradle.cache.internal.DefaultFileLockManager] Waiting to acquire shared lock on daemon addresses registry.
15:44:54.868 [DEBUG] [org.gradle.cache.internal.DefaultFileLockManager] Lock acquired on daemon addresses registry.
15:44:54.868 [DEBUG] [org.gradle.cache.internal.DefaultFileLockManager] Releasing lock on daemon addresses registry.
15:44:58.452 [DEBUG] [org.gradle.process.internal.health.memory.MemoryManager] Emitting OS memory status event {Total: 4059156480, Free: 379211776}
15:44:58.452 [DEBUG] [org.gradle.launcher.daemon.server.health.LowMemoryDaemonExpirationStrategy] Received memory status update: {Total: 4059156480, Free: 379211776}
15:44:58.452 [DEBUG] [org.gradle.process.internal.health.memory.MemoryManager] 405915648 memory requested, 379211776 free
15:44:58.452 [DEBUG] [org.gradle.workers.internal.WorkerDaemonExpiration] Will attempt to release 387 of memory
15:44:58.452 [DEBUG] [org.gradle.process.internal.health.memory.MemoryManager] 405915648 memory requested, 0 released, 379211776 free
15:44:58.452 [DEBUG] [org.gradle.process.internal.health.memory.MemoryManager] Emitting JVM memory status event {Maximum: 1572864000, Committed: 163577856}
15:45:03.451 [DEBUG] [org.gradle.process.internal.health.memory.MemoryManager] Emitting OS memory status event {Total: 4059156480, Free: 363581440}
15:45:03.451 [DEBUG] [org.gradle.launcher.daemon.server.health.LowMemoryDaemonExpirationStrategy] Received memory status update: {Total: 4059156480, Free: 363581440}
15:45:03.451 [DEBUG] [org.gradle.process.internal.health.memory.MemoryManager] 405915648 memory requested, 363581440 free
15:45:03.451 [DEBUG] [org.gradle.workers.internal.WorkerDaemonExpiration] Will attempt to release 387 of memory
15:45:03.452 [DEBUG] [org.gradle.process.internal.health.memory.MemoryManager] 405915648 memory requested, 0 released, 363581440 free
15:45:03.452 [DEBUG] [org.gradle.process.internal.health.memory.MemoryManager] Emitting JVM memory status event {Maximum: 1572864000, Committed: 163577856}
15:45:04.867 [DEBUG] [org.gradle.launcher.daemon.server.Daemon] DaemonExpirationPeriodicCheck running
15:45:04.867 [DEBUG] [org.gradle.cache.internal.DefaultFileLockManager] Waiting to acquire shared lock on daemon addresses registry.
15:45:04.867 [DEBUG] [org.gradle.cache.internal.DefaultFileLockManager] Lock acquired on daemon addresses registry.
15:45:04.868 [DEBUG] [org.gradle.cache.internal.DefaultFileLockManager] Releasing lock on daemon addresses registry.
15:45:04.868 [DEBUG] [org.gradle.cache.internal.DefaultFileLockManager] Waiting to acquire shared lock on daemon addresses registry.
15:45:04.868 [DEBUG] [org.gradle.cache.internal.DefaultFileLockManager] Lock acquired on daemon addresses registry.
15:45:04.869 [DEBUG] [org.gradle.cache.internal.DefaultFileLockManager] Releasing lock on daemon addresses registry.
15:45:04.869 [DEBUG] [org.gradle.cache.internal.DefaultFileLockManager] Waiting to acquire shared lock on daemon addresses registry.
15:45:04.869 [DEBUG] [org.gradle.cache.internal.DefaultFileLockManager] Lock acquired on daemon addresses registry.
15:45:04.869 [DEBUG] [org.gradle.cache.internal.DefaultFileLockManager] Releasing lock on daemon addresses registry.
15:45:08.452 [DEBUG] [org.gradle.process.internal.health.memory.MemoryManager] Emitting OS memory status event {Total: 4059156480, Free: 401068032}
15:45:08.452 [DEBUG] [org.gradle.launcher.daemon.server.health.LowMemoryDaemonExpirationStrategy] Received memory status update: {Total: 4059156480, Free: 401068032}
15:45:08.452 [DEBUG] [org.gradle.process.internal.health.memory.MemoryManager] 405915648 memory requested, 401068032 free
15:45:08.452 [DEBUG] [org.gradle.workers.internal.WorkerDaemonExpiration] Will attempt to release 387 of memory
15:45:08.452 [DEBUG] [org.gradle.process.internal.health.memory.MemoryManager] 405915648 memory requested, 0 released, 401068032 free
15:45:08.452 [DEBUG] [org.gradle.process.internal.health.memory.MemoryManager] Emitting JVM memory status event {Maximum: 1572864000, Committed: 163577856}
15:45:13.451 [DEBUG] [org.gradle.process.internal.health.memory.MemoryManager] Emitting OS memory status event {Total: 4059156480, Free: 337330176}
15:45:13.451 [DEBUG] [org.gradle.launcher.daemon.server.health.LowMemoryDaemonExpirationStrategy] Received memory status update: {Total: 4059156480, Free: 337330176}
15:45:13.451 [DEBUG] [org.gradle.process.internal.health.memory.MemoryManager] 405915648 memory requested, 337330176 free
15:45:13.451 [DEBUG] [org.gradle.workers.internal.WorkerDaemonExpiration] Will attempt to release 387 of memory
15:45:13.451 [DEBUG] [org.gradle.process.internal.health.memory.MemoryManager] 405915648 memory requested, 0 released, 337330176 free
15:45:13.452 [DEBUG] [org.gradle.process.internal.health.memory.MemoryManager] Emitting JVM memory status event {Maximum: 1572864000, Committed: 163577856}
15:45:14.866 [DEBUG] [org.gradle.launcher.daemon.server.Daemon] DaemonExpirationPeriodicCheck running
15:45:14.867 [DEBUG] [org.gradle.cache.internal.DefaultFileLockManager] Waiting to acquire shared lock on daemon addresses registry.
15:45:14.867 [DEBUG] [org.gradle.cache.internal.DefaultFileLockManager] Lock acquired on daemon addresses registry.
15:45:14.867 [DEBUG] [org.gradle.cache.internal.DefaultFileLockManager] Releasing lock on daemon addresses registry.
15:45:14.868 [DEBUG] [org.gradle.cache.internal.DefaultFileLockManager] Waiting to acquire shared lock on daemon addresses registry.
15:45:14.868 [DEBUG] [org.gradle.cache.internal.DefaultFileLockManager] Lock acquired on daemon addresses registry.
15:45:14.868 [DEBUG] [org.gradle.cache.internal.DefaultFileLockManager] Releasing lock on daemon addresses registry.
15:45:14.868 [DEBUG] [org.gradle.cache.internal.DefaultFileLockManager] Waiting to acquire shared lock on daemon addresses registry.
15:45:14.868 [DEBUG] [org.gradle.cache.internal.DefaultFileLockManager] Lock acquired on daemon addresses registry.
15:45:14.868 [DEBUG] [org.gradle.cache.internal.DefaultFileLockManager] Releasing lock on daemon addresses registry.
15:45:18.452 [DEBUG] [org.gradle.process.internal.health.memory.MemoryManager] Emitting OS memory status event {Total: 4059156480, Free: 336453632}
15:45:18.452 [DEBUG] [org.gradle.launcher.daemon.server.health.LowMemoryDaemonExpirationStrategy] Received memory status update: {Total: 4059156480, Free: 336453632}
15:45:18.452 [DEBUG] [org.gradle.process.internal.health.memory.MemoryManager] 405915648 memory requested, 336453632 free
15:45:18.452 [DEBUG] [org.gradle.workers.internal.WorkerDaemonExpiration] Will attempt to release 387 of memory
15:45:18.452 [DEBUG] [org.gradle.process.internal.health.memory.MemoryManager] 405915648 memory requested, 0 released, 336453632 free
15:45:18.452 [DEBUG] [org.gradle.process.internal.health.memory.MemoryManager] Emitting JVM memory status event {Maximum: 1572864000, Committed: 163577856}
15:45:23.451 [DEBUG] [org.gradle.process.internal.health.memory.MemoryManager] Emitting OS memory status event {Total: 4059156480, Free: 317935616}
15:45:23.451 [DEBUG] [org.gradle.launcher.daemon.server.health.LowMemoryDaemonExpirationStrategy] Received memory status update: {Total: 4059156480, Free: 317935616}
15:45:23.451 [DEBUG] [org.gradle.process.internal.health.memory.MemoryManager] 405915648 memory requested, 317935616 free
15:45:23.451 [DEBUG] [org.gradle.workers.internal.WorkerDaemonExpiration] Will attempt to release 387 of memory
15:45:23.451 [DEBUG] [org.gradle.process.internal.health.memory.MemoryManager] 405915648 memory requested, 0 released, 317935616 free
15:45:23.452 [DEBUG] [org.gradle.process.internal.health.memory.MemoryManager] Emitting JVM memory status event {Maximum: 1572864000, Committed: 163577856}
15:45:24.867 [DEBUG] [org.gradle.launcher.daemon.server.Daemon] DaemonExpirationPeriodicCheck running
15:45:24.867 [DEBUG] [org.gradle.cache.internal.DefaultFileLockManager] Waiting to acquire shared lock on daemon addresses registry.
15:45:24.867 [DEBUG] [org.gradle.cache.internal.DefaultFileLockManager] Lock acquired on daemon addresses registry.
15:45:24.868 [DEBUG] [org.gradle.cache.internal.DefaultFileLockManager] Releasing lock on daemon addresses registry.
15:45:24.868 [DEBUG] [org.gradle.cache.internal.DefaultFileLockManager] Waiting to acquire shared lock on daemon addresses registry.
15:45:24.869 [DEBUG] [org.gradle.cache.internal.DefaultFileLockManager] Lock acquired on daemon addresses registry.
15:45:24.869 [DEBUG] [org.gradle.cache.internal.DefaultFileLockManager] Releasing lock on daemon addresses registry.
15:45:24.869 [DEBUG] [org.gradle.cache.internal.DefaultFileLockManager] Waiting to acquire shared lock on daemon addresses registry.
15:45:24.870 [DEBUG] [org.gradle.cache.internal.DefaultFileLockManager] Lock acquired on daemon addresses registry.
15:45:24.870 [DEBUG] [org.gradle.cache.internal.DefaultFileLockManager] Releasing lock on daemon addresses registry.
15:45:28.452 [DEBUG] [org.gradle.process.internal.health.memory.MemoryManager] Emitting OS memory status event {Total: 4059156480, Free: 324517888}
15:45:28.452 [DEBUG] [org.gradle.launcher.daemon.server.health.LowMemoryDaemonExpirationStrategy] Received memory status update: {Total: 4059156480, Free: 324517888}
15:45:28.452 [DEBUG] [org.gradle.process.internal.health.memory.MemoryManager] 405915648 memory requested, 324517888 free
15:45:28.452 [DEBUG] [org.gradle.workers.internal.WorkerDaemonExpiration] Will attempt to release 387 of memory
15:45:28.452 [DEBUG] [org.gradle.process.internal.health.memory.MemoryManager] 405915648 memory requested, 0 released, 324517888 free
15:45:28.452 [DEBUG] [org.gradle.process.internal.health.memory.MemoryManager] Emitting JVM memory status event {Maximum: 1572864000, Committed: 163577856}
15:45:33.451 [DEBUG] [org.gradle.process.internal.health.memory.MemoryManager] Emitting OS memory status event {Total: 4059156480, Free: 347750400}
15:45:33.452 [DEBUG] [org.gradle.launcher.daemon.server.health.LowMemoryDaemonExpirationStrategy] Received memory status update: {Total: 4059156480, Free: 347750400}
15:45:33.452 [DEBUG] [org.gradle.process.internal.health.memory.MemoryManager] 405915648 memory requested, 347750400 free
15:45:33.452 [DEBUG] [org.gradle.workers.internal.WorkerDaemonExpiration] Will attempt to release 387 of memory
15:45:33.452 [DEBUG] [org.gradle.process.internal.health.memory.MemoryManager] 405915648 memory requested, 0 released, 347750400 free
15:45:33.476 [DEBUG] [org.gradle.process.internal.health.memory.MemoryManager] Emitting JVM memory status event {Maximum: 1572864000, Committed: 163577856}
15:45:34.866 [DEBUG] [org.gradle.launcher.daemon.server.Daemon] DaemonExpirationPeriodicCheck running
15:45:34.867 [DEBUG] [org.gradle.cache.internal.DefaultFileLockManager] Waiting to acquire shared lock on daemon addresses registry.
15:45:34.867 [DEBUG] [org.gradle.cache.internal.DefaultFileLockManager] Lock acquired on daemon addresses registry.
15:45:34.868 [DEBUG] [org.gradle.cache.internal.DefaultFileLockManager] Releasing lock on daemon addresses registry.
15:45:34.868 [DEBUG] [org.gradle.cache.internal.DefaultFileLockManager] Waiting to acquire shared lock on daemon addresses registry.
15:45:34.869 [DEBUG] [org.gradle.cache.internal.DefaultFileLockManager] Lock acquired on daemon addresses registry.
15:45:34.869 [DEBUG] [org.gradle.cache.internal.DefaultFileLockManager] Releasing lock on daemon addresses registry.
15:45:34.869 [DEBUG] [org.gradle.cache.internal.DefaultFileLockManager] Waiting to acquire shared lock on daemon addresses registry.
15:45:34.870 [DEBUG] [org.gradle.cache.internal.DefaultFileLockManager] Lock acquired on daemon addresses registry.
15:45:34.870 [DEBUG] [org.gradle.cache.internal.DefaultFileLockManager] Releasing lock on daemon addresses registry.
15:45:38.452 [DEBUG] [org.gradle.process.internal.health.memory.MemoryManager] Emitting OS memory status event {Total: 4059156480, Free: 349282304}
15:45:38.452 [DEBUG] [org.gradle.launcher.daemon.server.health.LowMemoryDaemonExpirationStrategy] Received memory status update: {Total: 4059156480, Free: 349282304}
15:45:38.452 [DEBUG] [org.gradle.process.internal.health.memory.MemoryManager] 405915648 memory requested, 349282304 free
15:45:38.452 [DEBUG] [org.gradle.workers.internal.WorkerDaemonExpiration] Will attempt to release 387 of memory
15:45:38.452 [DEBUG] [org.gradle.process.internal.health.memory.MemoryManager] 405915648 memory requested, 0 released, 349282304 free
15:45:38.452 [DEBUG] [org.gradle.process.internal.health.memory.MemoryManager] Emitting JVM memory status event {Maximum: 1572864000, Committed: 163577856}
15:45:43.451 [DEBUG] [org.gradle.process.internal.health.memory.MemoryManager] Emitting OS memory status event {Total: 4059156480, Free: 329412608}
15:45:43.451 [DEBUG] [org.gradle.launcher.daemon.server.health.LowMemoryDaemonExpirationStrategy] Received memory status update: {Total: 4059156480, Free: 329412608}
15:45:43.452 [DEBUG] [org.gradle.process.internal.health.memory.MemoryManager] 405915648 memory requested, 329412608 free
15:45:43.452 [DEBUG] [org.gradle.workers.internal.WorkerDaemonExpiration] Will attempt to release 387 of memory
15:45:43.452 [DEBUG] [org.gradle.process.internal.health.memory.MemoryManager] 405915648 memory requested, 0 released, 329412608 free
15:45:43.452 [DEBUG] [org.gradle.process.internal.health.memory.MemoryManager] Emitting JVM memory status event {Maximum: 1572864000, Committed: 163577856}
15:45:44.867 [DEBUG] [org.gradle.launcher.daemon.server.Daemon] DaemonExpirationPeriodicCheck running
15:45:44.867 [DEBUG] [org.gradle.cache.internal.DefaultFileLockManager] Waiting to acquire shared lock on daemon addresses registry.
15:45:44.868 [DEBUG] [org.gradle.cache.internal.DefaultFileLockManager] Lock acquired on daemon addresses registry.
15:45:44.868 [DEBUG] [org.gradle.cache.internal.DefaultFileLockManager] Releasing lock on daemon addresses registry.
15:45:44.869 [DEBUG] [org.gradle.cache.internal.DefaultFileLockManager] Waiting to acquire shared lock on daemon addresses registry.
15:45:44.870 [DEBUG] [org.gradle.cache.internal.DefaultFileLockManager] Lock acquired on daemon addresses registry.
15:45:44.870 [DEBUG] [org.gradle.cache.internal.DefaultFileLockManager] Releasing lock on daemon addresses registry.
15:45:44.870 [DEBUG] [org.gradle.cache.internal.DefaultFileLockManager] Waiting to acquire shared lock on daemon addresses registry.
15:45:44.871 [DEBUG] [org.gradle.cache.internal.DefaultFileLockManager] Lock acquired on daemon addresses registry.
15:45:44.871 [DEBUG] [org.gradle.cache.internal.DefaultFileLockManager] Releasing lock on daemon addresses registry.
15:45:48.452 [DEBUG] [org.gradle.process.internal.health.memory.MemoryManager] Emitting OS memory status event {Total: 4059156480, Free: 273195008}
15:45:48.452 [DEBUG] [org.gradle.launcher.daemon.server.health.LowMemoryDaemonExpirationStrategy] Received memory status update: {Total: 4059156480, Free: 273195008}
15:45:48.499 [DEBUG] [org.gradle.process.internal.health.memory.MemoryManager] 405915648 memory requested, 273195008 free
15:45:48.500 [DEBUG] [org.gradle.workers.internal.WorkerDaemonExpiration] Will attempt to release 387 of memory
15:45:48.500 [DEBUG] [org.gradle.process.internal.health.memory.MemoryManager] 405915648 memory requested, 0 released, 273195008 free
15:45:48.500 [DEBUG] [org.gradle.process.internal.health.memory.MemoryManager] Emitting JVM memory status event {Maximum: 1572864000, Committed: 163577856}
15:45:53.452 [DEBUG] [org.gradle.process.internal.health.memory.MemoryManager] Emitting OS memory status event {Total: 4059156480, Free: 267902976}
15:45:53.452 [DEBUG] [org.gradle.launcher.daemon.server.health.LowMemoryDaemonExpirationStrategy] Received memory status update: {Total: 4059156480, Free: 267902976}
15:45:53.452 [DEBUG] [org.gradle.process.internal.health.memory.MemoryManager] 405915648 memory requested, 267902976 free
15:45:53.452 [DEBUG] [org.gradle.workers.internal.WorkerDaemonExpiration] Will attempt to release 387 of memory
15:45:53.453 [DEBUG] [org.gradle.process.internal.health.memory.MemoryManager] 405915648 memory requested, 0 released, 267902976 free
15:45:53.453 [DEBUG] [org.gradle.process.internal.health.memory.MemoryManager] Emitting JVM memory status event {Maximum: 1572864000, Committed: 163577856}
15:45:54.866 [DEBUG] [org.gradle.launcher.daemon.server.Daemon] DaemonExpirationPeriodicCheck running
15:45:54.867 [DEBUG] [org.gradle.cache.internal.DefaultFileLockManager] Waiting to acquire shared lock on daemon addresses registry.
15:45:54.867 [DEBUG] [org.gradle.cache.internal.DefaultFileLockManager] Lock acquired on daemon addresses registry.
15:45:54.867 [DEBUG] [org.gradle.cache.internal.DefaultFileLockManager] Releasing lock on daemon addresses registry.
15:45:54.867 [DEBUG] [org.gradle.cache.internal.DefaultFileLockManager] Waiting to acquire shared lock on daemon addresses registry.
15:45:54.868 [DEBUG] [org.gradle.cache.internal.DefaultFileLockManager] Lock acquired on daemon addresses registry.
15:45:54.868 [DEBUG] [org.gradle.cache.internal.DefaultFileLockManager] Releasing lock on daemon addresses registry.
15:45:54.868 [DEBUG] [org.gradle.cache.internal.DefaultFileLockManager] Waiting to acquire shared lock on daemon addresses registry.
15:45:54.868 [DEBUG] [org.gradle.cache.internal.DefaultFileLockManager] Lock acquired on daemon addresses registry.
15:45:54.868 [DEBUG] [org.gradle.cache.internal.DefaultFileLockManager] Releasing lock on daemon addresses registry.
15:45:58.451 [DEBUG] [org.gradle.process.internal.health.memory.MemoryManager] Emitting OS memory status event {Total: 4059156480, Free: 289017856}
15:45:58.451 [DEBUG] [org.gradle.launcher.daemon.server.health.LowMemoryDaemonExpirationStrategy] Received memory status update: {Total: 4059156480, Free: 289017856}
15:45:58.451 [DEBUG] [org.gradle.process.internal.health.memory.MemoryManager] 405915648 memory requested, 289017856 free
15:45:58.451 [DEBUG] [org.gradle.workers.internal.WorkerDaemonExpiration] Will attempt to release 387 of memory
15:45:58.451 [DEBUG] [org.gradle.process.internal.health.memory.MemoryManager] 405915648 memory requested, 0 released, 289017856 free
15:45:58.451 [DEBUG] [org.gradle.process.internal.health.memory.MemoryManager] Emitting JVM memory status event {Maximum: 1572864000, Committed: 163577856}
15:46:03.452 [DEBUG] [org.gradle.process.internal.health.memory.MemoryManager] Emitting OS memory status event {Total: 4059156480, Free: 198295552}
15:46:03.452 [DEBUG] [org.gradle.launcher.daemon.server.health.LowMemoryDaemonExpirationStrategy] Received memory status update: {Total: 4059156480, Free: 198295552}
15:46:03.452 [DEBUG] [org.gradle.process.internal.health.memory.MemoryManager] 405915648 memory requested, 198295552 free
15:46:03.452 [DEBUG] [org.gradle.workers.internal.WorkerDaemonExpiration] Will attempt to release 387 of memory
15:46:03.453 [DEBUG] [org.gradle.process.internal.health.memory.MemoryManager] 405915648 memory requested, 0 released, 198295552 free
15:46:03.453 [DEBUG] [org.gradle.process.internal.health.memory.MemoryManager] Emitting JVM memory status event {Maximum: 1572864000, Committed: 163577856}
15:46:04.867 [DEBUG] [org.gradle.launcher.daemon.server.Daemon] DaemonExpirationPeriodicCheck running
15:46:05.091 [DEBUG] [org.gradle.cache.internal.DefaultFileLockManager] Waiting to acquire shared lock on daemon addresses registry.
15:46:05.153 [DEBUG] [org.gradle.cache.internal.DefaultFileLockManager] Lock acquired on daemon addresses registry.
15:46:05.198 [DEBUG] [org.gradle.cache.internal.DefaultFileLockManager] Releasing lock on daemon addresses registry.
15:46:05.199 [DEBUG] [org.gradle.cache.internal.DefaultFileLockManager] Waiting to acquire shared lock on daemon addresses registry.
15:46:05.199 [DEBUG] [org.gradle.cache.internal.DefaultFileLockManager] Lock acquired on daemon addresses registry.
15:46:05.199 [DEBUG] [org.gradle.cache.internal.DefaultFileLockManager] Releasing lock on daemon addresses registry.
15:46:05.200 [DEBUG] [org.gradle.cache.internal.DefaultFileLockManager] Waiting to acquire shared lock on daemon addresses registry.
15:46:05.200 [DEBUG] [org.gradle.cache.internal.DefaultFileLockManager] Lock acquired on daemon addresses registry.
15:46:05.200 [DEBUG] [org.gradle.cache.internal.DefaultFileLockManager] Releasing lock on daemon addresses registry.
15:46:08.451 [DEBUG] [org.gradle.process.internal.health.memory.MemoryManager] Emitting OS memory status event {Total: 4059156480, Free: 293265408}
15:46:08.451 [DEBUG] [org.gradle.launcher.daemon.server.health.LowMemoryDaemonExpirationStrategy] Received memory status update: {Total: 4059156480, Free: 293265408}
15:46:08.451 [DEBUG] [org.gradle.process.internal.health.memory.MemoryManager] 405915648 memory requested, 293265408 free
15:46:08.451 [DEBUG] [org.gradle.workers.internal.WorkerDaemonExpiration] Will attempt to release 387 of memory
15:46:08.451 [DEBUG] [org.gradle.process.internal.health.memory.MemoryManager] 405915648 memory requested, 0 released, 293265408 free
15:46:08.451 [DEBUG] [org.gradle.process.internal.health.memory.MemoryManager] Emitting JVM memory status event {Maximum: 1572864000, Committed: 163577856}
15:46:13.475 [DEBUG] [org.gradle.process.internal.health.memory.MemoryManager] Emitting OS memory status event {Total: 4059156480, Free: 325713920}
15:46:13.476 [DEBUG] [org.gradle.launcher.daemon.server.health.LowMemoryDaemonExpirationStrategy] Received memory status update: {Total: 4059156480, Free: 325713920}
15:46:13.476 [DEBUG] [org.gradle.process.internal.health.memory.MemoryManager] 405915648 memory requested, 325713920 free
15:46:13.476 [DEBUG] [org.gradle.workers.internal.WorkerDaemonExpiration] Will attempt to release 387 of memory
15:46:13.476 [DEBUG] [org.gradle.process.internal.health.memory.MemoryManager] 405915648 memory requested, 0 released, 325713920 free
15:46:13.519 [DEBUG] [org.gradle.process.internal.health.memory.MemoryManager] Emitting JVM memory status event {Maximum: 1572864000, Committed: 163577856}
15:46:14.867 [DEBUG] [org.gradle.launcher.daemon.server.Daemon] DaemonExpirationPeriodicCheck running
15:46:14.919 [DEBUG] [org.gradle.cache.internal.DefaultFileLockManager] Waiting to acquire shared lock on daemon addresses registry.
15:46:14.920 [DEBUG] [org.gradle.cache.internal.DefaultFileLockManager] Lock acquired on daemon addresses registry.
15:46:14.920 [DEBUG] [org.gradle.cache.internal.DefaultFileLockManager] Releasing lock on daemon addresses registry.
15:46:14.921 [DEBUG] [org.gradle.cache.internal.DefaultFileLockManager] Waiting to acquire shared lock on daemon addresses registry.
15:46:14.921 [DEBUG] [org.gradle.cache.internal.DefaultFileLockManager] Lock acquired on daemon addresses registry.
15:46:14.921 [DEBUG] [org.gradle.cache.internal.DefaultFileLockManager] Releasing lock on daemon addresses registry.
15:46:14.922 [DEBUG] [org.gradle.cache.internal.DefaultFileLockManager] Waiting to acquire shared lock on daemon addresses registry.
15:46:14.922 [DEBUG] [org.gradle.cache.internal.DefaultFileLockManager] Lock acquired on daemon addresses registry.
15:46:14.923 [DEBUG] [org.gradle.cache.internal.DefaultFileLockManager] Releasing lock on daemon addresses registry.
15:46:18.452 [DEBUG] [org.gradle.process.internal.health.memory.MemoryManager] Emitting OS memory status event {Total: 4059156480, Free: 326148096}
15:46:18.452 [DEBUG] [org.gradle.launcher.daemon.server.health.LowMemoryDaemonExpirationStrategy] Received memory status update: {Total: 4059156480, Free: 326148096}
15:46:18.452 [DEBUG] [org.gradle.process.internal.health.memory.MemoryManager] 405915648 memory requested, 326148096 free
15:46:18.452 [DEBUG] [org.gradle.workers.internal.WorkerDaemonExpiration] Will attempt to release 387 of memory
15:46:18.452 [DEBUG] [org.gradle.process.internal.health.memory.MemoryManager] 405915648 memory requested, 0 released, 326148096 free
15:46:18.453 [DEBUG] [org.gradle.process.internal.health.memory.MemoryManager] Emitting JVM memory status event {Maximum: 1572864000, Committed: 163577856}
15:46:23.451 [DEBUG] [org.gradle.process.internal.health.memory.MemoryManager] Emitting OS memory status event {Total: 4059156480, Free: 337715200}
15:46:23.452 [DEBUG] [org.gradle.launcher.daemon.server.health.LowMemoryDaemonExpirationStrategy] Received memory status update: {Total: 4059156480, Free: 337715200}
15:46:23.452 [DEBUG] [org.gradle.process.internal.health.memory.MemoryManager] 405915648 memory requested, 337715200 free
15:46:23.452 [DEBUG] [org.gradle.workers.internal.WorkerDaemonExpiration] Will attempt to release 387 of memory
15:46:23.452 [DEBUG] [org.gradle.process.internal.health.memory.MemoryManager] 405915648 memory requested, 0 released, 337715200 free
15:46:23.452 [DEBUG] [org.gradle.process.internal.health.memory.MemoryManager] Emitting JVM memory status event {Maximum: 1572864000, Committed: 163577856}
15:46:24.867 [DEBUG] [org.gradle.launcher.daemon.server.Daemon] DaemonExpirationPeriodicCheck running
15:46:24.912 [DEBUG] [org.gradle.cache.internal.DefaultFileLockManager] Waiting to acquire shared lock on daemon addresses registry.
15:46:24.912 [DEBUG] [org.gradle.cache.internal.DefaultFileLockManager] Lock acquired on daemon addresses registry.
15:46:24.912 [DEBUG] [org.gradle.cache.internal.DefaultFileLockManager] Releasing lock on daemon addresses registry.
15:46:24.912 [DEBUG] [org.gradle.cache.internal.DefaultFileLockManager] Waiting to acquire shared lock on daemon addresses registry.
15:46:24.913 [DEBUG] [org.gradle.cache.internal.DefaultFileLockManager] Lock acquired on daemon addresses registry.
15:46:24.913 [DEBUG] [org.gradle.cache.internal.DefaultFileLockManager] Releasing lock on daemon addresses registry.
15:46:24.913 [DEBUG] [org.gradle.cache.internal.DefaultFileLockManager] Waiting to acquire shared lock on daemon addresses registry.
15:46:24.913 [DEBUG] [org.gradle.cache.internal.DefaultFileLockManager] Lock acquired on daemon addresses registry.
15:46:24.914 [DEBUG] [org.gradle.cache.internal.DefaultFileLockManager] Releasing lock on daemon addresses registry.
15:46:28.534 [DEBUG] [org.gradle.process.internal.health.memory.MemoryManager] Emitting OS memory status event {Total: 4059156480, Free: 343293952}
15:46:28.534 [DEBUG] [org.gradle.launcher.daemon.server.health.LowMemoryDaemonExpirationStrategy] Received memory status update: {Total: 4059156480, Free: 343293952}
15:46:28.534 [DEBUG] [org.gradle.process.internal.health.memory.MemoryManager] 405915648 memory requested, 343293952 free
15:46:28.534 [DEBUG] [org.gradle.workers.internal.WorkerDaemonExpiration] Will attempt to release 387 of memory
15:46:28.534 [DEBUG] [org.gradle.process.internal.health.memory.MemoryManager] 405915648 memory requested, 0 released, 343293952 free
15:46:28.535 [DEBUG] [org.gradle.process.internal.health.memory.MemoryManager] Emitting JVM memory status event {Maximum: 1572864000, Committed: 163577856}
15:46:33.451 [DEBUG] [org.gradle.process.internal.health.memory.MemoryManager] Emitting OS memory status event {Total: 4059156480, Free: 340492288}
15:46:33.451 [DEBUG] [org.gradle.launcher.daemon.server.health.LowMemoryDaemonExpirationStrategy] Received memory status update: {Total: 4059156480, Free: 340492288}
15:46:33.452 [DEBUG] [org.gradle.process.internal.health.memory.MemoryManager] 405915648 memory requested, 340492288 free
15:46:33.452 [DEBUG] [org.gradle.workers.internal.WorkerDaemonExpiration] Will attempt to release 387 of memory
15:46:33.452 [DEBUG] [org.gradle.process.internal.health.memory.MemoryManager] 405915648 memory requested, 0 released, 340492288 free
15:46:33.452 [DEBUG] [org.gradle.process.internal.health.memory.MemoryManager] Emitting JVM memory status event {Maximum: 1572864000, Committed: 163577856}
15:46:34.867 [DEBUG] [org.gradle.launcher.daemon.server.Daemon] DaemonExpirationPeriodicCheck running
15:46:34.867 [DEBUG] [org.gradle.cache.internal.DefaultFileLockManager] Waiting to acquire shared lock on daemon addresses registry.
15:46:34.867 [DEBUG] [org.gradle.cache.internal.DefaultFileLockManager] Lock acquired on daemon addresses registry.
15:46:34.868 [DEBUG] [org.gradle.cache.internal.DefaultFileLockManager] Releasing lock on daemon addresses registry.
15:46:34.868 [DEBUG] [org.gradle.cache.internal.DefaultFileLockManager] Waiting to acquire shared lock on daemon addresses registry.
15:46:34.868 [DEBUG] [org.gradle.cache.internal.DefaultFileLockManager] Lock acquired on daemon addresses registry.
15:46:34.868 [DEBUG] [org.gradle.cache.internal.DefaultFileLockManager] Releasing lock on daemon addresses registry.
15:46:34.869 [DEBUG] [org.gradle.cache.internal.DefaultFileLockManager] Waiting to acquire shared lock on daemon addresses registry.
15:46:34.869 [DEBUG] [org.gradle.cache.internal.DefaultFileLockManager] Lock acquired on daemon addresses registry.
15:46:34.869 [DEBUG] [org.gradle.cache.internal.DefaultFileLockManager] Releasing lock on daemon addresses registry.
15:46:38.452 [DEBUG] [org.gradle.process.internal.health.memory.MemoryManager] Emitting OS memory status event {Total: 4059156480, Free: 340578304}
15:46:38.452 [DEBUG] [org.gradle.launcher.daemon.server.health.LowMemoryDaemonExpirationStrategy] Received memory status update: {Total: 4059156480, Free: 340578304}
15:46:38.452 [DEBUG] [org.gradle.process.internal.health.memory.MemoryManager] 405915648 memory requested, 340578304 free
15:46:38.452 [DEBUG] [org.gradle.workers.internal.WorkerDaemonExpiration] Will attempt to release 387 of memory
15:46:38.452 [DEBUG] [org.gradle.process.internal.health.memory.MemoryManager] 405915648 memory requested, 0 released, 340578304 free
15:46:38.452 [DEBUG] [org.gradle.process.internal.health.memory.MemoryManager] Emitting JVM memory status event {Maximum: 1572864000, Committed: 163577856}
15:46:43.451 [DEBUG] [org.gradle.process.internal.health.memory.MemoryManager] Emitting OS memory status event {Total: 4059156480, Free: 323219456}
15:46:43.451 [DEBUG] [org.gradle.launcher.daemon.server.health.LowMemoryDaemonExpirationStrategy] Received memory status update: {Total: 4059156480, Free: 323219456}
15:46:43.451 [DEBUG] [org.gradle.process.internal.health.memory.MemoryManager] 405915648 memory requested, 323219456 free
15:46:43.451 [DEBUG] [org.gradle.workers.internal.WorkerDaemonExpiration] Will attempt to release 387 of memory
15:46:43.451 [DEBUG] [org.gradle.process.internal.health.memory.MemoryManager] 405915648 memory requested, 0 released, 323219456 free
15:46:43.451 [DEBUG] [org.gradle.process.internal.health.memory.MemoryManager] Emitting JVM memory status event {Maximum: 1572864000, Committed: 163577856}
15:46:44.867 [DEBUG] [org.gradle.launcher.daemon.server.Daemon] DaemonExpirationPeriodicCheck running
15:46:44.867 [DEBUG] [org.gradle.cache.internal.DefaultFileLockManager] Waiting to acquire shared lock on daemon addresses registry.
15:46:44.867 [DEBUG] [org.gradle.cache.internal.DefaultFileLockManager] Lock acquired on daemon addresses registry.
15:46:44.867 [DEBUG] [org.gradle.cache.internal.DefaultFileLockManager] Releasing lock on daemon addresses registry.
15:46:44.868 [DEBUG] [org.gradle.cache.internal.DefaultFileLockManager] Waiting to acquire shared lock on daemon addresses registry.
15:46:44.868 [DEBUG] [org.gradle.cache.internal.DefaultFileLockManager] Lock acquired on daemon addresses registry.
15:46:44.868 [DEBUG] [org.gradle.cache.internal.DefaultFileLockManager] Releasing lock on daemon addresses registry.
15:46:44.868 [DEBUG] [org.gradle.cache.internal.DefaultFileLockManager] Waiting to acquire shared lock on daemon addresses registry.
15:46:44.868 [DEBUG] [org.gradle.cache.internal.DefaultFileLockManager] Lock acquired on daemon addresses registry.
15:46:44.869 [DEBUG] [org.gradle.cache.internal.DefaultFileLockManager] Releasing lock on daemon addresses registry.
15:46:48.452 [DEBUG] [org.gradle.process.internal.health.memory.MemoryManager] Emitting OS memory status event {Total: 4059156480, Free: 313720832}
15:46:48.452 [DEBUG] [org.gradle.launcher.daemon.server.health.LowMemoryDaemonExpirationStrategy] Received memory status update: {Total: 4059156480, Free: 313720832}
15:46:48.452 [DEBUG] [org.gradle.process.internal.health.memory.MemoryManager] 405915648 memory requested, 313720832 free
15:46:48.452 [DEBUG] [org.gradle.workers.internal.WorkerDaemonExpiration] Will attempt to release 387 of memory
15:46:48.452 [DEBUG] [org.gradle.process.internal.health.memory.MemoryManager] 405915648 memory requested, 0 released, 313720832 free
15:46:48.452 [DEBUG] [org.gradle.process.internal.health.memory.MemoryManager] Emitting JVM memory status event {Maximum: 1572864000, Committed: 163577856}
15:46:53.451 [DEBUG] [org.gradle.process.internal.health.memory.MemoryManager] Emitting OS memory status event {Total: 4059156480, Free: 303640576}
15:46:53.451 [DEBUG] [org.gradle.launcher.daemon.server.health.LowMemoryDaemonExpirationStrategy] Received memory status update: {Total: 4059156480, Free: 303640576}
15:46:53.451 [DEBUG] [org.gradle.process.internal.health.memory.MemoryManager] 405915648 memory requested, 303640576 free
15:46:53.451 [DEBUG] [org.gradle.workers.internal.WorkerDaemonExpiration] Will attempt to release 387 of memory
15:46:53.451 [DEBUG] [org.gradle.process.internal.health.memory.MemoryManager] 405915648 memory requested, 0 released, 303640576 free
15:46:53.452 [DEBUG] [org.gradle.process.internal.health.memory.MemoryManager] Emitting JVM memory status event {Maximum: 1572864000, Committed: 163577856}
15:46:54.867 [DEBUG] [org.gradle.launcher.daemon.server.Daemon] DaemonExpirationPeriodicCheck running
15:46:54.867 [DEBUG] [org.gradle.cache.internal.DefaultFileLockManager] Waiting to acquire shared lock on daemon addresses registry.
15:46:54.867 [DEBUG] [org.gradle.cache.internal.DefaultFileLockManager] Lock acquired on daemon addresses registry.
15:46:54.867 [DEBUG] [org.gradle.cache.internal.DefaultFileLockManager] Releasing lock on daemon addresses registry.
15:46:54.867 [DEBUG] [org.gradle.cache.internal.DefaultFileLockManager] Waiting to acquire shared lock on daemon addresses registry.
15:46:54.867 [DEBUG] [org.gradle.cache.internal.DefaultFileLockManager] Lock acquired on daemon addresses registry.
15:46:54.867 [DEBUG] [org.gradle.cache.internal.DefaultFileLockManager] Releasing lock on daemon addresses registry.
15:46:54.868 [DEBUG] [org.gradle.cache.internal.DefaultFileLockManager] Waiting to acquire shared lock on daemon addresses registry.
15:46:54.868 [DEBUG] [org.gradle.cache.internal.DefaultFileLockManager] Lock acquired on daemon addresses registry.
15:46:54.868 [DEBUG] [org.gradle.cache.internal.DefaultFileLockManager] Releasing lock on daemon addresses registry.
15:46:58.452 [DEBUG] [org.gradle.process.internal.health.memory.MemoryManager] Emitting OS memory status event {Total: 4059156480, Free: 274534400}
15:46:58.452 [DEBUG] [org.gradle.launcher.daemon.server.health.LowMemoryDaemonExpirationStrategy] Received memory status update: {Total: 4059156480, Free: 274534400}
15:46:58.452 [DEBUG] [org.gradle.process.internal.health.memory.MemoryManager] 405915648 memory requested, 274534400 free
15:46:58.452 [DEBUG] [org.gradle.workers.internal.WorkerDaemonExpiration] Will attempt to release 387 of memory
15:46:58.452 [DEBUG] [org.gradle.process.internal.health.memory.MemoryManager] 405915648 memory requested, 0 released, 274534400 free
15:46:58.452 [DEBUG] [org.gradle.process.internal.health.memory.MemoryManager] Emitting JVM memory status event {Maximum: 1572864000, Committed: 163577856}
15:47:03.451 [DEBUG] [org.gradle.process.internal.health.memory.MemoryManager] Emitting OS memory status event {Total: 4059156480, Free: 290734080}
15:47:03.451 [DEBUG] [org.gradle.launcher.daemon.server.health.LowMemoryDaemonExpirationStrategy] Received memory status update: {Total: 4059156480, Free: 290734080}
15:47:03.451 [DEBUG] [org.gradle.process.internal.health.memory.MemoryManager] 405915648 memory requested, 290734080 free
15:47:03.451 [DEBUG] [org.gradle.workers.internal.WorkerDaemonExpiration] Will attempt to release 387 of memory
15:47:03.451 [DEBUG] [org.gradle.process.internal.health.memory.MemoryManager] 405915648 memory requested, 0 released, 290734080 free
15:47:03.452 [DEBUG] [org.gradle.process.internal.health.memory.MemoryManager] Emitting JVM memory status event {Maximum: 1572864000, Committed: 163577856}
15:47:04.867 [DEBUG] [org.gradle.launcher.daemon.server.Daemon] DaemonExpirationPeriodicCheck running
15:47:04.867 [DEBUG] [org.gradle.cache.internal.DefaultFileLockManager] Waiting to acquire shared lock on daemon addresses registry.
15:47:04.868 [DEBUG] [org.gradle.cache.internal.DefaultFileLockManager] Lock acquired on daemon addresses registry.
15:47:04.868 [DEBUG] [org.gradle.cache.internal.DefaultFileLockManager] Releasing lock on daemon addresses registry.
15:47:04.868 [DEBUG] [org.gradle.cache.internal.DefaultFileLockManager] Waiting to acquire shared lock on daemon addresses registry.
15:47:04.869 [DEBUG] [org.gradle.cache.internal.DefaultFileLockManager] Lock acquired on daemon addresses registry.
15:47:04.869 [DEBUG] [org.gradle.cache.internal.DefaultFileLockManager] Releasing lock on daemon addresses registry.
15:47:04.870 [DEBUG] [org.gradle.cache.internal.DefaultFileLockManager] Waiting to acquire shared lock on daemon addresses registry.
15:47:04.870 [DEBUG] [org.gradle.cache.internal.DefaultFileLockManager] Lock acquired on daemon addresses registry.
15:47:04.870 [DEBUG] [org.gradle.cache.internal.DefaultFileLockManager] Releasing lock on daemon addresses registry.
15:47:08.452 [DEBUG] [org.gradle.process.internal.health.memory.MemoryManager] Emitting OS memory status event {Total: 4059156480, Free: 291745792}
15:47:08.452 [DEBUG] [org.gradle.launcher.daemon.server.health.LowMemoryDaemonExpirationStrategy] Received memory status update: {Total: 4059156480, Free: 291745792}
15:47:08.452 [DEBUG] [org.gradle.process.internal.health.memory.MemoryManager] 405915648 memory requested, 291745792 free
15:47:08.452 [DEBUG] [org.gradle.workers.internal.WorkerDaemonExpiration] Will attempt to release 387 of memory
15:47:08.452 [DEBUG] [org.gradle.process.internal.health.memory.MemoryManager] 405915648 memory requested, 0 released, 291745792 free
15:47:08.452 [DEBUG] [org.gradle.process.internal.health.memory.MemoryManager] Emitting JVM memory status event {Maximum: 1572864000, Committed: 163577856}
15:47:13.451 [DEBUG] [org.gradle.process.internal.health.memory.MemoryManager] Emitting OS memory status event {Total: 4059156480, Free: 308666368}
15:47:13.452 [DEBUG] [org.gradle.launcher.daemon.server.health.LowMemoryDaemonExpirationStrategy] Received memory status update: {Total: 4059156480, Free: 308666368}
15:47:13.452 [DEBUG] [org.gradle.process.internal.health.memory.MemoryManager] 405915648 memory requested, 308666368 free
15:47:13.452 [DEBUG] [org.gradle.workers.internal.WorkerDaemonExpiration] Will attempt to release 387 of memory
15:47:13.452 [DEBUG] [org.gradle.process.internal.health.memory.MemoryManager] 405915648 memory requested, 0 released, 308666368 free
15:47:13.452 [DEBUG] [org.gradle.process.internal.health.memory.MemoryManager] Emitting JVM memory status event {Maximum: 1572864000, Committed: 163577856}
15:47:14.867 [DEBUG] [org.gradle.launcher.daemon.server.Daemon] DaemonExpirationPeriodicCheck running
15:47:14.867 [DEBUG] [org.gradle.cache.internal.DefaultFileLockManager] Waiting to acquire shared lock on daemon addresses registry.
15:47:14.867 [DEBUG] [org.gradle.cache.internal.DefaultFileLockManager] Lock acquired on daemon addresses registry.
15:47:14.867 [DEBUG] [org.gradle.cache.internal.DefaultFileLockManager] Releasing lock on daemon addresses registry.
15:47:14.868 [DEBUG] [org.gradle.cache.internal.DefaultFileLockManager] Waiting to acquire shared lock on daemon addresses registry.
15:47:14.868 [DEBUG] [org.gradle.cache.internal.DefaultFileLockManager] Lock acquired on daemon addresses registry.
15:47:14.868 [DEBUG] [org.gradle.cache.internal.DefaultFileLockManager] Releasing lock on daemon addresses registry.
15:47:14.868 [DEBUG] [org.gradle.cache.internal.DefaultFileLockManager] Waiting to acquire shared lock on daemon addresses registry.
15:47:14.868 [DEBUG] [org.gradle.cache.internal.DefaultFileLockManager] Lock acquired on daemon addresses registry.
15:47:14.868 [DEBUG] [org.gradle.cache.internal.DefaultFileLockManager] Releasing lock on daemon addresses registry.
15:47:18.481 [DEBUG] [org.gradle.process.internal.health.memory.MemoryManager] Emitting OS memory status event {Total: 4059156480, Free: 260591616}
15:47:18.481 [DEBUG] [org.gradle.launcher.daemon.server.health.LowMemoryDaemonExpirationStrategy] Received memory status update: {Total: 4059156480, Free: 260591616}
15:47:18.481 [DEBUG] [org.gradle.process.internal.health.memory.MemoryManager] 405915648 memory requested, 260591616 free
15:47:18.482 [DEBUG] [org.gradle.workers.internal.WorkerDaemonExpiration] Will attempt to release 387 of memory
15:47:18.482 [DEBUG] [org.gradle.process.internal.health.memory.MemoryManager] 405915648 memory requested, 0 released, 260591616 free
15:47:18.482 [DEBUG] [org.gradle.process.internal.health.memory.MemoryManager] Emitting JVM memory status event {Maximum: 1572864000, Committed: 163577856}
15:47:23.451 [DEBUG] [org.gradle.process.internal.health.memory.MemoryManager] Emitting OS memory status event {Total: 4059156480, Free: 275324928}
15:47:23.451 [DEBUG] [org.gradle.launcher.daemon.server.health.LowMemoryDaemonExpirationStrategy] Received memory status update: {Total: 4059156480, Free: 275324928}
15:47:23.451 [DEBUG] [org.gradle.process.internal.health.memory.MemoryManager] 405915648 memory requested, 275324928 free
15:47:23.451 [DEBUG] [org.gradle.workers.internal.WorkerDaemonExpiration] Will attempt to release 387 of memory
15:47:23.451 [DEBUG] [org.gradle.process.internal.health.memory.MemoryManager] 405915648 memory requested, 0 released, 275324928 free
15:47:23.451 [DEBUG] [org.gradle.process.internal.health.memory.MemoryManager] Emitting JVM memory status event {Maximum: 1572864000, Committed: 163577856}
15:47:24.867 [DEBUG] [org.gradle.launcher.daemon.server.Daemon] DaemonExpirationPeriodicCheck running
15:47:24.867 [DEBUG] [org.gradle.cache.internal.DefaultFileLockManager] Waiting to acquire shared lock on daemon addresses registry.
15:47:24.867 [DEBUG] [org.gradle.cache.internal.DefaultFileLockManager] Lock acquired on daemon addresses registry.
15:47:24.868 [DEBUG] [org.gradle.cache.internal.DefaultFileLockManager] Releasing lock on daemon addresses registry.
15:47:24.868 [DEBUG] [org.gradle.cache.internal.DefaultFileLockManager] Waiting to acquire shared lock on daemon addresses registry.
15:47:24.868 [DEBUG] [org.gradle.cache.internal.DefaultFileLockManager] Lock acquired on daemon addresses registry.
15:47:24.869 [DEBUG] [org.gradle.cache.internal.DefaultFileLockManager] Releasing lock on daemon addresses registry.
15:47:24.869 [DEBUG] [org.gradle.cache.internal.DefaultFileLockManager] Waiting to acquire shared lock on daemon addresses registry.
15:47:24.869 [DEBUG] [org.gradle.cache.internal.DefaultFileLockManager] Lock acquired on daemon addresses registry.
15:47:24.870 [DEBUG] [org.gradle.cache.internal.DefaultFileLockManager] Releasing lock on daemon addresses registry.
15:47:28.452 [DEBUG] [org.gradle.process.internal.health.memory.MemoryManager] Emitting OS memory status event {Total: 4059156480, Free: 292925440}
15:47:28.452 [DEBUG] [org.gradle.launcher.daemon.server.health.LowMemoryDaemonExpirationStrategy] Received memory status update: {Total: 4059156480, Free: 292925440}
15:47:28.452 [DEBUG] [org.gradle.process.internal.health.memory.MemoryManager] 405915648 memory requested, 292925440 free
15:47:28.452 [DEBUG] [org.gradle.workers.internal.WorkerDaemonExpiration] Will attempt to release 387 of memory
15:47:28.452 [DEBUG] [org.gradle.process.internal.health.memory.MemoryManager] 405915648 memory requested, 0 released, 292925440 free
15:47:28.453 [DEBUG] [org.gradle.process.internal.health.memory.MemoryManager] Emitting JVM memory status event {Maximum: 1572864000, Committed: 163577856}
15:47:33.451 [DEBUG] [org.gradle.process.internal.health.memory.MemoryManager] Emitting OS memory status event {Total: 4059156480, Free: 276312064}
15:47:33.451 [DEBUG] [org.gradle.launcher.daemon.server.health.LowMemoryDaemonExpirationStrategy] Received memory status update: {Total: 4059156480, Free: 276312064}
15:47:33.452 [DEBUG] [org.gradle.process.internal.health.memory.MemoryManager] 405915648 memory requested, 276312064 free
15:47:33.452 [DEBUG] [org.gradle.workers.internal.WorkerDaemonExpiration] Will attempt to release 387 of memory
15:47:33.452 [DEBUG] [org.gradle.process.internal.health.memory.MemoryManager] 405915648 memory requested, 0 released, 276312064 free
15:47:33.452 [DEBUG] [org.gradle.process.internal.health.memory.MemoryManager] Emitting JVM memory status event {Maximum: 1572864000, Committed: 163577856}
15:47:34.867 [DEBUG] [org.gradle.launcher.daemon.server.Daemon] DaemonExpirationPeriodicCheck running
15:47:34.867 [DEBUG] [org.gradle.cache.internal.DefaultFileLockManager] Waiting to acquire shared lock on daemon addresses registry.
15:47:34.868 [DEBUG] [org.gradle.cache.internal.DefaultFileLockManager] Lock acquired on daemon addresses registry.
15:47:34.868 [DEBUG] [org.gradle.cache.internal.DefaultFileLockManager] Releasing lock on daemon addresses registry.
15:47:34.869 [DEBUG] [org.gradle.cache.internal.DefaultFileLockManager] Waiting to acquire shared lock on daemon addresses registry.
15:47:34.869 [DEBUG] [org.gradle.cache.internal.DefaultFileLockManager] Lock acquired on daemon addresses registry.
15:47:34.869 [DEBUG] [org.gradle.cache.internal.DefaultFileLockManager] Releasing lock on daemon addresses registry.
15:47:34.869 [DEBUG] [org.gradle.cache.internal.DefaultFileLockManager] Waiting to acquire shared lock on daemon addresses registry.
15:47:34.870 [DEBUG] [org.gradle.cache.internal.DefaultFileLockManager] Lock acquired on daemon addresses registry.
15:47:34.870 [DEBUG] [org.gradle.cache.internal.DefaultFileLockManager] Releasing lock on daemon addresses registry.
15:47:38.451 [DEBUG] [org.gradle.process.internal.health.memory.MemoryManager] Emitting OS memory status event {Total: 4059156480, Free: 266686464}
15:47:38.452 [DEBUG] [org.gradle.launcher.daemon.server.health.LowMemoryDaemonExpirationStrategy] Received memory status update: {Total: 4059156480, Free: 266686464}
15:47:38.452 [DEBUG] [org.gradle.process.internal.health.memory.MemoryManager] 405915648 memory requested, 266686464 free
15:47:38.452 [DEBUG] [org.gradle.workers.internal.WorkerDaemonExpiration] Will attempt to release 387 of memory
15:47:38.452 [DEBUG] [org.gradle.process.internal.health.memory.MemoryManager] 405915648 memory requested, 0 released, 266686464 free
15:47:38.452 [DEBUG] [org.gradle.process.internal.health.memory.MemoryManager] Emitting JVM memory status event {Maximum: 1572864000, Committed: 163577856}
15:47:43.451 [DEBUG] [org.gradle.process.internal.health.memory.MemoryManager] Emitting OS memory status event {Total: 4059156480, Free: 253988864}
15:47:43.452 [DEBUG] [org.gradle.launcher.daemon.server.health.LowMemoryDaemonExpirationStrategy] Received memory status update: {Total: 4059156480, Free: 253988864}
15:47:43.452 [DEBUG] [org.gradle.process.internal.health.memory.MemoryManager] 405915648 memory requested, 253988864 free
15:47:43.452 [DEBUG] [org.gradle.workers.internal.WorkerDaemonExpiration] Will attempt to release 387 of memory
15:47:43.452 [DEBUG] [org.gradle.process.internal.health.memory.MemoryManager] 405915648 memory requested, 0 released, 253988864 free
15:47:43.452 [DEBUG] [org.gradle.process.internal.health.memory.MemoryManager] Emitting JVM memory status event {Maximum: 1572864000, Committed: 163577856}
15:47:44.867 [DEBUG] [org.gradle.launcher.daemon.server.Daemon] DaemonExpirationPeriodicCheck running
15:47:44.868 [DEBUG] [org.gradle.cache.internal.DefaultFileLockManager] Waiting to acquire shared lock on daemon addresses registry.
15:47:44.868 [DEBUG] [org.gradle.cache.internal.DefaultFileLockManager] Lock acquired on daemon addresses registry.
15:47:44.868 [DEBUG] [org.gradle.cache.internal.DefaultFileLockManager] Releasing lock on daemon addresses registry.
15:47:44.869 [DEBUG] [org.gradle.cache.internal.DefaultFileLockManager] Waiting to acquire shared lock on daemon addresses registry.
15:47:44.869 [DEBUG] [org.gradle.cache.internal.DefaultFileLockManager] Lock acquired on daemon addresses registry.
15:47:44.869 [DEBUG] [org.gradle.cache.internal.DefaultFileLockManager] Releasing lock on daemon addresses registry.
15:47:44.869 [DEBUG] [org.gradle.cache.internal.DefaultFileLockManager] Waiting to acquire shared lock on daemon addresses registry.
15:47:44.870 [DEBUG] [org.gradle.cache.internal.DefaultFileLockManager] Lock acquired on daemon addresses registry.
15:47:44.870 [DEBUG] [org.gradle.cache.internal.DefaultFileLockManager] Releasing lock on daemon addresses registry.
15:47:48.452 [DEBUG] [org.gradle.process.internal.health.memory.MemoryManager] Emitting OS memory status event {Total: 4059156480, Free: 301457408}
15:47:48.452 [DEBUG] [org.gradle.launcher.daemon.server.health.LowMemoryDaemonExpirationStrategy] Received memory status update: {Total: 4059156480, Free: 301457408}
15:47:48.452 [DEBUG] [org.gradle.process.internal.health.memory.MemoryManager] 405915648 memory requested, 301457408 free
15:47:48.452 [DEBUG] [org.gradle.workers.internal.WorkerDaemonExpiration] Will attempt to release 387 of memory
15:47:48.452 [DEBUG] [org.gradle.process.internal.health.memory.MemoryManager] 405915648 memory requested, 0 released, 301457408 free
15:47:48.452 [DEBUG] [org.gradle.process.internal.health.memory.MemoryManager] Emitting JVM memory status event {Maximum: 1572864000, Committed: 163577856}
15:47:53.451 [DEBUG] [org.gradle.process.internal.health.memory.MemoryManager] Emitting OS memory status event {Total: 4059156480, Free: 336363520}
15:47:53.451 [DEBUG] [org.gradle.launcher.daemon.server.health.LowMemoryDaemonExpirationStrategy] Received memory status update: {Total: 4059156480, Free: 336363520}
15:47:53.451 [DEBUG] [org.gradle.process.internal.health.memory.MemoryManager] 405915648 memory requested, 336363520 free
15:47:53.451 [DEBUG] [org.gradle.workers.internal.WorkerDaemonExpiration] Will attempt to release 387 of memory
15:47:53.451 [DEBUG] [org.gradle.process.internal.health.memory.MemoryManager] 405915648 memory requested, 0 released, 336363520 free
15:47:53.451 [DEBUG] [org.gradle.process.internal.health.memory.MemoryManager] Emitting JVM memory status event {Maximum: 1572864000, Committed: 163577856}
15:47:54.867 [DEBUG] [org.gradle.launcher.daemon.server.Daemon] DaemonExpirationPeriodicCheck running
15:47:54.867 [DEBUG] [org.gradle.cache.internal.DefaultFileLockManager] Waiting to acquire shared lock on daemon addresses registry.
15:47:54.868 [DEBUG] [org.gradle.cache.internal.DefaultFileLockManager] Lock acquired on daemon addresses registry.
15:47:54.868 [DEBUG] [org.gradle.cache.internal.DefaultFileLockManager] Releasing lock on daemon addresses registry.
15:47:54.868 [DEBUG] [org.gradle.cache.internal.DefaultFileLockManager] Waiting to acquire shared lock on daemon addresses registry.
15:47:54.869 [DEBUG] [org.gradle.cache.internal.DefaultFileLockManager] Lock acquired on daemon addresses registry.
15:47:54.869 [DEBUG] [org.gradle.cache.internal.DefaultFileLockManager] Releasing lock on daemon addresses registry.
15:47:54.869 [DEBUG] [org.gradle.cache.internal.DefaultFileLockManager] Waiting to acquire shared lock on daemon addresses registry.
15:47:54.870 [DEBUG] [org.gradle.cache.internal.DefaultFileLockManager] Lock acquired on daemon addresses registry.
15:47:54.870 [DEBUG] [org.gradle.cache.internal.DefaultFileLockManager] Releasing lock on daemon addresses registry.
15:47:58.452 [DEBUG] [org.gradle.process.internal.health.memory.MemoryManager] Emitting OS memory status event {Total: 4059156480, Free: 336863232}
15:47:58.452 [DEBUG] [org.gradle.launcher.daemon.server.health.LowMemoryDaemonExpirationStrategy] Received memory status update: {Total: 4059156480, Free: 336863232}
15:47:58.452 [DEBUG] [org.gradle.process.internal.health.memory.MemoryManager] 405915648 memory requested, 336863232 free
15:47:58.452 [DEBUG] [org.gradle.workers.internal.WorkerDaemonExpiration] Will attempt to release 387 of memory
15:47:58.452 [DEBUG] [org.gradle.process.internal.health.memory.MemoryManager] 405915648 memory requested, 0 released, 336863232 free
15:47:58.452 [DEBUG] [org.gradle.process.internal.health.memory.MemoryManager] Emitting JVM memory status event {Maximum: 1572864000, Committed: 163577856}
15:48:03.451 [DEBUG] [org.gradle.process.internal.health.memory.MemoryManager] Emitting OS memory status event {Total: 4059156480, Free: 325865472}
15:48:03.452 [DEBUG] [org.gradle.launcher.daemon.server.health.LowMemoryDaemonExpirationStrategy] Received memory status update: {Total: 4059156480, Free: 325865472}
15:48:03.452 [DEBUG] [org.gradle.process.internal.health.memory.MemoryManager] 405915648 memory requested, 325865472 free
15:48:03.452 [DEBUG] [org.gradle.workers.internal.WorkerDaemonExpiration] Will attempt to release 387 of memory
15:48:03.452 [DEBUG] [org.gradle.process.internal.health.memory.MemoryManager] 405915648 memory requested, 0 released, 325865472 free
15:48:03.452 [DEBUG] [org.gradle.process.internal.health.memory.MemoryManager] Emitting JVM memory status event {Maximum: 1572864000, Committed: 163577856}
15:48:04.867 [DEBUG] [org.gradle.launcher.daemon.server.Daemon] DaemonExpirationPeriodicCheck running
15:48:04.867 [DEBUG] [org.gradle.cache.internal.DefaultFileLockManager] Waiting to acquire shared lock on daemon addresses registry.
15:48:04.867 [DEBUG] [org.gradle.cache.internal.DefaultFileLockManager] Lock acquired on daemon addresses registry.
15:48:04.867 [DEBUG] [org.gradle.cache.internal.DefaultFileLockManager] Releasing lock on daemon addresses registry.
15:48:04.868 [DEBUG] [org.gradle.cache.internal.DefaultFileLockManager] Waiting to acquire shared lock on daemon addresses registry.
15:48:04.868 [DEBUG] [org.gradle.cache.internal.DefaultFileLockManager] Lock acquired on daemon addresses registry.
15:48:04.868 [DEBUG] [org.gradle.cache.internal.DefaultFileLockManager] Releasing lock on daemon addresses registry.
15:48:04.868 [DEBUG] [org.gradle.cache.internal.DefaultFileLockManager] Waiting to acquire shared lock on daemon addresses registry.
15:48:04.868 [DEBUG] [org.gradle.cache.internal.DefaultFileLockManager] Lock acquired on daemon addresses registry.
15:48:04.868 [DEBUG] [org.gradle.cache.internal.DefaultFileLockManager] Releasing lock on daemon addresses registry.
15:48:08.451 [DEBUG] [org.gradle.process.internal.health.memory.MemoryManager] Emitting OS memory status event {Total: 4059156480, Free: 318930944}
15:48:08.451 [DEBUG] [org.gradle.launcher.daemon.server.health.LowMemoryDaemonExpirationStrategy] Received memory status update: {Total: 4059156480, Free: 318930944}
15:48:08.451 [DEBUG] [org.gradle.process.internal.health.memory.MemoryManager] 405915648 memory requested, 318930944 free
15:48:08.452 [DEBUG] [org.gradle.workers.internal.WorkerDaemonExpiration] Will attempt to release 387 of memory
15:48:08.452 [DEBUG] [org.gradle.process.internal.health.memory.MemoryManager] 405915648 memory requested, 0 released, 318930944 free
15:48:08.452 [DEBUG] [org.gradle.process.internal.health.memory.MemoryManager] Emitting JVM memory status event {Maximum: 1572864000, Committed: 163577856}
15:48:13.451 [DEBUG] [org.gradle.process.internal.health.memory.MemoryManager] Emitting OS memory status event {Total: 4059156480, Free: 312348672}
15:48:13.451 [DEBUG] [org.gradle.launcher.daemon.server.health.LowMemoryDaemonExpirationStrategy] Received memory status update: {Total: 4059156480, Free: 312348672}
15:48:13.452 [DEBUG] [org.gradle.process.internal.health.memory.MemoryManager] 405915648 memory requested, 312348672 free
15:48:13.452 [DEBUG] [org.gradle.workers.internal.WorkerDaemonExpiration] Will attempt to release 387 of memory
15:48:13.452 [DEBUG] [org.gradle.process.internal.health.memory.MemoryManager] 405915648 memory requested, 0 released, 312348672 free
15:48:13.452 [DEBUG] [org.gradle.process.internal.health.memory.MemoryManager] Emitting JVM memory status event {Maximum: 1572864000, Committed: 163577856}
15:48:14.867 [DEBUG] [org.gradle.launcher.daemon.server.Daemon] DaemonExpirationPeriodicCheck running
15:48:14.867 [DEBUG] [org.gradle.cache.internal.DefaultFileLockManager] Waiting to acquire shared lock on daemon addresses registry.
15:48:14.867 [DEBUG] [org.gradle.cache.internal.DefaultFileLockManager] Lock acquired on daemon addresses registry.
15:48:14.867 [DEBUG] [org.gradle.cache.internal.DefaultFileLockManager] Releasing lock on daemon addresses registry.
15:48:14.868 [DEBUG] [org.gradle.cache.internal.DefaultFileLockManager] Waiting to acquire shared lock on daemon addresses registry.
15:48:14.868 [DEBUG] [org.gradle.cache.internal.DefaultFileLockManager] Lock acquired on daemon addresses registry.
15:48:14.868 [DEBUG] [org.gradle.cache.internal.DefaultFileLockManager] Releasing lock on daemon addresses registry.
15:48:14.868 [DEBUG] [org.gradle.cache.internal.DefaultFileLockManager] Waiting to acquire shared lock on daemon addresses registry.
15:48:14.868 [DEBUG] [org.gradle.cache.internal.DefaultFileLockManager] Lock acquired on daemon addresses registry.
15:48:14.868 [DEBUG] [org.gradle.cache.internal.DefaultFileLockManager] Releasing lock on daemon addresses registry.
15:48:18.466 [DEBUG] [org.gradle.process.internal.health.memory.MemoryManager] Emitting OS memory status event {Total: 4059156480, Free: 351735808}
15:48:18.466 [DEBUG] [org.gradle.launcher.daemon.server.health.LowMemoryDaemonExpirationStrategy] Received memory status update: {Total: 4059156480, Free: 351735808}
15:48:18.467 [DEBUG] [org.gradle.process.internal.health.memory.MemoryManager] 405915648 memory requested, 351735808 free
15:48:18.467 [DEBUG] [org.gradle.workers.internal.WorkerDaemonExpiration] Will attempt to release 387 of memory
15:48:18.467 [DEBUG] [org.gradle.process.internal.health.memory.MemoryManager] 405915648 memory requested, 0 released, 351735808 free
15:48:18.467 [DEBUG] [org.gradle.process.internal.health.memory.MemoryManager] Emitting JVM memory status event {Maximum: 1572864000, Committed: 163577856}
15:48:23.451 [DEBUG] [org.gradle.process.internal.health.memory.MemoryManager] Emitting OS memory status event {Total: 4059156480, Free: 384835584}
15:48:23.451 [DEBUG] [org.gradle.launcher.daemon.server.health.LowMemoryDaemonExpirationStrategy] Received memory status update: {Total: 4059156480, Free: 384835584}
15:48:23.451 [DEBUG] [org.gradle.process.internal.health.memory.MemoryManager] 405915648 memory requested, 384835584 free
15:48:23.451 [DEBUG] [org.gradle.workers.internal.WorkerDaemonExpiration] Will attempt to release 387 of memory
15:48:23.451 [DEBUG] [org.gradle.process.internal.health.memory.MemoryManager] 405915648 memory requested, 0 released, 384835584 free
15:48:23.452 [DEBUG] [org.gradle.process.internal.health.memory.MemoryManager] Emitting JVM memory status event {Maximum: 1572864000, Committed: 163577856}
15:48:24.867 [DEBUG] [org.gradle.launcher.daemon.server.Daemon] DaemonExpirationPeriodicCheck running
15:48:24.867 [DEBUG] [org.gradle.cache.internal.DefaultFileLockManager] Waiting to acquire shared lock on daemon addresses registry.
15:48:24.868 [DEBUG] [org.gradle.cache.internal.DefaultFileLockManager] Lock acquired on daemon addresses registry.
15:48:24.868 [DEBUG] [org.gradle.cache.internal.DefaultFileLockManager] Releasing lock on daemon addresses registry.
15:48:24.868 [DEBUG] [org.gradle.cache.internal.DefaultFileLockManager] Waiting to acquire shared lock on daemon addresses registry.
15:48:24.869 [DEBUG] [org.gradle.cache.internal.DefaultFileLockManager] Lock acquired on daemon addresses registry.
15:48:24.869 [DEBUG] [org.gradle.cache.internal.DefaultFileLockManager] Releasing lock on daemon addresses registry.
15:48:24.869 [DEBUG] [org.gradle.cache.internal.DefaultFileLockManager] Waiting to acquire shared lock on daemon addresses registry.
15:48:24.870 [DEBUG] [org.gradle.cache.internal.DefaultFileLockManager] Lock acquired on daemon addresses registry.
15:48:24.870 [DEBUG] [org.gradle.cache.internal.DefaultFileLockManager] Releasing lock on daemon addresses registry.
15:48:28.451 [DEBUG] [org.gradle.process.internal.health.memory.MemoryManager] Emitting OS memory status event {Total: 4059156480, Free: 318185472}
15:48:28.451 [DEBUG] [org.gradle.launcher.daemon.server.health.LowMemoryDaemonExpirationStrategy] Received memory status update: {Total: 4059156480, Free: 318185472}
15:48:28.451 [DEBUG] [org.gradle.process.internal.health.memory.MemoryManager] 405915648 memory requested, 318185472 free
15:48:28.451 [DEBUG] [org.gradle.workers.internal.WorkerDaemonExpiration] Will attempt to release 387 of memory
15:48:28.451 [DEBUG] [org.gradle.process.internal.health.memory.MemoryManager] 405915648 memory requested, 0 released, 318185472 free
15:48:28.451 [DEBUG] [org.gradle.process.internal.health.memory.MemoryManager] Emitting JVM memory status event {Maximum: 1572864000, Committed: 163577856}
15:48:33.451 [DEBUG] [org.gradle.process.internal.health.memory.MemoryManager] Emitting OS memory status event {Total: 4059156480, Free: 266285056}
15:48:33.451 [DEBUG] [org.gradle.launcher.daemon.server.health.LowMemoryDaemonExpirationStrategy] Received memory status update: {Total: 4059156480, Free: 266285056}
15:48:33.452 [DEBUG] [org.gradle.process.internal.health.memory.MemoryManager] 405915648 memory requested, 266285056 free
15:48:33.452 [DEBUG] [org.gradle.workers.internal.WorkerDaemonExpiration] Will attempt to release 387 of memory
15:48:33.452 [DEBUG] [org.gradle.process.internal.health.memory.MemoryManager] 405915648 memory requested, 0 released, 266285056 free
15:48:33.452 [DEBUG] [org.gradle.process.internal.health.memory.MemoryManager] Emitting JVM memory status event {Maximum: 1572864000, Committed: 163577856}
15:48:34.867 [DEBUG] [org.gradle.launcher.daemon.server.Daemon] DaemonExpirationPeriodicCheck running
15:48:34.867 [DEBUG] [org.gradle.cache.internal.DefaultFileLockManager] Waiting to acquire shared lock on daemon addresses registry.
15:48:34.867 [DEBUG] [org.gradle.cache.internal.DefaultFileLockManager] Lock acquired on daemon addresses registry.
15:48:34.867 [DEBUG] [org.gradle.cache.internal.DefaultFileLockManager] Releasing lock on daemon addresses registry.
15:48:34.867 [DEBUG] [org.gradle.cache.internal.DefaultFileLockManager] Waiting to acquire shared lock on daemon addresses registry.
15:48:34.867 [DEBUG] [org.gradle.cache.internal.DefaultFileLockManager] Lock acquired on daemon addresses registry.
15:48:34.868 [DEBUG] [org.gradle.cache.internal.DefaultFileLockManager] Releasing lock on daemon addresses registry.
15:48:34.868 [DEBUG] [org.gradle.cache.internal.DefaultFileLockManager] Waiting to acquire shared lock on daemon addresses registry.
15:48:34.868 [DEBUG] [org.gradle.cache.internal.DefaultFileLockManager] Lock acquired on daemon addresses registry.
15:48:34.868 [DEBUG] [org.gradle.cache.internal.DefaultFileLockManager] Releasing lock on daemon addresses registry.
15:48:38.452 [DEBUG] [org.gradle.process.internal.health.memory.MemoryManager] Emitting OS memory status event {Total: 4059156480, Free: 267476992}
15:48:38.452 [DEBUG] [org.gradle.launcher.daemon.server.health.LowMemoryDaemonExpirationStrategy] Received memory status update: {Total: 4059156480, Free: 267476992}
15:48:38.452 [DEBUG] [org.gradle.process.internal.health.memory.MemoryManager] 405915648 memory requested, 267476992 free
15:48:38.452 [DEBUG] [org.gradle.workers.internal.WorkerDaemonExpiration] Will attempt to release 387 of memory
15:48:38.452 [DEBUG] [org.gradle.process.internal.health.memory.MemoryManager] 405915648 memory requested, 0 released, 267476992 free
15:48:38.452 [DEBUG] [org.gradle.process.internal.health.memory.MemoryManager] Emitting JVM memory status event {Maximum: 1572864000, Committed: 163577856}
15:48:43.451 [DEBUG] [org.gradle.process.internal.health.memory.MemoryManager] Emitting OS memory status event {Total: 4059156480, Free: 209829888}
15:48:43.451 [DEBUG] [org.gradle.launcher.daemon.server.health.LowMemoryDaemonExpirationStrategy] Received memory status update: {Total: 4059156480, Free: 209829888}
15:48:43.452 [DEBUG] [org.gradle.process.internal.health.memory.MemoryManager] 405915648 memory requested, 209829888 free
15:48:43.452 [DEBUG] [org.gradle.workers.internal.WorkerDaemonExpiration] Will attempt to release 387 of memory
15:48:43.452 [DEBUG] [org.gradle.process.internal.health.memory.MemoryManager] 405915648 memory requested, 0 released, 209829888 free
15:48:43.452 [DEBUG] [org.gradle.process.internal.health.memory.MemoryManager] Emitting JVM memory status event {Maximum: 1572864000, Committed: 163577856}
15:48:44.866 [DEBUG] [org.gradle.launcher.daemon.server.Daemon] DaemonExpirationPeriodicCheck running
15:48:44.867 [DEBUG] [org.gradle.cache.internal.DefaultFileLockManager] Waiting to acquire shared lock on daemon addresses registry.
15:48:44.867 [DEBUG] [org.gradle.cache.internal.DefaultFileLockManager] Lock acquired on daemon addresses registry.
15:48:44.867 [DEBUG] [org.gradle.cache.internal.DefaultFileLockManager] Releasing lock on daemon addresses registry.
15:48:44.868 [DEBUG] [org.gradle.cache.internal.DefaultFileLockManager] Waiting to acquire shared lock on daemon addresses registry.
15:48:44.868 [DEBUG] [org.gradle.cache.internal.DefaultFileLockManager] Lock acquired on daemon addresses registry.
15:48:44.868 [DEBUG] [org.gradle.cache.internal.DefaultFileLockManager] Releasing lock on daemon addresses registry.
15:48:44.868 [DEBUG] [org.gradle.cache.internal.DefaultFileLockManager] Waiting to acquire shared lock on daemon addresses registry.
15:48:44.868 [DEBUG] [org.gradle.cache.internal.DefaultFileLockManager] Lock acquired on daemon addresses registry.
15:48:44.868 [DEBUG] [org.gradle.cache.internal.DefaultFileLockManager] Releasing lock on daemon addresses registry.
15:48:48.452 [DEBUG] [org.gradle.process.internal.health.memory.MemoryManager] Emitting OS memory status event {Total: 4059156480, Free: 227606528}
15:48:48.452 [DEBUG] [org.gradle.launcher.daemon.server.health.LowMemoryDaemonExpirationStrategy] Received memory status update: {Total: 4059156480, Free: 227606528}
15:48:48.452 [DEBUG] [org.gradle.process.internal.health.memory.MemoryManager] 405915648 memory requested, 227606528 free
15:48:48.452 [DEBUG] [org.gradle.workers.internal.WorkerDaemonExpiration] Will attempt to release 387 of memory
15:48:48.452 [DEBUG] [org.gradle.process.internal.health.memory.MemoryManager] 405915648 memory requested, 0 released, 227606528 free
15:48:48.452 [DEBUG] [org.gradle.process.internal.health.memory.MemoryManager] Emitting JVM memory status event {Maximum: 1572864000, Committed: 163577856}
15:48:53.504 [DEBUG] [org.gradle.process.internal.health.memory.MemoryManager] Emitting OS memory status event {Total: 4059156480, Free: 220299264}
15:48:53.504 [DEBUG] [org.gradle.launcher.daemon.server.health.LowMemoryDaemonExpirationStrategy] Received memory status update: {Total: 4059156480, Free: 220299264}
15:48:53.504 [DEBUG] [org.gradle.process.internal.health.memory.MemoryManager] 405915648 memory requested, 220299264 free
15:48:53.505 [DEBUG] [org.gradle.workers.internal.WorkerDaemonExpiration] Will attempt to release 387 of memory
15:48:53.505 [DEBUG] [org.gradle.process.internal.health.memory.MemoryManager] 405915648 memory requested, 0 released, 220299264 free
15:48:53.505 [DEBUG] [org.gradle.process.internal.health.memory.MemoryManager] Emitting JVM memory status event {Maximum: 1572864000, Committed: 163577856}
15:48:54.867 [DEBUG] [org.gradle.launcher.daemon.server.Daemon] DaemonExpirationPeriodicCheck running
15:48:54.895 [DEBUG] [org.gradle.cache.internal.DefaultFileLockManager] Waiting to acquire shared lock on daemon addresses registry.
15:48:54.896 [DEBUG] [org.gradle.cache.internal.DefaultFileLockManager] Lock acquired on daemon addresses registry.
15:48:54.896 [DEBUG] [org.gradle.cache.internal.DefaultFileLockManager] Releasing lock on daemon addresses registry.
15:48:54.897 [DEBUG] [org.gradle.cache.internal.DefaultFileLockManager] Waiting to acquire shared lock on daemon addresses registry.
15:48:54.897 [DEBUG] [org.gradle.cache.internal.DefaultFileLockManager] Lock acquired on daemon addresses registry.
15:48:54.897 [DEBUG] [org.gradle.cache.internal.DefaultFileLockManager] Releasing lock on daemon addresses registry.
15:48:54.897 [DEBUG] [org.gradle.cache.internal.DefaultFileLockManager] Waiting to acquire shared lock on daemon addresses registry.
15:48:54.898 [DEBUG] [org.gradle.cache.internal.DefaultFileLockManager] Lock acquired on daemon addresses registry.
15:48:54.898 [DEBUG] [org.gradle.cache.internal.DefaultFileLockManager] Releasing lock on daemon addresses registry.
15:48:58.452 [DEBUG] [org.gradle.process.internal.health.memory.MemoryManager] Emitting OS memory status event {Total: 4059156480, Free: 248700928}
15:48:58.452 [DEBUG] [org.gradle.launcher.daemon.server.health.LowMemoryDaemonExpirationStrategy] Received memory status update: {Total: 4059156480, Free: 248700928}
15:48:58.452 [DEBUG] [org.gradle.process.internal.health.memory.MemoryManager] 405915648 memory requested, 248700928 free
15:48:58.452 [DEBUG] [org.gradle.workers.internal.WorkerDaemonExpiration] Will attempt to release 387 of memory
15:48:58.452 [DEBUG] [org.gradle.process.internal.health.memory.MemoryManager] 405915648 memory requested, 0 released, 248700928 free
15:48:58.452 [DEBUG] [org.gradle.process.internal.health.memory.MemoryManager] Emitting JVM memory status event {Maximum: 1572864000, Committed: 163577856}
15:49:03.451 [DEBUG] [org.gradle.process.internal.health.memory.MemoryManager] Emitting OS memory status event {Total: 4059156480, Free: 242728960}
15:49:03.451 [DEBUG] [org.gradle.launcher.daemon.server.health.LowMemoryDaemonExpirationStrategy] Received memory status update: {Total: 4059156480, Free: 242728960}
15:49:03.451 [DEBUG] [org.gradle.process.internal.health.memory.MemoryManager] 405915648 memory requested, 242728960 free
15:49:03.451 [DEBUG] [org.gradle.workers.internal.WorkerDaemonExpiration] Will attempt to release 387 of memory
15:49:03.451 [DEBUG] [org.gradle.process.internal.health.memory.MemoryManager] 405915648 memory requested, 0 released, 242728960 free
15:49:03.451 [DEBUG] [org.gradle.process.internal.health.memory.MemoryManager] Emitting JVM memory status event {Maximum: 1572864000, Committed: 163577856}
15:49:04.867 [DEBUG] [org.gradle.launcher.daemon.server.Daemon] DaemonExpirationPeriodicCheck running
15:49:04.867 [DEBUG] [org.gradle.cache.internal.DefaultFileLockManager] Waiting to acquire shared lock on daemon addresses registry.
15:49:04.867 [DEBUG] [org.gradle.cache.internal.DefaultFileLockManager] Lock acquired on daemon addresses registry.
15:49:04.867 [DEBUG] [org.gradle.cache.internal.DefaultFileLockManager] Releasing lock on daemon addresses registry.
15:49:04.868 [DEBUG] [org.gradle.cache.internal.DefaultFileLockManager] Waiting to acquire shared lock on daemon addresses registry.
15:49:04.868 [DEBUG] [org.gradle.cache.internal.DefaultFileLockManager] Lock acquired on daemon addresses registry.
15:49:04.868 [DEBUG] [org.gradle.cache.internal.DefaultFileLockManager] Releasing lock on daemon addresses registry.
15:49:04.868 [DEBUG] [org.gradle.cache.internal.DefaultFileLockManager] Waiting to acquire shared lock on daemon addresses registry.
15:49:04.868 [DEBUG] [org.gradle.cache.internal.DefaultFileLockManager] Lock acquired on daemon addresses registry.
15:49:04.868 [DEBUG] [org.gradle.cache.internal.DefaultFileLockManager] Releasing lock on daemon addresses registry.
15:49:08.452 [DEBUG] [org.gradle.process.internal.health.memory.MemoryManager] Emitting OS memory status event {Total: 4059156480, Free: 229720064}
15:49:08.452 [DEBUG] [org.gradle.launcher.daemon.server.health.LowMemoryDaemonExpirationStrategy] Received memory status update: {Total: 4059156480, Free: 229720064}
15:49:08.452 [DEBUG] [org.gradle.process.internal.health.memory.MemoryManager] 405915648 memory requested, 229720064 free
15:49:08.452 [DEBUG] [org.gradle.workers.internal.WorkerDaemonExpiration] Will attempt to release 387 of memory
15:49:08.453 [DEBUG] [org.gradle.process.internal.health.memory.MemoryManager] 405915648 memory requested, 0 released, 229720064 free
15:49:08.453 [DEBUG] [org.gradle.process.internal.health.memory.MemoryManager] Emitting JVM memory status event {Maximum: 1572864000, Committed: 163577856}
15:49:13.451 [DEBUG] [org.gradle.process.internal.health.memory.MemoryManager] Emitting OS memory status event {Total: 4059156480, Free: 223199232}
15:49:13.451 [DEBUG] [org.gradle.launcher.daemon.server.health.LowMemoryDaemonExpirationStrategy] Received memory status update: {Total: 4059156480, Free: 223199232}
15:49:13.451 [DEBUG] [org.gradle.process.internal.health.memory.MemoryManager] 405915648 memory requested, 223199232 free
15:49:13.451 [DEBUG] [org.gradle.workers.internal.WorkerDaemonExpiration] Will attempt to release 387 of memory
15:49:13.451 [DEBUG] [org.gradle.process.internal.health.memory.MemoryManager] 405915648 memory requested, 0 released, 223199232 free
15:49:13.451 [DEBUG] [org.gradle.process.internal.health.memory.MemoryManager] Emitting JVM memory status event {Maximum: 1572864000, Committed: 163577856}
15:49:14.867 [DEBUG] [org.gradle.launcher.daemon.server.Daemon] DaemonExpirationPeriodicCheck running
15:49:14.867 [DEBUG] [org.gradle.cache.internal.DefaultFileLockManager] Waiting to acquire shared lock on daemon addresses registry.
15:49:14.867 [DEBUG] [org.gradle.cache.internal.DefaultFileLockManager] Lock acquired on daemon addresses registry.
15:49:14.868 [DEBUG] [org.gradle.cache.internal.DefaultFileLockManager] Releasing lock on daemon addresses registry.
15:49:14.868 [DEBUG] [org.gradle.cache.internal.DefaultFileLockManager] Waiting to acquire shared lock on daemon addresses registry.
15:49:14.869 [DEBUG] [org.gradle.cache.internal.DefaultFileLockManager] Lock acquired on daemon addresses registry.
15:49:14.869 [DEBUG] [org.gradle.cache.internal.DefaultFileLockManager] Releasing lock on daemon addresses registry.
15:49:14.870 [DEBUG] [org.gradle.cache.internal.DefaultFileLockManager] Waiting to acquire shared lock on daemon addresses registry.
15:49:14.870 [DEBUG] [org.gradle.cache.internal.DefaultFileLockManager] Lock acquired on daemon addresses registry.
15:49:14.870 [DEBUG] [org.gradle.cache.internal.DefaultFileLockManager] Releasing lock on daemon addresses registry.
15:49:18.452 [DEBUG] [org.gradle.process.internal.health.memory.MemoryManager] Emitting OS memory status event {Total: 4059156480, Free: 224595968}
15:49:18.452 [DEBUG] [org.gradle.launcher.daemon.server.health.LowMemoryDaemonExpirationStrategy] Received memory status update: {Total: 4059156480, Free: 224595968}
15:49:18.452 [DEBUG] [org.gradle.process.internal.health.memory.MemoryManager] 405915648 memory requested, 224595968 free
15:49:18.452 [DEBUG] [org.gradle.workers.internal.WorkerDaemonExpiration] Will attempt to release 387 of memory
15:49:18.452 [DEBUG] [org.gradle.process.internal.health.memory.MemoryManager] 405915648 memory requested, 0 released, 224595968 free
15:49:18.452 [DEBUG] [org.gradle.process.internal.health.memory.MemoryManager] Emitting JVM memory status event {Maximum: 1572864000, Committed: 163577856}
15:49:23.451 [DEBUG] [org.gradle.process.internal.health.memory.MemoryManager] Emitting OS memory status event {Total: 4059156480, Free: 223559680}
15:49:23.451 [DEBUG] [org.gradle.launcher.daemon.server.health.LowMemoryDaemonExpirationStrategy] Received memory status update: {Total: 4059156480, Free: 223559680}
15:49:23.451 [DEBUG] [org.gradle.process.internal.health.memory.MemoryManager] 405915648 memory requested, 223559680 free
15:49:23.451 [DEBUG] [org.gradle.workers.internal.WorkerDaemonExpiration] Will attempt to release 387 of memory
15:49:23.451 [DEBUG] [org.gradle.process.internal.health.memory.MemoryManager] 405915648 memory requested, 0 released, 223559680 free
15:49:23.451 [DEBUG] [org.gradle.process.internal.health.memory.MemoryManager] Emitting JVM memory status event {Maximum: 1572864000, Committed: 163577856}
15:49:24.867 [DEBUG] [org.gradle.launcher.daemon.server.Daemon] DaemonExpirationPeriodicCheck running
15:49:24.867 [DEBUG] [org.gradle.cache.internal.DefaultFileLockManager] Waiting to acquire shared lock on daemon addresses registry.
15:49:25.109 [DEBUG] [org.gradle.cache.internal.DefaultFileLockManager] Lock acquired on daemon addresses registry.
15:49:25.110 [DEBUG] [org.gradle.cache.internal.DefaultFileLockManager] Releasing lock on daemon addresses registry.
15:49:25.110 [DEBUG] [org.gradle.cache.internal.DefaultFileLockManager] Waiting to acquire shared lock on daemon addresses registry.
15:49:25.223 [DEBUG] [org.gradle.cache.internal.DefaultFileLockManager] Lock acquired on daemon addresses registry.
15:49:25.224 [DEBUG] [org.gradle.cache.internal.DefaultFileLockManager] Releasing lock on daemon addresses registry.
15:49:25.224 [DEBUG] [org.gradle.cache.internal.DefaultFileLockManager] Waiting to acquire shared lock on daemon addresses registry.
15:49:25.224 [DEBUG] [org.gradle.cache.internal.DefaultFileLockManager] Lock acquired on daemon addresses registry.
15:49:25.224 [DEBUG] [org.gradle.cache.internal.DefaultFileLockManager] Releasing lock on daemon addresses registry.
15:49:28.452 [DEBUG] [org.gradle.process.internal.health.memory.MemoryManager] Emitting OS memory status event {Total: 4059156480, Free: 238604288}
15:49:28.452 [DEBUG] [org.gradle.launcher.daemon.server.health.LowMemoryDaemonExpirationStrategy] Received memory status update: {Total: 4059156480, Free: 238604288}
15:49:28.452 [DEBUG] [org.gradle.process.internal.health.memory.MemoryManager] 405915648 memory requested, 238604288 free
15:49:28.452 [DEBUG] [org.gradle.workers.internal.WorkerDaemonExpiration] Will attempt to release 387 of memory
15:49:28.452 [DEBUG] [org.gradle.process.internal.health.memory.MemoryManager] 405915648 memory requested, 0 released, 238604288 free
15:49:28.452 [DEBUG] [org.gradle.process.internal.health.memory.MemoryManager] Emitting JVM memory status event {Maximum: 1572864000, Committed: 163577856}
15:49:33.451 [DEBUG] [org.gradle.process.internal.health.memory.MemoryManager] Emitting OS memory status event {Total: 4059156480, Free: 239046656}
15:49:33.451 [DEBUG] [org.gradle.launcher.daemon.server.health.LowMemoryDaemonExpirationStrategy] Received memory status update: {Total: 4059156480, Free: 239046656}
15:49:33.452 [DEBUG] [org.gradle.process.internal.health.memory.MemoryManager] 405915648 memory requested, 239046656 free
15:49:33.452 [DEBUG] [org.gradle.workers.internal.WorkerDaemonExpiration] Will attempt to release 387 of memory
15:49:33.452 [DEBUG] [org.gradle.process.internal.health.memory.MemoryManager] 405915648 memory requested, 0 released, 239046656 free
15:49:33.500 [DEBUG] [org.gradle.process.internal.health.memory.MemoryManager] Emitting JVM memory status event {Maximum: 1572864000, Committed: 163577856}
15:49:34.867 [DEBUG] [org.gradle.launcher.daemon.server.Daemon] DaemonExpirationPeriodicCheck running
15:49:34.867 [DEBUG] [org.gradle.cache.internal.DefaultFileLockManager] Waiting to acquire shared lock on daemon addresses registry.
15:49:34.867 [DEBUG] [org.gradle.cache.internal.DefaultFileLockManager] Lock acquired on daemon addresses registry.
15:49:34.868 [DEBUG] [org.gradle.cache.internal.DefaultFileLockManager] Releasing lock on daemon addresses registry.
15:49:34.868 [DEBUG] [org.gradle.cache.internal.DefaultFileLockManager] Waiting to acquire shared lock on daemon addresses registry.
15:49:34.868 [DEBUG] [org.gradle.cache.internal.DefaultFileLockManager] Lock acquired on daemon addresses registry.
15:49:34.869 [DEBUG] [org.gradle.cache.internal.DefaultFileLockManager] Releasing lock on daemon addresses registry.
15:49:34.869 [DEBUG] [org.gradle.cache.internal.DefaultFileLockManager] Waiting to acquire shared lock on daemon addresses registry.
15:49:34.869 [DEBUG] [org.gradle.cache.internal.DefaultFileLockManager] Lock acquired on daemon addresses registry.
15:49:34.870 [DEBUG] [org.gradle.cache.internal.DefaultFileLockManager] Releasing lock on daemon addresses registry.
15:49:38.452 [DEBUG] [org.gradle.process.internal.health.memory.MemoryManager] Emitting OS memory status event {Total: 4059156480, Free: 236007424}
15:49:38.452 [DEBUG] [org.gradle.launcher.daemon.server.health.LowMemoryDaemonExpirationStrategy] Received memory status update: {Total: 4059156480, Free: 236007424}
15:49:38.452 [DEBUG] [org.gradle.process.internal.health.memory.MemoryManager] 405915648 memory requested, 236007424 free
15:49:38.452 [DEBUG] [org.gradle.workers.internal.WorkerDaemonExpiration] Will attempt to release 387 of memory
15:49:38.452 [DEBUG] [org.gradle.process.internal.health.memory.MemoryManager] 405915648 memory requested, 0 released, 236007424 free
15:49:38.452 [DEBUG] [org.gradle.process.internal.health.memory.MemoryManager] Emitting JVM memory status event {Maximum: 1572864000, Committed: 163577856}
15:49:43.451 [DEBUG] [org.gradle.process.internal.health.memory.MemoryManager] Emitting OS memory status event {Total: 4059156480, Free: 235503616}
15:49:43.452 [DEBUG] [org.gradle.launcher.daemon.server.health.LowMemoryDaemonExpirationStrategy] Received memory status update: {Total: 4059156480, Free: 235503616}
15:49:43.452 [DEBUG] [org.gradle.process.internal.health.memory.MemoryManager] 405915648 memory requested, 235503616 free
15:49:43.452 [DEBUG] [org.gradle.workers.internal.WorkerDaemonExpiration] Will attempt to release 387 of memory
15:49:43.452 [DEBUG] [org.gradle.process.internal.health.memory.MemoryManager] 405915648 memory requested, 0 released, 235503616 free
15:49:43.452 [DEBUG] [org.gradle.process.internal.health.memory.MemoryManager] Emitting JVM memory status event {Maximum: 1572864000, Committed: 163577856}
15:49:44.867 [DEBUG] [org.gradle.launcher.daemon.server.Daemon] DaemonExpirationPeriodicCheck running
15:49:44.867 [DEBUG] [org.gradle.cache.internal.DefaultFileLockManager] Waiting to acquire shared lock on daemon addresses registry.
15:49:44.867 [DEBUG] [org.gradle.cache.internal.DefaultFileLockManager] Lock acquired on daemon addresses registry.
15:49:44.867 [DEBUG] [org.gradle.cache.internal.DefaultFileLockManager] Releasing lock on daemon addresses registry.
15:49:44.867 [DEBUG] [org.gradle.cache.internal.DefaultFileLockManager] Waiting to acquire shared lock on daemon addresses registry.
15:49:44.867 [DEBUG] [org.gradle.cache.internal.DefaultFileLockManager] Lock acquired on daemon addresses registry.
15:49:44.867 [DEBUG] [org.gradle.cache.internal.DefaultFileLockManager] Releasing lock on daemon addresses registry.
15:49:44.868 [DEBUG] [org.gradle.cache.internal.DefaultFileLockManager] Waiting to acquire shared lock on daemon addresses registry.
15:49:44.868 [DEBUG] [org.gradle.cache.internal.DefaultFileLockManager] Lock acquired on daemon addresses registry.
15:49:44.868 [DEBUG] [org.gradle.cache.internal.DefaultFileLockManager] Releasing lock on daemon addresses registry.
15:49:48.452 [DEBUG] [org.gradle.process.internal.health.memory.MemoryManager] Emitting OS memory status event {Total: 4059156480, Free: 236941312}
15:49:48.452 [DEBUG] [org.gradle.launcher.daemon.server.health.LowMemoryDaemonExpirationStrategy] Received memory status update: {Total: 4059156480, Free: 236941312}
15:49:48.452 [DEBUG] [org.gradle.process.internal.health.memory.MemoryManager] 405915648 memory requested, 236941312 free
15:49:48.452 [DEBUG] [org.gradle.workers.internal.WorkerDaemonExpiration] Will attempt to release 387 of memory
15:49:48.452 [DEBUG] [org.gradle.process.internal.health.memory.MemoryManager] 405915648 memory requested, 0 released, 236941312 free
15:49:48.452 [DEBUG] [org.gradle.process.internal.health.memory.MemoryManager] Emitting JVM memory status event {Maximum: 1572864000, Committed: 163577856}
15:49:53.451 [DEBUG] [org.gradle.process.internal.health.memory.MemoryManager] Emitting OS memory status event {Total: 4059156480, Free: 235622400}
15:49:53.451 [DEBUG] [org.gradle.launcher.daemon.server.health.LowMemoryDaemonExpirationStrategy] Received memory status update: {Total: 4059156480, Free: 235622400}
15:49:53.451 [DEBUG] [org.gradle.process.internal.health.memory.MemoryManager] 405915648 memory requested, 235622400 free
15:49:53.451 [DEBUG] [org.gradle.workers.internal.WorkerDaemonExpiration] Will attempt to release 387 of memory
15:49:53.451 [DEBUG] [org.gradle.process.internal.health.memory.MemoryManager] 405915648 memory requested, 0 released, 235622400 free
15:49:53.451 [DEBUG] [org.gradle.process.internal.health.memory.MemoryManager] Emitting JVM memory status event {Maximum: 1572864000, Committed: 163577856}
15:49:54.867 [DEBUG] [org.gradle.launcher.daemon.server.Daemon] DaemonExpirationPeriodicCheck running
15:49:54.867 [DEBUG] [org.gradle.cache.internal.DefaultFileLockManager] Waiting to acquire shared lock on daemon addresses registry.
15:49:54.867 [DEBUG] [org.gradle.cache.internal.DefaultFileLockManager] Lock acquired on daemon addresses registry.
15:49:54.868 [DEBUG] [org.gradle.cache.internal.DefaultFileLockManager] Releasing lock on daemon addresses registry.
15:49:54.868 [DEBUG] [org.gradle.cache.internal.DefaultFileLockManager] Waiting to acquire shared lock on daemon addresses registry.
15:49:54.869 [DEBUG] [org.gradle.cache.internal.DefaultFileLockManager] Lock acquired on daemon addresses registry.
15:49:54.869 [DEBUG] [org.gradle.cache.internal.DefaultFileLockManager] Releasing lock on daemon addresses registry.
15:49:54.869 [DEBUG] [org.gradle.cache.internal.DefaultFileLockManager] Waiting to acquire shared lock on daemon addresses registry.
15:49:54.870 [DEBUG] [org.gradle.cache.internal.DefaultFileLockManager] Lock acquired on daemon addresses registry.
15:49:54.870 [DEBUG] [org.gradle.cache.internal.DefaultFileLockManager] Releasing lock on daemon addresses registry.
15:49:58.451 [DEBUG] [org.gradle.process.internal.health.memory.MemoryManager] Emitting OS memory status event {Total: 4059156480, Free: 230752256}
15:49:58.452 [DEBUG] [org.gradle.launcher.daemon.server.health.LowMemoryDaemonExpirationStrategy] Received memory status update: {Total: 4059156480, Free: 230752256}
15:49:58.452 [DEBUG] [org.gradle.process.internal.health.memory.MemoryManager] 405915648 memory requested, 230752256 free
15:49:58.452 [DEBUG] [org.gradle.workers.internal.WorkerDaemonExpiration] Will attempt to release 387 of memory
15:49:58.452 [DEBUG] [org.gradle.process.internal.health.memory.MemoryManager] 405915648 memory requested, 0 released, 230752256 free
15:49:58.452 [DEBUG] [org.gradle.process.internal.health.memory.MemoryManager] Emitting JVM memory status event {Maximum: 1572864000, Committed: 163577856}
15:50:03.451 [DEBUG] [org.gradle.process.internal.health.memory.MemoryManager] Emitting OS memory status event {Total: 4059156480, Free: 230764544}
15:50:03.452 [DEBUG] [org.gradle.launcher.daemon.server.health.LowMemoryDaemonExpirationStrategy] Received memory status update: {Total: 4059156480, Free: 230764544}
15:50:03.452 [DEBUG] [org.gradle.process.internal.health.memory.MemoryManager] 405915648 memory requested, 230764544 free
15:50:03.452 [DEBUG] [org.gradle.workers.internal.WorkerDaemonExpiration] Will attempt to release 387 of memory
15:50:03.452 [DEBUG] [org.gradle.process.internal.health.memory.MemoryManager] 405915648 memory requested, 0 released, 230764544 free
15:50:03.452 [DEBUG] [org.gradle.process.internal.health.memory.MemoryManager] Emitting JVM memory status event {Maximum: 1572864000, Committed: 163577856}
15:50:04.867 [DEBUG] [org.gradle.launcher.daemon.server.Daemon] DaemonExpirationPeriodicCheck running
15:50:04.867 [DEBUG] [org.gradle.cache.internal.DefaultFileLockManager] Waiting to acquire shared lock on daemon addresses registry.
15:50:04.868 [DEBUG] [org.gradle.cache.internal.DefaultFileLockManager] Lock acquired on daemon addresses registry.
15:50:04.868 [DEBUG] [org.gradle.cache.internal.DefaultFileLockManager] Releasing lock on daemon addresses registry.
15:50:04.869 [DEBUG] [org.gradle.cache.internal.DefaultFileLockManager] Waiting to acquire shared lock on daemon addresses registry.
15:50:04.869 [DEBUG] [org.gradle.cache.internal.DefaultFileLockManager] Lock acquired on daemon addresses registry.
15:50:04.870 [DEBUG] [org.gradle.cache.internal.DefaultFileLockManager] Releasing lock on daemon addresses registry.
15:50:04.870 [DEBUG] [org.gradle.cache.internal.DefaultFileLockManager] Waiting to acquire shared lock on daemon addresses registry.
15:50:04.870 [DEBUG] [org.gradle.cache.internal.DefaultFileLockManager] Lock acquired on daemon addresses registry.
15:50:04.870 [DEBUG] [org.gradle.cache.internal.DefaultFileLockManager] Releasing lock on daemon addresses registry.
15:50:08.452 [DEBUG] [org.gradle.process.internal.health.memory.MemoryManager] Emitting OS memory status event {Total: 4059156480, Free: 231460864}
15:50:08.452 [DEBUG] [org.gradle.launcher.daemon.server.health.LowMemoryDaemonExpirationStrategy] Received memory status update: {Total: 4059156480, Free: 231460864}
15:50:08.452 [DEBUG] [org.gradle.process.internal.health.memory.MemoryManager] 405915648 memory requested, 231460864 free
15:50:08.452 [DEBUG] [org.gradle.workers.internal.WorkerDaemonExpiration] Will attempt to release 387 of memory
15:50:08.452 [DEBUG] [org.gradle.process.internal.health.memory.MemoryManager] 405915648 memory requested, 0 released, 231460864 free
15:50:08.452 [DEBUG] [org.gradle.process.internal.health.memory.MemoryManager] Emitting JVM memory status event {Maximum: 1572864000, Committed: 163577856}
15:50:13.451 [DEBUG] [org.gradle.process.internal.health.memory.MemoryManager] Emitting OS memory status event {Total: 4059156480, Free: 230125568}
15:50:13.452 [DEBUG] [org.gradle.launcher.daemon.server.health.LowMemoryDaemonExpirationStrategy] Received memory status update: {Total: 4059156480, Free: 230125568}
15:50:13.452 [DEBUG] [org.gradle.process.internal.health.memory.MemoryManager] 405915648 memory requested, 230125568 free
15:50:13.452 [DEBUG] [org.gradle.workers.internal.WorkerDaemonExpiration] Will attempt to release 387 of memory
15:50:13.452 [DEBUG] [org.gradle.process.internal.health.memory.MemoryManager] 405915648 memory requested, 0 released, 230125568 free
15:50:13.452 [DEBUG] [org.gradle.process.internal.health.memory.MemoryManager] Emitting JVM memory status event {Maximum: 1572864000, Committed: 163577856}
15:50:14.867 [DEBUG] [org.gradle.launcher.daemon.server.Daemon] DaemonExpirationPeriodicCheck running
15:50:14.867 [DEBUG] [org.gradle.cache.internal.DefaultFileLockManager] Waiting to acquire shared lock on daemon addresses registry.
15:50:14.867 [DEBUG] [org.gradle.cache.internal.DefaultFileLockManager] Lock acquired on daemon addresses registry.
15:50:14.868 [DEBUG] [org.gradle.cache.internal.DefaultFileLockManager] Releasing lock on daemon addresses registry.
15:50:14.868 [DEBUG] [org.gradle.cache.internal.DefaultFileLockManager] Waiting to acquire shared lock on daemon addresses registry.
15:50:14.869 [DEBUG] [org.gradle.cache.internal.DefaultFileLockManager] Lock acquired on daemon addresses registry.
15:50:14.869 [DEBUG] [org.gradle.cache.internal.DefaultFileLockManager] Releasing lock on daemon addresses registry.
15:50:14.869 [DEBUG] [org.gradle.cache.internal.DefaultFileLockManager] Waiting to acquire shared lock on daemon addresses registry.
15:50:14.870 [DEBUG] [org.gradle.cache.internal.DefaultFileLockManager] Lock acquired on daemon addresses registry.
15:50:14.870 [DEBUG] [org.gradle.cache.internal.DefaultFileLockManager] Releasing lock on daemon addresses registry.
15:50:18.452 [DEBUG] [org.gradle.process.internal.health.memory.MemoryManager] Emitting OS memory status event {Total: 4059156480, Free: 236056576}
15:50:18.452 [DEBUG] [org.gradle.launcher.daemon.server.health.LowMemoryDaemonExpirationStrategy] Received memory status update: {Total: 4059156480, Free: 236056576}
15:50:18.452 [DEBUG] [org.gradle.process.internal.health.memory.MemoryManager] 405915648 memory requested, 236056576 free
15:50:18.452 [DEBUG] [org.gradle.workers.internal.WorkerDaemonExpiration] Will attempt to release 387 of memory
15:50:18.452 [DEBUG] [org.gradle.process.internal.health.memory.MemoryManager] 405915648 memory requested, 0 released, 236056576 free
15:50:18.452 [DEBUG] [org.gradle.process.internal.health.memory.MemoryManager] Emitting JVM memory status event {Maximum: 1572864000, Committed: 163577856}
15:50:23.451 [DEBUG] [org.gradle.process.internal.health.memory.MemoryManager] Emitting OS memory status event {Total: 4059156480, Free: 237871104}
15:50:23.451 [DEBUG] [org.gradle.launcher.daemon.server.health.LowMemoryDaemonExpirationStrategy] Received memory status update: {Total: 4059156480, Free: 237871104}
15:50:23.451 [DEBUG] [org.gradle.process.internal.health.memory.MemoryManager] 405915648 memory requested, 237871104 free
15:50:23.451 [DEBUG] [org.gradle.workers.internal.WorkerDaemonExpiration] Will attempt to release 387 of memory
15:50:23.452 [DEBUG] [org.gradle.process.internal.health.memory.MemoryManager] 405915648 memory requested, 0 released, 237871104 free
15:50:23.452 [DEBUG] [org.gradle.process.internal.health.memory.MemoryManager] Emitting JVM memory status event {Maximum: 1572864000, Committed: 163577856}
15:50:24.867 [DEBUG] [org.gradle.launcher.daemon.server.Daemon] DaemonExpirationPeriodicCheck running
15:50:24.867 [DEBUG] [org.gradle.cache.internal.DefaultFileLockManager] Waiting to acquire shared lock on daemon addresses registry.
15:50:24.867 [DEBUG] [org.gradle.cache.internal.DefaultFileLockManager] Lock acquired on daemon addresses registry.
15:50:24.868 [DEBUG] [org.gradle.cache.internal.DefaultFileLockManager] Releasing lock on daemon addresses registry.
15:50:24.868 [DEBUG] [org.gradle.cache.internal.DefaultFileLockManager] Waiting to acquire shared lock on daemon addresses registry.
15:50:24.904 [DEBUG] [org.gradle.cache.internal.DefaultFileLockManager] Lock acquired on daemon addresses registry.
15:50:24.905 [DEBUG] [org.gradle.cache.internal.DefaultFileLockManager] Releasing lock on daemon addresses registry.
15:50:24.905 [DEBUG] [org.gradle.cache.internal.DefaultFileLockManager] Waiting to acquire shared lock on daemon addresses registry.
15:50:24.905 [DEBUG] [org.gradle.cache.internal.DefaultFileLockManager] Lock acquired on daemon addresses registry.
15:50:24.906 [DEBUG] [org.gradle.cache.internal.DefaultFileLockManager] Releasing lock on daemon addresses registry.
15:50:28.452 [DEBUG] [org.gradle.process.internal.health.memory.MemoryManager] Emitting OS memory status event {Total: 4059156480, Free: 247083008}
15:50:28.452 [DEBUG] [org.gradle.launcher.daemon.server.health.LowMemoryDaemonExpirationStrategy] Received memory status update: {Total: 4059156480, Free: 247083008}
15:50:28.452 [DEBUG] [org.gradle.process.internal.health.memory.MemoryManager] 405915648 memory requested, 247083008 free
15:50:28.452 [DEBUG] [org.gradle.workers.internal.WorkerDaemonExpiration] Will attempt to release 387 of memory
15:50:28.452 [DEBUG] [org.gradle.process.internal.health.memory.MemoryManager] 405915648 memory requested, 0 released, 247083008 free
15:50:28.452 [DEBUG] [org.gradle.process.internal.health.memory.MemoryManager] Emitting JVM memory status event {Maximum: 1572864000, Committed: 163577856}
15:50:33.451 [DEBUG] [org.gradle.process.internal.health.memory.MemoryManager] Emitting OS memory status event {Total: 4059156480, Free: 241479680}
15:50:33.451 [DEBUG] [org.gradle.launcher.daemon.server.health.LowMemoryDaemonExpirationStrategy] Received memory status update: {Total: 4059156480, Free: 241479680}
15:50:33.452 [DEBUG] [org.gradle.process.internal.health.memory.MemoryManager] 405915648 memory requested, 241479680 free
15:50:33.452 [DEBUG] [org.gradle.workers.internal.WorkerDaemonExpiration] Will attempt to release 387 of memory
15:50:33.452 [DEBUG] [org.gradle.process.internal.health.memory.MemoryManager] 405915648 memory requested, 0 released, 241479680 free
15:50:33.452 [DEBUG] [org.gradle.process.internal.health.memory.MemoryManager] Emitting JVM memory status event {Maximum: 1572864000, Committed: 163577856}
15:50:34.867 [DEBUG] [org.gradle.launcher.daemon.server.Daemon] DaemonExpirationPeriodicCheck running
15:50:34.867 [DEBUG] [org.gradle.cache.internal.DefaultFileLockManager] Waiting to acquire shared lock on daemon addresses registry.
15:50:34.868 [DEBUG] [org.gradle.cache.internal.DefaultFileLockManager] Lock acquired on daemon addresses registry.
15:50:34.868 [DEBUG] [org.gradle.cache.internal.DefaultFileLockManager] Releasing lock on daemon addresses registry.
15:50:34.868 [DEBUG] [org.gradle.cache.internal.DefaultFileLockManager] Waiting to acquire shared lock on daemon addresses registry.
15:50:34.869 [DEBUG] [org.gradle.cache.internal.DefaultFileLockManager] Lock acquired on daemon addresses registry.
15:50:34.869 [DEBUG] [org.gradle.cache.internal.DefaultFileLockManager] Releasing lock on daemon addresses registry.
15:50:34.869 [DEBUG] [org.gradle.cache.internal.DefaultFileLockManager] Waiting to acquire shared lock on daemon addresses registry.
15:50:34.869 [DEBUG] [org.gradle.cache.internal.DefaultFileLockManager] Lock acquired on daemon addresses registry.
15:50:34.870 [DEBUG] [org.gradle.cache.internal.DefaultFileLockManager] Releasing lock on daemon addresses registry.
15:50:38.452 [DEBUG] [org.gradle.process.internal.health.memory.MemoryManager] Emitting OS memory status event {Total: 4059156480, Free: 200810496}
15:50:38.452 [DEBUG] [org.gradle.launcher.daemon.server.health.LowMemoryDaemonExpirationStrategy] Received memory status update: {Total: 4059156480, Free: 200810496}
15:50:38.452 [DEBUG] [org.gradle.process.internal.health.memory.MemoryManager] 405915648 memory requested, 200810496 free
15:50:38.452 [DEBUG] [org.gradle.workers.internal.WorkerDaemonExpiration] Will attempt to release 387 of memory
15:50:38.452 [DEBUG] [org.gradle.process.internal.health.memory.MemoryManager] 405915648 memory requested, 0 released, 200810496 free
15:50:38.452 [DEBUG] [org.gradle.process.internal.health.memory.MemoryManager] Emitting JVM memory status event {Maximum: 1572864000, Committed: 163577856}
15:50:43.451 [DEBUG] [org.gradle.process.internal.health.memory.MemoryManager] Emitting OS memory status event {Total: 4059156480, Free: 217759744}
15:50:43.451 [DEBUG] [org.gradle.launcher.daemon.server.health.LowMemoryDaemonExpirationStrategy] Received memory status update: {Total: 4059156480, Free: 217759744}
15:50:43.452 [DEBUG] [org.gradle.process.internal.health.memory.MemoryManager] 405915648 memory requested, 217759744 free
15:50:43.452 [DEBUG] [org.gradle.workers.internal.WorkerDaemonExpiration] Will attempt to release 387 of memory
15:50:43.452 [DEBUG] [org.gradle.process.internal.health.memory.MemoryManager] 405915648 memory requested, 0 released, 217759744 free
15:50:43.452 [DEBUG] [org.gradle.process.internal.health.memory.MemoryManager] Emitting JVM memory status event {Maximum: 1572864000, Committed: 163577856}
15:50:44.867 [DEBUG] [org.gradle.launcher.daemon.server.Daemon] DaemonExpirationPeriodicCheck running
15:50:44.867 [DEBUG] [org.gradle.cache.internal.DefaultFileLockManager] Waiting to acquire shared lock on daemon addresses registry.
15:50:44.867 [DEBUG] [org.gradle.cache.internal.DefaultFileLockManager] Lock acquired on daemon addresses registry.
15:50:44.867 [DEBUG] [org.gradle.cache.internal.DefaultFileLockManager] Releasing lock on daemon addresses registry.
15:50:44.868 [DEBUG] [org.gradle.cache.internal.DefaultFileLockManager] Waiting to acquire shared lock on daemon addresses registry.
15:50:44.868 [DEBUG] [org.gradle.cache.internal.DefaultFileLockManager] Lock acquired on daemon addresses registry.
15:50:44.868 [DEBUG] [org.gradle.cache.internal.DefaultFileLockManager] Releasing lock on daemon addresses registry.
15:50:44.868 [DEBUG] [org.gradle.cache.internal.DefaultFileLockManager] Waiting to acquire shared lock on daemon addresses registry.
15:50:44.868 [DEBUG] [org.gradle.cache.internal.DefaultFileLockManager] Lock acquired on daemon addresses registry.
15:50:44.869 [DEBUG] [org.gradle.cache.internal.DefaultFileLockManager] Releasing lock on daemon addresses registry.
15:50:48.452 [DEBUG] [org.gradle.process.internal.health.memory.MemoryManager] Emitting OS memory status event {Total: 4059156480, Free: 230146048}
15:50:48.452 [DEBUG] [org.gradle.launcher.daemon.server.health.LowMemoryDaemonExpirationStrategy] Received memory status update: {Total: 4059156480, Free: 230146048}
15:50:48.452 [DEBUG] [org.gradle.process.internal.health.memory.MemoryManager] 405915648 memory requested, 230146048 free
15:50:48.452 [DEBUG] [org.gradle.workers.internal.WorkerDaemonExpiration] Will attempt to release 387 of memory
15:50:48.452 [DEBUG] [org.gradle.process.internal.health.memory.MemoryManager] 405915648 memory requested, 0 released, 230146048 free
15:50:48.452 [DEBUG] [org.gradle.process.internal.health.memory.MemoryManager] Emitting JVM memory status event {Maximum: 1572864000, Committed: 163577856}
15:50:53.511 [DEBUG] [org.gradle.process.internal.health.memory.MemoryManager] Emitting OS memory status event {Total: 4059156480, Free: 215019520}
15:50:53.512 [DEBUG] [org.gradle.launcher.daemon.server.health.LowMemoryDaemonExpirationStrategy] Received memory status update: {Total: 4059156480, Free: 215019520}
15:50:53.512 [DEBUG] [org.gradle.process.internal.health.memory.MemoryManager] 405915648 memory requested, 215019520 free
15:50:53.512 [DEBUG] [org.gradle.workers.internal.WorkerDaemonExpiration] Will attempt to release 387 of memory
15:50:53.512 [DEBUG] [org.gradle.process.internal.health.memory.MemoryManager] 405915648 memory requested, 0 released, 215019520 free
15:50:53.512 [DEBUG] [org.gradle.process.internal.health.memory.MemoryManager] Emitting JVM memory status event {Maximum: 1572864000, Committed: 163577856}
15:50:54.867 [DEBUG] [org.gradle.launcher.daemon.server.Daemon] DaemonExpirationPeriodicCheck running
15:50:54.867 [DEBUG] [org.gradle.cache.internal.DefaultFileLockManager] Waiting to acquire shared lock on daemon addresses registry.
15:50:54.868 [DEBUG] [org.gradle.cache.internal.DefaultFileLockManager] Lock acquired on daemon addresses registry.
15:50:54.868 [DEBUG] [org.gradle.cache.internal.DefaultFileLockManager] Releasing lock on daemon addresses registry.
15:50:54.868 [DEBUG] [org.gradle.cache.internal.DefaultFileLockManager] Waiting to acquire shared lock on daemon addresses registry.
15:50:54.869 [DEBUG] [org.gradle.cache.internal.DefaultFileLockManager] Lock acquired on daemon addresses registry.
15:50:54.869 [DEBUG] [org.gradle.cache.internal.DefaultFileLockManager] Releasing lock on daemon addresses registry.
15:50:54.869 [DEBUG] [org.gradle.cache.internal.DefaultFileLockManager] Waiting to acquire shared lock on daemon addresses registry.
15:50:54.869 [DEBUG] [org.gradle.cache.internal.DefaultFileLockManager] Lock acquired on daemon addresses registry.
15:50:54.870 [DEBUG] [org.gradle.cache.internal.DefaultFileLockManager] Releasing lock on daemon addresses registry.
15:50:58.452 [DEBUG] [org.gradle.process.internal.health.memory.MemoryManager] Emitting OS memory status event {Total: 4059156480, Free: 218718208}
15:50:58.452 [DEBUG] [org.gradle.launcher.daemon.server.health.LowMemoryDaemonExpirationStrategy] Received memory status update: {Total: 4059156480, Free: 218718208}
15:50:58.452 [DEBUG] [org.gradle.process.internal.health.memory.MemoryManager] 405915648 memory requested, 218718208 free
15:50:58.452 [DEBUG] [org.gradle.workers.internal.WorkerDaemonExpiration] Will attempt to release 387 of memory
15:50:58.452 [DEBUG] [org.gradle.process.internal.health.memory.MemoryManager] 405915648 memory requested, 0 released, 218718208 free
15:50:58.453 [DEBUG] [org.gradle.process.internal.health.memory.MemoryManager] Emitting JVM memory status event {Maximum: 1572864000, Committed: 163577856}
15:51:03.451 [DEBUG] [org.gradle.process.internal.health.memory.MemoryManager] Emitting OS memory status event {Total: 4059156480, Free: 219758592}
15:51:03.451 [DEBUG] [org.gradle.launcher.daemon.server.health.LowMemoryDaemonExpirationStrategy] Received memory status update: {Total: 4059156480, Free: 219758592}
15:51:03.451 [DEBUG] [org.gradle.process.internal.health.memory.MemoryManager] 405915648 memory requested, 219758592 free
15:51:03.451 [DEBUG] [org.gradle.workers.internal.WorkerDaemonExpiration] Will attempt to release 387 of memory
15:51:03.452 [DEBUG] [org.gradle.process.internal.health.memory.MemoryManager] 405915648 memory requested, 0 released, 219758592 free
15:51:03.452 [DEBUG] [org.gradle.process.internal.health.memory.MemoryManager] Emitting JVM memory status event {Maximum: 1572864000, Committed: 163577856}
15:51:04.867 [DEBUG] [org.gradle.launcher.daemon.server.Daemon] DaemonExpirationPeriodicCheck running
15:51:04.867 [DEBUG] [org.gradle.cache.internal.DefaultFileLockManager] Waiting to acquire shared lock on daemon addresses registry.
15:51:04.867 [DEBUG] [org.gradle.cache.internal.DefaultFileLockManager] Lock acquired on daemon addresses registry.
15:51:04.868 [DEBUG] [org.gradle.cache.internal.DefaultFileLockManager] Releasing lock on daemon addresses registry.
15:51:04.868 [DEBUG] [org.gradle.cache.internal.DefaultFileLockManager] Waiting to acquire shared lock on daemon addresses registry.
15:51:04.906 [DEBUG] [org.gradle.cache.internal.DefaultFileLockManager] Lock acquired on daemon addresses registry.
15:51:04.907 [DEBUG] [org.gradle.cache.internal.DefaultFileLockManager] Releasing lock on daemon addresses registry.
15:51:04.907 [DEBUG] [org.gradle.cache.internal.DefaultFileLockManager] Waiting to acquire shared lock on daemon addresses registry.
15:51:04.908 [DEBUG] [org.gradle.cache.internal.DefaultFileLockManager] Lock acquired on daemon addresses registry.
15:51:04.913 [DEBUG] [org.gradle.cache.internal.DefaultFileLockManager] Releasing lock on daemon addresses registry.
15:51:08.452 [DEBUG] [org.gradle.process.internal.health.memory.MemoryManager] Emitting OS memory status event {Total: 4059156480, Free: 205332480}
15:51:08.452 [DEBUG] [org.gradle.launcher.daemon.server.health.LowMemoryDaemonExpirationStrategy] Received memory status update: {Total: 4059156480, Free: 205332480}
15:51:08.452 [DEBUG] [org.gradle.process.internal.health.memory.MemoryManager] 405915648 memory requested, 205332480 free
15:51:08.452 [DEBUG] [org.gradle.workers.internal.WorkerDaemonExpiration] Will attempt to release 387 of memory
15:51:08.453 [DEBUG] [org.gradle.process.internal.health.memory.MemoryManager] 405915648 memory requested, 0 released, 205332480 free
15:51:08.453 [DEBUG] [org.gradle.process.internal.health.memory.MemoryManager] Emitting JVM memory status event {Maximum: 1572864000, Committed: 163577856}
15:51:13.451 [DEBUG] [org.gradle.process.internal.health.memory.MemoryManager] Emitting OS memory status event {Total: 4059156480, Free: 214851584}
15:51:13.451 [DEBUG] [org.gradle.launcher.daemon.server.health.LowMemoryDaemonExpirationStrategy] Received memory status update: {Total: 4059156480, Free: 214851584}
15:51:13.452 [DEBUG] [org.gradle.process.internal.health.memory.MemoryManager] 405915648 memory requested, 214851584 free
15:51:13.452 [DEBUG] [org.gradle.workers.internal.WorkerDaemonExpiration] Will attempt to release 387 of memory
15:51:13.452 [DEBUG] [org.gradle.process.internal.health.memory.MemoryManager] 405915648 memory requested, 0 released, 214851584 free
15:51:13.452 [DEBUG] [org.gradle.process.internal.health.memory.MemoryManager] Emitting JVM memory status event {Maximum: 1572864000, Committed: 163577856}
15:51:14.867 [DEBUG] [org.gradle.launcher.daemon.server.Daemon] DaemonExpirationPeriodicCheck running
15:51:14.867 [DEBUG] [org.gradle.cache.internal.DefaultFileLockManager] Waiting to acquire shared lock on daemon addresses registry.
15:51:14.867 [DEBUG] [org.gradle.cache.internal.DefaultFileLockManager] Lock acquired on daemon addresses registry.
15:51:14.868 [DEBUG] [org.gradle.cache.internal.DefaultFileLockManager] Releasing lock on daemon addresses registry.
15:51:14.868 [DEBUG] [org.gradle.cache.internal.DefaultFileLockManager] Waiting to acquire shared lock on daemon addresses registry.
15:51:14.869 [DEBUG] [org.gradle.cache.internal.DefaultFileLockManager] Lock acquired on daemon addresses registry.
15:51:14.869 [DEBUG] [org.gradle.cache.internal.DefaultFileLockManager] Releasing lock on daemon addresses registry.
15:51:14.870 [DEBUG] [org.gradle.cache.internal.DefaultFileLockManager] Waiting to acquire shared lock on daemon addresses registry.
15:51:14.870 [DEBUG] [org.gradle.cache.internal.DefaultFileLockManager] Lock acquired on daemon addresses registry.
15:51:14.870 [DEBUG] [org.gradle.cache.internal.DefaultFileLockManager] Releasing lock on daemon addresses registry.
15:51:18.452 [DEBUG] [org.gradle.process.internal.health.memory.MemoryManager] Emitting OS memory status event {Total: 4059156480, Free: 217280512}
15:51:18.452 [DEBUG] [org.gradle.launcher.daemon.server.health.LowMemoryDaemonExpirationStrategy] Received memory status update: {Total: 4059156480, Free: 217280512}
15:51:18.452 [DEBUG] [org.gradle.process.internal.health.memory.MemoryManager] 405915648 memory requested, 217280512 free
15:51:18.452 [DEBUG] [org.gradle.workers.internal.WorkerDaemonExpiration] Will attempt to release 387 of memory
15:51:18.452 [DEBUG] [org.gradle.process.internal.health.memory.MemoryManager] 405915648 memory requested, 0 released, 217280512 free
15:51:18.452 [DEBUG] [org.gradle.process.internal.health.memory.MemoryManager] Emitting JVM memory status event {Maximum: 1572864000, Committed: 163577856}
15:51:23.451 [DEBUG] [org.gradle.process.internal.health.memory.MemoryManager] Emitting OS memory status event {Total: 4059156480, Free: 222801920}
15:51:23.451 [DEBUG] [org.gradle.launcher.daemon.server.health.LowMemoryDaemonExpirationStrategy] Received memory status update: {Total: 4059156480, Free: 222801920}
15:51:23.451 [DEBUG] [org.gradle.process.internal.health.memory.MemoryManager] 405915648 memory requested, 222801920 free
15:51:23.496 [DEBUG] [org.gradle.workers.internal.WorkerDaemonExpiration] Will attempt to release 387 of memory
15:51:23.497 [DEBUG] [org.gradle.process.internal.health.memory.MemoryManager] 405915648 memory requested, 0 released, 222801920 free
15:51:23.497 [DEBUG] [org.gradle.process.internal.health.memory.MemoryManager] Emitting JVM memory status event {Maximum: 1572864000, Committed: 163577856}
15:51:24.867 [DEBUG] [org.gradle.launcher.daemon.server.Daemon] DaemonExpirationPeriodicCheck running
15:51:24.868 [DEBUG] [org.gradle.cache.internal.DefaultFileLockManager] Waiting to acquire shared lock on daemon addresses registry.
15:51:24.868 [DEBUG] [org.gradle.cache.internal.DefaultFileLockManager] Lock acquired on daemon addresses registry.
15:51:24.868 [DEBUG] [org.gradle.cache.internal.DefaultFileLockManager] Releasing lock on daemon addresses registry.
15:51:24.868 [DEBUG] [org.gradle.cache.internal.DefaultFileLockManager] Waiting to acquire shared lock on daemon addresses registry.
15:51:24.869 [DEBUG] [org.gradle.cache.internal.DefaultFileLockManager] Lock acquired on daemon addresses registry.
15:51:24.869 [DEBUG] [org.gradle.cache.internal.DefaultFileLockManager] Releasing lock on daemon addresses registry.
15:51:24.869 [DEBUG] [org.gradle.cache.internal.DefaultFileLockManager] Waiting to acquire shared lock on daemon addresses registry.
15:51:24.870 [DEBUG] [org.gradle.cache.internal.DefaultFileLockManager] Lock acquired on daemon addresses registry.
15:51:24.870 [DEBUG] [org.gradle.cache.internal.DefaultFileLockManager] Releasing lock on daemon addresses registry.
15:51:28.452 [DEBUG] [org.gradle.process.internal.health.memory.MemoryManager] Emitting OS memory status event {Total: 4059156480, Free: 220618752}
15:51:28.452 [DEBUG] [org.gradle.launcher.daemon.server.health.LowMemoryDaemonExpirationStrategy] Received memory status update: {Total: 4059156480, Free: 220618752}
15:51:28.452 [DEBUG] [org.gradle.process.internal.health.memory.MemoryManager] 405915648 memory requested, 220618752 free
15:51:28.452 [DEBUG] [org.gradle.workers.internal.WorkerDaemonExpiration] Will attempt to release 387 of memory
15:51:28.452 [DEBUG] [org.gradle.process.internal.health.memory.MemoryManager] 405915648 memory requested, 0 released, 220618752 free
15:51:28.452 [DEBUG] [org.gradle.process.internal.health.memory.MemoryManager] Emitting JVM memory status event {Maximum: 1572864000, Committed: 163577856}
15:51:33.451 [DEBUG] [org.gradle.process.internal.health.memory.MemoryManager] Emitting OS memory status event {Total: 4059156480, Free: 232091648}
15:51:33.451 [DEBUG] [org.gradle.launcher.daemon.server.health.LowMemoryDaemonExpirationStrategy] Received memory status update: {Total: 4059156480, Free: 232091648}
15:51:33.461 [DEBUG] [org.gradle.process.internal.health.memory.MemoryManager] 405915648 memory requested, 232091648 free
15:51:33.462 [DEBUG] [org.gradle.workers.internal.WorkerDaemonExpiration] Will attempt to release 387 of memory
15:51:33.462 [DEBUG] [org.gradle.process.internal.health.memory.MemoryManager] 405915648 memory requested, 0 released, 232091648 free
15:51:33.462 [DEBUG] [org.gradle.process.internal.health.memory.MemoryManager] Emitting JVM memory status event {Maximum: 1572864000, Committed: 163577856}
15:51:34.867 [DEBUG] [org.gradle.launcher.daemon.server.Daemon] DaemonExpirationPeriodicCheck running
15:51:34.867 [DEBUG] [org.gradle.cache.internal.DefaultFileLockManager] Waiting to acquire shared lock on daemon addresses registry.
15:51:34.867 [DEBUG] [org.gradle.cache.internal.DefaultFileLockManager] Lock acquired on daemon addresses registry.
15:51:34.868 [DEBUG] [org.gradle.cache.internal.DefaultFileLockManager] Releasing lock on daemon addresses registry.
15:51:34.868 [DEBUG] [org.gradle.cache.internal.DefaultFileLockManager] Waiting to acquire shared lock on daemon addresses registry.
15:51:34.868 [DEBUG] [org.gradle.cache.internal.DefaultFileLockManager] Lock acquired on daemon addresses registry.
15:51:34.869 [DEBUG] [org.gradle.cache.internal.DefaultFileLockManager] Releasing lock on daemon addresses registry.
15:51:34.869 [DEBUG] [org.gradle.cache.internal.DefaultFileLockManager] Waiting to acquire shared lock on daemon addresses registry.
15:51:34.869 [DEBUG] [org.gradle.cache.internal.DefaultFileLockManager] Lock acquired on daemon addresses registry.
15:51:34.870 [DEBUG] [org.gradle.cache.internal.DefaultFileLockManager] Releasing lock on daemon addresses registry.
15:51:38.452 [DEBUG] [org.gradle.process.internal.health.memory.MemoryManager] Emitting OS memory status event {Total: 4059156480, Free: 232239104}
15:51:38.472 [DEBUG] [org.gradle.launcher.daemon.server.health.LowMemoryDaemonExpirationStrategy] Received memory status update: {Total: 4059156480, Free: 232239104}
15:51:38.472 [DEBUG] [org.gradle.process.internal.health.memory.MemoryManager] 405915648 memory requested, 232239104 free
15:51:38.472 [DEBUG] [org.gradle.workers.internal.WorkerDaemonExpiration] Will attempt to release 387 of memory
15:51:38.472 [DEBUG] [org.gradle.process.internal.health.memory.MemoryManager] 405915648 memory requested, 0 released, 232239104 free
15:51:38.472 [DEBUG] [org.gradle.process.internal.health.memory.MemoryManager] Emitting JVM memory status event {Maximum: 1572864000, Committed: 163577856}
15:51:43.451 [DEBUG] [org.gradle.process.internal.health.memory.MemoryManager] Emitting OS memory status event {Total: 4059156480, Free: 236048384}
15:51:43.451 [DEBUG] [org.gradle.launcher.daemon.server.health.LowMemoryDaemonExpirationStrategy] Received memory status update: {Total: 4059156480, Free: 236048384}
15:51:43.451 [DEBUG] [org.gradle.process.internal.health.memory.MemoryManager] 405915648 memory requested, 236048384 free
15:51:43.451 [DEBUG] [org.gradle.workers.internal.WorkerDaemonExpiration] Will attempt to release 387 of memory
15:51:43.451 [DEBUG] [org.gradle.process.internal.health.memory.MemoryManager] 405915648 memory requested, 0 released, 236048384 free
15:51:43.451 [DEBUG] [org.gradle.process.internal.health.memory.MemoryManager] Emitting JVM memory status event {Maximum: 1572864000, Committed: 163577856}
15:51:44.867 [DEBUG] [org.gradle.launcher.daemon.server.Daemon] DaemonExpirationPeriodicCheck running
15:51:44.867 [DEBUG] [org.gradle.cache.internal.DefaultFileLockManager] Waiting to acquire shared lock on daemon addresses registry.
15:51:44.867 [DEBUG] [org.gradle.cache.internal.DefaultFileLockManager] Lock acquired on daemon addresses registry.
15:51:44.867 [DEBUG] [org.gradle.cache.internal.DefaultFileLockManager] Releasing lock on daemon addresses registry.
15:51:44.868 [DEBUG] [org.gradle.cache.internal.DefaultFileLockManager] Waiting to acquire shared lock on daemon addresses registry.
15:51:44.868 [DEBUG] [org.gradle.cache.internal.DefaultFileLockManager] Lock acquired on daemon addresses registry.
15:51:44.868 [DEBUG] [org.gradle.cache.internal.DefaultFileLockManager] Releasing lock on daemon addresses registry.
15:51:44.868 [DEBUG] [org.gradle.cache.internal.DefaultFileLockManager] Waiting to acquire shared lock on daemon addresses registry.
15:51:44.868 [DEBUG] [org.gradle.cache.internal.DefaultFileLockManager] Lock acquired on daemon addresses registry.
15:51:44.868 [DEBUG] [org.gradle.cache.internal.DefaultFileLockManager] Releasing lock on daemon addresses registry.
15:51:48.452 [DEBUG] [org.gradle.process.internal.health.memory.MemoryManager] Emitting OS memory status event {Total: 4059156480, Free: 233648128}
15:51:48.452 [DEBUG] [org.gradle.launcher.daemon.server.health.LowMemoryDaemonExpirationStrategy] Received memory status update: {Total: 4059156480, Free: 233648128}
15:51:48.452 [DEBUG] [org.gradle.process.internal.health.memory.MemoryManager] 405915648 memory requested, 233648128 free
15:51:48.452 [DEBUG] [org.gradle.workers.internal.WorkerDaemonExpiration] Will attempt to release 387 of memory
15:51:48.452 [DEBUG] [org.gradle.process.internal.health.memory.MemoryManager] 405915648 memory requested, 0 released, 233648128 free
15:51:48.452 [DEBUG] [org.gradle.process.internal.health.memory.MemoryManager] Emitting JVM memory status event {Maximum: 1572864000, Committed: 163577856}
15:51:53.451 [DEBUG] [org.gradle.process.internal.health.memory.MemoryManager] Emitting OS memory status event {Total: 4059156480, Free: 228630528}
15:51:53.451 [DEBUG] [org.gradle.launcher.daemon.server.health.LowMemoryDaemonExpirationStrategy] Received memory status update: {Total: 4059156480, Free: 228630528}
15:51:53.451 [DEBUG] [org.gradle.process.internal.health.memory.MemoryManager] 405915648 memory requested, 228630528 free
15:51:53.451 [DEBUG] [org.gradle.workers.internal.WorkerDaemonExpiration] Will attempt to release 387 of memory
15:51:53.451 [DEBUG] [org.gradle.process.internal.health.memory.MemoryManager] 405915648 memory requested, 0 released, 228630528 free
15:51:53.451 [DEBUG] [org.gradle.process.internal.health.memory.MemoryManager] Emitting JVM memory status event {Maximum: 1572864000, Committed: 163577856}
15:51:54.867 [DEBUG] [org.gradle.launcher.daemon.server.Daemon] DaemonExpirationPeriodicCheck running
15:51:54.867 [DEBUG] [org.gradle.cache.internal.DefaultFileLockManager] Waiting to acquire shared lock on daemon addresses registry.
15:51:54.867 [DEBUG] [org.gradle.cache.internal.DefaultFileLockManager] Lock acquired on daemon addresses registry.
15:51:54.867 [DEBUG] [org.gradle.cache.internal.DefaultFileLockManager] Releasing lock on daemon addresses registry.
15:51:54.932 [DEBUG] [org.gradle.cache.internal.DefaultFileLockManager] Waiting to acquire shared lock on daemon addresses registry.
15:51:54.933 [DEBUG] [org.gradle.cache.internal.DefaultFileLockManager] Lock acquired on daemon addresses registry.
15:51:54.933 [DEBUG] [org.gradle.cache.internal.DefaultFileLockManager] Releasing lock on daemon addresses registry.
15:51:54.933 [DEBUG] [org.gradle.cache.internal.DefaultFileLockManager] Waiting to acquire shared lock on daemon addresses registry.
15:51:54.933 [DEBUG] [org.gradle.cache.internal.DefaultFileLockManager] Lock acquired on daemon addresses registry.
15:51:54.933 [DEBUG] [org.gradle.cache.internal.DefaultFileLockManager] Releasing lock on daemon addresses registry.
15:51:58.452 [DEBUG] [org.gradle.process.internal.health.memory.MemoryManager] Emitting OS memory status event {Total: 4059156480, Free: 231088128}
15:51:58.452 [DEBUG] [org.gradle.launcher.daemon.server.health.LowMemoryDaemonExpirationStrategy] Received memory status update: {Total: 4059156480, Free: 231088128}
15:51:58.452 [DEBUG] [org.gradle.process.internal.health.memory.MemoryManager] 405915648 memory requested, 231088128 free
15:51:58.452 [DEBUG] [org.gradle.workers.internal.WorkerDaemonExpiration] Will attempt to release 387 of memory
15:51:58.452 [DEBUG] [org.gradle.process.internal.health.memory.MemoryManager] 405915648 memory requested, 0 released, 231088128 free
15:51:58.452 [DEBUG] [org.gradle.process.internal.health.memory.MemoryManager] Emitting JVM memory status event {Maximum: 1572864000, Committed: 163577856}
15:52:03.451 [DEBUG] [org.gradle.process.internal.health.memory.MemoryManager] Emitting OS memory status event {Total: 4059156480, Free: 213712896}
15:52:03.451 [DEBUG] [org.gradle.launcher.daemon.server.health.LowMemoryDaemonExpirationStrategy] Received memory status update: {Total: 4059156480, Free: 213712896}
15:52:03.451 [DEBUG] [org.gradle.process.internal.health.memory.MemoryManager] 405915648 memory requested, 213712896 free
15:52:03.451 [DEBUG] [org.gradle.workers.internal.WorkerDaemonExpiration] Will attempt to release 387 of memory
15:52:03.451 [DEBUG] [org.gradle.process.internal.health.memory.MemoryManager] 405915648 memory requested, 0 released, 213712896 free
15:52:03.451 [DEBUG] [org.gradle.process.internal.health.memory.MemoryManager] Emitting JVM memory status event {Maximum: 1572864000, Committed: 163577856}
15:52:04.867 [DEBUG] [org.gradle.launcher.daemon.server.Daemon] DaemonExpirationPeriodicCheck running
15:52:04.867 [DEBUG] [org.gradle.cache.internal.DefaultFileLockManager] Waiting to acquire shared lock on daemon addresses registry.
15:52:04.868 [DEBUG] [org.gradle.cache.internal.DefaultFileLockManager] Lock acquired on daemon addresses registry.
15:52:04.868 [DEBUG] [org.gradle.cache.internal.DefaultFileLockManager] Releasing lock on daemon addresses registry.
15:52:04.868 [DEBUG] [org.gradle.cache.internal.DefaultFileLockManager] Waiting to acquire shared lock on daemon addresses registry.
15:52:04.869 [DEBUG] [org.gradle.cache.internal.DefaultFileLockManager] Lock acquired on daemon addresses registry.
15:52:04.869 [DEBUG] [org.gradle.cache.internal.DefaultFileLockManager] Releasing lock on daemon addresses registry.
15:52:04.869 [DEBUG] [org.gradle.cache.internal.DefaultFileLockManager] Waiting to acquire shared lock on daemon addresses registry.
15:52:04.870 [DEBUG] [org.gradle.cache.internal.DefaultFileLockManager] Lock acquired on daemon addresses registry.
15:52:04.870 [DEBUG] [org.gradle.cache.internal.DefaultFileLockManager] Releasing lock on daemon addresses registry.
15:52:08.451 [DEBUG] [org.gradle.process.internal.health.memory.MemoryManager] Emitting OS memory status event {Total: 4059156480, Free: 202502144}
15:52:08.451 [DEBUG] [org.gradle.launcher.daemon.server.health.LowMemoryDaemonExpirationStrategy] Received memory status update: {Total: 4059156480, Free: 202502144}
15:52:08.451 [DEBUG] [org.gradle.process.internal.health.memory.MemoryManager] 405915648 memory requested, 202502144 free
15:52:08.452 [DEBUG] [org.gradle.workers.internal.WorkerDaemonExpiration] Will attempt to release 387 of memory
15:52:08.452 [DEBUG] [org.gradle.process.internal.health.memory.MemoryManager] 405915648 memory requested, 0 released, 202502144 free
15:52:08.452 [DEBUG] [org.gradle.process.internal.health.memory.MemoryManager] Emitting JVM memory status event {Maximum: 1572864000, Committed: 163577856}
15:52:13.451 [DEBUG] [org.gradle.process.internal.health.memory.MemoryManager] Emitting OS memory status event {Total: 4059156480, Free: 196476928}
15:52:13.452 [DEBUG] [org.gradle.launcher.daemon.server.health.LowMemoryDaemonExpirationStrategy] Received memory status update: {Total: 4059156480, Free: 196476928}
15:52:13.452 [DEBUG] [org.gradle.process.internal.health.memory.MemoryManager] 405915648 memory requested, 196476928 free
15:52:13.452 [DEBUG] [org.gradle.workers.internal.WorkerDaemonExpiration] Will attempt to release 387 of memory
15:52:13.452 [DEBUG] [org.gradle.process.internal.health.memory.MemoryManager] 405915648 memory requested, 0 released, 196476928 free
15:52:13.452 [DEBUG] [org.gradle.process.internal.health.memory.MemoryManager] Emitting JVM memory status event {Maximum: 1572864000, Committed: 163577856}
15:52:14.867 [DEBUG] [org.gradle.launcher.daemon.server.Daemon] DaemonExpirationPeriodicCheck running
15:52:14.867 [DEBUG] [org.gradle.cache.internal.DefaultFileLockManager] Waiting to acquire shared lock on daemon addresses registry.
15:52:14.867 [DEBUG] [org.gradle.cache.internal.DefaultFileLockManager] Lock acquired on daemon addresses registry.
15:52:14.867 [DEBUG] [org.gradle.cache.internal.DefaultFileLockManager] Releasing lock on daemon addresses registry.
15:52:14.868 [DEBUG] [org.gradle.cache.internal.DefaultFileLockManager] Waiting to acquire shared lock on daemon addresses registry.
15:52:14.868 [DEBUG] [org.gradle.cache.internal.DefaultFileLockManager] Lock acquired on daemon addresses registry.
15:52:14.868 [DEBUG] [org.gradle.cache.internal.DefaultFileLockManager] Releasing lock on daemon addresses registry.
15:52:14.868 [DEBUG] [org.gradle.cache.internal.DefaultFileLockManager] Waiting to acquire shared lock on daemon addresses registry.
15:52:14.868 [DEBUG] [org.gradle.cache.internal.DefaultFileLockManager] Lock acquired on daemon addresses registry.
15:52:14.868 [DEBUG] [org.gradle.cache.internal.DefaultFileLockManager] Releasing lock on daemon addresses registry.
15:52:18.452 [DEBUG] [org.gradle.process.internal.health.memory.MemoryManager] Emitting OS memory status event {Total: 4059156480, Free: 197820416}
15:52:18.452 [DEBUG] [org.gradle.launcher.daemon.server.health.LowMemoryDaemonExpirationStrategy] Received memory status update: {Total: 4059156480, Free: 197820416}
15:52:18.452 [DEBUG] [org.gradle.process.internal.health.memory.MemoryManager] 405915648 memory requested, 197820416 free
15:52:18.452 [DEBUG] [org.gradle.workers.internal.WorkerDaemonExpiration] Will attempt to release 387 of memory
15:52:18.452 [DEBUG] [org.gradle.process.internal.health.memory.MemoryManager] 405915648 memory requested, 0 released, 197820416 free
15:52:18.452 [DEBUG] [org.gradle.process.internal.health.memory.MemoryManager] Emitting JVM memory status event {Maximum: 1572864000, Committed: 163577856}
15:52:23.451 [DEBUG] [org.gradle.process.internal.health.memory.MemoryManager] Emitting OS memory status event {Total: 4059156480, Free: 200503296}
15:52:23.452 [DEBUG] [org.gradle.launcher.daemon.server.health.LowMemoryDaemonExpirationStrategy] Received memory status update: {Total: 4059156480, Free: 200503296}
15:52:23.452 [DEBUG] [org.gradle.process.internal.health.memory.MemoryManager] 405915648 memory requested, 200503296 free
15:52:23.452 [DEBUG] [org.gradle.workers.internal.WorkerDaemonExpiration] Will attempt to release 387 of memory
15:52:23.452 [DEBUG] [org.gradle.process.internal.health.memory.MemoryManager] 405915648 memory requested, 0 released, 200503296 free
15:52:23.452 [DEBUG] [org.gradle.process.internal.health.memory.MemoryManager] Emitting JVM memory status event {Maximum: 1572864000, Committed: 163577856}
15:52:24.867 [DEBUG] [org.gradle.launcher.daemon.server.Daemon] DaemonExpirationPeriodicCheck running
15:52:24.867 [DEBUG] [org.gradle.cache.internal.DefaultFileLockManager] Waiting to acquire shared lock on daemon addresses registry.
15:52:24.867 [DEBUG] [org.gradle.cache.internal.DefaultFileLockManager] Lock acquired on daemon addresses registry.
15:52:24.867 [DEBUG] [org.gradle.cache.internal.DefaultFileLockManager] Releasing lock on daemon addresses registry.
15:52:24.867 [DEBUG] [org.gradle.cache.internal.DefaultFileLockManager] Waiting to acquire shared lock on daemon addresses registry.
15:52:24.867 [DEBUG] [org.gradle.cache.internal.DefaultFileLockManager] Lock acquired on daemon addresses registry.
15:52:24.867 [DEBUG] [org.gradle.cache.internal.DefaultFileLockManager] Releasing lock on daemon addresses registry.
15:52:24.868 [DEBUG] [org.gradle.cache.internal.DefaultFileLockManager] Waiting to acquire shared lock on daemon addresses registry.
15:52:24.868 [DEBUG] [org.gradle.cache.internal.DefaultFileLockManager] Lock acquired on daemon addresses registry.
15:52:24.868 [DEBUG] [org.gradle.cache.internal.DefaultFileLockManager] Releasing lock on daemon addresses registry.
15:52:28.452 [DEBUG] [org.gradle.process.internal.health.memory.MemoryManager] Emitting OS memory status event {Total: 4059156480, Free: 202346496}
15:52:28.452 [DEBUG] [org.gradle.launcher.daemon.server.health.LowMemoryDaemonExpirationStrategy] Received memory status update: {Total: 4059156480, Free: 202346496}
15:52:28.452 [DEBUG] [org.gradle.process.internal.health.memory.MemoryManager] 405915648 memory requested, 202346496 free
15:52:28.452 [DEBUG] [org.gradle.workers.internal.WorkerDaemonExpiration] Will attempt to release 387 of memory
15:52:28.452 [DEBUG] [org.gradle.process.internal.health.memory.MemoryManager] 405915648 memory requested, 0 released, 202346496 free
15:52:28.452 [DEBUG] [org.gradle.process.internal.health.memory.MemoryManager] Emitting JVM memory status event {Maximum: 1572864000, Committed: 163577856}
15:52:33.451 [DEBUG] [org.gradle.process.internal.health.memory.MemoryManager] Emitting OS memory status event {Total: 4059156480, Free: 217378816}
15:52:33.451 [DEBUG] [org.gradle.launcher.daemon.server.health.LowMemoryDaemonExpirationStrategy] Received memory status update: {Total: 4059156480, Free: 217378816}
15:52:33.451 [DEBUG] [org.gradle.process.internal.health.memory.MemoryManager] 405915648 memory requested, 217378816 free
15:52:33.451 [DEBUG] [org.gradle.workers.internal.WorkerDaemonExpiration] Will attempt to release 387 of memory
15:52:33.451 [DEBUG] [org.gradle.process.internal.health.memory.MemoryManager] 405915648 memory requested, 0 released, 217378816 free
15:52:33.451 [DEBUG] [org.gradle.process.internal.health.memory.MemoryManager] Emitting JVM memory status event {Maximum: 1572864000, Committed: 163577856}
15:52:34.867 [DEBUG] [org.gradle.launcher.daemon.server.Daemon] DaemonExpirationPeriodicCheck running
15:52:34.867 [DEBUG] [org.gradle.cache.internal.DefaultFileLockManager] Waiting to acquire shared lock on daemon addresses registry.
15:52:34.867 [DEBUG] [org.gradle.cache.internal.DefaultFileLockManager] Lock acquired on daemon addresses registry.
15:52:34.867 [DEBUG] [org.gradle.cache.internal.DefaultFileLockManager] Releasing lock on daemon addresses registry.
15:52:34.910 [DEBUG] [org.gradle.cache.internal.DefaultFileLockManager] Waiting to acquire shared lock on daemon addresses registry.
15:52:34.911 [DEBUG] [org.gradle.cache.internal.DefaultFileLockManager] Lock acquired on daemon addresses registry.
15:52:34.911 [DEBUG] [org.gradle.cache.internal.DefaultFileLockManager] Releasing lock on daemon addresses registry.
15:52:34.911 [DEBUG] [org.gradle.cache.internal.DefaultFileLockManager] Waiting to acquire shared lock on daemon addresses registry.
15:52:34.911 [DEBUG] [org.gradle.cache.internal.DefaultFileLockManager] Lock acquired on daemon addresses registry.
15:52:34.911 [DEBUG] [org.gradle.cache.internal.DefaultFileLockManager] Releasing lock on daemon addresses registry.
15:52:38.452 [DEBUG] [org.gradle.process.internal.health.memory.MemoryManager] Emitting OS memory status event {Total: 4059156480, Free: 213147648}
15:52:38.452 [DEBUG] [org.gradle.launcher.daemon.server.health.LowMemoryDaemonExpirationStrategy] Received memory status update: {Total: 4059156480, Free: 213147648}
15:52:38.452 [DEBUG] [org.gradle.process.internal.health.memory.MemoryManager] 405915648 memory requested, 213147648 free
15:52:38.452 [DEBUG] [org.gradle.workers.internal.WorkerDaemonExpiration] Will attempt to release 387 of memory
15:52:38.452 [DEBUG] [org.gradle.process.internal.health.memory.MemoryManager] 405915648 memory requested, 0 released, 213147648 free
15:52:38.452 [DEBUG] [org.gradle.process.internal.health.memory.MemoryManager] Emitting JVM memory status event {Maximum: 1572864000, Committed: 163577856}
15:52:43.451 [DEBUG] [org.gradle.process.internal.health.memory.MemoryManager] Emitting OS memory status event {Total: 4059156480, Free: 217235456}
15:52:43.451 [DEBUG] [org.gradle.launcher.daemon.server.health.LowMemoryDaemonExpirationStrategy] Received memory status update: {Total: 4059156480, Free: 217235456}
15:52:43.451 [DEBUG] [org.gradle.process.internal.health.memory.MemoryManager] 405915648 memory requested, 217235456 free
15:52:43.451 [DEBUG] [org.gradle.workers.internal.WorkerDaemonExpiration] Will attempt to release 387 of memory
15:52:43.451 [DEBUG] [org.gradle.process.internal.health.memory.MemoryManager] 405915648 memory requested, 0 released, 217235456 free
15:52:43.451 [DEBUG] [org.gradle.process.internal.health.memory.MemoryManager] Emitting JVM memory status event {Maximum: 1572864000, Committed: 163577856}
15:52:44.867 [DEBUG] [org.gradle.launcher.daemon.server.Daemon] DaemonExpirationPeriodicCheck running
15:52:44.867 [DEBUG] [org.gradle.cache.internal.DefaultFileLockManager] Waiting to acquire shared lock on daemon addresses registry.
15:52:44.868 [DEBUG] [org.gradle.cache.internal.DefaultFileLockManager] Lock acquired on daemon addresses registry.
15:52:44.868 [DEBUG] [org.gradle.cache.internal.DefaultFileLockManager] Releasing lock on daemon addresses registry.
15:52:44.868 [DEBUG] [org.gradle.cache.internal.DefaultFileLockManager] Waiting to acquire shared lock on daemon addresses registry.
15:52:44.869 [DEBUG] [org.gradle.cache.internal.DefaultFileLockManager] Lock acquired on daemon addresses registry.
15:52:44.869 [DEBUG] [org.gradle.cache.internal.DefaultFileLockManager] Releasing lock on daemon addresses registry.
15:52:44.870 [DEBUG] [org.gradle.cache.internal.DefaultFileLockManager] Waiting to acquire shared lock on daemon addresses registry.
15:52:44.870 [DEBUG] [org.gradle.cache.internal.DefaultFileLockManager] Lock acquired on daemon addresses registry.
15:52:44.870 [DEBUG] [org.gradle.cache.internal.DefaultFileLockManager] Releasing lock on daemon addresses registry.
15:52:48.452 [DEBUG] [org.gradle.process.internal.health.memory.MemoryManager] Emitting OS memory status event {Total: 4059156480, Free: 188432384}
15:52:48.452 [DEBUG] [org.gradle.launcher.daemon.server.health.LowMemoryDaemonExpirationStrategy] Received memory status update: {Total: 4059156480, Free: 188432384}
15:52:48.452 [DEBUG] [org.gradle.process.internal.health.memory.MemoryManager] 405915648 memory requested, 188432384 free
15:52:48.452 [DEBUG] [org.gradle.workers.internal.WorkerDaemonExpiration] Will attempt to release 387 of memory
15:52:48.452 [DEBUG] [org.gradle.process.internal.health.memory.MemoryManager] 405915648 memory requested, 0 released, 188432384 free
15:52:48.452 [DEBUG] [org.gradle.process.internal.health.memory.MemoryManager] Emitting JVM memory status event {Maximum: 1572864000, Committed: 163577856}
15:52:53.451 [DEBUG] [org.gradle.process.internal.health.memory.MemoryManager] Emitting OS memory status event {Total: 4059156480, Free: 195125248}
15:52:53.544 [DEBUG] [org.gradle.launcher.daemon.server.health.LowMemoryDaemonExpirationStrategy] Received memory status update: {Total: 4059156480, Free: 195125248}
15:52:53.544 [DEBUG] [org.gradle.process.internal.health.memory.MemoryManager] 405915648 memory requested, 195125248 free
15:52:53.544 [DEBUG] [org.gradle.workers.internal.WorkerDaemonExpiration] Will attempt to release 387 of memory
15:52:53.544 [DEBUG] [org.gradle.process.internal.health.memory.MemoryManager] 405915648 memory requested, 0 released, 195125248 free
15:52:53.545 [DEBUG] [org.gradle.process.internal.health.memory.MemoryManager] Emitting JVM memory status event {Maximum: 1572864000, Committed: 163577856}
15:52:54.867 [DEBUG] [org.gradle.launcher.daemon.server.Daemon] DaemonExpirationPeriodicCheck running
15:52:54.926 [DEBUG] [org.gradle.cache.internal.DefaultFileLockManager] Waiting to acquire shared lock on daemon addresses registry.
15:52:54.964 [DEBUG] [org.gradle.cache.internal.DefaultFileLockManager] Lock acquired on daemon addresses registry.
15:52:55.050 [DEBUG] [org.gradle.cache.internal.DefaultFileLockManager] Releasing lock on daemon addresses registry.
15:52:55.051 [DEBUG] [org.gradle.cache.internal.DefaultFileLockManager] Waiting to acquire shared lock on daemon addresses registry.
15:52:55.051 [DEBUG] [org.gradle.cache.internal.DefaultFileLockManager] Lock acquired on daemon addresses registry.
15:52:55.051 [DEBUG] [org.gradle.cache.internal.DefaultFileLockManager] Releasing lock on daemon addresses registry.
15:52:55.051 [DEBUG] [org.gradle.cache.internal.DefaultFileLockManager] Waiting to acquire shared lock on daemon addresses registry.
15:52:55.051 [DEBUG] [org.gradle.cache.internal.DefaultFileLockManager] Lock acquired on daemon addresses registry.
15:52:55.051 [DEBUG] [org.gradle.cache.internal.DefaultFileLockManager] Releasing lock on daemon addresses registry.
15:52:58.452 [DEBUG] [org.gradle.process.internal.health.memory.MemoryManager] Emitting OS memory status event {Total: 4059156480, Free: 203517952}
15:52:58.452 [DEBUG] [org.gradle.launcher.daemon.server.health.LowMemoryDaemonExpirationStrategy] Received memory status update: {Total: 4059156480, Free: 203517952}
15:52:58.452 [DEBUG] [org.gradle.process.internal.health.memory.MemoryManager] 405915648 memory requested, 203517952 free
15:52:58.452 [DEBUG] [org.gradle.workers.internal.WorkerDaemonExpiration] Will attempt to release 387 of memory
15:52:58.452 [DEBUG] [org.gradle.process.internal.health.memory.MemoryManager] 405915648 memory requested, 0 released, 203517952 free
15:52:58.452 [DEBUG] [org.gradle.process.internal.health.memory.MemoryManager] Emitting JVM memory status event {Maximum: 1572864000, Committed: 163577856}
15:53:03.451 [DEBUG] [org.gradle.process.internal.health.memory.MemoryManager] Emitting OS memory status event {Total: 4059156480, Free: 200585216}
15:53:03.451 [DEBUG] [org.gradle.launcher.daemon.server.health.LowMemoryDaemonExpirationStrategy] Received memory status update: {Total: 4059156480, Free: 200585216}
15:53:03.452 [DEBUG] [org.gradle.process.internal.health.memory.MemoryManager] 405915648 memory requested, 200585216 free
15:53:03.452 [DEBUG] [org.gradle.workers.internal.WorkerDaemonExpiration] Will attempt to release 387 of memory
15:53:03.452 [DEBUG] [org.gradle.process.internal.health.memory.MemoryManager] 405915648 memory requested, 0 released, 200585216 free
15:53:03.452 [DEBUG] [org.gradle.process.internal.health.memory.MemoryManager] Emitting JVM memory status event {Maximum: 1572864000, Committed: 163577856}
15:53:04.867 [DEBUG] [org.gradle.launcher.daemon.server.Daemon] DaemonExpirationPeriodicCheck running
15:53:04.867 [DEBUG] [org.gradle.cache.internal.DefaultFileLockManager] Waiting to acquire shared lock on daemon addresses registry.
15:53:04.867 [DEBUG] [org.gradle.cache.internal.DefaultFileLockManager] Lock acquired on daemon addresses registry.
15:53:04.868 [DEBUG] [org.gradle.cache.internal.DefaultFileLockManager] Releasing lock on daemon addresses registry.
15:53:04.868 [DEBUG] [org.gradle.cache.internal.DefaultFileLockManager] Waiting to acquire shared lock on daemon addresses registry.
15:53:04.868 [DEBUG] [org.gradle.cache.internal.DefaultFileLockManager] Lock acquired on daemon addresses registry.
15:53:04.868 [DEBUG] [org.gradle.cache.internal.DefaultFileLockManager] Releasing lock on daemon addresses registry.
15:53:04.869 [DEBUG] [org.gradle.cache.internal.DefaultFileLockManager] Waiting to acquire shared lock on daemon addresses registry.
15:53:04.869 [DEBUG] [org.gradle.cache.internal.DefaultFileLockManager] Lock acquired on daemon addresses registry.
15:53:04.869 [DEBUG] [org.gradle.cache.internal.DefaultFileLockManager] Releasing lock on daemon addresses registry.
15:53:08.452 [DEBUG] [org.gradle.process.internal.health.memory.MemoryManager] Emitting OS memory status event {Total: 4059156480, Free: 200970240}
15:53:08.452 [DEBUG] [org.gradle.launcher.daemon.server.health.LowMemoryDaemonExpirationStrategy] Received memory status update: {Total: 4059156480, Free: 200970240}
15:53:08.452 [DEBUG] [org.gradle.process.internal.health.memory.MemoryManager] 405915648 memory requested, 200970240 free
15:53:08.452 [DEBUG] [org.gradle.workers.internal.WorkerDaemonExpiration] Will attempt to release 387 of memory
15:53:08.452 [DEBUG] [org.gradle.process.internal.health.memory.MemoryManager] 405915648 memory requested, 0 released, 200970240 free
15:53:08.452 [DEBUG] [org.gradle.process.internal.health.memory.MemoryManager] Emitting JVM memory status event {Maximum: 1572864000, Committed: 163577856}
15:53:13.451 [DEBUG] [org.gradle.process.internal.health.memory.MemoryManager] Emitting OS memory status event {Total: 4059156480, Free: 207712256}
15:53:13.452 [DEBUG] [org.gradle.launcher.daemon.server.health.LowMemoryDaemonExpirationStrategy] Received memory status update: {Total: 4059156480, Free: 207712256}
15:53:13.452 [DEBUG] [org.gradle.process.internal.health.memory.MemoryManager] 405915648 memory requested, 207712256 free
15:53:13.452 [DEBUG] [org.gradle.workers.internal.WorkerDaemonExpiration] Will attempt to release 387 of memory
15:53:13.452 [DEBUG] [org.gradle.process.internal.health.memory.MemoryManager] 405915648 memory requested, 0 released, 207712256 free
15:53:13.452 [DEBUG] [org.gradle.process.internal.health.memory.MemoryManager] Emitting JVM memory status event {Maximum: 1572864000, Committed: 163577856}
15:53:14.867 [DEBUG] [org.gradle.launcher.daemon.server.Daemon] DaemonExpirationPeriodicCheck running
15:53:14.867 [DEBUG] [org.gradle.cache.internal.DefaultFileLockManager] Waiting to acquire shared lock on daemon addresses registry.
15:53:14.867 [DEBUG] [org.gradle.cache.internal.DefaultFileLockManager] Lock acquired on daemon addresses registry.
15:53:14.867 [DEBUG] [org.gradle.cache.internal.DefaultFileLockManager] Releasing lock on daemon addresses registry.
15:53:14.867 [DEBUG] [org.gradle.cache.internal.DefaultFileLockManager] Waiting to acquire shared lock on daemon addresses registry.
15:53:14.867 [DEBUG] [org.gradle.cache.internal.DefaultFileLockManager] Lock acquired on daemon addresses registry.
15:53:14.867 [DEBUG] [org.gradle.cache.internal.DefaultFileLockManager] Releasing lock on daemon addresses registry.
15:53:14.868 [DEBUG] [org.gradle.cache.internal.DefaultFileLockManager] Waiting to acquire shared lock on daemon addresses registry.
15:53:14.903 [DEBUG] [org.gradle.cache.internal.DefaultFileLockManager] Lock acquired on daemon addresses registry.
15:53:14.903 [DEBUG] [org.gradle.cache.internal.DefaultFileLockManager] Releasing lock on daemon addresses registry.
15:53:18.476 [DEBUG] [org.gradle.process.internal.health.memory.MemoryManager] Emitting OS memory status event {Total: 4059156480, Free: 207409152}
15:53:18.477 [DEBUG] [org.gradle.launcher.daemon.server.health.LowMemoryDaemonExpirationStrategy] Received memory status update: {Total: 4059156480, Free: 207409152}
15:53:18.477 [DEBUG] [org.gradle.process.internal.health.memory.MemoryManager] 405915648 memory requested, 207409152 free
15:53:18.477 [DEBUG] [org.gradle.workers.internal.WorkerDaemonExpiration] Will attempt to release 387 of memory
15:53:18.477 [DEBUG] [org.gradle.process.internal.health.memory.MemoryManager] 405915648 memory requested, 0 released, 207409152 free
15:53:18.477 [DEBUG] [org.gradle.process.internal.health.memory.MemoryManager] Emitting JVM memory status event {Maximum: 1572864000, Committed: 163577856}
15:53:23.451 [DEBUG] [org.gradle.process.internal.health.memory.MemoryManager] Emitting OS memory status event {Total: 4059156480, Free: 201674752}
15:53:23.452 [DEBUG] [org.gradle.launcher.daemon.server.health.LowMemoryDaemonExpirationStrategy] Received memory status update: {Total: 4059156480, Free: 201674752}
15:53:23.453 [DEBUG] [org.gradle.process.internal.health.memory.MemoryManager] 405915648 memory requested, 201674752 free
15:53:23.453 [DEBUG] [org.gradle.workers.internal.WorkerDaemonExpiration] Will attempt to release 387 of memory
15:53:23.453 [DEBUG] [org.gradle.process.internal.health.memory.MemoryManager] 405915648 memory requested, 0 released, 201674752 free
15:53:23.453 [DEBUG] [org.gradle.process.internal.health.memory.MemoryManager] Emitting JVM memory status event {Maximum: 1572864000, Committed: 163577856}
15:53:24.867 [DEBUG] [org.gradle.launcher.daemon.server.Daemon] DaemonExpirationPeriodicCheck running
15:53:24.867 [DEBUG] [org.gradle.cache.internal.DefaultFileLockManager] Waiting to acquire shared lock on daemon addresses registry.
15:53:24.867 [DEBUG] [org.gradle.cache.internal.DefaultFileLockManager] Lock acquired on daemon addresses registry.
15:53:24.867 [DEBUG] [org.gradle.cache.internal.DefaultFileLockManager] Releasing lock on daemon addresses registry.
15:53:24.868 [DEBUG] [org.gradle.cache.internal.DefaultFileLockManager] Waiting to acquire shared lock on daemon addresses registry.
15:53:24.868 [DEBUG] [org.gradle.cache.internal.DefaultFileLockManager] Lock acquired on daemon addresses registry.
15:53:24.868 [DEBUG] [org.gradle.cache.internal.DefaultFileLockManager] Releasing lock on daemon addresses registry.
15:53:24.868 [DEBUG] [org.gradle.cache.internal.DefaultFileLockManager] Waiting to acquire shared lock on daemon addresses registry.
15:53:24.868 [DEBUG] [org.gradle.cache.internal.DefaultFileLockManager] Lock acquired on daemon addresses registry.
15:53:24.868 [DEBUG] [org.gradle.cache.internal.DefaultFileLockManager] Releasing lock on daemon addresses registry.
15:53:28.451 [DEBUG] [org.gradle.process.internal.health.memory.MemoryManager] Emitting OS memory status event {Total: 4059156480, Free: 183726080}
15:53:28.452 [DEBUG] [org.gradle.launcher.daemon.server.health.LowMemoryDaemonExpirationStrategy] Received memory status update: {Total: 4059156480, Free: 183726080}
15:53:28.452 [DEBUG] [org.gradle.process.internal.health.memory.MemoryManager] 405915648 memory requested, 183726080 free
15:53:28.452 [DEBUG] [org.gradle.workers.internal.WorkerDaemonExpiration] Will attempt to release 387 of memory
15:53:28.452 [DEBUG] [org.gradle.process.internal.health.memory.MemoryManager] 405915648 memory requested, 0 released, 183726080 free
15:53:28.452 [DEBUG] [org.gradle.process.internal.health.memory.MemoryManager] Emitting JVM memory status event {Maximum: 1572864000, Committed: 163577856}
15:53:33.451 [DEBUG] [org.gradle.process.internal.health.memory.MemoryManager] Emitting OS memory status event {Total: 4059156480, Free: 186929152}
15:53:33.451 [DEBUG] [org.gradle.launcher.daemon.server.health.LowMemoryDaemonExpirationStrategy] Received memory status update: {Total: 4059156480, Free: 186929152}
15:53:33.452 [DEBUG] [org.gradle.process.internal.health.memory.MemoryManager] 405915648 memory requested, 186929152 free
15:53:33.452 [DEBUG] [org.gradle.workers.internal.WorkerDaemonExpiration] Will attempt to release 387 of memory
15:53:33.452 [DEBUG] [org.gradle.process.internal.health.memory.MemoryManager] 405915648 memory requested, 0 released, 186929152 free
15:53:33.452 [DEBUG] [org.gradle.process.internal.health.memory.MemoryManager] Emitting JVM memory status event {Maximum: 1572864000, Committed: 163577856}
15:53:34.866 [DEBUG] [org.gradle.launcher.daemon.server.Daemon] DaemonExpirationPeriodicCheck running
15:53:34.900 [DEBUG] [org.gradle.cache.internal.DefaultFileLockManager] Waiting to acquire shared lock on daemon addresses registry.
15:53:34.900 [DEBUG] [org.gradle.cache.internal.DefaultFileLockManager] Lock acquired on daemon addresses registry.
15:53:34.901 [DEBUG] [org.gradle.cache.internal.DefaultFileLockManager] Releasing lock on daemon addresses registry.
15:53:34.901 [DEBUG] [org.gradle.cache.internal.DefaultFileLockManager] Waiting to acquire shared lock on daemon addresses registry.
15:53:34.901 [DEBUG] [org.gradle.cache.internal.DefaultFileLockManager] Lock acquired on daemon addresses registry.
15:53:35.240 [DEBUG] [org.gradle.cache.internal.DefaultFileLockManager] Releasing lock on daemon addresses registry.
15:53:35.240 [DEBUG] [org.gradle.cache.internal.DefaultFileLockManager] Waiting to acquire shared lock on daemon addresses registry.
15:53:35.240 [DEBUG] [org.gradle.cache.internal.DefaultFileLockManager] Lock acquired on daemon addresses registry.
15:53:35.241 [DEBUG] [org.gradle.cache.internal.DefaultFileLockManager] Releasing lock on daemon addresses registry.
15:53:38.452 [DEBUG] [org.gradle.process.internal.health.memory.MemoryManager] Emitting OS memory status event {Total: 4059156480, Free: 177901568}
15:53:38.452 [DEBUG] [org.gradle.launcher.daemon.server.health.LowMemoryDaemonExpirationStrategy] Received memory status update: {Total: 4059156480, Free: 177901568}
15:53:38.452 [DEBUG] [org.gradle.process.internal.health.memory.MemoryManager] 405915648 memory requested, 177901568 free
15:53:38.452 [DEBUG] [org.gradle.workers.internal.WorkerDaemonExpiration] Will attempt to release 387 of memory
15:53:38.452 [DEBUG] [org.gradle.process.internal.health.memory.MemoryManager] 405915648 memory requested, 0 released, 177901568 free
15:53:38.452 [DEBUG] [org.gradle.process.internal.health.memory.MemoryManager] Emitting JVM memory status event {Maximum: 1572864000, Committed: 163577856}
15:53:43.451 [DEBUG] [org.gradle.process.internal.health.memory.MemoryManager] Emitting OS memory status event {Total: 4059156480, Free: 169824256}
15:53:43.451 [DEBUG] [org.gradle.launcher.daemon.server.health.LowMemoryDaemonExpirationStrategy] Received memory status update: {Total: 4059156480, Free: 169824256}
15:53:43.451 [DEBUG] [org.gradle.process.internal.health.memory.MemoryManager] 405915648 memory requested, 169824256 free
15:53:43.451 [DEBUG] [org.gradle.workers.internal.WorkerDaemonExpiration] Will attempt to release 387 of memory
15:53:43.451 [DEBUG] [org.gradle.process.internal.health.memory.MemoryManager] 405915648 memory requested, 0 released, 169824256 free
15:53:43.451 [DEBUG] [org.gradle.process.internal.health.memory.MemoryManager] Emitting JVM memory status event {Maximum: 1572864000, Committed: 163577856}
15:53:44.867 [DEBUG] [org.gradle.launcher.daemon.server.Daemon] DaemonExpirationPeriodicCheck running
15:53:44.867 [DEBUG] [org.gradle.cache.internal.DefaultFileLockManager] Waiting to acquire shared lock on daemon addresses registry.
15:53:44.867 [DEBUG] [org.gradle.cache.internal.DefaultFileLockManager] Lock acquired on daemon addresses registry.
15:53:44.867 [DEBUG] [org.gradle.cache.internal.DefaultFileLockManager] Releasing lock on daemon addresses registry.
15:53:44.868 [DEBUG] [org.gradle.cache.internal.DefaultFileLockManager] Waiting to acquire shared lock on daemon addresses registry.
15:53:44.868 [DEBUG] [org.gradle.cache.internal.DefaultFileLockManager] Lock acquired on daemon addresses registry.
15:53:44.868 [DEBUG] [org.gradle.cache.internal.DefaultFileLockManager] Releasing lock on daemon addresses registry.
15:53:44.868 [DEBUG] [org.gradle.cache.internal.DefaultFileLockManager] Waiting to acquire shared lock on daemon addresses registry.
15:53:44.868 [DEBUG] [org.gradle.cache.internal.DefaultFileLockManager] Lock acquired on daemon addresses registry.
15:53:44.869 [DEBUG] [org.gradle.cache.internal.DefaultFileLockManager] Releasing lock on daemon addresses registry.
15:53:48.452 [DEBUG] [org.gradle.process.internal.health.memory.MemoryManager] Emitting OS memory status event {Total: 4059156480, Free: 147894272}
15:53:48.452 [DEBUG] [org.gradle.launcher.daemon.server.health.LowMemoryDaemonExpirationStrategy] Received memory status update: {Total: 4059156480, Free: 147894272}
15:53:48.452 [DEBUG] [org.gradle.process.internal.health.memory.MemoryManager] 405915648 memory requested, 147894272 free
15:53:48.452 [DEBUG] [org.gradle.workers.internal.WorkerDaemonExpiration] Will attempt to release 387 of memory
15:53:48.452 [DEBUG] [org.gradle.process.internal.health.memory.MemoryManager] 405915648 memory requested, 0 released, 147894272 free
15:53:48.452 [DEBUG] [org.gradle.process.internal.health.memory.MemoryManager] Emitting JVM memory status event {Maximum: 1572864000, Committed: 163577856}
15:53:53.494 [DEBUG] [org.gradle.process.internal.health.memory.MemoryManager] Emitting OS memory status event {Total: 4059156480, Free: 166895616}
15:53:53.494 [DEBUG] [org.gradle.launcher.daemon.server.health.LowMemoryDaemonExpirationStrategy] Received memory status update: {Total: 4059156480, Free: 166895616}
15:53:53.495 [DEBUG] [org.gradle.process.internal.health.memory.MemoryManager] 405915648 memory requested, 166895616 free
15:53:53.511 [DEBUG] [org.gradle.workers.internal.WorkerDaemonExpiration] Will attempt to release 387 of memory
15:53:53.511 [DEBUG] [org.gradle.process.internal.health.memory.MemoryManager] 405915648 memory requested, 0 released, 166895616 free
15:53:53.511 [DEBUG] [org.gradle.process.internal.health.memory.MemoryManager] Emitting JVM memory status event {Maximum: 1572864000, Committed: 163577856}
15:53:54.867 [DEBUG] [org.gradle.launcher.daemon.server.Daemon] DaemonExpirationPeriodicCheck running
15:53:55.080 [DEBUG] [org.gradle.cache.internal.DefaultFileLockManager] Waiting to acquire shared lock on daemon addresses registry.
15:53:55.238 [DEBUG] [org.gradle.cache.internal.DefaultFileLockManager] Lock acquired on daemon addresses registry.
15:53:55.308 [DEBUG] [org.gradle.cache.internal.DefaultFileLockManager] Releasing lock on daemon addresses registry.
15:53:55.308 [DEBUG] [org.gradle.cache.internal.DefaultFileLockManager] Waiting to acquire shared lock on daemon addresses registry.
15:53:55.308 [DEBUG] [org.gradle.cache.internal.DefaultFileLockManager] Lock acquired on daemon addresses registry.
15:53:55.309 [DEBUG] [org.gradle.cache.internal.DefaultFileLockManager] Releasing lock on daemon addresses registry.
15:53:55.309 [DEBUG] [org.gradle.cache.internal.DefaultFileLockManager] Waiting to acquire shared lock on daemon addresses registry.
15:53:55.309 [DEBUG] [org.gradle.cache.internal.DefaultFileLockManager] Lock acquired on daemon addresses registry.
15:53:55.309 [DEBUG] [org.gradle.cache.internal.DefaultFileLockManager] Releasing lock on daemon addresses registry.
15:53:58.452 [DEBUG] [org.gradle.process.internal.health.memory.MemoryManager] Emitting OS memory status event {Total: 4059156480, Free: 189796352}
15:53:58.452 [DEBUG] [org.gradle.launcher.daemon.server.health.LowMemoryDaemonExpirationStrategy] Received memory status update: {Total: 4059156480, Free: 189796352}
15:53:58.452 [DEBUG] [org.gradle.process.internal.health.memory.MemoryManager] 405915648 memory requested, 189796352 free
15:53:58.452 [DEBUG] [org.gradle.workers.internal.WorkerDaemonExpiration] Will attempt to release 387 of memory
15:53:58.452 [DEBUG] [org.gradle.process.internal.health.memory.MemoryManager] 405915648 memory requested, 0 released, 189796352 free
15:53:58.452 [DEBUG] [org.gradle.process.internal.health.memory.MemoryManager] Emitting JVM memory status event {Maximum: 1572864000, Committed: 163577856}
15:54:03.451 [DEBUG] [org.gradle.process.internal.health.memory.MemoryManager] Emitting OS memory status event {Total: 4059156480, Free: 446599168}
15:54:03.451 [DEBUG] [org.gradle.launcher.daemon.server.health.LowMemoryDaemonExpirationStrategy] Received memory status update: {Total: 4059156480, Free: 446599168}
15:54:03.451 [DEBUG] [org.gradle.process.internal.health.memory.MemoryManager] Emitting JVM memory status event {Maximum: 1572864000, Committed: 163577856}
15:54:04.867 [DEBUG] [org.gradle.launcher.daemon.server.Daemon] DaemonExpirationPeriodicCheck running
15:54:04.867 [DEBUG] [org.gradle.cache.internal.DefaultFileLockManager] Waiting to acquire shared lock on daemon addresses registry.
15:54:04.867 [DEBUG] [org.gradle.cache.internal.DefaultFileLockManager] Lock acquired on daemon addresses registry.
15:54:04.867 [DEBUG] [org.gradle.cache.internal.DefaultFileLockManager] Releasing lock on daemon addresses registry.
15:54:04.867 [DEBUG] [org.gradle.cache.internal.DefaultFileLockManager] Waiting to acquire shared lock on daemon addresses registry.
15:54:04.868 [DEBUG] [org.gradle.cache.internal.DefaultFileLockManager] Lock acquired on daemon addresses registry.
15:54:04.868 [DEBUG] [org.gradle.cache.internal.DefaultFileLockManager] Releasing lock on daemon addresses registry.
15:54:04.868 [DEBUG] [org.gradle.cache.internal.DefaultFileLockManager] Waiting to acquire shared lock on daemon addresses registry.
15:54:04.868 [DEBUG] [org.gradle.cache.internal.DefaultFileLockManager] Lock acquired on daemon addresses registry.
15:54:04.868 [DEBUG] [org.gradle.cache.internal.DefaultFileLockManager] Releasing lock on daemon addresses registry.
15:54:08.452 [DEBUG] [org.gradle.process.internal.health.memory.MemoryManager] Emitting OS memory status event {Total: 4059156480, Free: 395902976}
15:54:08.452 [DEBUG] [org.gradle.launcher.daemon.server.health.LowMemoryDaemonExpirationStrategy] Received memory status update: {Total: 4059156480, Free: 395902976}
15:54:08.452 [DEBUG] [org.gradle.process.internal.health.memory.MemoryManager] 405915648 memory requested, 395902976 free
15:54:08.452 [DEBUG] [org.gradle.workers.internal.WorkerDaemonExpiration] Will attempt to release 387 of memory
15:54:08.452 [DEBUG] [org.gradle.process.internal.health.memory.MemoryManager] 405915648 memory requested, 0 released, 395902976 free
15:54:08.452 [DEBUG] [org.gradle.process.internal.health.memory.MemoryManager] Emitting JVM memory status event {Maximum: 1572864000, Committed: 163577856}
15:54:13.451 [DEBUG] [org.gradle.process.internal.health.memory.MemoryManager] Emitting OS memory status event {Total: 4059156480, Free: 371175424}
15:54:13.451 [DEBUG] [org.gradle.launcher.daemon.server.health.LowMemoryDaemonExpirationStrategy] Received memory status update: {Total: 4059156480, Free: 371175424}
15:54:13.451 [DEBUG] [org.gradle.process.internal.health.memory.MemoryManager] 405915648 memory requested, 371175424 free
15:54:13.451 [DEBUG] [org.gradle.workers.internal.WorkerDaemonExpiration] Will attempt to release 387 of memory
15:54:13.451 [DEBUG] [org.gradle.process.internal.health.memory.MemoryManager] 405915648 memory requested, 0 released, 371175424 free
15:54:13.451 [DEBUG] [org.gradle.process.internal.health.memory.MemoryManager] Emitting JVM memory status event {Maximum: 1572864000, Committed: 163577856}
15:54:14.866 [DEBUG] [org.gradle.launcher.daemon.server.Daemon] DaemonExpirationPeriodicCheck running
15:54:14.867 [DEBUG] [org.gradle.cache.internal.DefaultFileLockManager] Waiting to acquire shared lock on daemon addresses registry.
15:54:14.867 [DEBUG] [org.gradle.cache.internal.DefaultFileLockManager] Lock acquired on daemon addresses registry.
15:54:14.868 [DEBUG] [org.gradle.cache.internal.DefaultFileLockManager] Releasing lock on daemon addresses registry.
15:54:14.868 [DEBUG] [org.gradle.cache.internal.DefaultFileLockManager] Waiting to acquire shared lock on daemon addresses registry.
15:54:14.868 [DEBUG] [org.gradle.cache.internal.DefaultFileLockManager] Lock acquired on daemon addresses registry.
15:54:14.868 [DEBUG] [org.gradle.cache.internal.DefaultFileLockManager] Releasing lock on daemon addresses registry.
15:54:14.869 [DEBUG] [org.gradle.cache.internal.DefaultFileLockManager] Waiting to acquire shared lock on daemon addresses registry.
15:54:14.869 [DEBUG] [org.gradle.cache.internal.DefaultFileLockManager] Lock acquired on daemon addresses registry.
15:54:14.869 [DEBUG] [org.gradle.cache.internal.DefaultFileLockManager] Releasing lock on daemon addresses registry.
15:54:18.452 [DEBUG] [org.gradle.process.internal.health.memory.MemoryManager] Emitting OS memory status event {Total: 4059156480, Free: 319234048}
15:54:18.452 [DEBUG] [org.gradle.launcher.daemon.server.health.LowMemoryDaemonExpirationStrategy] Received memory status update: {Total: 4059156480, Free: 319234048}
15:54:18.452 [DEBUG] [org.gradle.process.internal.health.memory.MemoryManager] 405915648 memory requested, 319234048 free
15:54:18.452 [DEBUG] [org.gradle.workers.internal.WorkerDaemonExpiration] Will attempt to release 387 of memory
15:54:18.485 [DEBUG] [org.gradle.process.internal.health.memory.MemoryManager] 405915648 memory requested, 0 released, 319234048 free
15:54:18.485 [DEBUG] [org.gradle.process.internal.health.memory.MemoryManager] Emitting JVM memory status event {Maximum: 1572864000, Committed: 163577856}
15:54:23.451 [DEBUG] [org.gradle.process.internal.health.memory.MemoryManager] Emitting OS memory status event {Total: 4059156480, Free: 294838272}
15:54:23.451 [DEBUG] [org.gradle.launcher.daemon.server.health.LowMemoryDaemonExpirationStrategy] Received memory status update: {Total: 4059156480, Free: 294838272}
15:54:23.451 [DEBUG] [org.gradle.process.internal.health.memory.MemoryManager] 405915648 memory requested, 294838272 free
15:54:23.451 [DEBUG] [org.gradle.workers.internal.WorkerDaemonExpiration] Will attempt to release 387 of memory
15:54:23.452 [DEBUG] [org.gradle.process.internal.health.memory.MemoryManager] 405915648 memory requested, 0 released, 294838272 free
15:54:23.452 [DEBUG] [org.gradle.process.internal.health.memory.MemoryManager] Emitting JVM memory status event {Maximum: 1572864000, Committed: 163577856}
15:54:24.867 [DEBUG] [org.gradle.launcher.daemon.server.Daemon] DaemonExpirationPeriodicCheck running
15:54:24.867 [DEBUG] [org.gradle.cache.internal.DefaultFileLockManager] Waiting to acquire shared lock on daemon addresses registry.
15:54:24.867 [DEBUG] [org.gradle.cache.internal.DefaultFileLockManager] Lock acquired on daemon addresses registry.
15:54:24.868 [DEBUG] [org.gradle.cache.internal.DefaultFileLockManager] Releasing lock on daemon addresses registry.
15:54:24.868 [DEBUG] [org.gradle.cache.internal.DefaultFileLockManager] Waiting to acquire shared lock on daemon addresses registry.
15:54:24.868 [DEBUG] [org.gradle.cache.internal.DefaultFileLockManager] Lock acquired on daemon addresses registry.
15:54:24.868 [DEBUG] [org.gradle.cache.internal.DefaultFileLockManager] Releasing lock on daemon addresses registry.
15:54:24.869 [DEBUG] [org.gradle.cache.internal.DefaultFileLockManager] Waiting to acquire shared lock on daemon addresses registry.
15:54:24.869 [DEBUG] [org.gradle.cache.internal.DefaultFileLockManager] Lock acquired on daemon addresses registry.
15:54:24.869 [DEBUG] [org.gradle.cache.internal.DefaultFileLockManager] Releasing lock on daemon addresses registry.
15:54:28.451 [DEBUG] [org.gradle.process.internal.health.memory.MemoryManager] Emitting OS memory status event {Total: 4059156480, Free: 274792448}
15:54:28.451 [DEBUG] [org.gradle.launcher.daemon.server.health.LowMemoryDaemonExpirationStrategy] Received memory status update: {Total: 4059156480, Free: 274792448}
15:54:28.451 [DEBUG] [org.gradle.process.internal.health.memory.MemoryManager] 405915648 memory requested, 274792448 free
15:54:28.451 [DEBUG] [org.gradle.workers.internal.WorkerDaemonExpiration] Will attempt to release 387 of memory
15:54:28.451 [DEBUG] [org.gradle.process.internal.health.memory.MemoryManager] 405915648 memory requested, 0 released, 274792448 free
15:54:28.451 [DEBUG] [org.gradle.process.internal.health.memory.MemoryManager] Emitting JVM memory status event {Maximum: 1572864000, Committed: 163577856}
15:54:33.451 [DEBUG] [org.gradle.process.internal.health.memory.MemoryManager] Emitting OS memory status event {Total: 4059156480, Free: 267214848}
15:54:33.451 [DEBUG] [org.gradle.launcher.daemon.server.health.LowMemoryDaemonExpirationStrategy] Received memory status update: {Total: 4059156480, Free: 267214848}
15:54:33.451 [DEBUG] [org.gradle.process.internal.health.memory.MemoryManager] 405915648 memory requested, 267214848 free
15:54:33.451 [DEBUG] [org.gradle.workers.internal.WorkerDaemonExpiration] Will attempt to release 387 of memory
15:54:33.451 [DEBUG] [org.gradle.process.internal.health.memory.MemoryManager] 405915648 memory requested, 0 released, 267214848 free
15:54:33.451 [DEBUG] [org.gradle.process.internal.health.memory.MemoryManager] Emitting JVM memory status event {Maximum: 1572864000, Committed: 163577856}
15:54:34.867 [DEBUG] [org.gradle.launcher.daemon.server.Daemon] DaemonExpirationPeriodicCheck running
15:54:34.867 [DEBUG] [org.gradle.cache.internal.DefaultFileLockManager] Waiting to acquire shared lock on daemon addresses registry.
15:54:34.868 [DEBUG] [org.gradle.cache.internal.DefaultFileLockManager] Lock acquired on daemon addresses registry.
15:54:34.868 [DEBUG] [org.gradle.cache.internal.DefaultFileLockManager] Releasing lock on daemon addresses registry.
15:54:34.869 [DEBUG] [org.gradle.cache.internal.DefaultFileLockManager] Waiting to acquire shared lock on daemon addresses registry.
15:54:34.869 [DEBUG] [org.gradle.cache.internal.DefaultFileLockManager] Lock acquired on daemon addresses registry.
15:54:34.869 [DEBUG] [org.gradle.cache.internal.DefaultFileLockManager] Releasing lock on daemon addresses registry.
15:54:34.870 [DEBUG] [org.gradle.cache.internal.DefaultFileLockManager] Waiting to acquire shared lock on daemon addresses registry.
15:54:34.870 [DEBUG] [org.gradle.cache.internal.DefaultFileLockManager] Lock acquired on daemon addresses registry.
15:54:34.870 [DEBUG] [org.gradle.cache.internal.DefaultFileLockManager] Releasing lock on daemon addresses registry.
15:54:38.452 [DEBUG] [org.gradle.process.internal.health.memory.MemoryManager] Emitting OS memory status event {Total: 4059156480, Free: 300810240}
15:54:38.452 [DEBUG] [org.gradle.launcher.daemon.server.health.LowMemoryDaemonExpirationStrategy] Received memory status update: {Total: 4059156480, Free: 300810240}
15:54:38.452 [DEBUG] [org.gradle.process.internal.health.memory.MemoryManager] 405915648 memory requested, 300810240 free
15:54:38.452 [DEBUG] [org.gradle.workers.internal.WorkerDaemonExpiration] Will attempt to release 387 of memory
15:54:38.452 [DEBUG] [org.gradle.process.internal.health.memory.MemoryManager] 405915648 memory requested, 0 released, 300810240 free
15:54:38.452 [DEBUG] [org.gradle.process.internal.health.memory.MemoryManager] Emitting JVM memory status event {Maximum: 1572864000, Committed: 163577856}
15:54:43.451 [DEBUG] [org.gradle.process.internal.health.memory.MemoryManager] Emitting OS memory status event {Total: 4059156480, Free: 299929600}
15:54:43.451 [DEBUG] [org.gradle.launcher.daemon.server.health.LowMemoryDaemonExpirationStrategy] Received memory status update: {Total: 4059156480, Free: 299929600}
15:54:43.451 [DEBUG] [org.gradle.process.internal.health.memory.MemoryManager] 405915648 memory requested, 299929600 free
15:54:43.451 [DEBUG] [org.gradle.workers.internal.WorkerDaemonExpiration] Will attempt to release 387 of memory
15:54:43.451 [DEBUG] [org.gradle.process.internal.health.memory.MemoryManager] 405915648 memory requested, 0 released, 299929600 free
15:54:43.452 [DEBUG] [org.gradle.process.internal.health.memory.MemoryManager] Emitting JVM memory status event {Maximum: 1572864000, Committed: 163577856}
15:54:44.867 [DEBUG] [org.gradle.launcher.daemon.server.Daemon] DaemonExpirationPeriodicCheck running
15:54:44.867 [DEBUG] [org.gradle.cache.internal.DefaultFileLockManager] Waiting to acquire shared lock on daemon addresses registry.
15:54:44.867 [DEBUG] [org.gradle.cache.internal.DefaultFileLockManager] Lock acquired on daemon addresses registry.
15:54:44.867 [DEBUG] [org.gradle.cache.internal.DefaultFileLockManager] Releasing lock on daemon addresses registry.
15:54:44.867 [DEBUG] [org.gradle.cache.internal.DefaultFileLockManager] Waiting to acquire shared lock on daemon addresses registry.
15:54:44.867 [DEBUG] [org.gradle.cache.internal.DefaultFileLockManager] Lock acquired on daemon addresses registry.
15:54:44.867 [DEBUG] [org.gradle.cache.internal.DefaultFileLockManager] Releasing lock on daemon addresses registry.
15:54:44.868 [DEBUG] [org.gradle.cache.internal.DefaultFileLockManager] Waiting to acquire shared lock on daemon addresses registry.
15:54:44.868 [DEBUG] [org.gradle.cache.internal.DefaultFileLockManager] Lock acquired on daemon addresses registry.
15:54:44.868 [DEBUG] [org.gradle.cache.internal.DefaultFileLockManager] Releasing lock on daemon addresses registry.
15:54:48.452 [DEBUG] [org.gradle.process.internal.health.memory.MemoryManager] Emitting OS memory status event {Total: 4059156480, Free: 264880128}
15:54:48.452 [DEBUG] [org.gradle.launcher.daemon.server.health.LowMemoryDaemonExpirationStrategy] Received memory status update: {Total: 4059156480, Free: 264880128}
15:54:48.452 [DEBUG] [org.gradle.process.internal.health.memory.MemoryManager] 405915648 memory requested, 264880128 free
15:54:48.452 [DEBUG] [org.gradle.workers.internal.WorkerDaemonExpiration] Will attempt to release 387 of memory
15:54:48.452 [DEBUG] [org.gradle.process.internal.health.memory.MemoryManager] 405915648 memory requested, 0 released, 264880128 free
15:54:48.452 [DEBUG] [org.gradle.process.internal.health.memory.MemoryManager] Emitting JVM memory status event {Maximum: 1572864000, Committed: 163577856}
15:54:53.451 [DEBUG] [org.gradle.process.internal.health.memory.MemoryManager] Emitting OS memory status event {Total: 4059156480, Free: 256565248}
15:54:53.452 [DEBUG] [org.gradle.launcher.daemon.server.health.LowMemoryDaemonExpirationStrategy] Received memory status update: {Total: 4059156480, Free: 256565248}
15:54:53.452 [DEBUG] [org.gradle.process.internal.health.memory.MemoryManager] 405915648 memory requested, 256565248 free
15:54:53.452 [DEBUG] [org.gradle.workers.internal.WorkerDaemonExpiration] Will attempt to release 387 of memory
15:54:53.452 [DEBUG] [org.gradle.process.internal.health.memory.MemoryManager] 405915648 memory requested, 0 released, 256565248 free
15:54:53.452 [DEBUG] [org.gradle.process.internal.health.memory.MemoryManager] Emitting JVM memory status event {Maximum: 1572864000, Committed: 163577856}
15:54:54.867 [DEBUG] [org.gradle.launcher.daemon.server.Daemon] DaemonExpirationPeriodicCheck running
15:54:54.867 [DEBUG] [org.gradle.cache.internal.DefaultFileLockManager] Waiting to acquire shared lock on daemon addresses registry.
15:54:54.867 [DEBUG] [org.gradle.cache.internal.DefaultFileLockManager] Lock acquired on daemon addresses registry.
15:54:54.868 [DEBUG] [org.gradle.cache.internal.DefaultFileLockManager] Releasing lock on daemon addresses registry.
15:54:54.868 [DEBUG] [org.gradle.cache.internal.DefaultFileLockManager] Waiting to acquire shared lock on daemon addresses registry.
15:54:54.868 [DEBUG] [org.gradle.cache.internal.DefaultFileLockManager] Lock acquired on daemon addresses registry.
15:54:54.868 [DEBUG] [org.gradle.cache.internal.DefaultFileLockManager] Releasing lock on daemon addresses registry.
15:54:54.869 [DEBUG] [org.gradle.cache.internal.DefaultFileLockManager] Waiting to acquire shared lock on daemon addresses registry.
15:54:54.869 [DEBUG] [org.gradle.cache.internal.DefaultFileLockManager] Lock acquired on daemon addresses registry.
15:54:54.869 [DEBUG] [org.gradle.cache.internal.DefaultFileLockManager] Releasing lock on daemon addresses registry.
15:54:58.452 [DEBUG] [org.gradle.process.internal.health.memory.MemoryManager] Emitting OS memory status event {Total: 4059156480, Free: 323334144}
15:54:58.452 [DEBUG] [org.gradle.launcher.daemon.server.health.LowMemoryDaemonExpirationStrategy] Received memory status update: {Total: 4059156480, Free: 323334144}
15:54:58.452 [DEBUG] [org.gradle.process.internal.health.memory.MemoryManager] 405915648 memory requested, 323334144 free
15:54:58.452 [DEBUG] [org.gradle.workers.internal.WorkerDaemonExpiration] Will attempt to release 387 of memory
15:54:58.452 [DEBUG] [org.gradle.process.internal.health.memory.MemoryManager] 405915648 memory requested, 0 released, 323334144 free
15:54:58.452 [DEBUG] [org.gradle.process.internal.health.memory.MemoryManager] Emitting JVM memory status event {Maximum: 1572864000, Committed: 163577856}
15:55:03.451 [DEBUG] [org.gradle.process.internal.health.memory.MemoryManager] Emitting OS memory status event {Total: 4059156480, Free: 317317120}
15:55:03.451 [DEBUG] [org.gradle.launcher.daemon.server.health.LowMemoryDaemonExpirationStrategy] Received memory status update: {Total: 4059156480, Free: 317317120}
15:55:03.452 [DEBUG] [org.gradle.process.internal.health.memory.MemoryManager] 405915648 memory requested, 317317120 free
15:55:03.452 [DEBUG] [org.gradle.workers.internal.WorkerDaemonExpiration] Will attempt to release 387 of memory
15:55:03.452 [DEBUG] [org.gradle.process.internal.health.memory.MemoryManager] 405915648 memory requested, 0 released, 317317120 free
15:55:03.452 [DEBUG] [org.gradle.process.internal.health.memory.MemoryManager] Emitting JVM memory status event {Maximum: 1572864000, Committed: 163577856}
15:55:04.866 [DEBUG] [org.gradle.launcher.daemon.server.Daemon] DaemonExpirationPeriodicCheck running
15:55:04.867 [DEBUG] [org.gradle.cache.internal.DefaultFileLockManager] Waiting to acquire shared lock on daemon addresses registry.
15:55:04.867 [DEBUG] [org.gradle.cache.internal.DefaultFileLockManager] Lock acquired on daemon addresses registry.
15:55:04.868 [DEBUG] [org.gradle.cache.internal.DefaultFileLockManager] Releasing lock on daemon addresses registry.
15:55:04.868 [DEBUG] [org.gradle.cache.internal.DefaultFileLockManager] Waiting to acquire shared lock on daemon addresses registry.
15:55:04.868 [DEBUG] [org.gradle.cache.internal.DefaultFileLockManager] Lock acquired on daemon addresses registry.
15:55:04.868 [DEBUG] [org.gradle.cache.internal.DefaultFileLockManager] Releasing lock on daemon addresses registry.
15:55:04.869 [DEBUG] [org.gradle.cache.internal.DefaultFileLockManager] Waiting to acquire shared lock on daemon addresses registry.
15:55:04.869 [DEBUG] [org.gradle.cache.internal.DefaultFileLockManager] Lock acquired on daemon addresses registry.
15:55:04.869 [DEBUG] [org.gradle.cache.internal.DefaultFileLockManager] Releasing lock on daemon addresses registry.
15:55:08.452 [DEBUG] [org.gradle.process.internal.health.memory.MemoryManager] Emitting OS memory status event {Total: 4059156480, Free: 308899840}
15:55:08.452 [DEBUG] [org.gradle.launcher.daemon.server.health.LowMemoryDaemonExpirationStrategy] Received memory status update: {Total: 4059156480, Free: 308899840}
15:55:08.452 [DEBUG] [org.gradle.process.internal.health.memory.MemoryManager] 405915648 memory requested, 308899840 free
15:55:08.452 [DEBUG] [org.gradle.workers.internal.WorkerDaemonExpiration] Will attempt to release 387 of memory
15:55:08.452 [DEBUG] [org.gradle.process.internal.health.memory.MemoryManager] 405915648 memory requested, 0 released, 308899840 free
15:55:08.452 [DEBUG] [org.gradle.process.internal.health.memory.MemoryManager] Emitting JVM memory status event {Maximum: 1572864000, Committed: 163577856}
15:55:13.507 [DEBUG] [org.gradle.process.internal.health.memory.MemoryManager] Emitting OS memory status event {Total: 4059156480, Free: 279486464}
15:55:13.507 [DEBUG] [org.gradle.launcher.daemon.server.health.LowMemoryDaemonExpirationStrategy] Received memory status update: {Total: 4059156480, Free: 279486464}
15:55:13.507 [DEBUG] [org.gradle.process.internal.health.memory.MemoryManager] 405915648 memory requested, 279486464 free
15:55:13.507 [DEBUG] [org.gradle.workers.internal.WorkerDaemonExpiration] Will attempt to release 387 of memory
15:55:13.508 [DEBUG] [org.gradle.process.internal.health.memory.MemoryManager] 405915648 memory requested, 0 released, 279486464 free
15:55:13.508 [DEBUG] [org.gradle.process.internal.health.memory.MemoryManager] Emitting JVM memory status event {Maximum: 1572864000, Committed: 163577856}
15:55:14.867 [DEBUG] [org.gradle.launcher.daemon.server.Daemon] DaemonExpirationPeriodicCheck running
15:55:14.867 [DEBUG] [org.gradle.cache.internal.DefaultFileLockManager] Waiting to acquire shared lock on daemon addresses registry.
15:55:14.867 [DEBUG] [org.gradle.cache.internal.DefaultFileLockManager] Lock acquired on daemon addresses registry.
15:55:14.867 [DEBUG] [org.gradle.cache.internal.DefaultFileLockManager] Releasing lock on daemon addresses registry.
15:55:14.867 [DEBUG] [org.gradle.cache.internal.DefaultFileLockManager] Waiting to acquire shared lock on daemon addresses registry.
15:55:14.867 [DEBUG] [org.gradle.cache.internal.DefaultFileLockManager] Lock acquired on daemon addresses registry.
15:55:14.867 [DEBUG] [org.gradle.cache.internal.DefaultFileLockManager] Releasing lock on daemon addresses registry.
15:55:14.867 [DEBUG] [org.gradle.cache.internal.DefaultFileLockManager] Waiting to acquire shared lock on daemon addresses registry.
15:55:14.867 [DEBUG] [org.gradle.cache.internal.DefaultFileLockManager] Lock acquired on daemon addresses registry.
15:55:14.867 [DEBUG] [org.gradle.cache.internal.DefaultFileLockManager] Releasing lock on daemon addresses registry.
15:55:18.504 [DEBUG] [org.gradle.process.internal.health.memory.MemoryManager] Emitting OS memory status event {Total: 4059156480, Free: 254689280}
15:55:18.504 [DEBUG] [org.gradle.launcher.daemon.server.health.LowMemoryDaemonExpirationStrategy] Received memory status update: {Total: 4059156480, Free: 254689280}
15:55:18.504 [DEBUG] [org.gradle.process.internal.health.memory.MemoryManager] 405915648 memory requested, 254689280 free
15:55:18.504 [DEBUG] [org.gradle.workers.internal.WorkerDaemonExpiration] Will attempt to release 387 of memory
15:55:18.504 [DEBUG] [org.gradle.process.internal.health.memory.MemoryManager] 405915648 memory requested, 0 released, 254689280 free
15:55:18.504 [DEBUG] [org.gradle.process.internal.health.memory.MemoryManager] Emitting JVM memory status event {Maximum: 1572864000, Committed: 163577856}
15:55:23.451 [DEBUG] [org.gradle.process.internal.health.memory.MemoryManager] Emitting OS memory status event {Total: 4059156480, Free: 257609728}
15:55:23.451 [DEBUG] [org.gradle.launcher.daemon.server.health.LowMemoryDaemonExpirationStrategy] Received memory status update: {Total: 4059156480, Free: 257609728}
15:55:23.451 [DEBUG] [org.gradle.process.internal.health.memory.MemoryManager] 405915648 memory requested, 257609728 free
15:55:23.452 [DEBUG] [org.gradle.workers.internal.WorkerDaemonExpiration] Will attempt to release 387 of memory
15:55:23.452 [DEBUG] [org.gradle.process.internal.health.memory.MemoryManager] 405915648 memory requested, 0 released, 257609728 free
15:55:23.452 [DEBUG] [org.gradle.process.internal.health.memory.MemoryManager] Emitting JVM memory status event {Maximum: 1572864000, Committed: 163577856}
15:55:24.867 [DEBUG] [org.gradle.launcher.daemon.server.Daemon] DaemonExpirationPeriodicCheck running
15:55:24.867 [DEBUG] [org.gradle.cache.internal.DefaultFileLockManager] Waiting to acquire shared lock on daemon addresses registry.
15:55:24.867 [DEBUG] [org.gradle.cache.internal.DefaultFileLockManager] Lock acquired on daemon addresses registry.
15:55:24.868 [DEBUG] [org.gradle.cache.internal.DefaultFileLockManager] Releasing lock on daemon addresses registry.
15:55:24.868 [DEBUG] [org.gradle.cache.internal.DefaultFileLockManager] Waiting to acquire shared lock on daemon addresses registry.
15:55:24.868 [DEBUG] [org.gradle.cache.internal.DefaultFileLockManager] Lock acquired on daemon addresses registry.
15:55:24.868 [DEBUG] [org.gradle.cache.internal.DefaultFileLockManager] Releasing lock on daemon addresses registry.
15:55:24.869 [DEBUG] [org.gradle.cache.internal.DefaultFileLockManager] Waiting to acquire shared lock on daemon addresses registry.
15:55:24.869 [DEBUG] [org.gradle.cache.internal.DefaultFileLockManager] Lock acquired on daemon addresses registry.
15:55:24.869 [DEBUG] [org.gradle.cache.internal.DefaultFileLockManager] Releasing lock on daemon addresses registry.
15:55:28.452 [DEBUG] [org.gradle.process.internal.health.memory.MemoryManager] Emitting OS memory status event {Total: 4059156480, Free: 251797504}
15:55:28.452 [DEBUG] [org.gradle.launcher.daemon.server.health.LowMemoryDaemonExpirationStrategy] Received memory status update: {Total: 4059156480, Free: 251797504}
15:55:28.452 [DEBUG] [org.gradle.process.internal.health.memory.MemoryManager] 405915648 memory requested, 251797504 free
15:55:28.452 [DEBUG] [org.gradle.workers.internal.WorkerDaemonExpiration] Will attempt to release 387 of memory
15:55:28.452 [DEBUG] [org.gradle.process.internal.health.memory.MemoryManager] 405915648 memory requested, 0 released, 251797504 free
15:55:28.452 [DEBUG] [org.gradle.process.internal.health.memory.MemoryManager] Emitting JVM memory status event {Maximum: 1572864000, Committed: 163577856}
15:55:33.671 [DEBUG] [org.gradle.process.internal.health.memory.MemoryManager] Emitting OS memory status event {Total: 4059156480, Free: 272302080}
15:55:33.671 [DEBUG] [org.gradle.launcher.daemon.server.health.LowMemoryDaemonExpirationStrategy] Received memory status update: {Total: 4059156480, Free: 272302080}
15:55:33.671 [DEBUG] [org.gradle.process.internal.health.memory.MemoryManager] 405915648 memory requested, 272302080 free
15:55:33.671 [DEBUG] [org.gradle.workers.internal.WorkerDaemonExpiration] Will attempt to release 387 of memory
15:55:33.672 [DEBUG] [org.gradle.process.internal.health.memory.MemoryManager] 405915648 memory requested, 0 released, 272302080 free
15:55:33.672 [DEBUG] [org.gradle.process.internal.health.memory.MemoryManager] Emitting JVM memory status event {Maximum: 1572864000, Committed: 163577856}
15:55:34.867 [DEBUG] [org.gradle.launcher.daemon.server.Daemon] DaemonExpirationPeriodicCheck running
15:55:34.867 [DEBUG] [org.gradle.cache.internal.DefaultFileLockManager] Waiting to acquire shared lock on daemon addresses registry.
15:55:34.867 [DEBUG] [org.gradle.cache.internal.DefaultFileLockManager] Lock acquired on daemon addresses registry.
15:55:34.868 [DEBUG] [org.gradle.cache.internal.DefaultFileLockManager] Releasing lock on daemon addresses registry.
15:55:34.868 [DEBUG] [org.gradle.cache.internal.DefaultFileLockManager] Waiting to acquire shared lock on daemon addresses registry.
15:55:34.868 [DEBUG] [org.gradle.cache.internal.DefaultFileLockManager] Lock acquired on daemon addresses registry.
15:55:34.868 [DEBUG] [org.gradle.cache.internal.DefaultFileLockManager] Releasing lock on daemon addresses registry.
15:55:34.869 [DEBUG] [org.gradle.cache.internal.DefaultFileLockManager] Waiting to acquire shared lock on daemon addresses registry.
15:55:34.869 [DEBUG] [org.gradle.cache.internal.DefaultFileLockManager] Lock acquired on daemon addresses registry.
15:55:34.869 [DEBUG] [org.gradle.cache.internal.DefaultFileLockManager] Releasing lock on daemon addresses registry.
15:55:38.451 [DEBUG] [org.gradle.process.internal.health.memory.MemoryManager] Emitting OS memory status event {Total: 4059156480, Free: 255496192}
15:55:38.452 [DEBUG] [org.gradle.launcher.daemon.server.health.LowMemoryDaemonExpirationStrategy] Received memory status update: {Total: 4059156480, Free: 255496192}
15:55:38.452 [DEBUG] [org.gradle.process.internal.health.memory.MemoryManager] 405915648 memory requested, 255496192 free
15:55:38.452 [DEBUG] [org.gradle.workers.internal.WorkerDaemonExpiration] Will attempt to release 387 of memory
15:55:38.452 [DEBUG] [org.gradle.process.internal.health.memory.MemoryManager] 405915648 memory requested, 0 released, 255496192 free
15:55:38.452 [DEBUG] [org.gradle.process.internal.health.memory.MemoryManager] Emitting JVM memory status event {Maximum: 1572864000, Committed: 163577856}
15:55:43.451 [DEBUG] [org.gradle.process.internal.health.memory.MemoryManager] Emitting OS memory status event {Total: 4059156480, Free: 252022784}
15:55:43.451 [DEBUG] [org.gradle.launcher.daemon.server.health.LowMemoryDaemonExpirationStrategy] Received memory status update: {Total: 4059156480, Free: 252022784}
15:55:43.452 [DEBUG] [org.gradle.process.internal.health.memory.MemoryManager] 405915648 memory requested, 252022784 free
15:55:43.452 [DEBUG] [org.gradle.workers.internal.WorkerDaemonExpiration] Will attempt to release 387 of memory
15:55:43.452 [DEBUG] [org.gradle.process.internal.health.memory.MemoryManager] 405915648 memory requested, 0 released, 252022784 free
15:55:43.452 [DEBUG] [org.gradle.process.internal.health.memory.MemoryManager] Emitting JVM memory status event {Maximum: 1572864000, Committed: 163577856}
15:55:44.867 [DEBUG] [org.gradle.launcher.daemon.server.Daemon] DaemonExpirationPeriodicCheck running
15:55:44.867 [DEBUG] [org.gradle.cache.internal.DefaultFileLockManager] Waiting to acquire shared lock on daemon addresses registry.
15:55:44.867 [DEBUG] [org.gradle.cache.internal.DefaultFileLockManager] Lock acquired on daemon addresses registry.
15:55:44.867 [DEBUG] [org.gradle.cache.internal.DefaultFileLockManager] Releasing lock on daemon addresses registry.
15:55:44.867 [DEBUG] [org.gradle.cache.internal.DefaultFileLockManager] Waiting to acquire shared lock on daemon addresses registry.
15:55:44.920 [DEBUG] [org.gradle.cache.internal.DefaultFileLockManager] Lock acquired on daemon addresses registry.
15:55:44.920 [DEBUG] [org.gradle.cache.internal.DefaultFileLockManager] Releasing lock on daemon addresses registry.
15:55:44.920 [DEBUG] [org.gradle.cache.internal.DefaultFileLockManager] Waiting to acquire shared lock on daemon addresses registry.
15:55:44.920 [DEBUG] [org.gradle.cache.internal.DefaultFileLockManager] Lock acquired on daemon addresses registry.
15:55:44.920 [DEBUG] [org.gradle.cache.internal.DefaultFileLockManager] Releasing lock on daemon addresses registry.
15:55:48.452 [DEBUG] [org.gradle.process.internal.health.memory.MemoryManager] Emitting OS memory status event {Total: 4059156480, Free: 236244992}
15:55:48.452 [DEBUG] [org.gradle.launcher.daemon.server.health.LowMemoryDaemonExpirationStrategy] Received memory status update: {Total: 4059156480, Free: 236244992}
15:55:48.452 [DEBUG] [org.gradle.process.internal.health.memory.MemoryManager] 405915648 memory requested, 236244992 free
15:55:48.452 [DEBUG] [org.gradle.workers.internal.WorkerDaemonExpiration] Will attempt to release 387 of memory
15:55:48.452 [DEBUG] [org.gradle.process.internal.health.memory.MemoryManager] 405915648 memory requested, 0 released, 236244992 free
15:55:48.452 [DEBUG] [org.gradle.process.internal.health.memory.MemoryManager] Emitting JVM memory status event {Maximum: 1572864000, Committed: 163577856}
15:55:53.451 [DEBUG] [org.gradle.process.internal.health.memory.MemoryManager] Emitting OS memory status event {Total: 4059156480, Free: 218804224}
15:55:53.451 [DEBUG] [org.gradle.launcher.daemon.server.health.LowMemoryDaemonExpirationStrategy] Received memory status update: {Total: 4059156480, Free: 218804224}
15:55:53.452 [DEBUG] [org.gradle.process.internal.health.memory.MemoryManager] 405915648 memory requested, 218804224 free
15:55:53.452 [DEBUG] [org.gradle.workers.internal.WorkerDaemonExpiration] Will attempt to release 387 of memory
15:55:53.452 [DEBUG] [org.gradle.process.internal.health.memory.MemoryManager] 405915648 memory requested, 0 released, 218804224 free
15:55:53.452 [DEBUG] [org.gradle.process.internal.health.memory.MemoryManager] Emitting JVM memory status event {Maximum: 1572864000, Committed: 163577856}
15:55:54.867 [DEBUG] [org.gradle.launcher.daemon.server.Daemon] DaemonExpirationPeriodicCheck running
15:55:54.922 [DEBUG] [org.gradle.cache.internal.DefaultFileLockManager] Waiting to acquire shared lock on daemon addresses registry.
15:55:54.922 [DEBUG] [org.gradle.cache.internal.DefaultFileLockManager] Lock acquired on daemon addresses registry.
15:55:54.922 [DEBUG] [org.gradle.cache.internal.DefaultFileLockManager] Releasing lock on daemon addresses registry.
15:55:54.922 [DEBUG] [org.gradle.cache.internal.DefaultFileLockManager] Waiting to acquire shared lock on daemon addresses registry.
15:55:54.923 [DEBUG] [org.gradle.cache.internal.DefaultFileLockManager] Lock acquired on daemon addresses registry.
15:55:54.923 [DEBUG] [org.gradle.cache.internal.DefaultFileLockManager] Releasing lock on daemon addresses registry.
15:55:54.923 [DEBUG] [org.gradle.cache.internal.DefaultFileLockManager] Waiting to acquire shared lock on daemon addresses registry.
15:55:54.923 [DEBUG] [org.gradle.cache.internal.DefaultFileLockManager] Lock acquired on daemon addresses registry.
15:55:54.923 [DEBUG] [org.gradle.cache.internal.DefaultFileLockManager] Releasing lock on daemon addresses registry.
15:55:58.464 [DEBUG] [org.gradle.process.internal.health.memory.MemoryManager] Emitting OS memory status event {Total: 4059156480, Free: 212520960}
15:55:58.742 [DEBUG] [org.gradle.launcher.daemon.server.health.LowMemoryDaemonExpirationStrategy] Received memory status update: {Total: 4059156480, Free: 212520960}
15:55:58.742 [DEBUG] [org.gradle.process.internal.health.memory.MemoryManager] 405915648 memory requested, 212520960 free
15:55:58.742 [DEBUG] [org.gradle.workers.internal.WorkerDaemonExpiration] Will attempt to release 387 of memory
15:55:58.742 [DEBUG] [org.gradle.process.internal.health.memory.MemoryManager] 405915648 memory requested, 0 released, 212520960 free
15:55:58.743 [DEBUG] [org.gradle.process.internal.health.memory.MemoryManager] Emitting JVM memory status event {Maximum: 1572864000, Committed: 163577856}
15:56:03.451 [DEBUG] [org.gradle.process.internal.health.memory.MemoryManager] Emitting OS memory status event {Total: 4059156480, Free: 189648896}
15:56:03.451 [DEBUG] [org.gradle.launcher.daemon.server.health.LowMemoryDaemonExpirationStrategy] Received memory status update: {Total: 4059156480, Free: 189648896}
15:56:03.451 [DEBUG] [org.gradle.process.internal.health.memory.MemoryManager] 405915648 memory requested, 189648896 free
15:56:03.452 [DEBUG] [org.gradle.workers.internal.WorkerDaemonExpiration] Will attempt to release 387 of memory
15:56:03.452 [DEBUG] [org.gradle.process.internal.health.memory.MemoryManager] 405915648 memory requested, 0 released, 189648896 free
15:56:03.452 [DEBUG] [org.gradle.process.internal.health.memory.MemoryManager] Emitting JVM memory status event {Maximum: 1572864000, Committed: 163577856}
15:56:04.867 [DEBUG] [org.gradle.launcher.daemon.server.Daemon] DaemonExpirationPeriodicCheck running
15:56:04.986 [DEBUG] [org.gradle.cache.internal.DefaultFileLockManager] Waiting to acquire shared lock on daemon addresses registry.
15:56:05.178 [DEBUG] [org.gradle.cache.internal.DefaultFileLockManager] Lock acquired on daemon addresses registry.
15:56:05.231 [DEBUG] [org.gradle.cache.internal.DefaultFileLockManager] Releasing lock on daemon addresses registry.
15:56:05.231 [DEBUG] [org.gradle.cache.internal.DefaultFileLockManager] Waiting to acquire shared lock on daemon addresses registry.
15:56:05.231 [DEBUG] [org.gradle.cache.internal.DefaultFileLockManager] Lock acquired on daemon addresses registry.
15:56:05.231 [DEBUG] [org.gradle.cache.internal.DefaultFileLockManager] Releasing lock on daemon addresses registry.
15:56:05.231 [DEBUG] [org.gradle.cache.internal.DefaultFileLockManager] Waiting to acquire shared lock on daemon addresses registry.
15:56:05.231 [DEBUG] [org.gradle.cache.internal.DefaultFileLockManager] Lock acquired on daemon addresses registry.
15:56:05.232 [DEBUG] [org.gradle.cache.internal.DefaultFileLockManager] Releasing lock on daemon addresses registry.
15:56:08.452 [DEBUG] [org.gradle.process.internal.health.memory.MemoryManager] Emitting OS memory status event {Total: 4059156480, Free: 226828288}
15:56:08.452 [DEBUG] [org.gradle.launcher.daemon.server.health.LowMemoryDaemonExpirationStrategy] Received memory status update: {Total: 4059156480, Free: 226828288}
15:56:08.452 [DEBUG] [org.gradle.process.internal.health.memory.MemoryManager] 405915648 memory requested, 226828288 free
15:56:08.452 [DEBUG] [org.gradle.workers.internal.WorkerDaemonExpiration] Will attempt to release 387 of memory
15:56:08.452 [DEBUG] [org.gradle.process.internal.health.memory.MemoryManager] 405915648 memory requested, 0 released, 226828288 free
15:56:08.452 [DEBUG] [org.gradle.process.internal.health.memory.MemoryManager] Emitting JVM memory status event {Maximum: 1572864000, Committed: 163577856}
15:56:13.451 [DEBUG] [org.gradle.process.internal.health.memory.MemoryManager] Emitting OS memory status event {Total: 4059156480, Free: 223993856}
15:56:13.451 [DEBUG] [org.gradle.launcher.daemon.server.health.LowMemoryDaemonExpirationStrategy] Received memory status update: {Total: 4059156480, Free: 223993856}
15:56:13.451 [DEBUG] [org.gradle.process.internal.health.memory.MemoryManager] 405915648 memory requested, 223993856 free
15:56:13.452 [DEBUG] [org.gradle.workers.internal.WorkerDaemonExpiration] Will attempt to release 387 of memory
15:56:13.452 [DEBUG] [org.gradle.process.internal.health.memory.MemoryManager] 405915648 memory requested, 0 released, 223993856 free
15:56:13.452 [DEBUG] [org.gradle.process.internal.health.memory.MemoryManager] Emitting JVM memory status event {Maximum: 1572864000, Committed: 163577856}
15:56:14.867 [DEBUG] [org.gradle.launcher.daemon.server.Daemon] DaemonExpirationPeriodicCheck running
15:56:14.867 [DEBUG] [org.gradle.cache.internal.DefaultFileLockManager] Waiting to acquire shared lock on daemon addresses registry.
15:56:14.867 [DEBUG] [org.gradle.cache.internal.DefaultFileLockManager] Lock acquired on daemon addresses registry.
15:56:14.867 [DEBUG] [org.gradle.cache.internal.DefaultFileLockManager] Releasing lock on daemon addresses registry.
15:56:14.898 [DEBUG] [org.gradle.cache.internal.DefaultFileLockManager] Waiting to acquire shared lock on daemon addresses registry.
15:56:14.898 [DEBUG] [org.gradle.cache.internal.DefaultFileLockManager] Lock acquired on daemon addresses registry.
15:56:14.899 [DEBUG] [org.gradle.cache.internal.DefaultFileLockManager] Releasing lock on daemon addresses registry.
15:56:14.899 [DEBUG] [org.gradle.cache.internal.DefaultFileLockManager] Waiting to acquire shared lock on daemon addresses registry.
15:56:14.899 [DEBUG] [org.gradle.cache.internal.DefaultFileLockManager] Lock acquired on daemon addresses registry.
15:56:14.899 [DEBUG] [org.gradle.cache.internal.DefaultFileLockManager] Releasing lock on daemon addresses registry.
15:56:18.452 [DEBUG] [org.gradle.process.internal.health.memory.MemoryManager] Emitting OS memory status event {Total: 4059156480, Free: 224034816}
15:56:18.452 [DEBUG] [org.gradle.launcher.daemon.server.health.LowMemoryDaemonExpirationStrategy] Received memory status update: {Total: 4059156480, Free: 224034816}
15:56:18.452 [DEBUG] [org.gradle.process.internal.health.memory.MemoryManager] 405915648 memory requested, 224034816 free
15:56:18.452 [DEBUG] [org.gradle.workers.internal.WorkerDaemonExpiration] Will attempt to release 387 of memory
15:56:18.452 [DEBUG] [org.gradle.process.internal.health.memory.MemoryManager] 405915648 memory requested, 0 released, 224034816 free
15:56:18.452 [DEBUG] [org.gradle.process.internal.health.memory.MemoryManager] Emitting JVM memory status event {Maximum: 1572864000, Committed: 163577856}
15:56:23.451 [DEBUG] [org.gradle.process.internal.health.memory.MemoryManager] Emitting OS memory status event {Total: 4059156480, Free: 215175168}
15:56:23.451 [DEBUG] [org.gradle.launcher.daemon.server.health.LowMemoryDaemonExpirationStrategy] Received memory status update: {Total: 4059156480, Free: 215175168}
15:56:23.451 [DEBUG] [org.gradle.process.internal.health.memory.MemoryManager] 405915648 memory requested, 215175168 free
15:56:23.452 [DEBUG] [org.gradle.workers.internal.WorkerDaemonExpiration] Will attempt to release 387 of memory
15:56:23.452 [DEBUG] [org.gradle.process.internal.health.memory.MemoryManager] 405915648 memory requested, 0 released, 215175168 free
15:56:23.452 [DEBUG] [org.gradle.process.internal.health.memory.MemoryManager] Emitting JVM memory status event {Maximum: 1572864000, Committed: 163577856}
15:56:24.867 [DEBUG] [org.gradle.launcher.daemon.server.Daemon] DaemonExpirationPeriodicCheck running
15:56:24.867 [DEBUG] [org.gradle.cache.internal.DefaultFileLockManager] Waiting to acquire shared lock on daemon addresses registry.
15:56:24.867 [DEBUG] [org.gradle.cache.internal.DefaultFileLockManager] Lock acquired on daemon addresses registry.
15:56:24.867 [DEBUG] [org.gradle.cache.internal.DefaultFileLockManager] Releasing lock on daemon addresses registry.
15:56:24.867 [DEBUG] [org.gradle.cache.internal.DefaultFileLockManager] Waiting to acquire shared lock on daemon addresses registry.
15:56:24.867 [DEBUG] [org.gradle.cache.internal.DefaultFileLockManager] Lock acquired on daemon addresses registry.
15:56:24.867 [DEBUG] [org.gradle.cache.internal.DefaultFileLockManager] Releasing lock on daemon addresses registry.
15:56:24.867 [DEBUG] [org.gradle.cache.internal.DefaultFileLockManager] Waiting to acquire shared lock on daemon addresses registry.
15:56:24.867 [DEBUG] [org.gradle.cache.internal.DefaultFileLockManager] Lock acquired on daemon addresses registry.
15:56:24.868 [DEBUG] [org.gradle.cache.internal.DefaultFileLockManager] Releasing lock on daemon addresses registry.
15:56:28.451 [DEBUG] [org.gradle.process.internal.health.memory.MemoryManager] Emitting OS memory status event {Total: 4059156480, Free: 221519872}
15:56:28.451 [DEBUG] [org.gradle.launcher.daemon.server.health.LowMemoryDaemonExpirationStrategy] Received memory status update: {Total: 4059156480, Free: 221519872}
15:56:28.451 [DEBUG] [org.gradle.process.internal.health.memory.MemoryManager] 405915648 memory requested, 221519872 free
15:56:28.451 [DEBUG] [org.gradle.workers.internal.WorkerDaemonExpiration] Will attempt to release 387 of memory
15:56:28.451 [DEBUG] [org.gradle.process.internal.health.memory.MemoryManager] 405915648 memory requested, 0 released, 221519872 free
15:56:28.451 [DEBUG] [org.gradle.process.internal.health.memory.MemoryManager] Emitting JVM memory status event {Maximum: 1572864000, Committed: 163577856}
15:56:33.451 [DEBUG] [org.gradle.process.internal.health.memory.MemoryManager] Emitting OS memory status event {Total: 4059156480, Free: 218476544}
15:56:33.451 [DEBUG] [org.gradle.launcher.daemon.server.health.LowMemoryDaemonExpirationStrategy] Received memory status update: {Total: 4059156480, Free: 218476544}
15:56:33.451 [DEBUG] [org.gradle.process.internal.health.memory.MemoryManager] 405915648 memory requested, 218476544 free
15:56:33.451 [DEBUG] [org.gradle.workers.internal.WorkerDaemonExpiration] Will attempt to release 387 of memory
15:56:33.451 [DEBUG] [org.gradle.process.internal.health.memory.MemoryManager] 405915648 memory requested, 0 released, 218476544 free
15:56:33.451 [DEBUG] [org.gradle.process.internal.health.memory.MemoryManager] Emitting JVM memory status event {Maximum: 1572864000, Committed: 163577856}
15:56:34.867 [DEBUG] [org.gradle.launcher.daemon.server.Daemon] DaemonExpirationPeriodicCheck running
15:56:34.867 [DEBUG] [org.gradle.cache.internal.DefaultFileLockManager] Waiting to acquire shared lock on daemon addresses registry.
15:56:34.867 [DEBUG] [org.gradle.cache.internal.DefaultFileLockManager] Lock acquired on daemon addresses registry.
15:56:34.867 [DEBUG] [org.gradle.cache.internal.DefaultFileLockManager] Releasing lock on daemon addresses registry.
15:56:34.868 [DEBUG] [org.gradle.cache.internal.DefaultFileLockManager] Waiting to acquire shared lock on daemon addresses registry.
15:56:34.868 [DEBUG] [org.gradle.cache.internal.DefaultFileLockManager] Lock acquired on daemon addresses registry.
15:56:34.868 [DEBUG] [org.gradle.cache.internal.DefaultFileLockManager] Releasing lock on daemon addresses registry.
15:56:34.868 [DEBUG] [org.gradle.cache.internal.DefaultFileLockManager] Waiting to acquire shared lock on daemon addresses registry.
15:56:34.868 [DEBUG] [org.gradle.cache.internal.DefaultFileLockManager] Lock acquired on daemon addresses registry.
15:56:34.868 [DEBUG] [org.gradle.cache.internal.DefaultFileLockManager] Releasing lock on daemon addresses registry.
15:56:38.452 [DEBUG] [org.gradle.process.internal.health.memory.MemoryManager] Emitting OS memory status event {Total: 4059156480, Free: 219013120}
15:56:38.452 [DEBUG] [org.gradle.launcher.daemon.server.health.LowMemoryDaemonExpirationStrategy] Received memory status update: {Total: 4059156480, Free: 219013120}
15:56:38.452 [DEBUG] [org.gradle.process.internal.health.memory.MemoryManager] 405915648 memory requested, 219013120 free
15:56:38.452 [DEBUG] [org.gradle.workers.internal.WorkerDaemonExpiration] Will attempt to release 387 of memory
15:56:38.452 [DEBUG] [org.gradle.process.internal.health.memory.MemoryManager] 405915648 memory requested, 0 released, 219013120 free
15:56:38.452 [DEBUG] [org.gradle.process.internal.health.memory.MemoryManager] Emitting JVM memory status event {Maximum: 1572864000, Committed: 163577856}
15:56:43.451 [DEBUG] [org.gradle.process.internal.health.memory.MemoryManager] Emitting OS memory status event {Total: 4059156480, Free: 223068160}
15:56:43.451 [DEBUG] [org.gradle.launcher.daemon.server.health.LowMemoryDaemonExpirationStrategy] Received memory status update: {Total: 4059156480, Free: 223068160}
15:56:43.452 [DEBUG] [org.gradle.process.internal.health.memory.MemoryManager] 405915648 memory requested, 223068160 free
15:56:43.452 [DEBUG] [org.gradle.workers.internal.WorkerDaemonExpiration] Will attempt to release 387 of memory
15:56:43.452 [DEBUG] [org.gradle.process.internal.health.memory.MemoryManager] 405915648 memory requested, 0 released, 223068160 free
15:56:43.452 [DEBUG] [org.gradle.process.internal.health.memory.MemoryManager] Emitting JVM memory status event {Maximum: 1572864000, Committed: 163577856}
15:56:45.028 [DEBUG] [org.gradle.launcher.daemon.server.Daemon] DaemonExpirationPeriodicCheck running
15:56:45.505 [DEBUG] [org.gradle.cache.internal.DefaultFileLockManager] Waiting to acquire shared lock on daemon addresses registry.
15:56:45.636 [DEBUG] [org.gradle.cache.internal.DefaultFileLockManager] Lock acquired on daemon addresses registry.
15:56:45.926 [DEBUG] [org.gradle.cache.internal.DefaultFileLockManager] Releasing lock on daemon addresses registry.
15:56:45.926 [DEBUG] [org.gradle.cache.internal.DefaultFileLockManager] Waiting to acquire shared lock on daemon addresses registry.
15:56:45.926 [DEBUG] [org.gradle.cache.internal.DefaultFileLockManager] Lock acquired on daemon addresses registry.
15:56:45.926 [DEBUG] [org.gradle.cache.internal.DefaultFileLockManager] Releasing lock on daemon addresses registry.
15:56:45.941 [DEBUG] [org.gradle.cache.internal.DefaultFileLockManager] Waiting to acquire shared lock on daemon addresses registry.
15:56:45.941 [DEBUG] [org.gradle.cache.internal.DefaultFileLockManager] Lock acquired on daemon addresses registry.
15:56:45.941 [DEBUG] [org.gradle.cache.internal.DefaultFileLockManager] Releasing lock on daemon addresses registry.
15:56:48.452 [DEBUG] [org.gradle.process.internal.health.memory.MemoryManager] Emitting OS memory status event {Total: 4059156480, Free: 114511872}
15:56:48.452 [DEBUG] [org.gradle.launcher.daemon.server.health.LowMemoryDaemonExpirationStrategy] Received memory status update: {Total: 4059156480, Free: 114511872}
15:56:48.452 [DEBUG] [org.gradle.process.internal.health.memory.MemoryManager] 405915648 memory requested, 114511872 free
15:56:48.452 [DEBUG] [org.gradle.workers.internal.WorkerDaemonExpiration] Will attempt to release 387 of memory
15:56:48.452 [DEBUG] [org.gradle.process.internal.health.memory.MemoryManager] 405915648 memory requested, 0 released, 114511872 free
15:56:48.452 [DEBUG] [org.gradle.process.internal.health.memory.MemoryManager] Emitting JVM memory status event {Maximum: 1572864000, Committed: 163577856}
15:56:53.451 [DEBUG] [org.gradle.process.internal.health.memory.MemoryManager] Emitting OS memory status event {Total: 4059156480, Free: 132227072}
15:56:53.451 [DEBUG] [org.gradle.launcher.daemon.server.health.LowMemoryDaemonExpirationStrategy] Received memory status update: {Total: 4059156480, Free: 132227072}
15:56:53.451 [DEBUG] [org.gradle.process.internal.health.memory.MemoryManager] 405915648 memory requested, 132227072 free
15:56:53.451 [DEBUG] [org.gradle.workers.internal.WorkerDaemonExpiration] Will attempt to release 387 of memory
15:56:53.451 [DEBUG] [org.gradle.process.internal.health.memory.MemoryManager] 405915648 memory requested, 0 released, 132227072 free
15:56:53.451 [DEBUG] [org.gradle.process.internal.health.memory.MemoryManager] Emitting JVM memory status event {Maximum: 1572864000, Committed: 163577856}
15:56:54.867 [DEBUG] [org.gradle.launcher.daemon.server.Daemon] DaemonExpirationPeriodicCheck running
15:56:54.867 [DEBUG] [org.gradle.cache.internal.DefaultFileLockManager] Waiting to acquire shared lock on daemon addresses registry.
15:56:54.867 [DEBUG] [org.gradle.cache.internal.DefaultFileLockManager] Lock acquired on daemon addresses registry.
15:56:54.867 [DEBUG] [org.gradle.cache.internal.DefaultFileLockManager] Releasing lock on daemon addresses registry.
15:56:54.868 [DEBUG] [org.gradle.cache.internal.DefaultFileLockManager] Waiting to acquire shared lock on daemon addresses registry.
15:56:54.868 [DEBUG] [org.gradle.cache.internal.DefaultFileLockManager] Lock acquired on daemon addresses registry.
15:56:54.868 [DEBUG] [org.gradle.cache.internal.DefaultFileLockManager] Releasing lock on daemon addresses registry.
15:56:54.868 [DEBUG] [org.gradle.cache.internal.DefaultFileLockManager] Waiting to acquire shared lock on daemon addresses registry.
15:56:54.868 [DEBUG] [org.gradle.cache.internal.DefaultFileLockManager] Lock acquired on daemon addresses registry.
15:56:54.868 [DEBUG] [org.gradle.cache.internal.DefaultFileLockManager] Releasing lock on daemon addresses registry.
15:56:58.452 [DEBUG] [org.gradle.process.internal.health.memory.MemoryManager] Emitting OS memory status event {Total: 4059156480, Free: 258453504}
15:56:58.452 [DEBUG] [org.gradle.launcher.daemon.server.health.LowMemoryDaemonExpirationStrategy] Received memory status update: {Total: 4059156480, Free: 258453504}
15:56:58.452 [DEBUG] [org.gradle.process.internal.health.memory.MemoryManager] 405915648 memory requested, 258453504 free
15:56:58.452 [DEBUG] [org.gradle.workers.internal.WorkerDaemonExpiration] Will attempt to release 387 of memory
15:56:58.452 [DEBUG] [org.gradle.process.internal.health.memory.MemoryManager] 405915648 memory requested, 0 released, 258453504 free
15:56:58.452 [DEBUG] [org.gradle.process.internal.health.memory.MemoryManager] Emitting JVM memory status event {Maximum: 1572864000, Committed: 163577856}
15:57:03.451 [DEBUG] [org.gradle.process.internal.health.memory.MemoryManager] Emitting OS memory status event {Total: 4059156480, Free: 259698688}
15:57:03.452 [DEBUG] [org.gradle.launcher.daemon.server.health.LowMemoryDaemonExpirationStrategy] Received memory status update: {Total: 4059156480, Free: 259698688}
15:57:03.452 [DEBUG] [org.gradle.process.internal.health.memory.MemoryManager] 405915648 memory requested, 259698688 free
15:57:03.452 [DEBUG] [org.gradle.workers.internal.WorkerDaemonExpiration] Will attempt to release 387 of memory
15:57:03.452 [DEBUG] [org.gradle.process.internal.health.memory.MemoryManager] 405915648 memory requested, 0 released, 259698688 free
15:57:03.452 [DEBUG] [org.gradle.process.internal.health.memory.MemoryManager] Emitting JVM memory status event {Maximum: 1572864000, Committed: 163577856}
15:57:04.867 [DEBUG] [org.gradle.launcher.daemon.server.Daemon] DaemonExpirationPeriodicCheck running
15:57:04.867 [DEBUG] [org.gradle.cache.internal.DefaultFileLockManager] Waiting to acquire shared lock on daemon addresses registry.
15:57:04.867 [DEBUG] [org.gradle.cache.internal.DefaultFileLockManager] Lock acquired on daemon addresses registry.
15:57:04.867 [DEBUG] [org.gradle.cache.internal.DefaultFileLockManager] Releasing lock on daemon addresses registry.
15:57:04.868 [DEBUG] [org.gradle.cache.internal.DefaultFileLockManager] Waiting to acquire shared lock on daemon addresses registry.
15:57:04.868 [DEBUG] [org.gradle.cache.internal.DefaultFileLockManager] Lock acquired on daemon addresses registry.
15:57:04.868 [DEBUG] [org.gradle.cache.internal.DefaultFileLockManager] Releasing lock on daemon addresses registry.
15:57:04.869 [DEBUG] [org.gradle.cache.internal.DefaultFileLockManager] Waiting to acquire shared lock on daemon addresses registry.
15:57:04.869 [DEBUG] [org.gradle.cache.internal.DefaultFileLockManager] Lock acquired on daemon addresses registry.
15:57:04.869 [DEBUG] [org.gradle.cache.internal.DefaultFileLockManager] Releasing lock on daemon addresses registry.
15:57:08.452 [DEBUG] [org.gradle.process.internal.health.memory.MemoryManager] Emitting OS memory status event {Total: 4059156480, Free: 249753600}
15:57:08.452 [DEBUG] [org.gradle.launcher.daemon.server.health.LowMemoryDaemonExpirationStrategy] Received memory status update: {Total: 4059156480, Free: 249753600}
15:57:08.452 [DEBUG] [org.gradle.process.internal.health.memory.MemoryManager] 405915648 memory requested, 249753600 free
15:57:08.452 [DEBUG] [org.gradle.workers.internal.WorkerDaemonExpiration] Will attempt to release 387 of memory
15:57:08.452 [DEBUG] [org.gradle.process.internal.health.memory.MemoryManager] 405915648 memory requested, 0 released, 249753600 free
15:57:08.452 [DEBUG] [org.gradle.process.internal.health.memory.MemoryManager] Emitting JVM memory status event {Maximum: 1572864000, Committed: 163577856}
15:57:13.451 [DEBUG] [org.gradle.process.internal.health.memory.MemoryManager] Emitting OS memory status event {Total: 4059156480, Free: 227213312}
15:57:13.451 [DEBUG] [org.gradle.launcher.daemon.server.health.LowMemoryDaemonExpirationStrategy] Received memory status update: {Total: 4059156480, Free: 227213312}
15:57:13.451 [DEBUG] [org.gradle.process.internal.health.memory.MemoryManager] 405915648 memory requested, 227213312 free
15:57:13.451 [DEBUG] [org.gradle.workers.internal.WorkerDaemonExpiration] Will attempt to release 387 of memory
15:57:13.451 [DEBUG] [org.gradle.process.internal.health.memory.MemoryManager] 405915648 memory requested, 0 released, 227213312 free
15:57:13.451 [DEBUG] [org.gradle.process.internal.health.memory.MemoryManager] Emitting JVM memory status event {Maximum: 1572864000, Committed: 163577856}
15:57:14.867 [DEBUG] [org.gradle.launcher.daemon.server.Daemon] DaemonExpirationPeriodicCheck running
15:57:14.867 [DEBUG] [org.gradle.cache.internal.DefaultFileLockManager] Waiting to acquire shared lock on daemon addresses registry.
15:57:14.867 [DEBUG] [org.gradle.cache.internal.DefaultFileLockManager] Lock acquired on daemon addresses registry.
15:57:14.867 [DEBUG] [org.gradle.cache.internal.DefaultFileLockManager] Releasing lock on daemon addresses registry.
15:57:14.867 [DEBUG] [org.gradle.cache.internal.DefaultFileLockManager] Waiting to acquire shared lock on daemon addresses registry.
15:57:14.867 [DEBUG] [org.gradle.cache.internal.DefaultFileLockManager] Lock acquired on daemon addresses registry.
15:57:14.867 [DEBUG] [org.gradle.cache.internal.DefaultFileLockManager] Releasing lock on daemon addresses registry.
15:57:14.868 [DEBUG] [org.gradle.cache.internal.DefaultFileLockManager] Waiting to acquire shared lock on daemon addresses registry.
15:57:14.868 [DEBUG] [org.gradle.cache.internal.DefaultFileLockManager] Lock acquired on daemon addresses registry.
15:57:14.868 [DEBUG] [org.gradle.cache.internal.DefaultFileLockManager] Releasing lock on daemon addresses registry.
15:57:18.452 [DEBUG] [org.gradle.process.internal.health.memory.MemoryManager] Emitting OS memory status event {Total: 4059156480, Free: 219992064}
15:57:18.452 [DEBUG] [org.gradle.launcher.daemon.server.health.LowMemoryDaemonExpirationStrategy] Received memory status update: {Total: 4059156480, Free: 219992064}
15:57:18.452 [DEBUG] [org.gradle.process.internal.health.memory.MemoryManager] 405915648 memory requested, 219992064 free
15:57:18.452 [DEBUG] [org.gradle.workers.internal.WorkerDaemonExpiration] Will attempt to release 387 of memory
15:57:18.868 [DEBUG] [org.gradle.process.internal.health.memory.MemoryManager] 405915648 memory requested, 0 released, 219992064 free
15:57:18.868 [DEBUG] [org.gradle.process.internal.health.memory.MemoryManager] Emitting JVM memory status event {Maximum: 1572864000, Committed: 163577856}
15:57:23.451 [DEBUG] [org.gradle.process.internal.health.memory.MemoryManager] Emitting OS memory status event {Total: 4059156480, Free: 217362432}
15:57:23.452 [DEBUG] [org.gradle.launcher.daemon.server.health.LowMemoryDaemonExpirationStrategy] Received memory status update: {Total: 4059156480, Free: 217362432}
15:57:23.452 [DEBUG] [org.gradle.process.internal.health.memory.MemoryManager] 405915648 memory requested, 217362432 free
15:57:23.452 [DEBUG] [org.gradle.workers.internal.WorkerDaemonExpiration] Will attempt to release 387 of memory
15:57:23.452 [DEBUG] [org.gradle.process.internal.health.memory.MemoryManager] 405915648 memory requested, 0 released, 217362432 free
15:57:23.452 [DEBUG] [org.gradle.process.internal.health.memory.MemoryManager] Emitting JVM memory status event {Maximum: 1572864000, Committed: 163577856}
15:57:24.867 [DEBUG] [org.gradle.launcher.daemon.server.Daemon] DaemonExpirationPeriodicCheck running
15:57:24.956 [DEBUG] [org.gradle.cache.internal.DefaultFileLockManager] Waiting to acquire shared lock on daemon addresses registry.
15:57:24.985 [DEBUG] [org.gradle.cache.internal.DefaultFileLockManager] Lock acquired on daemon addresses registry.
15:57:25.021 [DEBUG] [org.gradle.cache.internal.DefaultFileLockManager] Releasing lock on daemon addresses registry.
15:57:25.045 [DEBUG] [org.gradle.cache.internal.DefaultFileLockManager] Waiting to acquire shared lock on daemon addresses registry.
15:57:25.125 [DEBUG] [org.gradle.cache.internal.DefaultFileLockManager] Lock acquired on daemon addresses registry.
15:57:25.126 [DEBUG] [org.gradle.cache.internal.DefaultFileLockManager] Releasing lock on daemon addresses registry.
15:57:25.126 [DEBUG] [org.gradle.cache.internal.DefaultFileLockManager] Waiting to acquire shared lock on daemon addresses registry.
15:57:25.127 [DEBUG] [org.gradle.cache.internal.DefaultFileLockManager] Lock acquired on daemon addresses registry.
15:57:25.127 [DEBUG] [org.gradle.cache.internal.DefaultFileLockManager] Releasing lock on daemon addresses registry.
15:57:28.452 [DEBUG] [org.gradle.process.internal.health.memory.MemoryManager] Emitting OS memory status event {Total: 4059156480, Free: 203554816}
15:57:28.452 [DEBUG] [org.gradle.launcher.daemon.server.health.LowMemoryDaemonExpirationStrategy] Received memory status update: {Total: 4059156480, Free: 203554816}
15:57:28.452 [DEBUG] [org.gradle.process.internal.health.memory.MemoryManager] 405915648 memory requested, 203554816 free
15:57:28.452 [DEBUG] [org.gradle.workers.internal.WorkerDaemonExpiration] Will attempt to release 387 of memory
15:57:28.452 [DEBUG] [org.gradle.process.internal.health.memory.MemoryManager] 405915648 memory requested, 0 released, 203554816 free
15:57:28.452 [DEBUG] [org.gradle.process.internal.health.memory.MemoryManager] Emitting JVM memory status event {Maximum: 1572864000, Committed: 163577856}
15:57:33.451 [DEBUG] [org.gradle.process.internal.health.memory.MemoryManager] Emitting OS memory status event {Total: 4059156480, Free: 167694336}
15:57:33.451 [DEBUG] [org.gradle.launcher.daemon.server.health.LowMemoryDaemonExpirationStrategy] Received memory status update: {Total: 4059156480, Free: 167694336}
15:57:33.451 [DEBUG] [org.gradle.process.internal.health.memory.MemoryManager] 405915648 memory requested, 167694336 free
15:57:33.451 [DEBUG] [org.gradle.workers.internal.WorkerDaemonExpiration] Will attempt to release 387 of memory
15:57:33.451 [DEBUG] [org.gradle.process.internal.health.memory.MemoryManager] 405915648 memory requested, 0 released, 167694336 free
15:57:33.451 [DEBUG] [org.gradle.process.internal.health.memory.MemoryManager] Emitting JVM memory status event {Maximum: 1572864000, Committed: 163577856}
15:57:34.867 [DEBUG] [org.gradle.launcher.daemon.server.Daemon] DaemonExpirationPeriodicCheck running
15:57:34.867 [DEBUG] [org.gradle.cache.internal.DefaultFileLockManager] Waiting to acquire shared lock on daemon addresses registry.
15:57:34.867 [DEBUG] [org.gradle.cache.internal.DefaultFileLockManager] Lock acquired on daemon addresses registry.
15:57:34.867 [DEBUG] [org.gradle.cache.internal.DefaultFileLockManager] Releasing lock on daemon addresses registry.
15:57:34.867 [DEBUG] [org.gradle.cache.internal.DefaultFileLockManager] Waiting to acquire shared lock on daemon addresses registry.
15:57:34.867 [DEBUG] [org.gradle.cache.internal.DefaultFileLockManager] Lock acquired on daemon addresses registry.
15:57:34.868 [DEBUG] [org.gradle.cache.internal.DefaultFileLockManager] Releasing lock on daemon addresses registry.
15:57:34.868 [DEBUG] [org.gradle.cache.internal.DefaultFileLockManager] Waiting to acquire shared lock on daemon addresses registry.
15:57:34.868 [DEBUG] [org.gradle.cache.internal.DefaultFileLockManager] Lock acquired on daemon addresses registry.
15:57:34.868 [DEBUG] [org.gradle.cache.internal.DefaultFileLockManager] Releasing lock on daemon addresses registry.
15:57:38.452 [DEBUG] [org.gradle.process.internal.health.memory.MemoryManager] Emitting OS memory status event {Total: 4059156480, Free: 179707904}
15:57:38.452 [DEBUG] [org.gradle.launcher.daemon.server.health.LowMemoryDaemonExpirationStrategy] Received memory status update: {Total: 4059156480, Free: 179707904}
15:57:38.452 [DEBUG] [org.gradle.process.internal.health.memory.MemoryManager] 405915648 memory requested, 179707904 free
15:57:38.452 [DEBUG] [org.gradle.workers.internal.WorkerDaemonExpiration] Will attempt to release 387 of memory
15:57:38.452 [DEBUG] [org.gradle.process.internal.health.memory.MemoryManager] 405915648 memory requested, 0 released, 179707904 free
15:57:38.452 [DEBUG] [org.gradle.process.internal.health.memory.MemoryManager] Emitting JVM memory status event {Maximum: 1572864000, Committed: 163577856}
15:57:43.479 [DEBUG] [org.gradle.process.internal.health.memory.MemoryManager] Emitting OS memory status event {Total: 4059156480, Free: 186273792}
15:57:43.479 [DEBUG] [org.gradle.launcher.daemon.server.health.LowMemoryDaemonExpirationStrategy] Received memory status update: {Total: 4059156480, Free: 186273792}
15:57:43.479 [DEBUG] [org.gradle.process.internal.health.memory.MemoryManager] 405915648 memory requested, 186273792 free
15:57:43.479 [DEBUG] [org.gradle.workers.internal.WorkerDaemonExpiration] Will attempt to release 387 of memory
15:57:43.479 [DEBUG] [org.gradle.process.internal.health.memory.MemoryManager] 405915648 memory requested, 0 released, 186273792 free
15:57:43.479 [DEBUG] [org.gradle.process.internal.health.memory.MemoryManager] Emitting JVM memory status event {Maximum: 1572864000, Committed: 163577856}
15:57:44.867 [DEBUG] [org.gradle.launcher.daemon.server.Daemon] DaemonExpirationPeriodicCheck running
15:57:44.867 [DEBUG] [org.gradle.cache.internal.DefaultFileLockManager] Waiting to acquire shared lock on daemon addresses registry.
15:57:44.867 [DEBUG] [org.gradle.cache.internal.DefaultFileLockManager] Lock acquired on daemon addresses registry.
15:57:44.868 [DEBUG] [org.gradle.cache.internal.DefaultFileLockManager] Releasing lock on daemon addresses registry.
15:57:44.868 [DEBUG] [org.gradle.cache.internal.DefaultFileLockManager] Waiting to acquire shared lock on daemon addresses registry.
15:57:44.869 [DEBUG] [org.gradle.cache.internal.DefaultFileLockManager] Lock acquired on daemon addresses registry.
15:57:44.869 [DEBUG] [org.gradle.cache.internal.DefaultFileLockManager] Releasing lock on daemon addresses registry.
15:57:44.890 [DEBUG] [org.gradle.cache.internal.DefaultFileLockManager] Waiting to acquire shared lock on daemon addresses registry.
15:57:44.890 [DEBUG] [org.gradle.cache.internal.DefaultFileLockManager] Lock acquired on daemon addresses registry.
15:57:44.891 [DEBUG] [org.gradle.cache.internal.DefaultFileLockManager] Releasing lock on daemon addresses registry.
15:57:48.452 [DEBUG] [org.gradle.process.internal.health.memory.MemoryManager] Emitting OS memory status event {Total: 4059156480, Free: 187179008}
15:57:48.452 [DEBUG] [org.gradle.launcher.daemon.server.health.LowMemoryDaemonExpirationStrategy] Received memory status update: {Total: 4059156480, Free: 187179008}
15:57:48.452 [DEBUG] [org.gradle.process.internal.health.memory.MemoryManager] 405915648 memory requested, 187179008 free
15:57:48.452 [DEBUG] [org.gradle.workers.internal.WorkerDaemonExpiration] Will attempt to release 387 of memory
15:57:48.452 [DEBUG] [org.gradle.process.internal.health.memory.MemoryManager] 405915648 memory requested, 0 released, 187179008 free
15:57:48.452 [DEBUG] [org.gradle.process.internal.health.memory.MemoryManager] Emitting JVM memory status event {Maximum: 1572864000, Committed: 163577856}
15:57:53.451 [DEBUG] [org.gradle.process.internal.health.memory.MemoryManager] Emitting OS memory status event {Total: 4059156480, Free: 188612608}
15:57:53.451 [DEBUG] [org.gradle.launcher.daemon.server.health.LowMemoryDaemonExpirationStrategy] Received memory status update: {Total: 4059156480, Free: 188612608}
15:57:53.451 [DEBUG] [org.gradle.process.internal.health.memory.MemoryManager] 405915648 memory requested, 188612608 free
15:57:53.451 [DEBUG] [org.gradle.workers.internal.WorkerDaemonExpiration] Will attempt to release 387 of memory
15:57:53.451 [DEBUG] [org.gradle.process.internal.health.memory.MemoryManager] 405915648 memory requested, 0 released, 188612608 free
15:57:53.451 [DEBUG] [org.gradle.process.internal.health.memory.MemoryManager] Emitting JVM memory status event {Maximum: 1572864000, Committed: 163577856}
15:57:54.867 [DEBUG] [org.gradle.launcher.daemon.server.Daemon] DaemonExpirationPeriodicCheck running
15:57:54.867 [DEBUG] [org.gradle.cache.internal.DefaultFileLockManager] Waiting to acquire shared lock on daemon addresses registry.
15:57:54.867 [DEBUG] [org.gradle.cache.internal.DefaultFileLockManager] Lock acquired on daemon addresses registry.
15:57:54.867 [DEBUG] [org.gradle.cache.internal.DefaultFileLockManager] Releasing lock on daemon addresses registry.
15:57:54.868 [DEBUG] [org.gradle.cache.internal.DefaultFileLockManager] Waiting to acquire shared lock on daemon addresses registry.
15:57:54.868 [DEBUG] [org.gradle.cache.internal.DefaultFileLockManager] Lock acquired on daemon addresses registry.
15:57:54.868 [DEBUG] [org.gradle.cache.internal.DefaultFileLockManager] Releasing lock on daemon addresses registry.
15:57:54.869 [DEBUG] [org.gradle.cache.internal.DefaultFileLockManager] Waiting to acquire shared lock on daemon addresses registry.
15:57:54.869 [DEBUG] [org.gradle.cache.internal.DefaultFileLockManager] Lock acquired on daemon addresses registry.
15:57:54.869 [DEBUG] [org.gradle.cache.internal.DefaultFileLockManager] Releasing lock on daemon addresses registry.
15:57:58.452 [DEBUG] [org.gradle.process.internal.health.memory.MemoryManager] Emitting OS memory status event {Total: 4059156480, Free: 185139200}
15:57:58.452 [DEBUG] [org.gradle.launcher.daemon.server.health.LowMemoryDaemonExpirationStrategy] Received memory status update: {Total: 4059156480, Free: 185139200}
15:57:58.452 [DEBUG] [org.gradle.process.internal.health.memory.MemoryManager] 405915648 memory requested, 185139200 free
15:57:58.452 [DEBUG] [org.gradle.workers.internal.WorkerDaemonExpiration] Will attempt to release 387 of memory
15:57:58.452 [DEBUG] [org.gradle.process.internal.health.memory.MemoryManager] 405915648 memory requested, 0 released, 185139200 free
15:57:58.452 [DEBUG] [org.gradle.process.internal.health.memory.MemoryManager] Emitting JVM memory status event {Maximum: 1572864000, Committed: 163577856}
15:58:03.451 [DEBUG] [org.gradle.process.internal.health.memory.MemoryManager] Emitting OS memory status event {Total: 4059156480, Free: 184078336}
15:58:03.451 [DEBUG] [org.gradle.launcher.daemon.server.health.LowMemoryDaemonExpirationStrategy] Received memory status update: {Total: 4059156480, Free: 184078336}
15:58:03.451 [DEBUG] [org.gradle.process.internal.health.memory.MemoryManager] 405915648 memory requested, 184078336 free
15:58:03.451 [DEBUG] [org.gradle.workers.internal.WorkerDaemonExpiration] Will attempt to release 387 of memory
15:58:03.451 [DEBUG] [org.gradle.process.internal.health.memory.MemoryManager] 405915648 memory requested, 0 released, 184078336 free
15:58:03.451 [DEBUG] [org.gradle.process.internal.health.memory.MemoryManager] Emitting JVM memory status event {Maximum: 1572864000, Committed: 163577856}
15:58:04.867 [DEBUG] [org.gradle.launcher.daemon.server.Daemon] DaemonExpirationPeriodicCheck running
15:58:04.867 [DEBUG] [org.gradle.cache.internal.DefaultFileLockManager] Waiting to acquire shared lock on daemon addresses registry.
15:58:04.867 [DEBUG] [org.gradle.cache.internal.DefaultFileLockManager] Lock acquired on daemon addresses registry.
15:58:04.868 [DEBUG] [org.gradle.cache.internal.DefaultFileLockManager] Releasing lock on daemon addresses registry.
15:58:04.868 [DEBUG] [org.gradle.cache.internal.DefaultFileLockManager] Waiting to acquire shared lock on daemon addresses registry.
15:58:04.869 [DEBUG] [org.gradle.cache.internal.DefaultFileLockManager] Lock acquired on daemon addresses registry.
15:58:04.869 [DEBUG] [org.gradle.cache.internal.DefaultFileLockManager] Releasing lock on daemon addresses registry.
15:58:04.869 [DEBUG] [org.gradle.cache.internal.DefaultFileLockManager] Waiting to acquire shared lock on daemon addresses registry.
15:58:04.870 [DEBUG] [org.gradle.cache.internal.DefaultFileLockManager] Lock acquired on daemon addresses registry.
15:58:04.870 [DEBUG] [org.gradle.cache.internal.DefaultFileLockManager] Releasing lock on daemon addresses registry.
15:58:08.452 [DEBUG] [org.gradle.process.internal.health.memory.MemoryManager] Emitting OS memory status event {Total: 4059156480, Free: 189120512}
15:58:08.452 [DEBUG] [org.gradle.launcher.daemon.server.health.LowMemoryDaemonExpirationStrategy] Received memory status update: {Total: 4059156480, Free: 189120512}
15:58:08.452 [DEBUG] [org.gradle.process.internal.health.memory.MemoryManager] 405915648 memory requested, 189120512 free
15:58:08.452 [DEBUG] [org.gradle.workers.internal.WorkerDaemonExpiration] Will attempt to release 387 of memory
15:58:08.452 [DEBUG] [org.gradle.process.internal.health.memory.MemoryManager] 405915648 memory requested, 0 released, 189120512 free
15:58:08.452 [DEBUG] [org.gradle.process.internal.health.memory.MemoryManager] Emitting JVM memory status event {Maximum: 1572864000, Committed: 163577856}
15:58:13.451 [DEBUG] [org.gradle.process.internal.health.memory.MemoryManager] Emitting OS memory status event {Total: 4059156480, Free: 175939584}
15:58:13.451 [DEBUG] [org.gradle.launcher.daemon.server.health.LowMemoryDaemonExpirationStrategy] Received memory status update: {Total: 4059156480, Free: 175939584}
15:58:13.451 [DEBUG] [org.gradle.process.internal.health.memory.MemoryManager] 405915648 memory requested, 175939584 free
15:58:13.451 [DEBUG] [org.gradle.workers.internal.WorkerDaemonExpiration] Will attempt to release 387 of memory
15:58:13.451 [DEBUG] [org.gradle.process.internal.health.memory.MemoryManager] 405915648 memory requested, 0 released, 175939584 free
15:58:13.452 [DEBUG] [org.gradle.process.internal.health.memory.MemoryManager] Emitting JVM memory status event {Maximum: 1572864000, Committed: 163577856}
15:58:14.867 [DEBUG] [org.gradle.launcher.daemon.server.Daemon] DaemonExpirationPeriodicCheck running
15:58:14.867 [DEBUG] [org.gradle.cache.internal.DefaultFileLockManager] Waiting to acquire shared lock on daemon addresses registry.
15:58:14.867 [DEBUG] [org.gradle.cache.internal.DefaultFileLockManager] Lock acquired on daemon addresses registry.
15:58:14.868 [DEBUG] [org.gradle.cache.internal.DefaultFileLockManager] Releasing lock on daemon addresses registry.
15:58:14.868 [DEBUG] [org.gradle.cache.internal.DefaultFileLockManager] Waiting to acquire shared lock on daemon addresses registry.
15:58:14.868 [DEBUG] [org.gradle.cache.internal.DefaultFileLockManager] Lock acquired on daemon addresses registry.
15:58:14.868 [DEBUG] [org.gradle.cache.internal.DefaultFileLockManager] Releasing lock on daemon addresses registry.
15:58:14.869 [DEBUG] [org.gradle.cache.internal.DefaultFileLockManager] Waiting to acquire shared lock on daemon addresses registry.
15:58:14.869 [DEBUG] [org.gradle.cache.internal.DefaultFileLockManager] Lock acquired on daemon addresses registry.
15:58:14.869 [DEBUG] [org.gradle.cache.internal.DefaultFileLockManager] Releasing lock on daemon addresses registry.
15:58:18.452 [DEBUG] [org.gradle.process.internal.health.memory.MemoryManager] Emitting OS memory status event {Total: 4059156480, Free: 189984768}
15:58:18.452 [DEBUG] [org.gradle.launcher.daemon.server.health.LowMemoryDaemonExpirationStrategy] Received memory status update: {Total: 4059156480, Free: 189984768}
15:58:18.452 [DEBUG] [org.gradle.process.internal.health.memory.MemoryManager] 405915648 memory requested, 189984768 free
15:58:18.452 [DEBUG] [org.gradle.workers.internal.WorkerDaemonExpiration] Will attempt to release 387 of memory
15:58:18.452 [DEBUG] [org.gradle.process.internal.health.memory.MemoryManager] 405915648 memory requested, 0 released, 189984768 free
15:58:18.452 [DEBUG] [org.gradle.process.internal.health.memory.MemoryManager] Emitting JVM memory status event {Maximum: 1572864000, Committed: 163577856}
15:58:23.451 [DEBUG] [org.gradle.process.internal.health.memory.MemoryManager] Emitting OS memory status event {Total: 4059156480, Free: 198115328}
15:58:23.451 [DEBUG] [org.gradle.launcher.daemon.server.health.LowMemoryDaemonExpirationStrategy] Received memory status update: {Total: 4059156480, Free: 198115328}
15:58:23.451 [DEBUG] [org.gradle.process.internal.health.memory.MemoryManager] 405915648 memory requested, 198115328 free
15:58:23.451 [DEBUG] [org.gradle.workers.internal.WorkerDaemonExpiration] Will attempt to release 387 of memory
15:58:23.452 [DEBUG] [org.gradle.process.internal.health.memory.MemoryManager] 405915648 memory requested, 0 released, 198115328 free
15:58:23.452 [DEBUG] [org.gradle.process.internal.health.memory.MemoryManager] Emitting JVM memory status event {Maximum: 1572864000, Committed: 163577856}
15:58:24.867 [DEBUG] [org.gradle.launcher.daemon.server.Daemon] DaemonExpirationPeriodicCheck running
15:58:24.867 [DEBUG] [org.gradle.cache.internal.DefaultFileLockManager] Waiting to acquire shared lock on daemon addresses registry.
15:58:24.867 [DEBUG] [org.gradle.cache.internal.DefaultFileLockManager] Lock acquired on daemon addresses registry.
15:58:24.867 [DEBUG] [org.gradle.cache.internal.DefaultFileLockManager] Releasing lock on daemon addresses registry.
15:58:24.867 [DEBUG] [org.gradle.cache.internal.DefaultFileLockManager] Waiting to acquire shared lock on daemon addresses registry.
15:58:24.867 [DEBUG] [org.gradle.cache.internal.DefaultFileLockManager] Lock acquired on daemon addresses registry.
15:58:24.867 [DEBUG] [org.gradle.cache.internal.DefaultFileLockManager] Releasing lock on daemon addresses registry.
15:58:24.868 [DEBUG] [org.gradle.cache.internal.DefaultFileLockManager] Waiting to acquire shared lock on daemon addresses registry.
15:58:24.868 [DEBUG] [org.gradle.cache.internal.DefaultFileLockManager] Lock acquired on daemon addresses registry.
15:58:24.868 [DEBUG] [org.gradle.cache.internal.DefaultFileLockManager] Releasing lock on daemon addresses registry.
15:58:28.452 [DEBUG] [org.gradle.process.internal.health.memory.MemoryManager] Emitting OS memory status event {Total: 4059156480, Free: 193339392}
15:58:28.452 [DEBUG] [org.gradle.launcher.daemon.server.health.LowMemoryDaemonExpirationStrategy] Received memory status update: {Total: 4059156480, Free: 193339392}
15:58:28.452 [DEBUG] [org.gradle.process.internal.health.memory.MemoryManager] 405915648 memory requested, 193339392 free
15:58:28.452 [DEBUG] [org.gradle.workers.internal.WorkerDaemonExpiration] Will attempt to release 387 of memory
15:58:28.452 [DEBUG] [org.gradle.process.internal.health.memory.MemoryManager] 405915648 memory requested, 0 released, 193339392 free
15:58:28.452 [DEBUG] [org.gradle.process.internal.health.memory.MemoryManager] Emitting JVM memory status event {Maximum: 1572864000, Committed: 163577856}
15:58:33.451 [DEBUG] [org.gradle.process.internal.health.memory.MemoryManager] Emitting OS memory status event {Total: 4059156480, Free: 195403776}
15:58:33.451 [DEBUG] [org.gradle.launcher.daemon.server.health.LowMemoryDaemonExpirationStrategy] Received memory status update: {Total: 4059156480, Free: 195403776}
15:58:33.451 [DEBUG] [org.gradle.process.internal.health.memory.MemoryManager] 405915648 memory requested, 195403776 free
15:58:33.451 [DEBUG] [org.gradle.workers.internal.WorkerDaemonExpiration] Will attempt to release 387 of memory
15:58:33.451 [DEBUG] [org.gradle.process.internal.health.memory.MemoryManager] 405915648 memory requested, 0 released, 195403776 free
15:58:33.451 [DEBUG] [org.gradle.process.internal.health.memory.MemoryManager] Emitting JVM memory status event {Maximum: 1572864000, Committed: 163577856}
15:58:34.867 [DEBUG] [org.gradle.launcher.daemon.server.Daemon] DaemonExpirationPeriodicCheck running
15:58:34.867 [DEBUG] [org.gradle.cache.internal.DefaultFileLockManager] Waiting to acquire shared lock on daemon addresses registry.
15:58:34.867 [DEBUG] [org.gradle.cache.internal.DefaultFileLockManager] Lock acquired on daemon addresses registry.
15:58:34.867 [DEBUG] [org.gradle.cache.internal.DefaultFileLockManager] Releasing lock on daemon addresses registry.
15:58:34.867 [DEBUG] [org.gradle.cache.internal.DefaultFileLockManager] Waiting to acquire shared lock on daemon addresses registry.
15:58:34.868 [DEBUG] [org.gradle.cache.internal.DefaultFileLockManager] Lock acquired on daemon addresses registry.
15:58:34.868 [DEBUG] [org.gradle.cache.internal.DefaultFileLockManager] Releasing lock on daemon addresses registry.
15:58:34.868 [DEBUG] [org.gradle.cache.internal.DefaultFileLockManager] Waiting to acquire shared lock on daemon addresses registry.
15:58:34.868 [DEBUG] [org.gradle.cache.internal.DefaultFileLockManager] Lock acquired on daemon addresses registry.
15:58:34.868 [DEBUG] [org.gradle.cache.internal.DefaultFileLockManager] Releasing lock on daemon addresses registry.
15:58:38.452 [DEBUG] [org.gradle.process.internal.health.memory.MemoryManager] Emitting OS memory status event {Total: 4059156480, Free: 187645952}
15:58:38.452 [DEBUG] [org.gradle.launcher.daemon.server.health.LowMemoryDaemonExpirationStrategy] Received memory status update: {Total: 4059156480, Free: 187645952}
15:58:38.452 [DEBUG] [org.gradle.process.internal.health.memory.MemoryManager] 405915648 memory requested, 187645952 free
15:58:38.452 [DEBUG] [org.gradle.workers.internal.WorkerDaemonExpiration] Will attempt to release 387 of memory
15:58:38.452 [DEBUG] [org.gradle.process.internal.health.memory.MemoryManager] 405915648 memory requested, 0 released, 187645952 free
15:58:38.452 [DEBUG] [org.gradle.process.internal.health.memory.MemoryManager] Emitting JVM memory status event {Maximum: 1572864000, Committed: 163577856}
15:58:43.451 [DEBUG] [org.gradle.process.internal.health.memory.MemoryManager] Emitting OS memory status event {Total: 4059156480, Free: 200847360}
15:58:43.451 [DEBUG] [org.gradle.launcher.daemon.server.health.LowMemoryDaemonExpirationStrategy] Received memory status update: {Total: 4059156480, Free: 200847360}
15:58:43.451 [DEBUG] [org.gradle.process.internal.health.memory.MemoryManager] 405915648 memory requested, 200847360 free
15:58:43.451 [DEBUG] [org.gradle.workers.internal.WorkerDaemonExpiration] Will attempt to release 387 of memory
15:58:43.451 [DEBUG] [org.gradle.process.internal.health.memory.MemoryManager] 405915648 memory requested, 0 released, 200847360 free
15:58:43.452 [DEBUG] [org.gradle.process.internal.health.memory.MemoryManager] Emitting JVM memory status event {Maximum: 1572864000, Committed: 163577856}
15:58:44.867 [DEBUG] [org.gradle.launcher.daemon.server.Daemon] DaemonExpirationPeriodicCheck running
15:58:44.867 [DEBUG] [org.gradle.cache.internal.DefaultFileLockManager] Waiting to acquire shared lock on daemon addresses registry.
15:58:44.867 [DEBUG] [org.gradle.cache.internal.DefaultFileLockManager] Lock acquired on daemon addresses registry.
15:58:44.867 [DEBUG] [org.gradle.cache.internal.DefaultFileLockManager] Releasing lock on daemon addresses registry.
15:58:44.867 [DEBUG] [org.gradle.cache.internal.DefaultFileLockManager] Waiting to acquire shared lock on daemon addresses registry.
15:58:44.867 [DEBUG] [org.gradle.cache.internal.DefaultFileLockManager] Lock acquired on daemon addresses registry.
15:58:44.867 [DEBUG] [org.gradle.cache.internal.DefaultFileLockManager] Releasing lock on daemon addresses registry.
15:58:44.888 [DEBUG] [org.gradle.cache.internal.DefaultFileLockManager] Waiting to acquire shared lock on daemon addresses registry.
15:58:44.889 [DEBUG] [org.gradle.cache.internal.DefaultFileLockManager] Lock acquired on daemon addresses registry.
15:58:44.889 [DEBUG] [org.gradle.cache.internal.DefaultFileLockManager] Releasing lock on daemon addresses registry.
15:58:48.452 [DEBUG] [org.gradle.process.internal.health.memory.MemoryManager] Emitting OS memory status event {Total: 4059156480, Free: 199319552}
15:58:48.452 [DEBUG] [org.gradle.launcher.daemon.server.health.LowMemoryDaemonExpirationStrategy] Received memory status update: {Total: 4059156480, Free: 199319552}
15:58:48.452 [DEBUG] [org.gradle.process.internal.health.memory.MemoryManager] 405915648 memory requested, 199319552 free
15:58:48.452 [DEBUG] [org.gradle.workers.internal.WorkerDaemonExpiration] Will attempt to release 387 of memory
15:58:48.452 [DEBUG] [org.gradle.process.internal.health.memory.MemoryManager] 405915648 memory requested, 0 released, 199319552 free
15:58:48.452 [DEBUG] [org.gradle.process.internal.health.memory.MemoryManager] Emitting JVM memory status event {Maximum: 1572864000, Committed: 163577856}
15:58:53.451 [DEBUG] [org.gradle.process.internal.health.memory.MemoryManager] Emitting OS memory status event {Total: 4059156480, Free: 202121216}
15:58:53.451 [DEBUG] [org.gradle.launcher.daemon.server.health.LowMemoryDaemonExpirationStrategy] Received memory status update: {Total: 4059156480, Free: 202121216}
15:58:53.451 [DEBUG] [org.gradle.process.internal.health.memory.MemoryManager] 405915648 memory requested, 202121216 free
15:58:53.451 [DEBUG] [org.gradle.workers.internal.WorkerDaemonExpiration] Will attempt to release 387 of memory
15:58:53.451 [DEBUG] [org.gradle.process.internal.health.memory.MemoryManager] 405915648 memory requested, 0 released, 202121216 free
15:58:53.451 [DEBUG] [org.gradle.process.internal.health.memory.MemoryManager] Emitting JVM memory status event {Maximum: 1572864000, Committed: 163577856}
15:58:54.867 [DEBUG] [org.gradle.launcher.daemon.server.Daemon] DaemonExpirationPeriodicCheck running
15:58:54.867 [DEBUG] [org.gradle.cache.internal.DefaultFileLockManager] Waiting to acquire shared lock on daemon addresses registry.
15:58:54.867 [DEBUG] [org.gradle.cache.internal.DefaultFileLockManager] Lock acquired on daemon addresses registry.
15:58:54.867 [DEBUG] [org.gradle.cache.internal.DefaultFileLockManager] Releasing lock on daemon addresses registry.
15:58:54.867 [DEBUG] [org.gradle.cache.internal.DefaultFileLockManager] Waiting to acquire shared lock on daemon addresses registry.
15:58:54.867 [DEBUG] [org.gradle.cache.internal.DefaultFileLockManager] Lock acquired on daemon addresses registry.
15:58:54.867 [DEBUG] [org.gradle.cache.internal.DefaultFileLockManager] Releasing lock on daemon addresses registry.
15:58:54.868 [DEBUG] [org.gradle.cache.internal.DefaultFileLockManager] Waiting to acquire shared lock on daemon addresses registry.
15:58:54.868 [DEBUG] [org.gradle.cache.internal.DefaultFileLockManager] Lock acquired on daemon addresses registry.
15:58:54.868 [DEBUG] [org.gradle.cache.internal.DefaultFileLockManager] Releasing lock on daemon addresses registry.
15:58:58.451 [DEBUG] [org.gradle.process.internal.health.memory.MemoryManager] Emitting OS memory status event {Total: 4059156480, Free: 201916416}
15:58:58.451 [DEBUG] [org.gradle.launcher.daemon.server.health.LowMemoryDaemonExpirationStrategy] Received memory status update: {Total: 4059156480, Free: 201916416}
15:58:58.451 [DEBUG] [org.gradle.process.internal.health.memory.MemoryManager] 405915648 memory requested, 201916416 free
15:58:58.451 [DEBUG] [org.gradle.workers.internal.WorkerDaemonExpiration] Will attempt to release 387 of memory
15:58:58.451 [DEBUG] [org.gradle.process.internal.health.memory.MemoryManager] 405915648 memory requested, 0 released, 201916416 free
15:58:58.451 [DEBUG] [org.gradle.process.internal.health.memory.MemoryManager] Emitting JVM memory status event {Maximum: 1572864000, Committed: 163577856}
15:59:03.451 [DEBUG] [org.gradle.process.internal.health.memory.MemoryManager] Emitting OS memory status event {Total: 4059156480, Free: 184557568}
15:59:03.451 [DEBUG] [org.gradle.launcher.daemon.server.health.LowMemoryDaemonExpirationStrategy] Received memory status update: {Total: 4059156480, Free: 184557568}
15:59:03.451 [DEBUG] [org.gradle.process.internal.health.memory.MemoryManager] 405915648 memory requested, 184557568 free
15:59:03.451 [DEBUG] [org.gradle.workers.internal.WorkerDaemonExpiration] Will attempt to release 387 of memory
15:59:03.451 [DEBUG] [org.gradle.process.internal.health.memory.MemoryManager] 405915648 memory requested, 0 released, 184557568 free
15:59:03.451 [DEBUG] [org.gradle.process.internal.health.memory.MemoryManager] Emitting JVM memory status event {Maximum: 1572864000, Committed: 163577856}
15:59:04.867 [DEBUG] [org.gradle.launcher.daemon.server.Daemon] DaemonExpirationPeriodicCheck running
15:59:04.867 [DEBUG] [org.gradle.cache.internal.DefaultFileLockManager] Waiting to acquire shared lock on daemon addresses registry.
15:59:04.867 [DEBUG] [org.gradle.cache.internal.DefaultFileLockManager] Lock acquired on daemon addresses registry.
15:59:04.867 [DEBUG] [org.gradle.cache.internal.DefaultFileLockManager] Releasing lock on daemon addresses registry.
15:59:04.867 [DEBUG] [org.gradle.cache.internal.DefaultFileLockManager] Waiting to acquire shared lock on daemon addresses registry.
15:59:04.867 [DEBUG] [org.gradle.cache.internal.DefaultFileLockManager] Lock acquired on daemon addresses registry.
15:59:04.867 [DEBUG] [org.gradle.cache.internal.DefaultFileLockManager] Releasing lock on daemon addresses registry.
15:59:04.868 [DEBUG] [org.gradle.cache.internal.DefaultFileLockManager] Waiting to acquire shared lock on daemon addresses registry.
15:59:04.868 [DEBUG] [org.gradle.cache.internal.DefaultFileLockManager] Lock acquired on daemon addresses registry.
15:59:04.868 [DEBUG] [org.gradle.cache.internal.DefaultFileLockManager] Releasing lock on daemon addresses registry.
15:59:08.451 [DEBUG] [org.gradle.process.internal.health.memory.MemoryManager] Emitting OS memory status event {Total: 4059156480, Free: 190574592}
15:59:08.451 [DEBUG] [org.gradle.launcher.daemon.server.health.LowMemoryDaemonExpirationStrategy] Received memory status update: {Total: 4059156480, Free: 190574592}
15:59:08.451 [DEBUG] [org.gradle.process.internal.health.memory.MemoryManager] 405915648 memory requested, 190574592 free
15:59:08.452 [DEBUG] [org.gradle.workers.internal.WorkerDaemonExpiration] Will attempt to release 387 of memory
15:59:08.452 [DEBUG] [org.gradle.process.internal.health.memory.MemoryManager] 405915648 memory requested, 0 released, 190574592 free
15:59:08.452 [DEBUG] [org.gradle.process.internal.health.memory.MemoryManager] Emitting JVM memory status event {Maximum: 1572864000, Committed: 163577856}
15:59:13.451 [DEBUG] [org.gradle.process.internal.health.memory.MemoryManager] Emitting OS memory status event {Total: 4059156480, Free: 194244608}
15:59:13.452 [DEBUG] [org.gradle.launcher.daemon.server.health.LowMemoryDaemonExpirationStrategy] Received memory status update: {Total: 4059156480, Free: 194244608}
15:59:13.452 [DEBUG] [org.gradle.process.internal.health.memory.MemoryManager] 405915648 memory requested, 194244608 free
15:59:13.452 [DEBUG] [org.gradle.workers.internal.WorkerDaemonExpiration] Will attempt to release 387 of memory
15:59:13.452 [DEBUG] [org.gradle.process.internal.health.memory.MemoryManager] 405915648 memory requested, 0 released, 194244608 free
15:59:13.452 [DEBUG] [org.gradle.process.internal.health.memory.MemoryManager] Emitting JVM memory status event {Maximum: 1572864000, Committed: 163577856}
15:59:14.867 [DEBUG] [org.gradle.launcher.daemon.server.Daemon] DaemonExpirationPeriodicCheck running
15:59:14.867 [DEBUG] [org.gradle.cache.internal.DefaultFileLockManager] Waiting to acquire shared lock on daemon addresses registry.
15:59:14.867 [DEBUG] [org.gradle.cache.internal.DefaultFileLockManager] Lock acquired on daemon addresses registry.
15:59:14.868 [DEBUG] [org.gradle.cache.internal.DefaultFileLockManager] Releasing lock on daemon addresses registry.
15:59:14.868 [DEBUG] [org.gradle.cache.internal.DefaultFileLockManager] Waiting to acquire shared lock on daemon addresses registry.
15:59:14.868 [DEBUG] [org.gradle.cache.internal.DefaultFileLockManager] Lock acquired on daemon addresses registry.
15:59:14.868 [DEBUG] [org.gradle.cache.internal.DefaultFileLockManager] Releasing lock on daemon addresses registry.
15:59:14.894 [DEBUG] [org.gradle.cache.internal.DefaultFileLockManager] Waiting to acquire shared lock on daemon addresses registry.
15:59:14.894 [DEBUG] [org.gradle.cache.internal.DefaultFileLockManager] Lock acquired on daemon addresses registry.
15:59:14.895 [DEBUG] [org.gradle.cache.internal.DefaultFileLockManager] Releasing lock on daemon addresses registry.
15:59:18.524 [DEBUG] [org.gradle.process.internal.health.memory.MemoryManager] Emitting OS memory status event {Total: 4059156480, Free: 194240512}
15:59:18.563 [DEBUG] [org.gradle.launcher.daemon.server.health.LowMemoryDaemonExpirationStrategy] Received memory status update: {Total: 4059156480, Free: 194240512}
15:59:18.563 [DEBUG] [org.gradle.process.internal.health.memory.MemoryManager] 405915648 memory requested, 194240512 free
15:59:18.563 [DEBUG] [org.gradle.workers.internal.WorkerDaemonExpiration] Will attempt to release 387 of memory
15:59:18.563 [DEBUG] [org.gradle.process.internal.health.memory.MemoryManager] 405915648 memory requested, 0 released, 194240512 free
15:59:18.563 [DEBUG] [org.gradle.process.internal.health.memory.MemoryManager] Emitting JVM memory status event {Maximum: 1572864000, Committed: 163577856}
15:59:23.497 [DEBUG] [org.gradle.process.internal.health.memory.MemoryManager] Emitting OS memory status event {Total: 4059156480, Free: 194818048}
15:59:23.497 [DEBUG] [org.gradle.launcher.daemon.server.health.LowMemoryDaemonExpirationStrategy] Received memory status update: {Total: 4059156480, Free: 194818048}
15:59:23.497 [DEBUG] [org.gradle.process.internal.health.memory.MemoryManager] 405915648 memory requested, 194818048 free
15:59:23.497 [DEBUG] [org.gradle.workers.internal.WorkerDaemonExpiration] Will attempt to release 387 of memory
15:59:23.497 [DEBUG] [org.gradle.process.internal.health.memory.MemoryManager] 405915648 memory requested, 0 released, 194818048 free
15:59:23.497 [DEBUG] [org.gradle.process.internal.health.memory.MemoryManager] Emitting JVM memory status event {Maximum: 1572864000, Committed: 163577856}
15:59:24.867 [DEBUG] [org.gradle.launcher.daemon.server.Daemon] DaemonExpirationPeriodicCheck running
15:59:24.867 [DEBUG] [org.gradle.cache.internal.DefaultFileLockManager] Waiting to acquire shared lock on daemon addresses registry.
15:59:24.867 [DEBUG] [org.gradle.cache.internal.DefaultFileLockManager] Lock acquired on daemon addresses registry.
15:59:24.868 [DEBUG] [org.gradle.cache.internal.DefaultFileLockManager] Releasing lock on daemon addresses registry.
15:59:24.868 [DEBUG] [org.gradle.cache.internal.DefaultFileLockManager] Waiting to acquire shared lock on daemon addresses registry.
15:59:24.868 [DEBUG] [org.gradle.cache.internal.DefaultFileLockManager] Lock acquired on daemon addresses registry.
15:59:24.869 [DEBUG] [org.gradle.cache.internal.DefaultFileLockManager] Releasing lock on daemon addresses registry.
15:59:24.937 [DEBUG] [org.gradle.cache.internal.DefaultFileLockManager] Waiting to acquire shared lock on daemon addresses registry.
15:59:24.937 [DEBUG] [org.gradle.cache.internal.DefaultFileLockManager] Lock acquired on daemon addresses registry.
15:59:24.937 [DEBUG] [org.gradle.cache.internal.DefaultFileLockManager] Releasing lock on daemon addresses registry.
15:59:28.452 [DEBUG] [org.gradle.process.internal.health.memory.MemoryManager] Emitting OS memory status event {Total: 4059156480, Free: 195616768}
15:59:28.452 [DEBUG] [org.gradle.launcher.daemon.server.health.LowMemoryDaemonExpirationStrategy] Received memory status update: {Total: 4059156480, Free: 195616768}
15:59:28.452 [DEBUG] [org.gradle.process.internal.health.memory.MemoryManager] 405915648 memory requested, 195616768 free
15:59:28.452 [DEBUG] [org.gradle.workers.internal.WorkerDaemonExpiration] Will attempt to release 387 of memory
15:59:28.452 [DEBUG] [org.gradle.process.internal.health.memory.MemoryManager] 405915648 memory requested, 0 released, 195616768 free
15:59:28.452 [DEBUG] [org.gradle.process.internal.health.memory.MemoryManager] Emitting JVM memory status event {Maximum: 1572864000, Committed: 163577856}
15:59:33.451 [DEBUG] [org.gradle.process.internal.health.memory.MemoryManager] Emitting OS memory status event {Total: 4059156480, Free: 207499264}
15:59:33.452 [DEBUG] [org.gradle.launcher.daemon.server.health.LowMemoryDaemonExpirationStrategy] Received memory status update: {Total: 4059156480, Free: 207499264}
15:59:33.452 [DEBUG] [org.gradle.process.internal.health.memory.MemoryManager] 405915648 memory requested, 207499264 free
15:59:33.452 [DEBUG] [org.gradle.workers.internal.WorkerDaemonExpiration] Will attempt to release 387 of memory
15:59:33.452 [DEBUG] [org.gradle.process.internal.health.memory.MemoryManager] 405915648 memory requested, 0 released, 207499264 free
15:59:33.452 [DEBUG] [org.gradle.process.internal.health.memory.MemoryManager] Emitting JVM memory status event {Maximum: 1572864000, Committed: 163577856}
15:59:34.867 [DEBUG] [org.gradle.launcher.daemon.server.Daemon] DaemonExpirationPeriodicCheck running
15:59:34.867 [DEBUG] [org.gradle.cache.internal.DefaultFileLockManager] Waiting to acquire shared lock on daemon addresses registry.
15:59:34.867 [DEBUG] [org.gradle.cache.internal.DefaultFileLockManager] Lock acquired on daemon addresses registry.
15:59:34.868 [DEBUG] [org.gradle.cache.internal.DefaultFileLockManager] Releasing lock on daemon addresses registry.
15:59:34.891 [DEBUG] [org.gradle.cache.internal.DefaultFileLockManager] Waiting to acquire shared lock on daemon addresses registry.
15:59:34.892 [DEBUG] [org.gradle.cache.internal.DefaultFileLockManager] Lock acquired on daemon addresses registry.
15:59:34.892 [DEBUG] [org.gradle.cache.internal.DefaultFileLockManager] Releasing lock on daemon addresses registry.
15:59:34.892 [DEBUG] [org.gradle.cache.internal.DefaultFileLockManager] Waiting to acquire shared lock on daemon addresses registry.
15:59:34.892 [DEBUG] [org.gradle.cache.internal.DefaultFileLockManager] Lock acquired on daemon addresses registry.
15:59:34.893 [DEBUG] [org.gradle.cache.internal.DefaultFileLockManager] Releasing lock on daemon addresses registry.
15:59:38.451 [DEBUG] [org.gradle.process.internal.health.memory.MemoryManager] Emitting OS memory status event {Total: 4059156480, Free: 205295616}
15:59:38.452 [DEBUG] [org.gradle.launcher.daemon.server.health.LowMemoryDaemonExpirationStrategy] Received memory status update: {Total: 4059156480, Free: 205295616}
15:59:38.452 [DEBUG] [org.gradle.process.internal.health.memory.MemoryManager] 405915648 memory requested, 205295616 free
15:59:38.452 [DEBUG] [org.gradle.workers.internal.WorkerDaemonExpiration] Will attempt to release 387 of memory
15:59:38.452 [DEBUG] [org.gradle.process.internal.health.memory.MemoryManager] 405915648 memory requested, 0 released, 205295616 free
15:59:38.452 [DEBUG] [org.gradle.process.internal.health.memory.MemoryManager] Emitting JVM memory status event {Maximum: 1572864000, Committed: 163577856}
15:59:43.451 [DEBUG] [org.gradle.process.internal.health.memory.MemoryManager] Emitting OS memory status event {Total: 4059156480, Free: 203948032}
15:59:43.451 [DEBUG] [org.gradle.launcher.daemon.server.health.LowMemoryDaemonExpirationStrategy] Received memory status update: {Total: 4059156480, Free: 203948032}
15:59:43.451 [DEBUG] [org.gradle.process.internal.health.memory.MemoryManager] 405915648 memory requested, 203948032 free
15:59:43.451 [DEBUG] [org.gradle.workers.internal.WorkerDaemonExpiration] Will attempt to release 387 of memory
15:59:43.451 [DEBUG] [org.gradle.process.internal.health.memory.MemoryManager] 405915648 memory requested, 0 released, 203948032 free
15:59:43.451 [DEBUG] [org.gradle.process.internal.health.memory.MemoryManager] Emitting JVM memory status event {Maximum: 1572864000, Committed: 163577856}
15:59:44.867 [DEBUG] [org.gradle.launcher.daemon.server.Daemon] DaemonExpirationPeriodicCheck running
15:59:44.867 [DEBUG] [org.gradle.cache.internal.DefaultFileLockManager] Waiting to acquire shared lock on daemon addresses registry.
15:59:44.867 [DEBUG] [org.gradle.cache.internal.DefaultFileLockManager] Lock acquired on daemon addresses registry.
15:59:44.868 [DEBUG] [org.gradle.cache.internal.DefaultFileLockManager] Releasing lock on daemon addresses registry.
15:59:44.901 [DEBUG] [org.gradle.cache.internal.DefaultFileLockManager] Waiting to acquire shared lock on daemon addresses registry.
15:59:44.901 [DEBUG] [org.gradle.cache.internal.DefaultFileLockManager] Lock acquired on daemon addresses registry.
15:59:44.901 [DEBUG] [org.gradle.cache.internal.DefaultFileLockManager] Releasing lock on daemon addresses registry.
15:59:44.901 [DEBUG] [org.gradle.cache.internal.DefaultFileLockManager] Waiting to acquire shared lock on daemon addresses registry.
15:59:44.902 [DEBUG] [org.gradle.cache.internal.DefaultFileLockManager] Lock acquired on daemon addresses registry.
15:59:44.902 [DEBUG] [org.gradle.cache.internal.DefaultFileLockManager] Releasing lock on daemon addresses registry.
15:59:48.452 [DEBUG] [org.gradle.process.internal.health.memory.MemoryManager] Emitting OS memory status event {Total: 4059156480, Free: 204779520}
15:59:48.452 [DEBUG] [org.gradle.launcher.daemon.server.health.LowMemoryDaemonExpirationStrategy] Received memory status update: {Total: 4059156480, Free: 204779520}
15:59:48.452 [DEBUG] [org.gradle.process.internal.health.memory.MemoryManager] 405915648 memory requested, 204779520 free
15:59:48.452 [DEBUG] [org.gradle.workers.internal.WorkerDaemonExpiration] Will attempt to release 387 of memory
15:59:48.452 [DEBUG] [org.gradle.process.internal.health.memory.MemoryManager] 405915648 memory requested, 0 released, 204779520 free
15:59:48.452 [DEBUG] [org.gradle.process.internal.health.memory.MemoryManager] Emitting JVM memory status event {Maximum: 1572864000, Committed: 163577856}
15:59:53.451 [DEBUG] [org.gradle.process.internal.health.memory.MemoryManager] Emitting OS memory status event {Total: 4059156480, Free: 203915264}
15:59:53.451 [DEBUG] [org.gradle.launcher.daemon.server.health.LowMemoryDaemonExpirationStrategy] Received memory status update: {Total: 4059156480, Free: 203915264}
15:59:53.451 [DEBUG] [org.gradle.process.internal.health.memory.MemoryManager] 405915648 memory requested, 203915264 free
15:59:53.451 [DEBUG] [org.gradle.workers.internal.WorkerDaemonExpiration] Will attempt to release 387 of memory
15:59:53.451 [DEBUG] [org.gradle.process.internal.health.memory.MemoryManager] 405915648 memory requested, 0 released, 203915264 free
15:59:53.451 [DEBUG] [org.gradle.process.internal.health.memory.MemoryManager] Emitting JVM memory status event {Maximum: 1572864000, Committed: 163577856}
15:59:54.867 [DEBUG] [org.gradle.launcher.daemon.server.Daemon] DaemonExpirationPeriodicCheck running
15:59:54.867 [DEBUG] [org.gradle.cache.internal.DefaultFileLockManager] Waiting to acquire shared lock on daemon addresses registry.
15:59:54.867 [DEBUG] [org.gradle.cache.internal.DefaultFileLockManager] Lock acquired on daemon addresses registry.
15:59:54.867 [DEBUG] [org.gradle.cache.internal.DefaultFileLockManager] Releasing lock on daemon addresses registry.
15:59:54.867 [DEBUG] [org.gradle.cache.internal.DefaultFileLockManager] Waiting to acquire shared lock on daemon addresses registry.
15:59:54.867 [DEBUG] [org.gradle.cache.internal.DefaultFileLockManager] Lock acquired on daemon addresses registry.
15:59:54.867 [DEBUG] [org.gradle.cache.internal.DefaultFileLockManager] Releasing lock on daemon addresses registry.
15:59:54.867 [DEBUG] [org.gradle.cache.internal.DefaultFileLockManager] Waiting to acquire shared lock on daemon addresses registry.
15:59:54.867 [DEBUG] [org.gradle.cache.internal.DefaultFileLockManager] Lock acquired on daemon addresses registry.
15:59:54.867 [DEBUG] [org.gradle.cache.internal.DefaultFileLockManager] Releasing lock on daemon addresses registry.
15:59:58.452 [DEBUG] [org.gradle.process.internal.health.memory.MemoryManager] Emitting OS memory status event {Total: 4059156480, Free: 176021504}
15:59:58.452 [DEBUG] [org.gradle.launcher.daemon.server.health.LowMemoryDaemonExpirationStrategy] Received memory status update: {Total: 4059156480, Free: 176021504}
15:59:58.452 [DEBUG] [org.gradle.process.internal.health.memory.MemoryManager] 405915648 memory requested, 176021504 free
15:59:58.452 [DEBUG] [org.gradle.workers.internal.WorkerDaemonExpiration] Will attempt to release 387 of memory
15:59:58.452 [DEBUG] [org.gradle.process.internal.health.memory.MemoryManager] 405915648 memory requested, 0 released, 176021504 free
15:59:58.452 [DEBUG] [org.gradle.process.internal.health.memory.MemoryManager] Emitting JVM memory status event {Maximum: 1572864000, Committed: 163577856}
16:00:03.451 [DEBUG] [org.gradle.process.internal.health.memory.MemoryManager] Emitting OS memory status event {Total: 4059156480, Free: 145661952}
16:00:03.466 [DEBUG] [org.gradle.launcher.daemon.server.health.LowMemoryDaemonExpirationStrategy] Received memory status update: {Total: 4059156480, Free: 145661952}
16:00:03.466 [DEBUG] [org.gradle.process.internal.health.memory.MemoryManager] 405915648 memory requested, 145661952 free
16:00:03.466 [DEBUG] [org.gradle.workers.internal.WorkerDaemonExpiration] Will attempt to release 387 of memory
16:00:03.466 [DEBUG] [org.gradle.process.internal.health.memory.MemoryManager] 405915648 memory requested, 0 released, 145661952 free
16:00:03.466 [DEBUG] [org.gradle.process.internal.health.memory.MemoryManager] Emitting JVM memory status event {Maximum: 1572864000, Committed: 163577856}
16:00:04.867 [DEBUG] [org.gradle.launcher.daemon.server.Daemon] DaemonExpirationPeriodicCheck running
16:00:04.867 [DEBUG] [org.gradle.cache.internal.DefaultFileLockManager] Waiting to acquire shared lock on daemon addresses registry.
16:00:04.867 [DEBUG] [org.gradle.cache.internal.DefaultFileLockManager] Lock acquired on daemon addresses registry.
16:00:04.868 [DEBUG] [org.gradle.cache.internal.DefaultFileLockManager] Releasing lock on daemon addresses registry.
16:00:04.868 [DEBUG] [org.gradle.cache.internal.DefaultFileLockManager] Waiting to acquire shared lock on daemon addresses registry.
16:00:04.868 [DEBUG] [org.gradle.cache.internal.DefaultFileLockManager] Lock acquired on daemon addresses registry.
16:00:04.868 [DEBUG] [org.gradle.cache.internal.DefaultFileLockManager] Releasing lock on daemon addresses registry.
16:00:04.869 [DEBUG] [org.gradle.cache.internal.DefaultFileLockManager] Waiting to acquire shared lock on daemon addresses registry.
16:00:04.869 [DEBUG] [org.gradle.cache.internal.DefaultFileLockManager] Lock acquired on daemon addresses registry.
16:00:04.869 [DEBUG] [org.gradle.cache.internal.DefaultFileLockManager] Releasing lock on daemon addresses registry.
16:00:08.476 [DEBUG] [org.gradle.process.internal.health.memory.MemoryManager] Emitting OS memory status event {Total: 4059156480, Free: 101060608}
16:00:08.476 [DEBUG] [org.gradle.launcher.daemon.server.health.LowMemoryDaemonExpirationStrategy] Received memory status update: {Total: 4059156480, Free: 101060608}
16:00:08.476 [DEBUG] [org.gradle.process.internal.health.memory.MemoryManager] 405915648 memory requested, 101060608 free
16:00:08.476 [DEBUG] [org.gradle.workers.internal.WorkerDaemonExpiration] Will attempt to release 387 of memory
16:00:08.476 [DEBUG] [org.gradle.process.internal.health.memory.MemoryManager] 405915648 memory requested, 0 released, 101060608 free
16:00:08.476 [DEBUG] [org.gradle.process.internal.health.memory.MemoryManager] Emitting JVM memory status event {Maximum: 1572864000, Committed: 163577856}
16:00:14.867 [DEBUG] [org.gradle.launcher.daemon.server.Daemon] DaemonExpirationPeriodicCheck running
16:00:14.909 [DEBUG] [org.gradle.process.internal.health.memory.MemoryManager] Emitting OS memory status event {Total: 4059156480, Free: 79212544}
16:00:14.931 [DEBUG] [org.gradle.launcher.daemon.server.health.LowMemoryDaemonExpirationStrategy] Received memory status update: {Total: 4059156480, Free: 79212544}
16:00:14.933 [DEBUG] [org.gradle.process.internal.health.memory.MemoryManager] 405915648 memory requested, 79212544 free
16:00:14.955 [DEBUG] [org.gradle.workers.internal.WorkerDaemonExpiration] Will attempt to release 387 of memory
16:00:14.955 [DEBUG] [org.gradle.process.internal.health.memory.MemoryManager] 405915648 memory requested, 0 released, 79212544 free
16:00:14.975 [DEBUG] [org.gradle.process.internal.health.memory.MemoryManager] Emitting JVM memory status event {Maximum: 1572864000, Committed: 163577856}
16:00:15.445 [DEBUG] [org.gradle.cache.internal.DefaultFileLockManager] Waiting to acquire shared lock on daemon addresses registry.
16:00:15.883 [DEBUG] [org.gradle.cache.internal.DefaultFileLockManager] Lock acquired on daemon addresses registry.
16:00:16.036 [DEBUG] [org.gradle.cache.internal.DefaultFileLockManager] Releasing lock on daemon addresses registry.
16:00:16.036 [DEBUG] [org.gradle.cache.internal.DefaultFileLockManager] Waiting to acquire shared lock on daemon addresses registry.
16:00:16.036 [DEBUG] [org.gradle.cache.internal.DefaultFileLockManager] Lock acquired on daemon addresses registry.
16:00:16.037 [DEBUG] [org.gradle.cache.internal.DefaultFileLockManager] Releasing lock on daemon addresses registry.
16:00:16.037 [DEBUG] [org.gradle.cache.internal.DefaultFileLockManager] Waiting to acquire shared lock on daemon addresses registry.
16:00:16.037 [DEBUG] [org.gradle.cache.internal.DefaultFileLockManager] Lock acquired on daemon addresses registry.
16:00:16.037 [DEBUG] [org.gradle.cache.internal.DefaultFileLockManager] Releasing lock on daemon addresses registry.
16:00:18.477 [DEBUG] [org.gradle.process.internal.health.memory.MemoryManager] Emitting OS memory status event {Total: 4059156480, Free: 88428544}
16:00:18.477 [DEBUG] [org.gradle.launcher.daemon.server.health.LowMemoryDaemonExpirationStrategy] Received memory status update: {Total: 4059156480, Free: 88428544}
16:00:18.477 [DEBUG] [org.gradle.process.internal.health.memory.MemoryManager] 405915648 memory requested, 88428544 free
16:00:18.510 [DEBUG] [org.gradle.workers.internal.WorkerDaemonExpiration] Will attempt to release 387 of memory
16:00:18.510 [DEBUG] [org.gradle.process.internal.health.memory.MemoryManager] 405915648 memory requested, 0 released, 88428544 free
16:00:18.510 [DEBUG] [org.gradle.process.internal.health.memory.MemoryManager] Emitting JVM memory status event {Maximum: 1572864000, Committed: 163577856}
16:00:23.470 [DEBUG] [org.gradle.process.internal.health.memory.MemoryManager] Emitting OS memory status event {Total: 4059156480, Free: 89165824}
16:00:23.470 [DEBUG] [org.gradle.launcher.daemon.server.health.LowMemoryDaemonExpirationStrategy] Received memory status update: {Total: 4059156480, Free: 89165824}
16:00:23.470 [DEBUG] [org.gradle.process.internal.health.memory.MemoryManager] 405915648 memory requested, 89165824 free
16:00:23.470 [DEBUG] [org.gradle.workers.internal.WorkerDaemonExpiration] Will attempt to release 387 of memory
16:00:23.471 [DEBUG] [org.gradle.process.internal.health.memory.MemoryManager] 405915648 memory requested, 0 released, 89165824 free
16:00:23.471 [DEBUG] [org.gradle.process.internal.health.memory.MemoryManager] Emitting JVM memory status event {Maximum: 1572864000, Committed: 163577856}
16:00:24.867 [DEBUG] [org.gradle.launcher.daemon.server.Daemon] DaemonExpirationPeriodicCheck running
16:00:25.018 [DEBUG] [org.gradle.cache.internal.DefaultFileLockManager] Waiting to acquire shared lock on daemon addresses registry.
16:00:25.624 [DEBUG] [org.gradle.cache.internal.DefaultFileLockManager] Lock acquired on daemon addresses registry.
16:00:26.269 [DEBUG] [org.gradle.cache.internal.DefaultFileLockManager] Releasing lock on daemon addresses registry.
16:00:26.269 [DEBUG] [org.gradle.cache.internal.DefaultFileLockManager] Waiting to acquire shared lock on daemon addresses registry.
16:00:26.269 [DEBUG] [org.gradle.cache.internal.DefaultFileLockManager] Lock acquired on daemon addresses registry.
16:00:26.387 [DEBUG] [org.gradle.cache.internal.DefaultFileLockManager] Releasing lock on daemon addresses registry.
16:00:26.387 [DEBUG] [org.gradle.cache.internal.DefaultFileLockManager] Waiting to acquire shared lock on daemon addresses registry.
16:00:26.462 [DEBUG] [org.gradle.cache.internal.DefaultFileLockManager] Lock acquired on daemon addresses registry.
16:00:26.462 [DEBUG] [org.gradle.cache.internal.DefaultFileLockManager] Releasing lock on daemon addresses registry.
16:00:28.499 [DEBUG] [org.gradle.process.internal.health.memory.MemoryManager] Emitting OS memory status event {Total: 4059156480, Free: 123576320}
16:00:28.499 [DEBUG] [org.gradle.launcher.daemon.server.health.LowMemoryDaemonExpirationStrategy] Received memory status update: {Total: 4059156480, Free: 123576320}
16:00:28.500 [DEBUG] [org.gradle.process.internal.health.memory.MemoryManager] 405915648 memory requested, 123576320 free
16:00:28.500 [DEBUG] [org.gradle.workers.internal.WorkerDaemonExpiration] Will attempt to release 387 of memory
16:00:28.500 [DEBUG] [org.gradle.process.internal.health.memory.MemoryManager] 405915648 memory requested, 0 released, 123576320 free
16:00:28.500 [DEBUG] [org.gradle.process.internal.health.memory.MemoryManager] Emitting JVM memory status event {Maximum: 1572864000, Committed: 163577856}
16:00:33.735 [DEBUG] [org.gradle.process.internal.health.memory.MemoryManager] Emitting OS memory status event {Total: 4059156480, Free: 124461056}
16:00:33.875 [DEBUG] [org.gradle.launcher.daemon.server.health.LowMemoryDaemonExpirationStrategy] Received memory status update: {Total: 4059156480, Free: 124461056}
16:00:33.875 [DEBUG] [org.gradle.process.internal.health.memory.MemoryManager] 405915648 memory requested, 124461056 free
16:00:33.875 [DEBUG] [org.gradle.workers.internal.WorkerDaemonExpiration] Will attempt to release 387 of memory
16:00:33.875 [DEBUG] [org.gradle.process.internal.health.memory.MemoryManager] 405915648 memory requested, 0 released, 124461056 free
16:00:33.908 [DEBUG] [org.gradle.process.internal.health.memory.MemoryManager] Emitting JVM memory status event {Maximum: 1572864000, Committed: 163577856}
16:00:34.867 [DEBUG] [org.gradle.launcher.daemon.server.Daemon] DaemonExpirationPeriodicCheck running
16:00:34.867 [DEBUG] [org.gradle.cache.internal.DefaultFileLockManager] Waiting to acquire shared lock on daemon addresses registry.
16:00:35.142 [DEBUG] [org.gradle.cache.internal.DefaultFileLockManager] Lock acquired on daemon addresses registry.
16:00:35.208 [DEBUG] [org.gradle.cache.internal.DefaultFileLockManager] Releasing lock on daemon addresses registry.
16:00:35.303 [DEBUG] [org.gradle.cache.internal.DefaultFileLockManager] Waiting to acquire shared lock on daemon addresses registry.
16:00:35.303 [DEBUG] [org.gradle.cache.internal.DefaultFileLockManager] Lock acquired on daemon addresses registry.
16:00:35.304 [DEBUG] [org.gradle.cache.internal.DefaultFileLockManager] Releasing lock on daemon addresses registry.
16:00:35.304 [DEBUG] [org.gradle.cache.internal.DefaultFileLockManager] Waiting to acquire shared lock on daemon addresses registry.
16:00:35.304 [DEBUG] [org.gradle.cache.internal.DefaultFileLockManager] Lock acquired on daemon addresses registry.
16:00:35.485 [DEBUG] [org.gradle.cache.internal.DefaultFileLockManager] Releasing lock on daemon addresses registry.
16:00:38.907 [DEBUG] [org.gradle.process.internal.health.memory.MemoryManager] Emitting OS memory status event {Total: 4059156480, Free: 115888128}
16:00:38.908 [DEBUG] [org.gradle.launcher.daemon.server.health.LowMemoryDaemonExpirationStrategy] Received memory status update: {Total: 4059156480, Free: 115888128}
16:00:38.908 [DEBUG] [org.gradle.process.internal.health.memory.MemoryManager] 405915648 memory requested, 115888128 free
16:00:38.949 [DEBUG] [org.gradle.workers.internal.WorkerDaemonExpiration] Will attempt to release 387 of memory
16:00:38.949 [DEBUG] [org.gradle.process.internal.health.memory.MemoryManager] 405915648 memory requested, 0 released, 115888128 free
16:00:38.949 [DEBUG] [org.gradle.process.internal.health.memory.MemoryManager] Emitting JVM memory status event {Maximum: 1572864000, Committed: 163577856}
16:00:43.565 [DEBUG] [org.gradle.process.internal.health.memory.MemoryManager] Emitting OS memory status event {Total: 4059156480, Free: 126578688}
16:00:43.565 [DEBUG] [org.gradle.launcher.daemon.server.health.LowMemoryDaemonExpirationStrategy] Received memory status update: {Total: 4059156480, Free: 126578688}
16:00:43.565 [DEBUG] [org.gradle.process.internal.health.memory.MemoryManager] 405915648 memory requested, 126578688 free
16:00:43.565 [DEBUG] [org.gradle.workers.internal.WorkerDaemonExpiration] Will attempt to release 387 of memory
16:00:43.589 [DEBUG] [org.gradle.process.internal.health.memory.MemoryManager] 405915648 memory requested, 0 released, 126578688 free
16:00:43.589 [DEBUG] [org.gradle.process.internal.health.memory.MemoryManager] Emitting JVM memory status event {Maximum: 1572864000, Committed: 163577856}
16:00:44.867 [DEBUG] [org.gradle.launcher.daemon.server.Daemon] DaemonExpirationPeriodicCheck running
16:00:45.116 [DEBUG] [org.gradle.cache.internal.DefaultFileLockManager] Waiting to acquire shared lock on daemon addresses registry.
16:00:45.137 [DEBUG] [org.gradle.cache.internal.DefaultFileLockManager] Lock acquired on daemon addresses registry.
16:00:45.139 [DEBUG] [org.gradle.cache.internal.DefaultFileLockManager] Releasing lock on daemon addresses registry.
16:00:45.140 [DEBUG] [org.gradle.cache.internal.DefaultFileLockManager] Waiting to acquire shared lock on daemon addresses registry.
16:00:45.140 [DEBUG] [org.gradle.cache.internal.DefaultFileLockManager] Lock acquired on daemon addresses registry.
16:00:45.142 [DEBUG] [org.gradle.cache.internal.DefaultFileLockManager] Releasing lock on daemon addresses registry.
16:00:45.142 [DEBUG] [org.gradle.cache.internal.DefaultFileLockManager] Waiting to acquire shared lock on daemon addresses registry.
16:00:45.142 [DEBUG] [org.gradle.cache.internal.DefaultFileLockManager] Lock acquired on daemon addresses registry.
16:00:45.143 [DEBUG] [org.gradle.cache.internal.DefaultFileLockManager] Releasing lock on daemon addresses registry.
16:00:48.608 [DEBUG] [org.gradle.process.internal.health.memory.MemoryManager] Emitting OS memory status event {Total: 4059156480, Free: 131551232}
16:00:48.608 [DEBUG] [org.gradle.launcher.daemon.server.health.LowMemoryDaemonExpirationStrategy] Received memory status update: {Total: 4059156480, Free: 131551232}
16:00:48.608 [DEBUG] [org.gradle.process.internal.health.memory.MemoryManager] 405915648 memory requested, 131551232 free
16:00:48.608 [DEBUG] [org.gradle.workers.internal.WorkerDaemonExpiration] Will attempt to release 387 of memory
16:00:48.609 [DEBUG] [org.gradle.process.internal.health.memory.MemoryManager] 405915648 memory requested, 0 released, 131551232 free
16:00:48.609 [DEBUG] [org.gradle.process.internal.health.memory.MemoryManager] Emitting JVM memory status event {Maximum: 1572864000, Committed: 163577856}
16:00:53.679 [DEBUG] [org.gradle.process.internal.health.memory.MemoryManager] Emitting OS memory status event {Total: 4059156480, Free: 130846720}
16:00:54.350 [DEBUG] [org.gradle.launcher.daemon.server.health.LowMemoryDaemonExpirationStrategy] Received memory status update: {Total: 4059156480, Free: 130846720}
16:00:54.350 [DEBUG] [org.gradle.process.internal.health.memory.MemoryManager] 405915648 memory requested, 130846720 free
16:00:54.350 [DEBUG] [org.gradle.workers.internal.WorkerDaemonExpiration] Will attempt to release 387 of memory
16:00:54.470 [DEBUG] [org.gradle.process.internal.health.memory.MemoryManager] 405915648 memory requested, 0 released, 130846720 free
16:00:54.470 [DEBUG] [org.gradle.process.internal.health.memory.MemoryManager] Emitting JVM memory status event {Maximum: 1572864000, Committed: 163577856}
16:00:54.866 [DEBUG] [org.gradle.launcher.daemon.server.Daemon] DaemonExpirationPeriodicCheck running
16:00:54.867 [DEBUG] [org.gradle.cache.internal.DefaultFileLockManager] Waiting to acquire shared lock on daemon addresses registry.
16:00:54.913 [DEBUG] [org.gradle.cache.internal.DefaultFileLockManager] Lock acquired on daemon addresses registry.
16:00:54.931 [DEBUG] [org.gradle.cache.internal.DefaultFileLockManager] Releasing lock on daemon addresses registry.
16:00:54.931 [DEBUG] [org.gradle.cache.internal.DefaultFileLockManager] Waiting to acquire shared lock on daemon addresses registry.
16:00:54.931 [DEBUG] [org.gradle.cache.internal.DefaultFileLockManager] Lock acquired on daemon addresses registry.
16:00:54.964 [DEBUG] [org.gradle.cache.internal.DefaultFileLockManager] Releasing lock on daemon addresses registry.
16:00:54.965 [DEBUG] [org.gradle.cache.internal.DefaultFileLockManager] Waiting to acquire shared lock on daemon addresses registry.
16:00:55.039 [DEBUG] [org.gradle.cache.internal.DefaultFileLockManager] Lock acquired on daemon addresses registry.
16:00:55.040 [DEBUG] [org.gradle.cache.internal.DefaultFileLockManager] Releasing lock on daemon addresses registry.
16:00:58.532 [DEBUG] [org.gradle.process.internal.health.memory.MemoryManager] Emitting OS memory status event {Total: 4059156480, Free: 134754304}
16:00:58.532 [DEBUG] [org.gradle.launcher.daemon.server.health.LowMemoryDaemonExpirationStrategy] Received memory status update: {Total: 4059156480, Free: 134754304}
16:00:58.532 [DEBUG] [org.gradle.process.internal.health.memory.MemoryManager] 405915648 memory requested, 134754304 free
16:00:58.532 [DEBUG] [org.gradle.workers.internal.WorkerDaemonExpiration] Will attempt to release 387 of memory
16:00:58.566 [DEBUG] [org.gradle.process.internal.health.memory.MemoryManager] 405915648 memory requested, 0 released, 134754304 free
16:00:58.566 [DEBUG] [org.gradle.process.internal.health.memory.MemoryManager] Emitting JVM memory status event {Maximum: 1572864000, Committed: 163577856}
16:01:03.849 [DEBUG] [org.gradle.process.internal.health.memory.MemoryManager] Emitting OS memory status event {Total: 4059156480, Free: 149315584}
16:01:03.849 [DEBUG] [org.gradle.launcher.daemon.server.health.LowMemoryDaemonExpirationStrategy] Received memory status update: {Total: 4059156480, Free: 149315584}
16:01:03.849 [DEBUG] [org.gradle.process.internal.health.memory.MemoryManager] 405915648 memory requested, 149315584 free
16:01:03.850 [DEBUG] [org.gradle.workers.internal.WorkerDaemonExpiration] Will attempt to release 387 of memory
16:01:03.961 [DEBUG] [org.gradle.process.internal.health.memory.MemoryManager] 405915648 memory requested, 0 released, 149315584 free
16:01:03.962 [DEBUG] [org.gradle.process.internal.health.memory.MemoryManager] Emitting JVM memory status event {Maximum: 1572864000, Committed: 163577856}
16:01:04.866 [DEBUG] [org.gradle.launcher.daemon.server.Daemon] DaemonExpirationPeriodicCheck running
16:01:04.867 [DEBUG] [org.gradle.cache.internal.DefaultFileLockManager] Waiting to acquire shared lock on daemon addresses registry.
16:01:04.867 [DEBUG] [org.gradle.cache.internal.DefaultFileLockManager] Lock acquired on daemon addresses registry.
16:01:04.883 [DEBUG] [org.gradle.cache.internal.DefaultFileLockManager] Releasing lock on daemon addresses registry.
16:01:04.883 [DEBUG] [org.gradle.cache.internal.DefaultFileLockManager] Waiting to acquire shared lock on daemon addresses registry.
16:01:04.883 [DEBUG] [org.gradle.cache.internal.DefaultFileLockManager] Lock acquired on daemon addresses registry.
16:01:04.899 [DEBUG] [org.gradle.cache.internal.DefaultFileLockManager] Releasing lock on daemon addresses registry.
16:01:04.900 [DEBUG] [org.gradle.cache.internal.DefaultFileLockManager] Waiting to acquire shared lock on daemon addresses registry.
16:01:04.900 [DEBUG] [org.gradle.cache.internal.DefaultFileLockManager] Lock acquired on daemon addresses registry.
16:01:04.916 [DEBUG] [org.gradle.cache.internal.DefaultFileLockManager] Releasing lock on daemon addresses registry.
16:01:08.452 [DEBUG] [org.gradle.process.internal.health.memory.MemoryManager] Emitting OS memory status event {Total: 4059156480, Free: 145281024}
16:01:08.452 [DEBUG] [org.gradle.launcher.daemon.server.health.LowMemoryDaemonExpirationStrategy] Received memory status update: {Total: 4059156480, Free: 145281024}
16:01:08.452 [DEBUG] [org.gradle.process.internal.health.memory.MemoryManager] 405915648 memory requested, 145281024 free
16:01:08.452 [DEBUG] [org.gradle.workers.internal.WorkerDaemonExpiration] Will attempt to release 387 of memory
16:01:08.452 [DEBUG] [org.gradle.process.internal.health.memory.MemoryManager] 405915648 memory requested, 0 released, 145281024 free
16:01:08.452 [DEBUG] [org.gradle.process.internal.health.memory.MemoryManager] Emitting JVM memory status event {Maximum: 1572864000, Committed: 163577856}
16:01:13.486 [DEBUG] [org.gradle.process.internal.health.memory.MemoryManager] Emitting OS memory status event {Total: 4059156480, Free: 154947584}
16:01:13.486 [DEBUG] [org.gradle.launcher.daemon.server.health.LowMemoryDaemonExpirationStrategy] Received memory status update: {Total: 4059156480, Free: 154947584}
16:01:13.486 [DEBUG] [org.gradle.process.internal.health.memory.MemoryManager] 405915648 memory requested, 154947584 free
16:01:13.486 [DEBUG] [org.gradle.workers.internal.WorkerDaemonExpiration] Will attempt to release 387 of memory
16:01:13.487 [DEBUG] [org.gradle.process.internal.health.memory.MemoryManager] 405915648 memory requested, 0 released, 154947584 free
16:01:13.487 [DEBUG] [org.gradle.process.internal.health.memory.MemoryManager] Emitting JVM memory status event {Maximum: 1572864000, Committed: 163577856}
16:01:14.867 [DEBUG] [org.gradle.launcher.daemon.server.Daemon] DaemonExpirationPeriodicCheck running
16:01:15.345 [DEBUG] [org.gradle.cache.internal.DefaultFileLockManager] Waiting to acquire shared lock on daemon addresses registry.
16:01:15.345 [DEBUG] [org.gradle.cache.internal.DefaultFileLockManager] Lock acquired on daemon addresses registry.
16:01:15.430 [DEBUG] [org.gradle.cache.internal.DefaultFileLockManager] Releasing lock on daemon addresses registry.
16:01:15.431 [DEBUG] [org.gradle.cache.internal.DefaultFileLockManager] Waiting to acquire shared lock on daemon addresses registry.
16:01:15.431 [DEBUG] [org.gradle.cache.internal.DefaultFileLockManager] Lock acquired on daemon addresses registry.
16:01:15.432 [DEBUG] [org.gradle.cache.internal.DefaultFileLockManager] Releasing lock on daemon addresses registry.
16:01:15.432 [DEBUG] [org.gradle.cache.internal.DefaultFileLockManager] Waiting to acquire shared lock on daemon addresses registry.
16:01:15.433 [DEBUG] [org.gradle.cache.internal.DefaultFileLockManager] Lock acquired on daemon addresses registry.
16:01:15.433 [DEBUG] [org.gradle.cache.internal.DefaultFileLockManager] Releasing lock on daemon addresses registry.
16:01:19.590 [DEBUG] [org.gradle.process.internal.health.memory.MemoryManager] Emitting OS memory status event {Total: 4059156480, Free: 169132032}
16:01:19.590 [DEBUG] [org.gradle.launcher.daemon.server.health.LowMemoryDaemonExpirationStrategy] Received memory status update: {Total: 4059156480, Free: 169132032}
16:01:19.590 [DEBUG] [org.gradle.process.internal.health.memory.MemoryManager] 405915648 memory requested, 169132032 free
16:01:19.590 [DEBUG] [org.gradle.workers.internal.WorkerDaemonExpiration] Will attempt to release 387 of memory
16:01:19.590 [DEBUG] [org.gradle.process.internal.health.memory.MemoryManager] 405915648 memory requested, 0 released, 169132032 free
16:01:19.591 [DEBUG] [org.gradle.process.internal.health.memory.MemoryManager] Emitting JVM memory status event {Maximum: 1572864000, Committed: 163577856}
16:01:23.480 [DEBUG] [org.gradle.process.internal.health.memory.MemoryManager] Emitting OS memory status event {Total: 4059156480, Free: 165978112}
16:01:23.480 [DEBUG] [org.gradle.launcher.daemon.server.health.LowMemoryDaemonExpirationStrategy] Received memory status update: {Total: 4059156480, Free: 165978112}
16:01:23.481 [DEBUG] [org.gradle.process.internal.health.memory.MemoryManager] 405915648 memory requested, 165978112 free
16:01:23.481 [DEBUG] [org.gradle.workers.internal.WorkerDaemonExpiration] Will attempt to release 387 of memory
16:01:23.481 [DEBUG] [org.gradle.process.internal.health.memory.MemoryManager] 405915648 memory requested, 0 released, 165978112 free
16:01:23.481 [DEBUG] [org.gradle.process.internal.health.memory.MemoryManager] Emitting JVM memory status event {Maximum: 1572864000, Committed: 163577856}
16:01:24.867 [DEBUG] [org.gradle.launcher.daemon.server.Daemon] DaemonExpirationPeriodicCheck running
16:01:24.867 [DEBUG] [org.gradle.cache.internal.DefaultFileLockManager] Waiting to acquire shared lock on daemon addresses registry.
16:01:24.868 [DEBUG] [org.gradle.cache.internal.DefaultFileLockManager] Lock acquired on daemon addresses registry.
16:01:24.868 [DEBUG] [org.gradle.cache.internal.DefaultFileLockManager] Releasing lock on daemon addresses registry.
16:01:24.925 [DEBUG] [org.gradle.cache.internal.DefaultFileLockManager] Waiting to acquire shared lock on daemon addresses registry.
16:01:24.926 [DEBUG] [org.gradle.cache.internal.DefaultFileLockManager] Lock acquired on daemon addresses registry.
16:01:24.926 [DEBUG] [org.gradle.cache.internal.DefaultFileLockManager] Releasing lock on daemon addresses registry.
16:01:24.926 [DEBUG] [org.gradle.cache.internal.DefaultFileLockManager] Waiting to acquire shared lock on daemon addresses registry.
16:01:24.926 [DEBUG] [org.gradle.cache.internal.DefaultFileLockManager] Lock acquired on daemon addresses registry.
16:01:24.926 [DEBUG] [org.gradle.cache.internal.DefaultFileLockManager] Releasing lock on daemon addresses registry.
16:01:28.451 [DEBUG] [org.gradle.process.internal.health.memory.MemoryManager] Emitting OS memory status event {Total: 4059156480, Free: 150441984}
16:01:28.451 [DEBUG] [org.gradle.launcher.daemon.server.health.LowMemoryDaemonExpirationStrategy] Received memory status update: {Total: 4059156480, Free: 150441984}
16:01:28.452 [DEBUG] [org.gradle.process.internal.health.memory.MemoryManager] 405915648 memory requested, 150441984 free
16:01:28.452 [DEBUG] [org.gradle.workers.internal.WorkerDaemonExpiration] Will attempt to release 387 of memory
16:01:28.452 [DEBUG] [org.gradle.process.internal.health.memory.MemoryManager] 405915648 memory requested, 0 released, 150441984 free
16:01:28.452 [DEBUG] [org.gradle.process.internal.health.memory.MemoryManager] Emitting JVM memory status event {Maximum: 1572864000, Committed: 163577856}
16:01:33.451 [DEBUG] [org.gradle.process.internal.health.memory.MemoryManager] Emitting OS memory status event {Total: 4059156480, Free: 165588992}
16:01:33.451 [DEBUG] [org.gradle.launcher.daemon.server.health.LowMemoryDaemonExpirationStrategy] Received memory status update: {Total: 4059156480, Free: 165588992}
16:01:33.452 [DEBUG] [org.gradle.process.internal.health.memory.MemoryManager] 405915648 memory requested, 165588992 free
16:01:33.452 [DEBUG] [org.gradle.workers.internal.WorkerDaemonExpiration] Will attempt to release 387 of memory
16:01:33.452 [DEBUG] [org.gradle.process.internal.health.memory.MemoryManager] 405915648 memory requested, 0 released, 165588992 free
16:01:33.452 [DEBUG] [org.gradle.process.internal.health.memory.MemoryManager] Emitting JVM memory status event {Maximum: 1572864000, Committed: 163577856}
16:01:34.867 [DEBUG] [org.gradle.launcher.daemon.server.Daemon] DaemonExpirationPeriodicCheck running
16:01:34.867 [DEBUG] [org.gradle.cache.internal.DefaultFileLockManager] Waiting to acquire shared lock on daemon addresses registry.
16:01:34.867 [DEBUG] [org.gradle.cache.internal.DefaultFileLockManager] Lock acquired on daemon addresses registry.
16:01:34.867 [DEBUG] [org.gradle.cache.internal.DefaultFileLockManager] Releasing lock on daemon addresses registry.
16:01:34.868 [DEBUG] [org.gradle.cache.internal.DefaultFileLockManager] Waiting to acquire shared lock on daemon addresses registry.
16:01:34.868 [DEBUG] [org.gradle.cache.internal.DefaultFileLockManager] Lock acquired on daemon addresses registry.
16:01:34.868 [DEBUG] [org.gradle.cache.internal.DefaultFileLockManager] Releasing lock on daemon addresses registry.
16:01:34.931 [DEBUG] [org.gradle.cache.internal.DefaultFileLockManager] Waiting to acquire shared lock on daemon addresses registry.
16:01:34.931 [DEBUG] [org.gradle.cache.internal.DefaultFileLockManager] Lock acquired on daemon addresses registry.
16:01:34.931 [DEBUG] [org.gradle.cache.internal.DefaultFileLockManager] Releasing lock on daemon addresses registry.
                                                                                                                                                                                                                                                                                                                                                                                                                                                                                                                                                                                                                                                                                                                                                                                                                                                                                                                                                                                                                                                                                                                                                                                                                                                                                                                                                                                                                                                                                                                                               