11:32:08.835 [DEBUG] [org.gradle.launcher.daemon.bootstrap.DaemonMain] Assuming the daemon was started with following jvm opts: [--add-opens, java.base/java.util=ALL-UNNAMED, --add-opens, java.base/java.lang=ALL-UNNAMED, --add-opens, java.base/java.lang.invoke=ALL-UNNAMED, --add-opens, java.prefs/java.util.prefs=ALL-UNNAMED, -Xms128m, -Xmx1500m, -Dfile.encoding=UTF-8, -Duser.country=AR, -Duser.language=es, -Duser.variant]
11:32:09.171 [INFO] [org.gradle.launcher.daemon.server.Daemon] start() called on daemon - DefaultDaemonContext[uid=470ea64d-ce20-49bc-a854-627e24a12ff5,javaHome=/home/adolfo/Android/android-studio_202111122/jre,daemonRegistryDir=/home/adolfo/Proyectos_Android/vaczine/daemon,pid=13311,idleTimeout=10800000,priority=NORMAL,daemonOpts=--add-opens,java.base/java.util=ALL-UNNAMED,--add-opens,java.base/java.lang=ALL-UNNAMED,--add-opens,java.base/java.lang.invoke=ALL-UNNAMED,--add-opens,java.prefs/java.util.prefs=ALL-UNNAMED,-Xms128m,-Xmx1500m,-Dfile.encoding=UTF-8,-Duser.country=AR,-Duser.language=es,-Duser.variant]
11:32:09.272 [DEBUG] [org.gradle.internal.remote.internal.inet.InetAddresses] Adding IP addresses for network interface enp3s0
11:32:09.272 [DEBUG] [org.gradle.internal.remote.internal.inet.InetAddresses] Is this a loopback interface? false
11:32:09.272 [DEBUG] [org.gradle.internal.remote.internal.inet.InetAddresses] Adding remote address /fe80:0:0:0:b93e:68b1:f07b:4be5%enp3s0
11:32:09.273 [DEBUG] [org.gradle.internal.remote.internal.inet.InetAddresses] Adding remote address /10.230.22.246
11:32:09.273 [DEBUG] [org.gradle.internal.remote.internal.inet.InetAddresses] Adding IP addresses for network interface lo
11:32:09.276 [DEBUG] [org.gradle.internal.remote.internal.inet.InetAddresses] Is this a loopback interface? true
11:32:09.276 [DEBUG] [org.gradle.internal.remote.internal.inet.InetAddresses] Adding loopback address /0:0:0:0:0:0:0:1%lo
11:32:09.277 [DEBUG] [org.gradle.internal.remote.internal.inet.InetAddresses] Adding loopback address /127.0.0.1
11:32:09.279 [DEBUG] [org.gradle.internal.remote.internal.inet.TcpIncomingConnector] Listening on [94973b22-03d9-4fc2-baa4-2c3f80586140 port:41637, addresses:[/0:0:0:0:0:0:0:1%lo, /127.0.0.1]].
11:32:09.290 [DEBUG] [org.gradle.launcher.daemon.server.Daemon] Daemon starting at: Wed Nov 09 11:32:09 ART 2022, with address: [94973b22-03d9-4fc2-baa4-2c3f80586140 port:41637, addresses:[/0:0:0:0:0:0:0:1%lo, /127.0.0.1]]
11:32:09.290 [INFO] [org.gradle.launcher.daemon.server.DaemonRegistryUpdater] Advertising the daemon address to the clients: [94973b22-03d9-4fc2-baa4-2c3f80586140 port:41637, addresses:[/0:0:0:0:0:0:0:1%lo, /127.0.0.1]]
11:32:09.290 [DEBUG] [org.gradle.launcher.daemon.server.DaemonRegistryUpdater] Advertised daemon context: DefaultDaemonContext[uid=470ea64d-ce20-49bc-a854-627e24a12ff5,javaHome=/home/adolfo/Android/android-studio_202111122/jre,daemonRegistryDir=/home/adolfo/Proyectos_Android/vaczine/daemon,pid=13311,idleTimeout=10800000,priority=NORMAL,daemonOpts=--add-opens,java.base/java.util=ALL-UNNAMED,--add-opens,java.base/java.lang=ALL-UNNAMED,--add-opens,java.base/java.lang.invoke=ALL-UNNAMED,--add-opens,java.prefs/java.util.prefs=ALL-UNNAMED,-Xms128m,-Xmx1500m,-Dfile.encoding=UTF-8,-Duser.country=AR,-Duser.language=es,-Duser.variant]
11:32:09.292 [DEBUG] [org.gradle.launcher.daemon.registry.PersistentDaemonRegistry] Storing daemon address: [94973b22-03d9-4fc2-baa4-2c3f80586140 port:41637, addresses:[/0:0:0:0:0:0:0:1%lo, /127.0.0.1]], context: DefaultDaemonContext[uid=470ea64d-ce20-49bc-a854-627e24a12ff5,javaHome=/home/adolfo/Android/android-studio_202111122/jre,daemonRegistryDir=/home/adolfo/Proyectos_Android/vaczine/daemon,pid=13311,idleTimeout=10800000,priority=NORMAL,daemonOpts=--add-opens,java.base/java.util=ALL-UNNAMED,--add-opens,java.base/java.lang=ALL-UNNAMED,--add-opens,java.base/java.lang.invoke=ALL-UNNAMED,--add-opens,java.prefs/java.util.prefs=ALL-UNNAMED,-Xms128m,-Xmx1500m,-Dfile.encoding=UTF-8,-Duser.country=AR,-Duser.language=es,-Duser.variant]
11:32:09.300 [DEBUG] [org.gradle.cache.internal.DefaultFileLockManager] Waiting to acquire exclusive lock on daemon addresses registry.
11:32:09.303 [DEBUG] [org.gradle.cache.internal.DefaultFileLockManager] Lock acquired on daemon addresses registry.
11:32:09.331 [DEBUG] [org.gradle.cache.internal.DefaultFileLockManager] Releasing lock on daemon addresses registry.
11:32:09.332 [LIFECYCLE] [org.gradle.launcher.daemon.server.Daemon] Daemon server started.
11:32:09.333 [DEBUG] [org.gradle.launcher.daemon.bootstrap.DaemonStartupCommunication] Completed writing the daemon greeting. Closing streams...
11:32:09.338 [DEBUG] [org.gradle.launcher.daemon.server.Daemon] stopOnExpiration() called on daemon
11:32:09.339 [DEBUG] [org.gradle.launcher.daemon.server.Daemon] awaitExpiration() called on daemon
11:32:09.340 [DEBUG] [org.gradle.launcher.daemon.server.DaemonStateCoordinator] daemon is running. Sleeping until state changes.
11:32:09.344 [DEBUG] [org.gradle.internal.remote.internal.inet.TcpIncomingConnector] Accepted connection from /0:0:0:0:0:0:0:1:43370 to /0:0:0:0:0:0:0:1:41637.
11:32:09.417 [DEBUG] [org.gradle.launcher.daemon.server.SynchronizedDispatchConnection] thread 18: received class org.gradle.launcher.daemon.protocol.Build
11:32:09.418 [DEBUG] [org.gradle.launcher.daemon.server.DefaultDaemonConnection] thread 18: Received non-IO message from client: Build{id=0e0d7bc1-9325-4a43-8a21-9f654fc26d07, currentDir=/home/adolfo}
11:32:09.418 [INFO] [org.gradle.launcher.daemon.server.DefaultIncomingConnectionHandler] Received command: Build{id=0e0d7bc1-9325-4a43-8a21-9f654fc26d07, currentDir=/home/adolfo}.
11:32:09.419 [DEBUG] [org.gradle.launcher.daemon.server.DefaultIncomingConnectionHandler] Starting executing command: Build{id=0e0d7bc1-9325-4a43-8a21-9f654fc26d07, currentDir=/home/adolfo} with connection: socket connection from /0:0:0:0:0:0:0:1:41637 to /0:0:0:0:0:0:0:1:43370.
11:32:09.421 [ERROR] [org.gradle.launcher.daemon.server.DaemonStateCoordinator] Command execution: started DaemonCommandExecution[command = Build{id=0e0d7bc1-9325-4a43-8a21-9f654fc26d07, currentDir=/home/adolfo}, connection = DefaultDaemonConnection: socket connection from /0:0:0:0:0:0:0:1:41637 to /0:0:0:0:0:0:0:1:43370] after 0.0 minutes of idle
11:32:09.421 [INFO] [org.gradle.launcher.daemon.server.DaemonRegistryUpdater] Marking the daemon as busy, address: [94973b22-03d9-4fc2-baa4-2c3f80586140 port:41637, addresses:[/0:0:0:0:0:0:0:1%lo, /127.0.0.1]]
11:32:09.421 [DEBUG] [org.gradle.launcher.daemon.registry.PersistentDaemonRegistry] Marking busy by address: [94973b22-03d9-4fc2-baa4-2c3f80586140 port:41637, addresses:[/0:0:0:0:0:0:0:1%lo, /127.0.0.1]]
11:32:09.422 [DEBUG] [org.gradle.cache.internal.DefaultFileLockManager] Waiting to acquire exclusive lock on daemon addresses registry.
11:32:09.423 [DEBUG] [org.gradle.cache.internal.DefaultFileLockManager] Lock acquired on daemon addresses registry.
11:32:09.424 [DEBUG] [org.gradle.cache.internal.DefaultFileLockManager] Releasing lock on daemon addresses registry.
11:32:09.424 [DEBUG] [org.gradle.launcher.daemon.server.DaemonStateCoordinator] resetting idle timer
11:32:09.424 [DEBUG] [org.gradle.launcher.daemon.server.DaemonStateCoordinator] daemon is running. Sleeping until state changes.
11:32:09.425 [INFO] [org.gradle.launcher.daemon.server.exec.StartBuildOrRespondWithBusy] Daemon is about to start building Build{id=0e0d7bc1-9325-4a43-8a21-9f654fc26d07, currentDir=/home/adolfo}. Dispatching build started information...
11:32:09.425 [DEBUG] [org.gradle.launcher.daemon.server.SynchronizedDispatchConnection] thread 20: dispatching class org.gradle.launcher.daemon.protocol.BuildStarted
11:32:09.427 [DEBUG] [org.gradle.launcher.daemon.server.exec.EstablishBuildEnvironment] Configuring env variables: {PATH=/usr/local/sbin:/usr/local/bin:/usr/sbin:/usr/bin:/sbin:/bin:/usr/games:/usr/local/games:/snap/bin, XAUTHORITY=/home/adolfo/.Xauthority, GDMSESSION=mate, XDG_DATA_DIRS=/usr/share/mate:/usr/local/share:/usr/share:/var/lib/snapd/desktop, COMPIZ_CONFIG_PROFILE=mate, XDG_CONFIG_DIRS=/etc/xdg/xdg-mate:/etc/xdg, LANG=es_AR.UTF-8, XDG_SEAT_PATH=/org/freedesktop/DisplayManager/Seat0, DBUS_SESSION_BUS_ADDRESS=unix:path=/run/user/1000/bus, XDG_SESSION_TYPE=x11, XDG_SESSION_ID=c2, XDG_CURRENT_DESKTOP=MATE, QT_AUTO_SCREEN_SCALE_FACTOR=0, DISPLAY=:0, SSH_AGENT_PID=1289, SESSION_MANAGER=local/adolfo-desktop:@/tmp/.ICE-unix/1161,unix/adolfo-desktop:/tmp/.ICE-unix/1161, LOGNAME=adolfo, PWD=/home/adolfo, XDG_SESSION_CLASS=user, LANGUAGE=es_AR:es, GDM_LANG=es_AR, SHELL=/bin/bash, QT_SCALE_FACTOR=1, UBUNTU_MENUPROXY=1, GIO_LAUNCHED_DESKTOP_FILE=/home/adolfo/.local/share/applications/mozo-made-4.desktop, XDG_GREETER_DATA_DIR=/var/lib/lightdm-data/adolfo, GPG_AGENT_INFO=/run/user/1000/gnupg/S.gpg-agent:0:1, DESKTOP_SESSION=mate, OLDPWD=/home/adolfo/Android/android-studio_202111122/bin, USER=adolfo, GIO_LAUNCHED_DESKTOP_FILE_PID=12389, QT_ACCESSIBILITY=1, GTK_MODULES=appmenu-gtk-module:gail:atk-bridge:canberra-gtk-module, SSH_AUTH_SOCK=/run/user/1000/keyring/ssh, XDG_SEAT=seat0, GTK_OVERLAY_SCROLLING=0, XDG_SESSION_PATH=/org/freedesktop/DisplayManager/Session0, MATE_DESKTOP_SESSION_ID=this-is-deprecated, QT_QPA_PLATFORMTHEME=gtk2, XDG_RUNTIME_DIR=/run/user/1000, XDG_VTNR=7, XDG_SESSION_DESKTOP=mate, SHLVL=0, HOME=/home/adolfo}
11:32:09.435 [DEBUG] [org.gradle.launcher.daemon.server.exec.LogToClient] About to start relaying all logs to the client via the connection.
11:32:09.436 [INFO] [org.gradle.launcher.daemon.server.exec.LogToClient] The client will now receive all logging from the daemon (pid: 13311). The daemon log file: /home/adolfo/Proyectos_Android/vaczine/daemon/5.4.1/daemon-13311.out.log
11:32:09.439 [INFO] [org.gradle.launcher.daemon.server.exec.LogAndCheckHealth] Starting build in new daemon [memory: 1,6 GB]
11:32:09.444 [DEBUG] [org.gradle.launcher.daemon.server.SynchronizedDispatchConnection] thread 18: received class org.gradle.launcher.daemon.protocol.CloseInput
11:32:09.444 [DEBUG] [org.gradle.launcher.daemon.server.DefaultDaemonConnection] thread 18: Received IO message from client: org.gradle.launcher.daemon.protocol.CloseInput@ce89d8d
11:32:09.445 [INFO] [org.gradle.launcher.daemon.server.exec.ForwardClientInput] Closing daemon's stdin at end of input.
11:32:09.445 [INFO] [org.gradle.launcher.daemon.server.exec.ForwardClientInput] The daemon will no longer process any standard input.
11:32:09.445 [DEBUG] [org.gradle.launcher.daemon.server.exec.ExecuteBuild] The daemon has started executing the build.
11:32:09.445 [DEBUG] [org.gradle.launcher.daemon.server.exec.ExecuteBuild] Executing build with daemon context: DefaultDaemonContext[uid=470ea64d-ce20-49bc-a854-627e24a12ff5,javaHome=/home/adolfo/Android/android-studio_202111122/jre,daemonRegistryDir=/home/adolfo/Proyectos_Android/vaczine/daemon,pid=13311,idleTimeout=10800000,priority=NORMAL,daemonOpts=--add-opens,java.base/java.util=ALL-UNNAMED,--add-opens,java.base/java.lang=ALL-UNNAMED,--add-opens,java.base/java.lang.invoke=ALL-UNNAMED,--add-opens,java.prefs/java.util.prefs=ALL-UNNAMED,-Xms128m,-Xmx1500m,-Dfile.encoding=UTF-8,-Duser.country=AR,-Duser.language=es,-Duser.variant]
Calling mockable JAR artifact transform to create file: /home/adolfo/Proyectos_Android/vaczine/caches/transforms-2/files-2.1/c2c0ce1895c5611e77ddccd6f70cf3bf/android.jar with input /home/adolfo/Android/Sdk/platforms/android-30/android.jar

Deprecated Gradle features were used in this build, making it incompatible with Gradle 6.0.
Use '--warning-mode all' to show the individual deprecation warnings.
See https://docs.gradle.org/5.4.1/userguide/command_line_interface.html#sec:command_line_warnings

BUILD SUCCESSFUL in 5m 50s
11:37:56.455 [DEBUG] [org.gradle.launcher.daemon.server.exec.ExecuteBuild] The daemon has finished executing the build.
11:37:56.488 [DEBUG] [org.gradle.launcher.daemon.server.DaemonStateCoordinator] daemon is running. Sleeping until state changes.
11:37:56.488 [DEBUG] [org.gradle.launcher.daemon.server.DaemonStateCoordinator] Command execution: finished waiting for DaemonCommandExecution[command = Build{id=0e0d7bc1-9325-4a43-8a21-9f654fc26d07, currentDir=/home/adolfo}, connection = DefaultDaemonConnection: socket connection from /0:0:0:0:0:0:0:1:41637 to /0:0:0:0:0:0:0:1:43370]. Result org.gradle.launcher.daemon.server.DaemonStateCoordinator@1ce548ba with state Busy
11:37:56.488 [DEBUG] [org.gradle.launcher.daemon.server.DaemonStateCoordinator] Command execution: completed DaemonCommandExecution[command = Build{id=0e0d7bc1-9325-4a43-8a21-9f654fc26d07, currentDir=/home/adolfo}, connection = DefaultDaemonConnection: socket connection from /0:0:0:0:0:0:0:1:41637 to /0:0:0:0:0:0:0:1:43370]
11:37:56.488 [DEBUG] [org.gradle.launcher.daemon.server.DaemonStateCoordinator] resetting idle timer
11:37:56.489 [INFO] [org.gradle.launcher.daemon.server.DaemonRegistryUpdater] Marking the daemon as idle, address: [94973b22-03d9-4fc2-baa4-2c3f80586140 port:41637, addresses:[/0:0:0:0:0:0:0:1%lo, /127.0.0.1]]
11:37:56.489 [DEBUG] [org.gradle.launcher.daemon.registry.PersistentDaemonRegistry] Marking busy by address: [94973b22-03d9-4fc2-baa4-2c3f80586140 port:41637, addresses:[/0:0:0:0:0:0:0:1%lo, /127.0.0.1]]
11:37:56.489 [DEBUG] [org.gradle.cache.internal.DefaultFileLockManager] Waiting to acquire exclusive lock on daemon addresses registry.
11:37:56.489 [DEBUG] [org.gradle.cache.internal.DefaultFileLockManager] Lock acquired on daemon addresses registry.
11:37:56.490 [DEBUG] [org.gradle.cache.internal.DefaultFileLockManager] Releasing lock on daemon addresses registry.
11:37:56.490 [DEBUG] [org.gradle.launcher.daemon.server.DaemonStateCoordinator] daemon is running. Sleeping until state changes.
11:37:56.490 [DEBUG] [org.gradle.launcher.daemon.server.exec.ReturnResult] Daemon is dispatching the build result: Success[value=org.gradle.launcher.exec.BuildActionResult@5f7aaa5e]
11:37:56.491 [DEBUG] [org.gradle.launcher.daemon.server.SynchronizedDispatchConnection] thread 17: dispatching class org.gradle.launcher.daemon.protocol.Success
11:37:56.491 [DEBUG] [org.gradle.launcher.daemon.server.DefaultIncomingConnectionHandler] Finishing executing command: Build{id=0e0d7bc1-9325-4a43-8a21-9f654fc26d07, currentDir=/home/adolfo}
11:37:56.529 [DEBUG] [org.gradle.launcher.daemon.server.SynchronizedDispatchConnection] thread 18: received class org.gradle.launcher.daemon.protocol.Finished
11:37:56.529 [DEBUG] [org.gradle.launcher.daemon.server.DefaultDaemonConnection] thread 18: Received non-IO message from client: org.gradle.launcher.daemon.protocol.Finished@31a9eaff
11:37:56.530 [DEBUG] [org.gradle.launcher.daemon.server.DefaultIncomingConnectionHandler] Received finished message: org.gradle.launcher.daemon.protocol.Finished@31a9eaff
11:37:56.530 [DEBUG] [org.gradle.launcher.daemon.server.SynchronizedDispatchConnection] thread 17: stopping connection
11:37:56.567 [DEBUG] [org.gradle.internal.remote.internal.inet.SocketConnection] Discarding EOFException: java.io.EOFException
11:37:56.568 [DEBUG] [org.gradle.launcher.daemon.server.SynchronizedDispatchConnection] thread 18: received null
11:37:56.568 [DEBUG] [org.gradle.launcher.daemon.server.DefaultDaemonConnection] thread 18: Received end-of-input from client.
11:37:56.568 [DEBUG] [org.gradle.launcher.daemon.server.SynchronizedDispatchConnection] thread 17: stopping connection
11:37:56.820 [DEBUG] [org.gradle.process.internal.health.memory.MemoryManager] Emitting OS memory status event {Total: 4059156480, Free: 170471424}
11:37:56.820 [DEBUG] [org.gradle.launcher.daemon.server.health.LowMemoryDaemonExpirationStrategy] Received memory status update: {Total: 4059156480, Free: 170471424}
11:37:56.820 [DEBUG] [org.gradle.process.internal.health.memory.MemoryManager] 405915648 memory requested, 170471424 free
11:37:56.821 [DEBUG] [org.gradle.workers.internal.WorkerDaemonExpiration] Will attempt to release 387 of memory
11:37:56.821 [DEBUG] [org.gradle.process.internal.health.memory.MemoryManager] 405915648 memory requested, 0 released, 170471424 free
11:37:56.821 [DEBUG] [org.gradle.process.internal.health.memory.MemoryManager] Emitting JVM memory status event {Maximum: 1572864000, Committed: 484442112}
11:37:59.339 [DEBUG] [org.gradle.launcher.daemon.server.Daemon] DaemonExpirationPeriodicCheck running
11:37:59.339 [DEBUG] [org.gradle.cache.internal.DefaultFileLockManager] Waiting to acquire shared lock on daemon addresses registry.
11:37:59.340 [DEBUG] [org.gradle.cache.internal.DefaultFileLockManager] Lock acquired on daemon addresses registry.
11:37:59.340 [DEBUG] [org.gradle.cache.internal.DefaultFileLockManager] Releasing lock on daemon addresses registry.
11:37:59.341 [DEBUG] [org.gradle.cache.internal.DefaultFileLockManager] Waiting to acquire shared lock on daemon addresses registry.
11:37:59.341 [DEBUG] [org.gradle.cache.internal.DefaultFileLockManager] Lock acquired on daemon addresses registry.
11:37:59.342 [DEBUG] [org.gradle.cache.internal.DefaultFileLockManager] Releasing lock on daemon addresses registry.
11:38:01.820 [DEBUG] [org.gradle.process.internal.health.memory.MemoryManager] Emitting OS memory status event {Total: 4059156480, Free: 174616576}
11:38:01.820 [DEBUG] [org.gradle.launcher.daemon.server.health.LowMemoryDaemonExpirationStrategy] Received memory status update: {Total: 4059156480, Free: 174616576}
11:38:01.820 [DEBUG] [org.gradle.process.internal.health.memory.MemoryManager] 405915648 memory requested, 174616576 free
11:38:01.821 [DEBUG] [org.gradle.workers.internal.WorkerDaemonExpiration] Will attempt to release 387 of memory
11:38:01.821 [DEBUG] [org.gradle.process.internal.health.memory.MemoryManager] 405915648 memory requested, 0 released, 174616576 free
11:38:01.821 [DEBUG] [org.gradle.process.internal.health.memory.MemoryManager] Emitting JVM memory status event {Maximum: 1572864000, Committed: 484442112}
11:38:06.820 [DEBUG] [org.gradle.process.internal.health.memory.MemoryManager] Emitting OS memory status event {Total: 4059156480, Free: 173993984}
11:38:06.820 [DEBUG] [org.gradle.launcher.daemon.server.health.LowMemoryDaemonExpirationStrategy] Received memory status update: {Total: 4059156480, Free: 173993984}
11:38:06.821 [DEBUG] [org.gradle.process.internal.health.memory.MemoryManager] 405915648 memory requested, 173993984 free
11:38:06.821 [DEBUG] [org.gradle.workers.internal.WorkerDaemonExpiration] Will attempt to release 387 of memory
11:38:06.821 [DEBUG] [org.gradle.process.internal.health.memory.MemoryManager] 405915648 memory requested, 0 released, 173993984 free
11:38:06.821 [DEBUG] [org.gradle.process.internal.health.memory.MemoryManager] Emitting JVM memory status event {Maximum: 1572864000, Committed: 484442112}
11:38:09.339 [DEBUG] [org.gradle.launcher.daemon.server.Daemon] DaemonExpirationPeriodicCheck running
11:38:09.340 [DEBUG] [org.gradle.cache.internal.DefaultFileLockManager] Waiting to acquire shared lock on daemon addresses registry.
11:38:09.340 [DEBUG] [org.gradle.cache.internal.DefaultFileLockManager] Lock acquired on daemon addresses registry.
11:38:09.340 [DEBUG] [org.gradle.cache.internal.DefaultFileLockManager] Releasing lock on daemon addresses registry.
11:38:09.341 [DEBUG] [org.gradle.cache.internal.DefaultFileLockManager] Waiting to acquire shared lock on daemon addresses registry.
11:38:09.341 [DEBUG] [org.gradle.cache.internal.DefaultFileLockManager] Lock acquired on daemon addresses registry.
11:38:09.342 [DEBUG] [org.gradle.cache.internal.DefaultFileLockManager] Releasing lock on daemon addresses registry.
11:38:09.343 [DEBUG] [org.gradle.cache.internal.DefaultFileLockManager] Waiting to acquire shared lock on daemon addresses registry.
11:38:09.343 [DEBUG] [org.gradle.cache.internal.DefaultFileLockManager] Lock acquired on daemon addresses registry.
11:38:09.343 [DEBUG] [org.gradle.cache.internal.DefaultFileLockManager] Releasing lock on daemon addresses registry.
11:38:11.819 [DEBUG] [org.gradle.process.internal.health.memory.MemoryManager] Emitting OS memory status event {Total: 4059156480, Free: 174440448}
11:38:11.820 [DEBUG] [org.gradle.launcher.daemon.server.health.LowMemoryDaemonExpirationStrategy] Received memory status update: {Total: 4059156480, Free: 174440448}
11:38:11.820 [DEBUG] [org.gradle.process.internal.health.memory.MemoryManager] 405915648 memory requested, 174440448 free
11:38:11.820 [DEBUG] [org.gradle.workers.internal.WorkerDaemonExpiration] Will attempt to release 387 of memory
11:38:11.820 [DEBUG] [org.gradle.process.internal.health.memory.MemoryManager] 405915648 memory requested, 0 released, 174440448 free
11:38:11.820 [DEBUG] [org.gradle.process.internal.health.memory.MemoryManager] Emitting JVM memory status event {Maximum: 1572864000, Committed: 484442112}
11:38:16.820 [DEBUG] [org.gradle.process.internal.health.memory.MemoryManager] Emitting OS memory status event {Total: 4059156480, Free: 172838912}
11:38:16.820 [DEBUG] [org.gradle.launcher.daemon.server.health.LowMemoryDaemonExpirationStrategy] Received memory status update: {Total: 4059156480, Free: 172838912}
11:38:16.820 [DEBUG] [org.gradle.process.internal.health.memory.MemoryManager] 405915648 memory requested, 172838912 free
11:38:16.821 [DEBUG] [org.gradle.workers.internal.WorkerDaemonExpiration] Will attempt to release 387 of memory
11:38:16.821 [DEBUG] [org.gradle.process.internal.health.memory.MemoryManager] 405915648 memory requested, 0 released, 172838912 free
11:38:16.821 [DEBUG] [org.gradle.process.internal.health.memory.MemoryManager] Emitting JVM memory status event {Maximum: 1572864000, Committed: 484442112}
11:38:19.339 [DEBUG] [org.gradle.launcher.daemon.server.Daemon] DaemonExpirationPeriodicCheck running
11:38:19.339 [DEBUG] [org.gradle.cache.internal.DefaultFileLockManager] Waiting to acquire shared lock on daemon addresses registry.
11:38:19.340 [DEBUG] [org.gradle.cache.internal.DefaultFileLockManager] Lock acquired on daemon addresses registry.
11:38:19.340 [DEBUG] [org.gradle.cache.internal.DefaultFileLockManager] Releasing lock on daemon addresses registry.
11:38:19.341 [DEBUG] [org.gradle.cache.internal.DefaultFileLockManager] Waiting to acquire shared lock on daemon addresses registry.
11:38:19.341 [DEBUG] [org.gradle.cache.internal.DefaultFileLockManager] Lock acquired on daemon addresses registry.
11:38:19.341 [DEBUG] [org.gradle.cache.internal.DefaultFileLockManager] Releasing lock on daemon addresses registry.
11:38:19.342 [DEBUG] [org.gradle.cache.internal.DefaultFileLockManager] Waiting to acquire shared lock on daemon addresses registry.
11:38:19.342 [DEBUG] [org.gradle.cache.internal.DefaultFileLockManager] Lock acquired on daemon addresses registry.
11:38:19.343 [DEBUG] [org.gradle.cache.internal.DefaultFileLockManager] Releasing lock on daemon addresses registry.
11:38:21.819 [DEBUG] [org.gradle.process.internal.health.memory.MemoryManager] Emitting OS memory status event {Total: 4059156480, Free: 173006848}
11:38:21.820 [DEBUG] [org.gradle.launcher.daemon.server.health.LowMemoryDaemonExpirationStrategy] Received memory status update: {Total: 4059156480, Free: 173006848}
11:38:21.820 [DEBUG] [org.gradle.process.internal.health.memory.MemoryManager] 405915648 memory requested, 173006848 free
11:38:21.820 [DEBUG] [org.gradle.workers.internal.WorkerDaemonExpiration] Will attempt to release 387 of memory
11:38:21.820 [DEBUG] [org.gradle.process.internal.health.memory.MemoryManager] 405915648 memory requested, 0 released, 173006848 free
11:38:21.821 [DEBUG] [org.gradle.process.internal.health.memory.MemoryManager] Emitting JVM memory status event {Maximum: 1572864000, Committed: 484442112}
11:38:26.820 [DEBUG] [org.gradle.process.internal.health.memory.MemoryManager] Emitting OS memory status event {Total: 4059156480, Free: 185638912}
11:38:26.820 [DEBUG] [org.gradle.launcher.daemon.server.health.LowMemoryDaemonExpirationStrategy] Received memory status update: {Total: 4059156480, Free: 185638912}
11:38:26.820 [DEBUG] [org.gradle.process.internal.health.memory.MemoryManager] 405915648 memory requested, 185638912 free
11:38:26.820 [DEBUG] [org.gradle.workers.internal.WorkerDaemonExpiration] Will attempt to release 387 of memory
11:38:26.820 [DEBUG] [org.gradle.process.internal.health.memory.MemoryManager] 405915648 memory requested, 0 released, 185638912 free
11:38:26.820 [DEBUG] [org.gradle.process.internal.health.memory.MemoryManager] Emitting JVM memory status event {Maximum: 1572864000, Committed: 484442112}
11:38:29.339 [DEBUG] [org.gradle.launcher.daemon.server.Daemon] DaemonExpirationPeriodicCheck running
11:38:29.340 [DEBUG] [org.gradle.cache.internal.DefaultFileLockManager] Waiting to acquire shared lock on daemon addresses registry.
11:38:29.340 [DEBUG] [org.gradle.cache.internal.DefaultFileLockManager] Lock acquired on daemon addresses registry.
11:38:29.341 [DEBUG] [org.gradle.cache.internal.DefaultFileLockManager] Releasing lock on daemon addresses registry.
11:38:29.341 [DEBUG] [org.gradle.cache.internal.DefaultFileLockManager] Waiting to acquire shared lock on daemon addresses registry.
11:38:29.341 [DEBUG] [org.gradle.cache.internal.DefaultFileLockManager] Lock acquired on daemon addresses registry.
11:38:29.342 [DEBUG] [org.gradle.cache.internal.DefaultFileLockManager] Releasing lock on daemon addresses registry.
11:38:29.342 [DEBUG] [org.gradle.cache.internal.DefaultFileLockManager] Waiting to acquire shared lock on daemon addresses registry.
11:38:29.343 [DEBUG] [org.gradle.cache.internal.DefaultFileLockManager] Lock acquired on daemon addresses registry.
11:38:29.343 [DEBUG] [org.gradle.cache.internal.DefaultFileLockManager] Releasing lock on daemon addresses registry.
11:38:31.820 [DEBUG] [org.gradle.process.internal.health.memory.MemoryManager] Emitting OS memory status event {Total: 4059156480, Free: 167088128}
11:38:31.820 [DEBUG] [org.gradle.launcher.daemon.server.health.LowMemoryDaemonExpirationStrategy] Received memory status update: {Total: 4059156480, Free: 167088128}
11:38:31.821 [DEBUG] [org.gradle.process.internal.health.memory.MemoryManager] 405915648 memory requested, 167088128 free
11:38:31.821 [DEBUG] [org.gradle.workers.internal.WorkerDaemonExpiration] Will attempt to release 387 of memory
11:38:31.821 [DEBUG] [org.gradle.process.internal.health.memory.MemoryManager] 405915648 memory requested, 0 released, 167088128 free
11:38:31.821 [DEBUG] [org.gradle.process.internal.health.memory.MemoryManager] Emitting JVM memory status event {Maximum: 1572864000, Committed: 484442112}
11:38:36.820 [DEBUG] [org.gradle.process.internal.health.memory.MemoryManager] Emitting OS memory status event {Total: 4059156480, Free: 179204096}
11:38:36.820 [DEBUG] [org.gradle.launcher.daemon.server.health.LowMemoryDaemonExpirationStrategy] Received memory status update: {Total: 4059156480, Free: 179204096}
11:38:36.821 [DEBUG] [org.gradle.process.internal.health.memory.MemoryManager] 405915648 memory requested, 179204096 free
11:38:36.821 [DEBUG] [org.gradle.workers.internal.WorkerDaemonExpiration] Will attempt to release 387 of memory
11:38:36.821 [DEBUG] [org.gradle.process.internal.health.memory.MemoryManager] 405915648 memory requested, 0 released, 179204096 free
11:38:36.821 [DEBUG] [org.gradle.process.internal.health.memory.MemoryManager] Emitting JVM memory status event {Maximum: 1572864000, Committed: 484442112}
11:38:39.339 [DEBUG] [org.gradle.launcher.daemon.server.Daemon] DaemonExpirationPeriodicCheck running
11:38:39.339 [DEBUG] [org.gradle.cache.internal.DefaultFileLockManager] Waiting to acquire shared lock on daemon addresses registry.
11:38:39.339 [DEBUG] [org.gradle.cache.internal.DefaultFileLockManager] Lock acquired on daemon addresses registry.
11:38:39.340 [DEBUG] [org.gradle.cache.internal.DefaultFileLockManager] Releasing lock on daemon addresses registry.
11:38:39.340 [DEBUG] [org.gradle.cache.internal.DefaultFileLockManager] Waiting to acquire shared lock on daemon addresses registry.
11:38:39.340 [DEBUG] [org.gradle.cache.internal.DefaultFileLockManager] Lock acquired on daemon addresses registry.
11:38:39.340 [DEBUG] [org.gradle.cache.internal.DefaultFileLockManager] Releasing lock on daemon addresses registry.
11:38:39.340 [DEBUG] [org.gradle.cache.internal.DefaultFileLockManager] Waiting to acquire shared lock on daemon addresses registry.
11:38:39.340 [DEBUG] [org.gradle.cache.internal.DefaultFileLockManager] Lock acquired on daemon addresses registry.
11:38:39.341 [DEBUG] [org.gradle.cache.internal.DefaultFileLockManager] Releasing lock on daemon addresses registry.
11:38:41.820 [DEBUG] [org.gradle.process.internal.health.memory.MemoryManager] Emitting OS memory status event {Total: 4059156480, Free: 184172544}
11:38:41.820 [DEBUG] [org.gradle.launcher.daemon.server.health.LowMemoryDaemonExpirationStrategy] Received memory status update: {Total: 4059156480, Free: 184172544}
11:38:41.820 [DEBUG] [org.gradle.process.internal.health.memory.MemoryManager] 405915648 memory requested, 184172544 free
11:38:41.820 [DEBUG] [org.gradle.workers.internal.WorkerDaemonExpiration] Will attempt to release 387 of memory
11:38:41.820 [DEBUG] [org.gradle.process.internal.health.memory.MemoryManager] 405915648 memory requested, 0 released, 184172544 free
11:38:41.820 [DEBUG] [org.gradle.process.internal.health.memory.MemoryManager] Emitting JVM memory status event {Maximum: 1572864000, Committed: 484442112}
11:38:46.820 [DEBUG] [org.gradle.process.internal.health.memory.MemoryManager] Emitting OS memory status event {Total: 4059156480, Free: 188768256}
11:38:46.820 [DEBUG] [org.gradle.launcher.daemon.server.health.LowMemoryDaemonExpirationStrategy] Received memory status update: {Total: 4059156480, Free: 188768256}
11:38:46.820 [DEBUG] [org.gradle.process.internal.health.memory.MemoryManager] 405915648 memory requested, 188768256 free
11:38:46.820 [DEBUG] [org.gradle.workers.internal.WorkerDaemonExpiration] Will attempt to release 387 of memory
11:38:46.821 [DEBUG] [org.gradle.process.internal.health.memory.MemoryManager] 405915648 memory requested, 0 released, 188768256 free
11:38:46.821 [DEBUG] [org.gradle.process.internal.health.memory.MemoryManager] Emitting JVM memory status event {Maximum: 1572864000, Committed: 484442112}
11:38:49.339 [DEBUG] [org.gradle.launcher.daemon.server.Daemon] DaemonExpirationPeriodicCheck running
11:38:49.340 [DEBUG] [org.gradle.cache.internal.DefaultFileLockManager] Waiting to acquire shared lock on daemon addresses registry.
11:38:49.340 [DEBUG] [org.gradle.cache.internal.DefaultFileLockManager] Lock acquired on daemon addresses registry.
11:38:49.340 [DEBUG] [org.gradle.cache.internal.DefaultFileLockManager] Releasing lock on daemon addresses registry.
11:38:49.341 [DEBUG] [org.gradle.cache.internal.DefaultFileLockManager] Waiting to acquire shared lock on daemon addresses registry.
11:38:49.341 [DEBUG] [org.gradle.cache.internal.DefaultFileLockManager] Lock acquired on daemon addresses registry.
11:38:49.342 [DEBUG] [org.gradle.cache.internal.DefaultFileLockManager] Releasing lock on daemon addresses registry.
11:38:49.342 [DEBUG] [org.gradle.cache.internal.DefaultFileLockManager] Waiting to acquire shared lock on daemon addresses registry.
11:38:49.343 [DEBUG] [org.gradle.cache.internal.DefaultFileLockManager] Lock acquired on daemon addresses registry.
11:38:49.343 [DEBUG] [org.gradle.cache.internal.DefaultFileLockManager] Releasing lock on daemon addresses registry.
11:38:51.820 [DEBUG] [org.gradle.process.internal.health.memory.MemoryManager] Emitting OS memory status event {Total: 4059156480, Free: 180248576}
11:38:51.820 [DEBUG] [org.gradle.launcher.daemon.server.health.LowMemoryDaemonExpirationStrategy] Received memory status update: {Total: 4059156480, Free: 180248576}
11:38:51.820 [DEBUG] [org.gradle.process.internal.health.memory.MemoryManager] 405915648 memory requested, 180248576 free
11:38:51.821 [DEBUG] [org.gradle.workers.internal.WorkerDaemonExpiration] Will attempt to release 387 of memory
11:38:51.821 [DEBUG] [org.gradle.process.internal.health.memory.MemoryManager] 405915648 memory requested, 0 released, 180248576 free
11:38:51.821 [DEBUG] [org.gradle.process.internal.health.memory.MemoryManager] Emitting JVM memory status event {Maximum: 1572864000, Committed: 484442112}
11:38:56.820 [DEBUG] [org.gradle.process.internal.health.memory.MemoryManager] Emitting OS memory status event {Total: 4059156480, Free: 190451712}
11:38:56.820 [DEBUG] [org.gradle.launcher.daemon.server.health.LowMemoryDaemonExpirationStrategy] Received memory status update: {Total: 4059156480, Free: 190451712}
11:38:56.820 [DEBUG] [org.gradle.process.internal.health.memory.MemoryManager] 405915648 memory requested, 190451712 free
11:38:56.821 [DEBUG] [org.gradle.workers.internal.WorkerDaemonExpiration] Will attempt to release 387 of memory
11:38:56.821 [DEBUG] [org.gradle.process.internal.health.memory.MemoryManager] 405915648 memory requested, 0 released, 190451712 free
11:38:56.821 [DEBUG] [org.gradle.process.internal.health.memory.MemoryManager] Emitting JVM memory status event {Maximum: 1572864000, Committed: 484442112}
11:38:59.339 [DEBUG] [org.gradle.launcher.daemon.server.Daemon] DaemonExpirationPeriodicCheck running
11:38:59.340 [DEBUG] [org.gradle.cache.internal.DefaultFileLockManager] Waiting to acquire shared lock on daemon addresses registry.
11:38:59.340 [DEBUG] [org.gradle.cache.internal.DefaultFileLockManager] Lock acquired on daemon addresses registry.
11:38:59.340 [DEBUG] [org.gradle.cache.internal.DefaultFileLockManager] Releasing lock on daemon addresses registry.
11:38:59.341 [DEBUG] [org.gradle.cache.internal.DefaultFileLockManager] Waiting to acquire shared lock on daemon addresses registry.
11:38:59.341 [DEBUG] [org.gradle.cache.internal.DefaultFileLockManager] Lock acquired on daemon addresses registry.
11:38:59.341 [DEBUG] [org.gradle.cache.internal.DefaultFileLockManager] Releasing lock on daemon addresses registry.
11:38:59.342 [DEBUG] [org.gradle.cache.internal.DefaultFileLockManager] Waiting to acquire shared lock on daemon addresses registry.
11:38:59.342 [DEBUG] [org.gradle.cache.internal.DefaultFileLockManager] Lock acquired on daemon addresses registry.
11:38:59.342 [DEBUG] [org.gradle.cache.internal.DefaultFileLockManager] Releasing lock on daemon addresses registry.
11:39:01.820 [DEBUG] [org.gradle.process.internal.health.memory.MemoryManager] Emitting OS memory status event {Total: 4059156480, Free: 187797504}
11:39:01.820 [DEBUG] [org.gradle.launcher.daemon.server.health.LowMemoryDaemonExpirationStrategy] Received memory status update: {Total: 4059156480, Free: 187797504}
11:39:01.820 [DEBUG] [org.gradle.process.internal.health.memory.MemoryManager] 405915648 memory requested, 187797504 free
11:39:01.820 [DEBUG] [org.gradle.workers.internal.WorkerDaemonExpiration] Will attempt to release 387 of memory
11:39:01.820 [DEBUG] [org.gradle.process.internal.health.memory.MemoryManager] 405915648 memory requested, 0 released, 187797504 free
11:39:01.821 [DEBUG] [org.gradle.process.internal.health.memory.MemoryManager] Emitting JVM memory status event {Maximum: 1572864000, Committed: 484442112}
11:39:06.820 [DEBUG] [org.gradle.process.internal.health.memory.MemoryManager] Emitting OS memory status event {Total: 4059156480, Free: 187875328}
11:39:06.820 [DEBUG] [org.gradle.launcher.daemon.server.health.LowMemoryDaemonExpirationStrategy] Received memory status update: {Total: 4059156480, Free: 187875328}
11:39:06.820 [DEBUG] [org.gradle.process.internal.health.memory.MemoryManager] 405915648 memory requested, 187875328 free
11:39:06.820 [DEBUG] [org.gradle.workers.internal.WorkerDaemonExpiration] Will attempt to release 387 of memory
11:39:06.821 [DEBUG] [org.gradle.process.internal.health.memory.MemoryManager] 405915648 memory requested, 0 released, 187875328 free
11:39:06.821 [DEBUG] [org.gradle.process.internal.health.memory.MemoryManager] Emitting JVM memory status event {Maximum: 1572864000, Committed: 484442112}
11:39:09.339 [DEBUG] [org.gradle.launcher.daemon.server.Daemon] DaemonExpirationPeriodicCheck running
11:39:09.340 [DEBUG] [org.gradle.cache.internal.DefaultFileLockManager] Waiting to acquire shared lock on daemon addresses registry.
11:39:09.340 [DEBUG] [org.gradle.cache.internal.DefaultFileLockManager] Lock acquired on daemon addresses registry.
11:39:09.340 [DEBUG] [org.gradle.cache.internal.DefaultFileLockManager] Releasing lock on daemon addresses registry.
11:39:09.341 [DEBUG] [org.gradle.cache.internal.DefaultFileLockManager] Waiting to acquire shared lock on daemon addresses registry.
11:39:09.341 [DEBUG] [org.gradle.cache.internal.DefaultFileLockManager] Lock acquired on daemon addresses registry.
11:39:09.341 [DEBUG] [org.gradle.cache.internal.DefaultFileLockManager] Releasing lock on daemon addresses registry.
11:39:09.342 [DEBUG] [org.gradle.cache.internal.DefaultFileLockManager] Waiting to acquire shared lock on daemon addresses registry.
11:39:09.342 [DEBUG] [org.gradle.cache.internal.DefaultFileLockManager] Lock acquired on daemon addresses registry.
11:39:09.342 [DEBUG] [org.gradle.cache.internal.DefaultFileLockManager] Releasing lock on daemon addresses registry.
11:39:11.820 [DEBUG] [org.gradle.process.internal.health.memory.MemoryManager] Emitting OS memory status event {Total: 4059156480, Free: 188559360}
11:39:11.820 [DEBUG] [org.gradle.launcher.daemon.server.health.LowMemoryDaemonExpirationStrategy] Received memory status update: {Total: 4059156480, Free: 188559360}
11:39:11.820 [DEBUG] [org.gradle.process.internal.health.memory.MemoryManager] 405915648 memory requested, 188559360 free
11:39:11.821 [DEBUG] [org.gradle.workers.internal.WorkerDaemonExpiration] Will attempt to release 387 of memory
11:39:11.821 [DEBUG] [org.gradle.process.internal.health.memory.MemoryManager] 405915648 memory requested, 0 released, 188559360 free
11:39:11.821 [DEBUG] [org.gradle.process.internal.health.memory.MemoryManager] Emitting JVM memory status event {Maximum: 1572864000, Committed: 484442112}
11:39:16.820 [DEBUG] [org.gradle.process.internal.health.memory.MemoryManager] Emitting OS memory status event {Total: 4059156480, Free: 194260992}
11:39:16.821 [DEBUG] [org.gradle.launcher.daemon.server.health.LowMemoryDaemonExpirationStrategy] Received memory status update: {Total: 4059156480, Free: 194260992}
11:39:16.821 [DEBUG] [org.gradle.process.internal.health.memory.MemoryManager] 405915648 memory requested, 194260992 free
11:39:16.821 [DEBUG] [org.gradle.workers.internal.WorkerDaemonExpiration] Will attempt to release 387 of memory
11:39:16.822 [DEBUG] [org.gradle.process.internal.health.memory.MemoryManager] 405915648 memory requested, 0 released, 194260992 free
11:39:16.822 [DEBUG] [org.gradle.process.internal.health.memory.MemoryManager] Emitting JVM memory status event {Maximum: 1572864000, Committed: 484442112}
11:39:19.339 [DEBUG] [org.gradle.launcher.daemon.server.Daemon] DaemonExpirationPeriodicCheck running
11:39:19.340 [DEBUG] [org.gradle.cache.internal.DefaultFileLockManager] Waiting to acquire shared lock on daemon addresses registry.
11:39:19.340 [DEBUG] [org.gradle.cache.internal.DefaultFileLockManager] Lock acquired on daemon addresses registry.
11:39:19.340 [DEBUG] [org.gradle.cache.internal.DefaultFileLockManager] Releasing lock on daemon addresses registry.
11:39:19.341 [DEBUG] [org.gradle.cache.internal.DefaultFileLockManager] Waiting to acquire shared lock on daemon addresses registry.
11:39:19.341 [DEBUG] [org.gradle.cache.internal.DefaultFileLockManager] Lock acquired on daemon addresses registry.
11:39:19.342 [DEBUG] [org.gradle.cache.internal.DefaultFileLockManager] Releasing lock on daemon addresses registry.
11:39:19.342 [DEBUG] [org.gradle.cache.internal.DefaultFileLockManager] Waiting to acquire shared lock on daemon addresses registry.
11:39:19.342 [DEBUG] [org.gradle.cache.internal.DefaultFileLockManager] Lock acquired on daemon addresses registry.
11:39:19.343 [DEBUG] [org.gradle.cache.internal.DefaultFileLockManager] Releasing lock on daemon addresses registry.
11:39:21.820 [DEBUG] [org.gradle.process.internal.health.memory.MemoryManager] Emitting OS memory status event {Total: 4059156480, Free: 200265728}
11:39:21.820 [DEBUG] [org.gradle.launcher.daemon.server.health.LowMemoryDaemonExpirationStrategy] Received memory status update: {Total: 4059156480, Free: 200265728}
11:39:21.820 [DEBUG] [org.gradle.process.internal.health.memory.MemoryManager] 405915648 memory requested, 200265728 free
11:39:21.820 [DEBUG] [org.gradle.workers.internal.WorkerDaemonExpiration] Will attempt to release 387 of memory
11:39:21.820 [DEBUG] [org.gradle.process.internal.health.memory.MemoryManager] 405915648 memory requested, 0 released, 200265728 free
11:39:21.820 [DEBUG] [org.gradle.process.internal.health.memory.MemoryManager] Emitting JVM memory status event {Maximum: 1572864000, Committed: 484442112}
11:39:26.820 [DEBUG] [org.gradle.process.internal.health.memory.MemoryManager] Emitting OS memory status event {Total: 4059156480, Free: 202489856}
11:39:26.820 [DEBUG] [org.gradle.launcher.daemon.server.health.LowMemoryDaemonExpirationStrategy] Received memory status update: {Total: 4059156480, Free: 202489856}
11:39:26.820 [DEBUG] [org.gradle.process.internal.health.memory.MemoryManager] 405915648 memory requested, 202489856 free
11:39:26.820 [DEBUG] [org.gradle.workers.internal.WorkerDaemonExpiration] Will attempt to release 387 of memory
11:39:26.820 [DEBUG] [org.gradle.process.internal.health.memory.MemoryManager] 405915648 memory requested, 0 released, 202489856 free
11:39:26.820 [DEBUG] [org.gradle.process.internal.health.memory.MemoryManager] Emitting JVM memory status event {Maximum: 1572864000, Committed: 484442112}
11:39:29.339 [DEBUG] [org.gradle.launcher.daemon.server.Daemon] DaemonExpirationPeriodicCheck running
11:39:29.339 [DEBUG] [org.gradle.cache.internal.DefaultFileLockManager] Waiting to acquire shared lock on daemon addresses registry.
11:39:29.340 [DEBUG] [org.gradle.cache.internal.DefaultFileLockManager] Lock acquired on daemon addresses registry.
11:39:29.340 [DEBUG] [org.gradle.cache.internal.DefaultFileLockManager] Releasing lock on daemon addresses registry.
11:39:29.340 [DEBUG] [org.gradle.cache.internal.DefaultFileLockManager] Waiting to acquire shared lock on daemon addresses registry.
11:39:29.340 [DEBUG] [org.gradle.cache.internal.DefaultFileLockManager] Lock acquired on daemon addresses registry.
11:39:29.340 [DEBUG] [org.gradle.cache.internal.DefaultFileLockManager] Releasing lock on daemon addresses registry.
11:39:29.340 [DEBUG] [org.gradle.cache.internal.DefaultFileLockManager] Waiting to acquire shared lock on daemon addresses registry.
11:39:29.340 [DEBUG] [org.gradle.cache.internal.DefaultFileLockManager] Lock acquired on daemon addresses registry.
11:39:29.340 [DEBUG] [org.gradle.cache.internal.DefaultFileLockManager] Releasing lock on daemon addresses registry.
11:39:31.819 [DEBUG] [org.gradle.process.internal.health.memory.MemoryManager] Emitting OS memory status event {Total: 4059156480, Free: 199655424}
11:39:31.819 [DEBUG] [org.gradle.launcher.daemon.server.health.LowMemoryDaemonExpirationStrategy] Received memory status update: {Total: 4059156480, Free: 199655424}
11:39:31.819 [DEBUG] [org.gradle.process.internal.health.memory.MemoryManager] 405915648 memory requested, 199655424 free
11:39:31.819 [DEBUG] [org.gradle.workers.internal.WorkerDaemonExpiration] Will attempt to release 387 of memory
11:39:31.819 [DEBUG] [org.gradle.process.internal.health.memory.MemoryManager] 405915648 memory requested, 0 released, 199655424 free
11:39:31.819 [DEBUG] [org.gradle.process.internal.health.memory.MemoryManager] Emitting JVM memory status event {Maximum: 1572864000, Committed: 484442112}
11:39:36.820 [DEBUG] [org.gradle.process.internal.health.memory.MemoryManager] Emitting OS memory status event {Total: 4059156480, Free: 193449984}
11:39:36.820 [DEBUG] [org.gradle.launcher.daemon.server.health.LowMemoryDaemonExpirationStrategy] Received memory status update: {Total: 4059156480, Free: 193449984}
11:39:36.820 [DEBUG] [org.gradle.process.internal.health.memory.MemoryManager] 405915648 memory requested, 193449984 free
11:39:36.820 [DEBUG] [org.gradle.workers.internal.WorkerDaemonExpiration] Will attempt to release 387 of memory
11:39:36.820 [DEBUG] [org.gradle.process.internal.health.memory.MemoryManager] 405915648 memory requested, 0 released, 193449984 free
11:39:36.820 [DEBUG] [org.gradle.process.internal.health.memory.MemoryManager] Emitting JVM memory status event {Maximum: 1572864000, Committed: 484442112}
11:39:39.339 [DEBUG] [org.gradle.launcher.daemon.server.Daemon] DaemonExpirationPeriodicCheck running
11:39:39.339 [DEBUG] [org.gradle.cache.internal.DefaultFileLockManager] Waiting to acquire shared lock on daemon addresses registry.
11:39:39.340 [DEBUG] [org.gradle.cache.internal.DefaultFileLockManager] Lock acquired on daemon addresses registry.
11:39:39.340 [DEBUG] [org.gradle.cache.internal.DefaultFileLockManager] Releasing lock on daemon addresses registry.
11:39:39.340 [DEBUG] [org.gradle.cache.internal.DefaultFileLockManager] Waiting to acquire shared lock on daemon addresses registry.
11:39:39.340 [DEBUG] [org.gradle.cache.internal.DefaultFileLockManager] Lock acquired on daemon addresses registry.
11:39:39.341 [DEBUG] [org.gradle.cache.internal.DefaultFileLockManager] Releasing lock on daemon addresses registry.
11:39:39.341 [DEBUG] [org.gradle.cache.internal.DefaultFileLockManager] Waiting to acquire shared lock on daemon addresses registry.
11:39:39.341 [DEBUG] [org.gradle.cache.internal.DefaultFileLockManager] Lock acquired on daemon addresses registry.
11:39:39.341 [DEBUG] [org.gradle.cache.internal.DefaultFileLockManager] Releasing lock on daemon addresses registry.
11:39:41.820 [DEBUG] [org.gradle.process.internal.health.memory.MemoryManager] Emitting OS memory status event {Total: 4059156480, Free: 183349248}
11:39:41.820 [DEBUG] [org.gradle.launcher.daemon.server.health.LowMemoryDaemonExpirationStrategy] Received memory status update: {Total: 4059156480, Free: 183349248}
11:39:41.821 [DEBUG] [org.gradle.process.internal.health.memory.MemoryManager] 405915648 memory requested, 183349248 free
11:39:41.821 [DEBUG] [org.gradle.workers.internal.WorkerDaemonExpiration] Will attempt to release 387 of memory
11:39:41.821 [DEBUG] [org.gradle.process.internal.health.memory.MemoryManager] 405915648 memory requested, 0 released, 183349248 free
11:39:41.821 [DEBUG] [org.gradle.process.internal.health.memory.MemoryManager] Emitting JVM memory status event {Maximum: 1572864000, Committed: 484442112}
11:39:46.820 [DEBUG] [org.gradle.process.internal.health.memory.MemoryManager] Emitting OS memory status event {Total: 4059156480, Free: 181030912}
11:39:46.820 [DEBUG] [org.gradle.launcher.daemon.server.health.LowMemoryDaemonExpirationStrategy] Received memory status update: {Total: 4059156480, Free: 181030912}
11:39:46.820 [DEBUG] [org.gradle.process.internal.health.memory.MemoryManager] 405915648 memory requested, 181030912 free
11:39:46.820 [DEBUG] [org.gradle.workers.internal.WorkerDaemonExpiration] Will attempt to release 387 of memory
11:39:46.821 [DEBUG] [org.gradle.process.internal.health.memory.MemoryManager] 405915648 memory requested, 0 released, 181030912 free
11:39:46.821 [DEBUG] [org.gradle.process.internal.health.memory.MemoryManager] Emitting JVM memory status event {Maximum: 1572864000, Committed: 484442112}
11:39:49.339 [DEBUG] [org.gradle.launcher.daemon.server.Daemon] DaemonExpirationPeriodicCheck running
11:39:49.340 [DEBUG] [org.gradle.cache.internal.DefaultFileLockManager] Waiting to acquire shared lock on daemon addresses registry.
11:39:49.340 [DEBUG] [org.gradle.cache.internal.DefaultFileLockManager] Lock acquired on daemon addresses registry.
11:39:49.341 [DEBUG] [org.gradle.cache.internal.DefaultFileLockManager] Releasing lock on daemon addresses registry.
11:39:49.341 [DEBUG] [org.gradle.cache.internal.DefaultFileLockManager] Waiting to acquire shared lock on daemon addresses registry.
11:39:49.342 [DEBUG] [org.gradle.cache.internal.DefaultFileLockManager] Lock acquired on daemon addresses registry.
11:39:49.342 [DEBUG] [org.gradle.cache.internal.DefaultFileLockManager] Releasing lock on daemon addresses registry.
11:39:49.343 [DEBUG] [org.gradle.cache.internal.DefaultFileLockManager] Waiting to acquire shared lock on daemon addresses registry.
11:39:49.343 [DEBUG] [org.gradle.cache.internal.DefaultFileLockManager] Lock acquired on daemon addresses registry.
11:39:49.344 [DEBUG] [org.gradle.cache.internal.DefaultFileLockManager] Releasing lock on daemon addresses registry.
11:39:51.820 [DEBUG] [org.gradle.process.internal.health.memory.MemoryManager] Emitting OS memory status event {Total: 4059156480, Free: 175280128}
11:39:51.820 [DEBUG] [org.gradle.launcher.daemon.server.health.LowMemoryDaemonExpirationStrategy] Received memory status update: {Total: 4059156480, Free: 175280128}
11:39:51.820 [DEBUG] [org.gradle.process.internal.health.memory.MemoryManager] 405915648 memory requested, 175280128 free
11:39:51.820 [DEBUG] [org.gradle.workers.internal.WorkerDaemonExpiration] Will attempt to release 387 of memory
11:39:51.820 [DEBUG] [org.gradle.process.internal.health.memory.MemoryManager] 405915648 memory requested, 0 released, 175280128 free
11:39:51.821 [DEBUG] [org.gradle.process.internal.health.memory.MemoryManager] Emitting JVM memory status event {Maximum: 1572864000, Committed: 484442112}
11:39:56.820 [DEBUG] [org.gradle.process.internal.health.memory.MemoryManager] Emitting OS memory status event {Total: 4059156480, Free: 177729536}
11:39:56.820 [DEBUG] [org.gradle.launcher.daemon.server.health.LowMemoryDaemonExpirationStrategy] Received memory status update: {Total: 4059156480, Free: 177729536}
11:39:56.821 [DEBUG] [org.gradle.process.internal.health.memory.MemoryManager] 405915648 memory requested, 177729536 free
11:39:56.821 [DEBUG] [org.gradle.workers.internal.WorkerDaemonExpiration] Will attempt to release 387 of memory
11:39:56.821 [DEBUG] [org.gradle.process.internal.health.memory.MemoryManager] 405915648 memory requested, 0 released, 177729536 free
11:39:56.821 [DEBUG] [org.gradle.process.internal.health.memory.MemoryManager] Emitting JVM memory status event {Maximum: 1572864000, Committed: 484442112}
11:39:59.339 [DEBUG] [org.gradle.launcher.daemon.server.Daemon] DaemonExpirationPeriodicCheck running
11:39:59.339 [DEBUG] [org.gradle.cache.internal.DefaultFileLockManager] Waiting to acquire shared lock on daemon addresses registry.
11:39:59.340 [DEBUG] [org.gradle.cache.internal.DefaultFileLockManager] Lock acquired on daemon addresses registry.
11:39:59.340 [DEBUG] [org.gradle.cache.internal.DefaultFileLockManager] Releasing lock on daemon addresses registry.
11:39:59.340 [DEBUG] [org.gradle.cache.internal.DefaultFileLockManager] Waiting to acquire shared lock on daemon addresses registry.
11:39:59.341 [DEBUG] [org.gradle.cache.internal.DefaultFileLockManager] Lock acquired on daemon addresses registry.
11:39:59.341 [DEBUG] [org.gradle.cache.internal.DefaultFileLockManager] Releasing lock on daemon addresses registry.
11:39:59.341 [DEBUG] [org.gradle.cache.internal.DefaultFileLockManager] Waiting to acquire shared lock on daemon addresses registry.
11:39:59.342 [DEBUG] [org.gradle.cache.internal.DefaultFileLockManager] Lock acquired on daemon addresses registry.
11:39:59.342 [DEBUG] [org.gradle.cache.internal.DefaultFileLockManager] Releasing lock on daemon addresses registry.
11:40:01.819 [DEBUG] [org.gradle.process.internal.health.memory.MemoryManager] Emitting OS memory status event {Total: 4059156480, Free: 174792704}
11:40:01.819 [DEBUG] [org.gradle.launcher.daemon.server.health.LowMemoryDaemonExpirationStrategy] Received memory status update: {Total: 4059156480, Free: 174792704}
11:40:01.820 [DEBUG] [org.gradle.process.internal.health.memory.MemoryManager] 405915648 memory requested, 174792704 free
11:40:01.820 [DEBUG] [org.gradle.workers.internal.WorkerDaemonExpiration] Will attempt to release 387 of memory
11:40:01.820 [DEBUG] [org.gradle.process.internal.health.memory.MemoryManager] 405915648 memory requested, 0 released, 174792704 free
11:40:01.820 [DEBUG] [org.gradle.process.internal.health.memory.MemoryManager] Emitting JVM memory status event {Maximum: 1572864000, Committed: 484442112}
11:40:06.820 [DEBUG] [org.gradle.process.internal.health.memory.MemoryManager] Emitting OS memory status event {Total: 4059156480, Free: 169689088}
11:40:06.820 [DEBUG] [org.gradle.launcher.daemon.server.health.LowMemoryDaemonExpirationStrategy] Received memory status update: {Total: 4059156480, Free: 169689088}
11:40:06.820 [DEBUG] [org.gradle.process.internal.health.memory.MemoryManager] 405915648 memory requested, 169689088 free
11:40:06.820 [DEBUG] [org.gradle.workers.internal.WorkerDaemonExpiration] Will attempt to release 387 of memory
11:40:06.820 [DEBUG] [org.gradle.process.internal.health.memory.MemoryManager] 405915648 memory requested, 0 released, 169689088 free
11:40:06.820 [DEBUG] [org.gradle.process.internal.health.memory.MemoryManager] Emitting JVM memory status event {Maximum: 1572864000, Committed: 484442112}
11:40:09.339 [DEBUG] [org.gradle.launcher.daemon.server.Daemon] DaemonExpirationPeriodicCheck running
11:40:09.340 [DEBUG] [org.gradle.cache.internal.DefaultFileLockManager] Waiting to acquire shared lock on daemon addresses registry.
11:40:09.340 [DEBUG] [org.gradle.cache.internal.DefaultFileLockManager] Lock acquired on daemon addresses registry.
11:40:09.340 [DEBUG] [org.gradle.cache.internal.DefaultFileLockManager] Releasing lock on daemon addresses registry.
11:40:09.341 [DEBUG] [org.gradle.cache.internal.DefaultFileLockManager] Waiting to acquire shared lock on daemon addresses registry.
11:40:09.341 [DEBUG] [org.gradle.cache.internal.DefaultFileLockManager] Lock acquired on daemon addresses registry.
11:40:09.341 [DEBUG] [org.gradle.cache.internal.DefaultFileLockManager] Releasing lock on daemon addresses registry.
11:40:09.342 [DEBUG] [org.gradle.cache.internal.DefaultFileLockManager] Waiting to acquire shared lock on daemon addresses registry.
11:40:09.342 [DEBUG] [org.gradle.cache.internal.DefaultFileLockManager] Lock acquired on daemon addresses registry.
11:40:09.342 [DEBUG] [org.gradle.cache.internal.DefaultFileLockManager] Releasing lock on daemon addresses registry.
11:40:11.820 [DEBUG] [org.gradle.process.internal.health.memory.MemoryManager] Emitting OS memory status event {Total: 4059156480, Free: 159154176}
11:40:11.820 [DEBUG] [org.gradle.launcher.daemon.server.health.LowMemoryDaemonExpirationStrategy] Received memory status update: {Total: 4059156480, Free: 159154176}
11:40:11.820 [DEBUG] [org.gradle.process.internal.health.memory.MemoryManager] 405915648 memory requested, 159154176 free
11:40:11.820 [DEBUG] [org.gradle.workers.internal.WorkerDaemonExpiration] Will attempt to release 387 of memory
11:40:11.820 [DEBUG] [org.gradle.process.internal.health.memory.MemoryManager] 405915648 memory requested, 0 released, 159154176 free
11:40:11.820 [DEBUG] [org.gradle.process.internal.health.memory.MemoryManager] Emitting JVM memory status event {Maximum: 1572864000, Committed: 484442112}
11:40:16.820 [DEBUG] [org.gradle.process.internal.health.memory.MemoryManager] Emitting OS memory status event {Total: 4059156480, Free: 140378112}
11:40:16.881 [DEBUG] [org.gradle.launcher.daemon.server.health.LowMemoryDaemonExpirationStrategy] Received memory status update: {Total: 4059156480, Free: 140378112}
11:40:16.882 [DEBUG] [org.gradle.process.internal.health.memory.MemoryManager] 405915648 memory requested, 140378112 free
11:40:16.882 [DEBUG] [org.gradle.workers.internal.WorkerDaemonExpiration] Will attempt to release 387 of memory
11:40:16.882 [DEBUG] [org.gradle.process.internal.health.memory.MemoryManager] 405915648 memory requested, 0 released, 140378112 free
11:40:16.883 [DEBUG] [org.gradle.process.internal.health.memory.MemoryManager] Emitting JVM memory status event {Maximum: 1572864000, Committed: 484442112}
11:40:19.339 [DEBUG] [org.gradle.launcher.daemon.server.Daemon] DaemonExpirationPeriodicCheck running
11:40:19.339 [DEBUG] [org.gradle.cache.internal.DefaultFileLockManager] Waiting to acquire shared lock on daemon addresses registry.
11:40:19.339 [DEBUG] [org.gradle.cache.internal.DefaultFileLockManager] Lock acquired on daemon addresses registry.
11:40:19.465 [DEBUG] [org.gradle.cache.internal.DefaultFileLockManager] Releasing lock on daemon addresses registry.
11:40:19.466 [DEBUG] [org.gradle.cache.internal.DefaultFileLockManager] Waiting to acquire shared lock on daemon addresses registry.
11:40:19.466 [DEBUG] [org.gradle.cache.internal.DefaultFileLockManager] Lock acquired on daemon addresses registry.
11:40:19.466 [DEBUG] [org.gradle.cache.internal.DefaultFileLockManager] Releasing lock on daemon addresses registry.
11:40:19.466 [DEBUG] [org.gradle.cache.internal.DefaultFileLockManager] Waiting to acquire shared lock on daemon addresses registry.
11:40:19.466 [DEBUG] [org.gradle.cache.internal.DefaultFileLockManager] Lock acquired on daemon addresses registry.
11:40:19.466 [DEBUG] [org.gradle.cache.internal.DefaultFileLockManager] Releasing lock on daemon addresses registry.
11:40:21.820 [DEBUG] [org.gradle.process.internal.health.memory.MemoryManager] Emitting OS memory status event {Total: 4059156480, Free: 160288768}
11:40:21.820 [DEBUG] [org.gradle.launcher.daemon.server.health.LowMemoryDaemonExpirationStrategy] Received memory status update: {Total: 4059156480, Free: 160288768}
11:40:21.821 [DEBUG] [org.gradle.process.internal.health.memory.MemoryManager] 405915648 memory requested, 160288768 free
11:40:21.821 [DEBUG] [org.gradle.workers.internal.WorkerDaemonExpiration] Will attempt to release 387 of memory
11:40:21.821 [DEBUG] [org.gradle.process.internal.health.memory.MemoryManager] 405915648 memory requested, 0 released, 160288768 free
11:40:21.821 [DEBUG] [org.gradle.process.internal.health.memory.MemoryManager] Emitting JVM memory status event {Maximum: 1572864000, Committed: 484442112}
11:40:25.244 [DEBUG] [org.gradle.internal.remote.internal.inet.TcpIncomingConnector] Accepted connection from /0:0:0:0:0:0:0:1:49068 to /0:0:0:0:0:0:0:1:41637.
11:40:25.290 [DEBUG] [org.gradle.launcher.daemon.server.SynchronizedDispatchConnection] thread 42: received class org.gradle.launcher.daemon.protocol.Build
11:40:25.290 [DEBUG] [org.gradle.launcher.daemon.server.DefaultDaemonConnection] thread 42: Received non-IO message from client: Build{id=c7d1d564-284b-4760-a7ed-65ab7f15d9ad, currentDir=/home/adolfo/Proyectos_Android/vaczine}
11:40:25.290 [INFO] [org.gradle.launcher.daemon.server.DefaultIncomingConnectionHandler] Received command: Build{id=c7d1d564-284b-4760-a7ed-65ab7f15d9ad, currentDir=/home/adolfo/Proyectos_Android/vaczine}.
11:40:25.291 [DEBUG] [org.gradle.launcher.daemon.server.DefaultIncomingConnectionHandler] Starting executing command: Build{id=c7d1d564-284b-4760-a7ed-65ab7f15d9ad, currentDir=/home/adolfo/Proyectos_Android/vaczine} with connection: socket connection from /0:0:0:0:0:0:0:1:41637 to /0:0:0:0:0:0:0:1:49068.
11:40:25.291 [ERROR] [org.gradle.launcher.daemon.server.DaemonStateCoordinator] Command execution: started DaemonCommandExecution[command = Build{id=c7d1d564-284b-4760-a7ed-65ab7f15d9ad, currentDir=/home/adolfo/Proyectos_Android/vaczine}, connection = DefaultDaemonConnection: socket connection from /0:0:0:0:0:0:0:1:41637 to /0:0:0:0:0:0:0:1:49068] after 2.0 minutes of idle
11:40:25.291 [INFO] [org.gradle.launcher.daemon.server.DaemonRegistryUpdater] Marking the daemon as busy, address: [94973b22-03d9-4fc2-baa4-2c3f80586140 port:41637, addresses:[/0:0:0:0:0:0:0:1%lo, /127.0.0.1]]
11:40:25.291 [DEBUG] [org.gradle.launcher.daemon.registry.PersistentDaemonRegistry] Marking busy by address: [94973b22-03d9-4fc2-baa4-2c3f80586140 port:41637, addresses:[/0:0:0:0:0:0:0:1%lo, /127.0.0.1]]
11:40:25.291 [DEBUG] [org.gradle.cache.internal.DefaultFileLockManager] Waiting to acquire exclusive lock on daemon addresses registry.
11:40:25.292 [DEBUG] [org.gradle.cache.internal.DefaultFileLockManager] Lock acquired on daemon addresses registry.
11:40:25.292 [DEBUG] [org.gradle.cache.internal.DefaultFileLockManager] Releasing lock on daemon addresses registry.
11:40:25.292 [DEBUG] [org.gradle.launcher.daemon.server.DaemonStateCoordinator] resetting idle timer
11:40:25.292 [DEBUG] [org.gradle.launcher.daemon.server.DaemonStateCoordinator] daemon is running. Sleeping until state changes.
11:40:25.293 [INFO] [org.gradle.launcher.daemon.server.exec.StartBuildOrRespondWithBusy] Daemon is about to start building Build{id=c7d1d564-284b-4760-a7ed-65ab7f15d9ad, currentDir=/home/adolfo/Proyectos_Android/vaczine}. Dispatching build started information...
11:40:25.293 [DEBUG] [org.gradle.launcher.daemon.server.SynchronizedDispatchConnection] thread 44: dispatching class org.gradle.launcher.daemon.protocol.BuildStarted
11:40:25.294 [DEBUG] [org.gradle.launcher.daemon.server.exec.EstablishBuildEnvironment] Configuring env variables: {PATH=/usr/local/sbin:/usr/local/bin:/usr/sbin:/usr/bin:/sbin:/bin:/usr/games:/usr/local/games:/snap/bin, XAUTHORITY=/home/adolfo/.Xauthority, GDMSESSION=mate, XDG_DATA_DIRS=/usr/share/mate:/usr/local/share:/usr/share:/var/lib/snapd/desktop, COMPIZ_CONFIG_PROFILE=mate, XDG_CONFIG_DIRS=/etc/xdg/xdg-mate:/etc/xdg, LANG=es_AR.UTF-8, XDG_SEAT_PATH=/org/freedesktop/DisplayManager/Seat0, DBUS_SESSION_BUS_ADDRESS=unix:path=/run/user/1000/bus, XDG_SESSION_TYPE=x11, XDG_SESSION_ID=c2, XDG_CURRENT_DESKTOP=MATE, QT_AUTO_SCREEN_SCALE_FACTOR=0, DISPLAY=:0, SSH_AGENT_PID=1289, SESSION_MANAGER=local/adolfo-desktop:@/tmp/.ICE-unix/1161,unix/adolfo-desktop:/tmp/.ICE-unix/1161, LOGNAME=adolfo, PWD=/home/adolfo, XDG_SESSION_CLASS=user, LANGUAGE=es_AR:es, GDM_LANG=es_AR, SHELL=/bin/bash, QT_SCALE_FACTOR=1, UBUNTU_MENUPROXY=1, GIO_LAUNCHED_DESKTOP_FILE=/home/adolfo/.local/share/applications/mozo-made-4.desktop, XDG_GREETER_DATA_DIR=/var/lib/lightdm-data/adolfo, GPG_AGENT_INFO=/run/user/1000/gnupg/S.gpg-agent:0:1, DESKTOP_SESSION=mate, OLDPWD=/home/adolfo/Android/android-studio_202111122/bin, USER=adolfo, GIO_LAUNCHED_DESKTOP_FILE_PID=12389, QT_ACCESSIBILITY=1, GTK_MODULES=appmenu-gtk-module:gail:atk-bridge:canberra-gtk-module, SSH_AUTH_SOCK=/run/user/1000/keyring/ssh, XDG_SEAT=seat0, GTK_OVERLAY_SCROLLING=0, XDG_SESSION_PATH=/org/freedesktop/DisplayManager/Session0, MATE_DESKTOP_SESSION_ID=this-is-deprecated, QT_QPA_PLATFORMTHEME=gtk2, XDG_RUNTIME_DIR=/run/user/1000, XDG_VTNR=7, XDG_SESSION_DESKTOP=mate, SHLVL=0, HOME=/home/adolfo}
11:40:25.295 [DEBUG] [org.gradle.launcher.daemon.server.exec.LogToClient] About to start relaying all logs to the client via the connection.
11:40:25.295 [INFO] [org.gradle.launcher.daemon.server.exec.LogToClient] The client will now receive all logging from the daemon (pid: 13311). The daemon log file: /home/adolfo/Proyectos_Android/vaczine/daemon/5.4.1/daemon-13311.out.log
11:40:25.296 [DEBUG] [org.gradle.launcher.daemon.server.SynchronizedDispatchConnection] thread 42: received class org.gradle.launcher.daemon.protocol.CloseInput
11:40:25.296 [DEBUG] [org.gradle.launcher.daemon.server.DefaultDaemonConnection] thread 42: Received IO message from client: org.gradle.launcher.daemon.protocol.CloseInput@48a92d94
11:40:25.301 [INFO] [org.gradle.launcher.daemon.server.exec.LogAndCheckHealth] Starting 2nd build in daemon [uptime: 8 mins 16.325 secs, performance: 100%]
11:40:25.302 [DEBUG] [org.gradle.launcher.daemon.server.exec.ExecuteBuild] The daemon has started executing the build.
11:40:25.302 [INFO] [org.gradle.launcher.daemon.server.exec.ForwardClientInput] Closing daemon's stdin at end of input.
11:40:25.302 [DEBUG] [org.gradle.launcher.daemon.server.exec.ExecuteBuild] Executing build with daemon context: DefaultDaemonContext[uid=470ea64d-ce20-49bc-a854-627e24a12ff5,javaHome=/home/adolfo/Android/android-studio_202111122/jre,daemonRegistryDir=/home/adolfo/Proyectos_Android/vaczine/daemon,pid=13311,idleTimeout=10800000,priority=NORMAL,daemonOpts=--add-opens,java.base/java.util=ALL-UNNAMED,--add-opens,java.base/java.lang=ALL-UNNAMED,--add-opens,java.base/java.lang.invoke=ALL-UNNAMED,--add-opens,java.prefs/java.util.prefs=ALL-UNNAMED,-Xms128m,-Xmx1500m,-Dfile.encoding=UTF-8,-Duser.country=AR,-Duser.language=es,-Duser.variant]
11:40:25.302 [INFO] [org.gradle.launcher.daemon.server.exec.ForwardClientInput] The daemon will no longer process any standard input.

BUILD SUCCESSFUL in 36s
11:41:02.078 [DEBUG] [org.gradle.launcher.daemon.server.exec.ExecuteBuild] The daemon has finished executing the build.
11:41:02.081 [DEBUG] [org.gradle.launcher.daemon.server.DaemonStateCoordinator] daemon is running. Sleeping until state changes.
11:41:02.081 [DEBUG] [org.gradle.launcher.daemon.server.DaemonStateCoordinator] Command execution: finished waiting for DaemonCommandExecution[command = Build{id=c7d1d564-284b-4760-a7ed-65ab7f15d9ad, currentDir=/home/adolfo/Proyectos_Android/vaczine}, connection = DefaultDaemonConnection: socket connection from /0:0:0:0:0:0:0:1:41637 to /0:0:0:0:0:0:0:1:49068]. Result org.gradle.launcher.daemon.server.DaemonStateCoordinator@1ce548ba with state Busy
11:41:02.081 [DEBUG] [org.gradle.launcher.daemon.server.DaemonStateCoordinator] Command execution: completed DaemonCommandExecution[command = Build{id=c7d1d564-284b-4760-a7ed-65ab7f15d9ad, currentDir=/home/adolfo/Proyectos_Android/vaczine}, connection = DefaultDaemonConnection: socket connection from /0:0:0:0:0:0:0:1:41637 to /0:0:0:0:0:0:0:1:49068]
11:41:02.081 [DEBUG] [org.gradle.launcher.daemon.server.DaemonStateCoordinator] resetting idle timer
11:41:02.081 [INFO] [org.gradle.launcher.daemon.server.DaemonRegistryUpdater] Marking the daemon as idle, address: [94973b22-03d9-4fc2-baa4-2c3f80586140 port:41637, addresses:[/0:0:0:0:0:0:0:1%lo, /127.0.0.1]]
11:41:02.081 [DEBUG] [org.gradle.launcher.daemon.registry.PersistentDaemonRegistry] Marking busy by address: [94973b22-03d9-4fc2-baa4-2c3f80586140 port:41637, addresses:[/0:0:0:0:0:0:0:1%lo, /127.0.0.1]]
11:41:02.082 [DEBUG] [org.gradle.cache.internal.DefaultFileLockManager] Waiting to acquire exclusive lock on daemon addresses registry.
11:41:02.082 [DEBUG] [org.gradle.cache.internal.DefaultFileLockManager] Lock acquired on daemon addresses registry.
11:41:02.082 [DEBUG] [org.gradle.cache.internal.DefaultFileLockManager] Releasing lock on daemon addresses registry.
11:41:02.082 [DEBUG] [org.gradle.launcher.daemon.server.exec.ReturnResult] Daemon is dispatching the build result: Success[value=org.gradle.launcher.exec.BuildActionResult@3f1b6ca6]
11:41:02.082 [DEBUG] [org.gradle.launcher.daemon.server.DaemonStateCoordinator] daemon is running. Sleeping until state changes.
11:41:02.082 [DEBUG] [org.gradle.launcher.daemon.server.SynchronizedDispatchConnection] thread 41: dispatching class org.gradle.launcher.daemon.protocol.Success
11:41:02.083 [DEBUG] [org.gradle.launcher.daemon.server.DefaultIncomingConnectionHandler] Finishing executing command: Build{id=c7d1d564-284b-4760-a7ed-65ab7f15d9ad, currentDir=/home/adolfo/Proyectos_Android/vaczine}
11:41:02.156 [DEBUG] [org.gradle.launcher.daemon.server.SynchronizedDispatchConnection] thread 42: received class org.gradle.launcher.daemon.protocol.Finished
11:41:02.156 [DEBUG] [org.gradle.launcher.daemon.server.DefaultDaemonConnection] thread 42: Received non-IO message from client: org.gradle.launcher.daemon.protocol.Finished@466ecaf1
11:41:02.156 [DEBUG] [org.gradle.launcher.daemon.server.DefaultIncomingConnectionHandler] Received finished message: org.gradle.launcher.daemon.protocol.Finished@466ecaf1
11:41:02.156 [DEBUG] [org.gradle.internal.remote.internal.inet.SocketConnection] Discarding EOFException: java.io.EOFException
11:41:02.156 [DEBUG] [org.gradle.launcher.daemon.server.SynchronizedDispatchConnection] thread 41: stopping connection
11:41:02.157 [DEBUG] [org.gradle.launcher.daemon.server.SynchronizedDispatchConnection] thread 42: received null
11:41:02.157 [DEBUG] [org.gradle.launcher.daemon.server.DefaultDaemonConnection] thread 42: Received end-of-input from client.
11:41:02.157 [DEBUG] [org.gradle.launcher.daemon.server.SynchronizedDispatchConnection] thread 41: stopping connection
11:41:06.820 [DEBUG] [org.gradle.process.internal.health.memory.MemoryManager] Emitting OS memory status event {Total: 4059156480, Free: 170278912}
11:41:06.820 [DEBUG] [org.gradle.launcher.daemon.server.health.LowMemoryDaemonExpirationStrategy] Received memory status update: {Total: 4059156480, Free: 170278912}
11:41:06.820 [DEBUG] [org.gradle.process.internal.health.memory.MemoryManager] 405915648 memory requested, 170278912 free
11:41:06.821 [DEBUG] [org.gradle.workers.internal.WorkerDaemonExpiration] Will attempt to release 387 of memory
11:41:06.821 [DEBUG] [org.gradle.process.internal.health.memory.MemoryManager] 405915648 memory requested, 0 released, 170278912 free
11:41:06.821 [DEBUG] [org.gradle.process.internal.health.memory.MemoryManager] Emitting JVM memory status event {Maximum: 1572864000, Committed: 484442112}
11:41:09.339 [DEBUG] [org.gradle.launcher.daemon.server.Daemon] DaemonExpirationPeriodicCheck running
11:41:09.340 [DEBUG] [org.gradle.cache.internal.DefaultFileLockManager] Waiting to acquire shared lock on daemon addresses registry.
11:41:09.341 [DEBUG] [org.gradle.cache.internal.DefaultFileLockManager] Lock acquired on daemon addresses registry.
11:41:09.341 [DEBUG] [org.gradle.cache.internal.DefaultFileLockManager] Releasing lock on daemon addresses registry.
11:41:09.342 [DEBUG] [org.gradle.cache.internal.DefaultFileLockManager] Waiting to acquire shared lock on daemon addresses registry.
11:41:09.342 [DEBUG] [org.gradle.cache.internal.DefaultFileLockManager] Lock acquired on daemon addresses registry.
11:41:09.342 [DEBUG] [org.gradle.cache.internal.DefaultFileLockManager] Releasing lock on daemon addresses registry.
11:41:11.820 [DEBUG] [org.gradle.process.internal.health.memory.MemoryManager] Emitting OS memory status event {Total: 4059156480, Free: 189366272}
11:41:11.820 [DEBUG] [org.gradle.launcher.daemon.server.health.LowMemoryDaemonExpirationStrategy] Received memory status update: {Total: 4059156480, Free: 189366272}
11:41:11.820 [DEBUG] [org.gradle.process.internal.health.memory.MemoryManager] 405915648 memory requested, 189366272 free
11:41:11.821 [DEBUG] [org.gradle.workers.internal.WorkerDaemonExpiration] Will attempt to release 387 of memory
11:41:11.821 [DEBUG] [org.gradle.process.internal.health.memory.MemoryManager] 405915648 memory requested, 0 released, 189366272 free
11:41:11.821 [DEBUG] [org.gradle.process.internal.health.memory.MemoryManager] Emitting JVM memory status event {Maximum: 1572864000, Committed: 484442112}
11:41:16.820 [DEBUG] [org.gradle.process.internal.health.memory.MemoryManager] Emitting OS memory status event {Total: 4059156480, Free: 179728384}
11:41:16.821 [DEBUG] [org.gradle.launcher.daemon.server.health.LowMemoryDaemonExpirationStrategy] Received memory status update: {Total: 4059156480, Free: 179728384}
11:41:16.821 [DEBUG] [org.gradle.process.internal.health.memory.MemoryManager] 405915648 memory requested, 179728384 free
11:41:16.821 [DEBUG] [org.gradle.workers.internal.WorkerDaemonExpiration] Will attempt to release 387 of memory
11:41:16.821 [DEBUG] [org.gradle.process.internal.health.memory.MemoryManager] 405915648 memory requested, 0 released, 179728384 free
11:41:16.822 [DEBUG] [org.gradle.process.internal.health.memory.MemoryManager] Emitting JVM memory status event {Maximum: 1572864000, Committed: 484442112}
11:41:19.339 [DEBUG] [org.gradle.launcher.daemon.server.Daemon] DaemonExpirationPeriodicCheck running
11:41:19.340 [DEBUG] [org.gradle.cache.internal.DefaultFileLockManager] Waiting to acquire shared lock on daemon addresses registry.
11:41:19.340 [DEBUG] [org.gradle.cache.internal.DefaultFileLockManager] Lock acquired on daemon addresses registry.
11:41:19.340 [DEBUG] [org.gradle.cache.internal.DefaultFileLockManager] Releasing lock on daemon addresses registry.
11:41:19.341 [DEBUG] [org.gradle.cache.internal.DefaultFileLockManager] Waiting to acquire shared lock on daemon addresses registry.
11:41:19.341 [DEBUG] [org.gradle.cache.internal.DefaultFileLockManager] Lock acquired on daemon addresses registry.
11:41:19.342 [DEBUG] [org.gradle.cache.internal.DefaultFileLockManager] Releasing lock on daemon addresses registry.
11:41:19.342 [DEBUG] [org.gradle.cache.internal.DefaultFileLockManager] Waiting to acquire shared lock on daemon addresses registry.
11:41:19.342 [DEBUG] [org.gradle.cache.internal.DefaultFileLockManager] Lock acquired on daemon addresses registry.
11:41:19.343 [DEBUG] [org.gradle.cache.internal.DefaultFileLockManager] Releasing lock on daemon addresses registry.
11:41:21.820 [DEBUG] [org.gradle.process.internal.health.memory.MemoryManager] Emitting OS memory status event {Total: 4059156480, Free: 193761280}
11:41:21.820 [DEBUG] [org.gradle.launcher.daemon.server.health.LowMemoryDaemonExpirationStrategy] Received memory status update: {Total: 4059156480, Free: 193761280}
11:41:21.820 [DEBUG] [org.gradle.process.internal.health.memory.MemoryManager] 405915648 memory requested, 193761280 free
11:41:21.821 [DEBUG] [org.gradle.workers.internal.WorkerDaemonExpiration] Will attempt to release 387 of memory
11:41:21.821 [DEBUG] [org.gradle.process.internal.health.memory.MemoryManager] 405915648 memory requested, 0 released, 193761280 free
11:41:21.821 [DEBUG] [org.gradle.process.internal.health.memory.MemoryManager] Emitting JVM memory status event {Maximum: 1572864000, Committed: 484442112}
11:41:26.820 [DEBUG] [org.gradle.process.internal.health.memory.MemoryManager] Emitting OS memory status event {Total: 4059156480, Free: 191127552}
11:41:26.820 [DEBUG] [org.gradle.launcher.daemon.server.health.LowMemoryDaemonExpirationStrategy] Received memory status update: {Total: 4059156480, Free: 191127552}
11:41:26.821 [DEBUG] [org.gradle.process.internal.health.memory.MemoryManager] 405915648 memory requested, 191127552 free
11:41:26.821 [DEBUG] [org.gradle.workers.internal.WorkerDaemonExpiration] Will attempt to release 387 of memory
11:41:26.821 [DEBUG] [org.gradle.process.internal.health.memory.MemoryManager] 405915648 memory requested, 0 released, 191127552 free
11:41:26.821 [DEBUG] [org.gradle.process.internal.health.memory.MemoryManager] Emitting JVM memory status event {Maximum: 1572864000, Committed: 484442112}
11:41:29.339 [DEBUG] [org.gradle.launcher.daemon.server.Daemon] DaemonExpirationPeriodicCheck running
11:41:29.339 [DEBUG] [org.gradle.cache.internal.DefaultFileLockManager] Waiting to acquire shared lock on daemon addresses registry.
11:41:29.340 [DEBUG] [org.gradle.cache.internal.DefaultFileLockManager] Lock acquired on daemon addresses registry.
11:41:29.340 [DEBUG] [org.gradle.cache.internal.DefaultFileLockManager] Releasing lock on daemon addresses registry.
11:41:29.341 [DEBUG] [org.gradle.cache.internal.DefaultFileLockManager] Waiting to acquire shared lock on daemon addresses registry.
11:41:29.341 [DEBUG] [org.gradle.cache.internal.DefaultFileLockManager] Lock acquired on daemon addresses registry.
11:41:29.341 [DEBUG] [org.gradle.cache.internal.DefaultFileLockManager] Releasing lock on daemon addresses registry.
11:41:29.342 [DEBUG] [org.gradle.cache.internal.DefaultFileLockManager] Waiting to acquire shared lock on daemon addresses registry.
11:41:29.342 [DEBUG] [org.gradle.cache.internal.DefaultFileLockManager] Lock acquired on daemon addresses registry.
11:41:29.343 [DEBUG] [org.gradle.cache.internal.DefaultFileLockManager] Releasing lock on daemon addresses registry.
11:41:31.819 [DEBUG] [org.gradle.process.internal.health.memory.MemoryManager] Emitting OS memory status event {Total: 4059156480, Free: 196825088}
11:41:31.820 [DEBUG] [org.gradle.launcher.daemon.server.health.LowMemoryDaemonExpirationStrategy] Received memory status update: {Total: 4059156480, Free: 196825088}
11:41:31.820 [DEBUG] [org.gradle.process.internal.health.memory.MemoryManager] 405915648 memory requested, 196825088 free
11:41:31.820 [DEBUG] [org.gradle.workers.internal.WorkerDaemonExpiration] Will attempt to release 387 of memory
11:41:31.820 [DEBUG] [org.gradle.process.internal.health.memory.MemoryManager] 405915648 memory requested, 0 released, 196825088 free
11:41:31.820 [DEBUG] [org.gradle.process.internal.health.memory.MemoryManager] Emitting JVM memory status event {Maximum: 1572864000, Committed: 484442112}
11:41:36.820 [DEBUG] [org.gradle.process.internal.health.memory.MemoryManager] Emitting OS memory status event {Total: 4059156480, Free: 194228224}
11:41:36.820 [DEBUG] [org.gradle.launcher.daemon.server.health.LowMemoryDaemonExpirationStrategy] Received memory status update: {Total: 4059156480, Free: 194228224}
11:41:36.820 [DEBUG] [org.gradle.process.internal.health.memory.MemoryManager] 405915648 memory requested, 194228224 free
11:41:36.820 [DEBUG] [org.gradle.workers.internal.WorkerDaemonExpiration] Will attempt to release 387 of memory
11:41:36.820 [DEBUG] [org.gradle.process.internal.health.memory.MemoryManager] 405915648 memory requested, 0 released, 194228224 free
11:41:36.820 [DEBUG] [org.gradle.process.internal.health.memory.MemoryManager] Emitting JVM memory status event {Maximum: 1572864000, Committed: 484442112}
11:41:39.339 [DEBUG] [org.gradle.launcher.daemon.server.Daemon] DaemonExpirationPeriodicCheck running
11:41:39.340 [DEBUG] [org.gradle.cache.internal.DefaultFileLockManager] Waiting to acquire shared lock on daemon addresses registry.
11:41:39.340 [DEBUG] [org.gradle.cache.internal.DefaultFileLockManager] Lock acquired on daemon addresses registry.
11:41:39.341 [DEBUG] [org.gradle.cache.internal.DefaultFileLockManager] Releasing lock on daemon addresses registry.
11:41:39.341 [DEBUG] [org.gradle.cache.internal.DefaultFileLockManager] Waiting to acquire shared lock on daemon addresses registry.
11:41:39.341 [DEBUG] [org.gradle.cache.internal.DefaultFileLockManager] Lock acquired on daemon addresses registry.
11:41:39.342 [DEBUG] [org.gradle.cache.internal.DefaultFileLockManager] Releasing lock on daemon addresses registry.
11:41:39.342 [DEBUG] [org.gradle.cache.internal.DefaultFileLockManager] Waiting to acquire shared lock on daemon addresses registry.
11:41:39.343 [DEBUG] [org.gradle.cache.internal.DefaultFileLockManager] Lock acquired on daemon addresses registry.
11:41:39.343 [DEBUG] [org.gradle.cache.internal.DefaultFileLockManager] Releasing lock on daemon addresses registry.
11:41:41.820 [DEBUG] [org.gradle.process.internal.health.memory.MemoryManager] Emitting OS memory status event {Total: 4059156480, Free: 194199552}
11:41:41.820 [DEBUG] [org.gradle.launcher.daemon.server.health.LowMemoryDaemonExpirationStrategy] Received memory status update: {Total: 4059156480, Free: 194199552}
11:41:41.820 [DEBUG] [org.gradle.process.internal.health.memory.MemoryManager] 405915648 memory requested, 194199552 free
11:41:41.821 [DEBUG] [org.gradle.workers.internal.WorkerDaemonExpiration] Will attempt to release 387 of memory
11:41:41.821 [DEBUG] [org.gradle.process.internal.health.memory.MemoryManager] 405915648 memory requested, 0 released, 194199552 free
11:41:41.821 [DEBUG] [org.gradle.process.internal.health.memory.MemoryManager] Emitting JVM memory status event {Maximum: 1572864000, Committed: 484442112}
11:41:46.820 [DEBUG] [org.gradle.process.internal.health.memory.MemoryManager] Emitting OS memory status event {Total: 4059156480, Free: 180297728}
11:41:46.820 [DEBUG] [org.gradle.launcher.daemon.server.health.LowMemoryDaemonExpirationStrategy] Received memory status update: {Total: 4059156480, Free: 180297728}
11:41:46.820 [DEBUG] [org.gradle.process.internal.health.memory.MemoryManager] 405915648 memory requested, 180297728 free
11:41:46.820 [DEBUG] [org.gradle.workers.internal.WorkerDaemonExpiration] Will attempt to release 387 of memory
11:41:46.820 [DEBUG] [org.gradle.process.internal.health.memory.MemoryManager] 405915648 memory requested, 0 released, 180297728 free
11:41:46.820 [DEBUG] [org.gradle.process.internal.health.memory.MemoryManager] Emitting JVM memory status event {Maximum: 1572864000, Committed: 484442112}
11:41:49.339 [DEBUG] [org.gradle.launcher.daemon.server.Daemon] DaemonExpirationPeriodicCheck running
11:41:49.339 [DEBUG] [org.gradle.cache.internal.DefaultFileLockManager] Waiting to acquire shared lock on daemon addresses registry.
11:41:49.339 [DEBUG] [org.gradle.cache.internal.DefaultFileLockManager] Lock acquired on daemon addresses registry.
11:41:49.340 [DEBUG] [org.gradle.cache.internal.DefaultFileLockManager] Releasing lock on daemon addresses registry.
11:41:49.340 [DEBUG] [org.gradle.cache.internal.DefaultFileLockManager] Waiting to acquire shared lock on daemon addresses registry.
11:41:49.340 [DEBUG] [org.gradle.cache.internal.DefaultFileLockManager] Lock acquired on daemon addresses registry.
11:41:49.340 [DEBUG] [org.gradle.cache.internal.DefaultFileLockManager] Releasing lock on daemon addresses registry.
11:41:49.340 [DEBUG] [org.gradle.cache.internal.DefaultFileLockManager] Waiting to acquire shared lock on daemon addresses registry.
11:41:49.341 [DEBUG] [org.gradle.cache.internal.DefaultFileLockManager] Lock acquired on daemon addresses registry.
11:41:49.341 [DEBUG] [org.gradle.cache.internal.DefaultFileLockManager] Releasing lock on daemon addresses registry.
11:41:51.820 [DEBUG] [org.gradle.process.internal.health.memory.MemoryManager] Emitting OS memory status event {Total: 4059156480, Free: 174325760}
11:41:51.820 [DEBUG] [org.gradle.launcher.daemon.server.health.LowMemoryDaemonExpirationStrategy] Received memory status update: {Total: 4059156480, Free: 174325760}
11:41:51.820 [DEBUG] [org.gradle.process.internal.health.memory.MemoryManager] 405915648 memory requested, 174325760 free
11:41:51.820 [DEBUG] [org.gradle.workers.internal.WorkerDaemonExpiration] Will attempt to release 387 of memory
11:41:51.820 [DEBUG] [org.gradle.process.internal.health.memory.MemoryManager] 405915648 memory requested, 0 released, 174325760 free
11:41:51.820 [DEBUG] [org.gradle.process.internal.health.memory.MemoryManager] Emitting JVM memory status event {Maximum: 1572864000, Committed: 484442112}
11:41:56.820 [DEBUG] [org.gradle.process.internal.health.memory.MemoryManager] Emitting OS memory status event {Total: 4059156480, Free: 172142592}
11:41:56.820 [DEBUG] [org.gradle.launcher.daemon.server.health.LowMemoryDaemonExpirationStrategy] Received memory status update: {Total: 4059156480, Free: 172142592}
11:41:56.820 [DEBUG] [org.gradle.process.internal.health.memory.MemoryManager] 405915648 memory requested, 172142592 free
11:41:56.820 [DEBUG] [org.gradle.workers.internal.WorkerDaemonExpiration] Will attempt to release 387 of memory
11:41:56.820 [DEBUG] [org.gradle.process.internal.health.memory.MemoryManager] 405915648 memory requested, 0 released, 172142592 free
11:41:56.821 [DEBUG] [org.gradle.process.internal.health.memory.MemoryManager] Emitting JVM memory status event {Maximum: 1572864000, Committed: 484442112}
11:41:59.339 [DEBUG] [org.gradle.launcher.daemon.server.Daemon] DaemonExpirationPeriodicCheck running
11:41:59.340 [DEBUG] [org.gradle.cache.internal.DefaultFileLockManager] Waiting to acquire shared lock on daemon addresses registry.
11:41:59.340 [DEBUG] [org.gradle.cache.internal.DefaultFileLockManager] Lock acquired on daemon addresses registry.
11:41:59.340 [DEBUG] [org.gradle.cache.internal.DefaultFileLockManager] Releasing lock on daemon addresses registry.
11:41:59.341 [DEBUG] [org.gradle.cache.internal.DefaultFileLockManager] Waiting to acquire shared lock on daemon addresses registry.
11:41:59.341 [DEBUG] [org.gradle.cache.internal.DefaultFileLockManager] Lock acquired on daemon addresses registry.
11:41:59.341 [DEBUG] [org.gradle.cache.internal.DefaultFileLockManager] Releasing lock on daemon addresses registry.
11:41:59.342 [DEBUG] [org.gradle.cache.internal.DefaultFileLockManager] Waiting to acquire shared lock on daemon addresses registry.
11:41:59.342 [DEBUG] [org.gradle.cache.internal.DefaultFileLockManager] Lock acquired on daemon addresses registry.
11:41:59.342 [DEBUG] [org.gradle.cache.internal.DefaultFileLockManager] Releasing lock on daemon addresses registry.
11:42:01.820 [DEBUG] [org.gradle.process.internal.health.memory.MemoryManager] Emitting OS memory status event {Total: 4059156480, Free: 179535872}
11:42:01.820 [DEBUG] [org.gradle.launcher.daemon.server.health.LowMemoryDaemonExpirationStrategy] Received memory status update: {Total: 4059156480, Free: 179535872}
11:42:01.820 [DEBUG] [org.gradle.process.internal.health.memory.MemoryManager] 405915648 memory requested, 179535872 free
11:42:01.821 [DEBUG] [org.gradle.workers.internal.WorkerDaemonExpiration] Will attempt to release 387 of memory
11:42:01.821 [DEBUG] [org.gradle.process.internal.health.memory.MemoryManager] 405915648 memory requested, 0 released, 179535872 free
11:42:01.821 [DEBUG] [org.gradle.process.internal.health.memory.MemoryManager] Emitting JVM memory status event {Maximum: 1572864000, Committed: 484442112}
11:42:06.820 [DEBUG] [org.gradle.process.internal.health.memory.MemoryManager] Emitting OS memory status event {Total: 4059156480, Free: 184393728}
11:42:06.820 [DEBUG] [org.gradle.launcher.daemon.server.health.LowMemoryDaemonExpirationStrategy] Received memory status update: {Total: 4059156480, Free: 184393728}
11:42:06.820 [DEBUG] [org.gradle.process.internal.health.memory.MemoryManager] 405915648 memory requested, 184393728 free
11:42:06.821 [DEBUG] [org.gradle.workers.internal.WorkerDaemonExpiration] Will attempt to release 387 of memory
11:42:06.821 [DEBUG] [org.gradle.process.internal.health.memory.MemoryManager] 405915648 memory requested, 0 released, 184393728 free
11:42:06.821 [DEBUG] [org.gradle.process.internal.health.memory.MemoryManager] Emitting JVM memory status event {Maximum: 1572864000, Committed: 484442112}
11:42:09.339 [DEBUG] [org.gradle.launcher.daemon.server.Daemon] DaemonExpirationPeriodicCheck running
11:42:09.340 [DEBUG] [org.gradle.cache.internal.DefaultFileLockManager] Waiting to acquire shared lock on daemon addresses registry.
11:42:09.340 [DEBUG] [org.gradle.cache.internal.DefaultFileLockManager] Lock acquired on daemon addresses registry.
11:42:09.340 [DEBUG] [org.gradle.cache.internal.DefaultFileLockManager] Releasing lock on daemon addresses registry.
11:42:09.341 [DEBUG] [org.gradle.cache.internal.DefaultFileLockManager] Waiting to acquire shared lock on daemon addresses registry.
11:42:09.341 [DEBUG] [org.gradle.cache.internal.DefaultFileLockManager] Lock acquired on daemon addresses registry.
11:42:09.341 [DEBUG] [org.gradle.cache.internal.DefaultFileLockManager] Releasing lock on daemon addresses registry.
11:42:09.342 [DEBUG] [org.gradle.cache.internal.DefaultFileLockManager] Waiting to acquire shared lock on daemon addresses registry.
11:42:09.342 [DEBUG] [org.gradle.cache.internal.DefaultFileLockManager] Lock acquired on daemon addresses registry.
11:42:09.343 [DEBUG] [org.gradle.cache.internal.DefaultFileLockManager] Releasing lock on daemon addresses registry.
11:42:11.820 [DEBUG] [org.gradle.process.internal.health.memory.MemoryManager] Emitting OS memory status event {Total: 4059156480, Free: 192401408}
11:42:11.820 [DEBUG] [org.gradle.launcher.daemon.server.health.LowMemoryDaemonExpirationStrategy] Received memory status update: {Total: 4059156480, Free: 192401408}
11:42:11.820 [DEBUG] [org.gradle.process.internal.health.memory.MemoryManager] 405915648 memory requested, 192401408 free
11:42:11.820 [DEBUG] [org.gradle.workers.internal.WorkerDaemonExpiration] Will attempt to release 387 of memory
11:42:11.820 [DEBUG] [org.gradle.process.internal.health.memory.MemoryManager] 405915648 memory requested, 0 released, 192401408 free
11:42:11.820 [DEBUG] [org.gradle.process.internal.health.memory.MemoryManager] Emitting JVM memory status event {Maximum: 1572864000, Committed: 484442112}
11:42:16.820 [DEBUG] [org.gradle.process.internal.health.memory.MemoryManager] Emitting OS memory status event {Total: 4059156480, Free: 191602688}
11:42:16.820 [DEBUG] [org.gradle.launcher.daemon.server.health.LowMemoryDaemonExpirationStrategy] Received memory status update: {Total: 4059156480, Free: 191602688}
11:42:16.820 [DEBUG] [org.gradle.process.internal.health.memory.MemoryManager] 405915648 memory requested, 191602688 free
11:42:16.820 [DEBUG] [org.gradle.workers.internal.WorkerDaemonExpiration] Will attempt to release 387 of memory
11:42:16.820 [DEBUG] [org.gradle.process.internal.health.memory.MemoryManager] 405915648 memory requested, 0 released, 191602688 free
11:42:16.820 [DEBUG] [org.gradle.process.internal.health.memory.MemoryManager] Emitting JVM memory status event {Maximum: 1572864000, Committed: 484442112}
11:42:19.339 [DEBUG] [org.gradle.launcher.daemon.server.Daemon] DaemonExpirationPeriodicCheck running
11:42:19.339 [DEBUG] [org.gradle.cache.internal.DefaultFileLockManager] Waiting to acquire shared lock on daemon addresses registry.
11:42:19.340 [DEBUG] [org.gradle.cache.internal.DefaultFileLockManager] Lock acquired on daemon addresses registry.
11:42:19.340 [DEBUG] [org.gradle.cache.internal.DefaultFileLockManager] Releasing lock on daemon addresses registry.
11:42:19.340 [DEBUG] [org.gradle.cache.internal.DefaultFileLockManager] Waiting to acquire shared lock on daemon addresses registry.
11:42:19.340 [DEBUG] [org.gradle.cache.internal.DefaultFileLockManager] Lock acquired on daemon addresses registry.
11:42:19.341 [DEBUG] [org.gradle.cache.internal.DefaultFileLockManager] Releasing lock on daemon addresses registry.
11:42:19.341 [DEBUG] [org.gradle.cache.internal.DefaultFileLockManager] Waiting to acquire shared lock on daemon addresses registry.
11:42:19.341 [DEBUG] [org.gradle.cache.internal.DefaultFileLockManager] Lock acquired on daemon addresses registry.
11:42:19.341 [DEBUG] [org.gradle.cache.internal.DefaultFileLockManager] Releasing lock on daemon addresses registry.
11:42:21.820 [DEBUG] [org.gradle.process.internal.health.memory.MemoryManager] Emitting OS memory status event {Total: 4059156480, Free: 214757376}
11:42:21.820 [DEBUG] [org.gradle.launcher.daemon.server.health.LowMemoryDaemonExpirationStrategy] Received memory status update: {Total: 4059156480, Free: 214757376}
11:42:21.820 [DEBUG] [org.gradle.process.internal.health.memory.MemoryManager] 405915648 memory requested, 214757376 free
11:42:21.820 [DEBUG] [org.gradle.workers.internal.WorkerDaemonExpiration] Will attempt to release 387 of memory
11:42:21.820 [DEBUG] [org.gradle.process.internal.health.memory.MemoryManager] 405915648 memory requested, 0 released, 214757376 free
11:42:21.820 [DEBUG] [org.gradle.process.internal.health.memory.MemoryManager] Emitting JVM memory status event {Maximum: 1572864000, Committed: 484442112}
11:42:26.820 [DEBUG] [org.gradle.process.internal.health.memory.MemoryManager] Emitting OS memory status event {Total: 4059156480, Free: 214130688}
11:42:26.820 [DEBUG] [org.gradle.launcher.daemon.server.health.LowMemoryDaemonExpirationStrategy] Received memory status update: {Total: 4059156480, Free: 214130688}
11:42:26.820 [DEBUG] [org.gradle.process.internal.health.memory.MemoryManager] 405915648 memory requested, 214130688 free
11:42:26.821 [DEBUG] [org.gradle.workers.internal.WorkerDaemonExpiration] Will attempt to release 387 of memory
11:42:26.821 [DEBUG] [org.gradle.process.internal.health.memory.MemoryManager] 405915648 memory requested, 0 released, 214130688 free
11:42:26.821 [DEBUG] [org.gradle.process.internal.health.memory.MemoryManager] Emitting JVM memory status event {Maximum: 1572864000, Committed: 484442112}
11:42:29.339 [DEBUG] [org.gradle.launcher.daemon.server.Daemon] DaemonExpirationPeriodicCheck running
11:42:29.340 [DEBUG] [org.gradle.cache.internal.DefaultFileLockManager] Waiting to acquire shared lock on daemon addresses registry.
11:42:29.340 [DEBUG] [org.gradle.cache.internal.DefaultFileLockManager] Lock acquired on daemon addresses registry.
11:42:29.341 [DEBUG] [org.gradle.cache.internal.DefaultFileLockManager] Releasing lock on daemon addresses registry.
11:42:29.341 [DEBUG] [org.gradle.cache.internal.DefaultFileLockManager] Waiting to acquire shared lock on daemon addresses registry.
11:42:29.342 [DEBUG] [org.gradle.cache.internal.DefaultFileLockManager] Lock acquired on daemon addresses registry.
11:42:29.342 [DEBUG] [org.gradle.cache.internal.DefaultFileLockManager] Releasing lock on daemon addresses registry.
11:42:29.342 [DEBUG] [org.gradle.cache.internal.DefaultFileLockManager] Waiting to acquire shared lock on daemon addresses registry.
11:42:29.343 [DEBUG] [org.gradle.cache.internal.DefaultFileLockManager] Lock acquired on daemon addresses registry.
11:42:29.343 [DEBUG] [org.gradle.cache.internal.DefaultFileLockManager] Releasing lock on daemon addresses registry.
11:42:31.820 [DEBUG] [org.gradle.process.internal.health.memory.MemoryManager] Emitting OS memory status event {Total: 4059156480, Free: 214130688}
11:42:31.820 [DEBUG] [org.gradle.launcher.daemon.server.health.LowMemoryDaemonExpirationStrategy] Received memory status update: {Total: 4059156480, Free: 214130688}
11:42:31.820 [DEBUG] [org.gradle.process.internal.health.memory.MemoryManager] 405915648 memory requested, 214130688 free
11:42:31.820 [DEBUG] [org.gradle.workers.internal.WorkerDaemonExpiration] Will attempt to release 387 of memory
11:42:31.820 [DEBUG] [org.gradle.process.internal.health.memory.MemoryManager] 405915648 memory requested, 0 released, 214130688 free
11:42:31.820 [DEBUG] [org.gradle.process.internal.health.memory.MemoryManager] Emitting JVM memory status event {Maximum: 1572864000, Committed: 484442112}
11:42:36.820 [DEBUG] [org.gradle.process.internal.health.memory.MemoryManager] Emitting OS memory status event {Total: 4059156480, Free: 213508096}
11:42:36.820 [DEBUG] [org.gradle.launcher.daemon.server.health.LowMemoryDaemonExpirationStrategy] Received memory status update: {Total: 4059156480, Free: 213508096}
11:42:36.820 [DEBUG] [org.gradle.process.internal.health.memory.MemoryManager] 405915648 memory requested, 213508096 free
11:42:36.820 [DEBUG] [org.gradle.workers.internal.WorkerDaemonExpiration] Will attempt to release 387 of memory
11:42:36.820 [DEBUG] [org.gradle.process.internal.health.memory.MemoryManager] 405915648 memory requested, 0 released, 213508096 free
11:42:36.820 [DEBUG] [org.gradle.process.internal.health.memory.MemoryManager] Emitting JVM memory status event {Maximum: 1572864000, Committed: 484442112}
11:42:39.339 [DEBUG] [org.gradle.launcher.daemon.server.Daemon] DaemonExpirationPeriodicCheck running
11:42:39.340 [DEBUG] [org.gradle.cache.internal.DefaultFileLockManager] Waiting to acquire shared lock on daemon addresses registry.
11:42:39.340 [DEBUG] [org.gradle.cache.internal.DefaultFileLockManager] Lock acquired on daemon addresses registry.
11:42:39.340 [DEBUG] [org.gradle.cache.internal.DefaultFileLockManager] Releasing lock on daemon addresses registry.
11:42:39.341 [DEBUG] [org.gradle.cache.internal.DefaultFileLockManager] Waiting to acquire shared lock on daemon addresses registry.
11:42:39.341 [DEBUG] [org.gradle.cache.internal.DefaultFileLockManager] Lock acquired on daemon addresses registry.
11:42:39.341 [DEBUG] [org.gradle.cache.internal.DefaultFileLockManager] Releasing lock on daemon addresses registry.
11:42:39.342 [DEBUG] [org.gradle.cache.internal.DefaultFileLockManager] Waiting to acquire shared lock on daemon addresses registry.
11:42:39.342 [DEBUG] [org.gradle.cache.internal.DefaultFileLockManager] Lock acquired on daemon addresses registry.
11:42:39.342 [DEBUG] [org.gradle.cache.internal.DefaultFileLockManager] Releasing lock on daemon addresses registry.
11:42:41.820 [DEBUG] [org.gradle.process.internal.health.memory.MemoryManager] Emitting OS memory status event {Total: 4059156480, Free: 218611712}
11:42:41.820 [DEBUG] [org.gradle.launcher.daemon.server.health.LowMemoryDaemonExpirationStrategy] Received memory status update: {Total: 4059156480, Free: 218611712}
11:42:41.820 [DEBUG] [org.gradle.process.internal.health.memory.MemoryManager] 405915648 memory requested, 218611712 free
11:42:41.820 [DEBUG] [org.gradle.workers.internal.WorkerDaemonExpiration] Will attempt to release 387 of memory
11:42:41.821 [DEBUG] [org.gradle.process.internal.health.memory.MemoryManager] 405915648 memory requested, 0 released, 218611712 free
11:42:41.821 [DEBUG] [org.gradle.process.internal.health.memory.MemoryManager] Emitting JVM memory status event {Maximum: 1572864000, Committed: 484442112}
11:42:46.820 [DEBUG] [org.gradle.process.internal.health.memory.MemoryManager] Emitting OS memory status event {Total: 4059156480, Free: 211460096}
11:42:46.820 [DEBUG] [org.gradle.launcher.daemon.server.health.LowMemoryDaemonExpirationStrategy] Received memory status update: {Total: 4059156480, Free: 211460096}
11:42:46.821 [DEBUG] [org.gradle.process.internal.health.memory.MemoryManager] 405915648 memory requested, 211460096 free
11:42:46.821 [DEBUG] [org.gradle.workers.internal.WorkerDaemonExpiration] Will attempt to release 387 of memory
11:42:46.821 [DEBUG] [org.gradle.process.internal.health.memory.MemoryManager] 405915648 memory requested, 0 released, 211460096 free
11:42:46.821 [DEBUG] [org.gradle.process.internal.health.memory.MemoryManager] Emitting JVM memory status event {Maximum: 1572864000, Committed: 484442112}
11:42:49.339 [DEBUG] [org.gradle.launcher.daemon.server.Daemon] DaemonExpirationPeriodicCheck running
11:42:49.340 [DEBUG] [org.gradle.cache.internal.DefaultFileLockManager] Waiting to acquire shared lock on daemon addresses registry.
11:42:49.340 [DEBUG] [org.gradle.cache.internal.DefaultFileLockManager] Lock acquired on daemon addresses registry.
11:42:49.341 [DEBUG] [org.gradle.cache.internal.DefaultFileLockManager] Releasing lock on daemon addresses registry.
11:42:49.341 [DEBUG] [org.gradle.cache.internal.DefaultFileLockManager] Waiting to acquire shared lock on daemon addresses registry.
11:42:49.342 [DEBUG] [org.gradle.cache.internal.DefaultFileLockManager] Lock acquired on daemon addresses registry.
11:42:49.342 [DEBUG] [org.gradle.cache.internal.DefaultFileLockManager] Releasing lock on daemon addresses registry.
11:42:49.343 [DEBUG] [org.gradle.cache.internal.DefaultFileLockManager] Waiting to acquire shared lock on daemon addresses registry.
11:42:49.343 [DEBUG] [org.gradle.cache.internal.DefaultFileLockManager] Lock acquired on daemon addresses registry.
11:42:49.344 [DEBUG] [org.gradle.cache.internal.DefaultFileLockManager] Releasing lock on daemon addresses registry.
11:42:51.820 [DEBUG] [org.gradle.process.internal.health.memory.MemoryManager] Emitting OS memory status event {Total: 4059156480, Free: 208986112}
11:42:51.820 [DEBUG] [org.gradle.launcher.daemon.server.health.LowMemoryDaemonExpirationStrategy] Received memory status update: {Total: 4059156480, Free: 208986112}
11:42:51.820 [DEBUG] [org.gradle.process.internal.health.memory.MemoryManager] 405915648 memory requested, 208986112 free
11:42:51.820 [DEBUG] [org.gradle.workers.internal.WorkerDaemonExpiration] Will attempt to release 387 of memory
11:42:51.820 [DEBUG] [org.gradle.process.internal.health.memory.MemoryManager] 405915648 memory requested, 0 released, 208986112 free
11:42:51.821 [DEBUG] [org.gradle.process.internal.health.memory.MemoryManager] Emitting JVM memory status event {Maximum: 1572864000, Committed: 484442112}
11:42:53.845 [DEBUG] [org.gradle.internal.remote.internal.inet.TcpIncomingConnector] Accepted connection from /0:0:0:0:0:0:0:1:43810 to /0:0:0:0:0:0:0:1:41637.
11:42:53.976 [DEBUG] [org.gradle.launcher.daemon.server.SynchronizedDispatchConnection] thread 60: received class org.gradle.launcher.daemon.protocol.Build
11:42:53.976 [DEBUG] [org.gradle.launcher.daemon.server.DefaultDaemonConnection] thread 60: Received non-IO message from client: Build{id=ac90dabf-14e2-47e1-9e28-41a4ed590803, currentDir=/home/adolfo/Proyectos_Android/vaczine}
11:42:53.976 [INFO] [org.gradle.launcher.daemon.server.DefaultIncomingConnectionHandler] Received command: Build{id=ac90dabf-14e2-47e1-9e28-41a4ed590803, currentDir=/home/adolfo/Proyectos_Android/vaczine}.
11:42:53.976 [DEBUG] [org.gradle.launcher.daemon.server.DefaultIncomingConnectionHandler] Starting executing command: Build{id=ac90dabf-14e2-47e1-9e28-41a4ed590803, currentDir=/home/adolfo/Proyectos_Android/vaczine} with connection: socket connection from /0:0:0:0:0:0:0:1:41637 to /0:0:0:0:0:0:0:1:43810.
11:42:53.977 [ERROR] [org.gradle.launcher.daemon.server.DaemonStateCoordinator] Command execution: started DaemonCommandExecution[command = Build{id=ac90dabf-14e2-47e1-9e28-41a4ed590803, currentDir=/home/adolfo/Proyectos_Android/vaczine}, connection = DefaultDaemonConnection: socket connection from /0:0:0:0:0:0:0:1:41637 to /0:0:0:0:0:0:0:1:43810] after 1.0 minutes of idle
11:42:53.977 [INFO] [org.gradle.launcher.daemon.server.DaemonRegistryUpdater] Marking the daemon as busy, address: [94973b22-03d9-4fc2-baa4-2c3f80586140 port:41637, addresses:[/0:0:0:0:0:0:0:1%lo, /127.0.0.1]]
11:42:53.977 [DEBUG] [org.gradle.launcher.daemon.registry.PersistentDaemonRegistry] Marking busy by address: [94973b22-03d9-4fc2-baa4-2c3f80586140 port:41637, addresses:[/0:0:0:0:0:0:0:1%lo, /127.0.0.1]]
11:42:53.977 [DEBUG] [org.gradle.cache.internal.DefaultFileLockManager] Waiting to acquire exclusive lock on daemon addresses registry.
11:42:53.978 [DEBUG] [org.gradle.cache.internal.DefaultFileLockManager] Lock acquired on daemon addresses registry.
11:42:53.978 [DEBUG] [org.gradle.cache.internal.DefaultFileLockManager] Releasing lock on daemon addresses registry.
11:42:53.978 [DEBUG] [org.gradle.launcher.daemon.server.DaemonStateCoordinator] resetting idle timer
11:42:53.978 [DEBUG] [org.gradle.launcher.daemon.server.DaemonStateCoordinator] daemon is running. Sleeping until state changes.
11:42:53.979 [INFO] [org.gradle.launcher.daemon.server.exec.StartBuildOrRespondWithBusy] Daemon is about to start building Build{id=ac90dabf-14e2-47e1-9e28-41a4ed590803, currentDir=/home/adolfo/Proyectos_Android/vaczine}. Dispatching build started information...
11:42:53.979 [DEBUG] [org.gradle.launcher.daemon.server.SynchronizedDispatchConnection] thread 62: dispatching class org.gradle.launcher.daemon.protocol.BuildStarted
11:42:53.979 [DEBUG] [org.gradle.launcher.daemon.server.exec.EstablishBuildEnvironment] Configuring env variables: {PATH=/usr/local/sbin:/usr/local/bin:/usr/sbin:/usr/bin:/sbin:/bin:/usr/games:/usr/local/games:/snap/bin, XAUTHORITY=/home/adolfo/.Xauthority, GDMSESSION=mate, XDG_DATA_DIRS=/usr/share/mate:/usr/local/share:/usr/share:/var/lib/snapd/desktop, COMPIZ_CONFIG_PROFILE=mate, XDG_CONFIG_DIRS=/etc/xdg/xdg-mate:/etc/xdg, LANG=es_AR.UTF-8, XDG_SEAT_PATH=/org/freedesktop/DisplayManager/Seat0, DBUS_SESSION_BUS_ADDRESS=unix:path=/run/user/1000/bus, XDG_SESSION_TYPE=x11, XDG_SESSION_ID=c2, XDG_CURRENT_DESKTOP=MATE, QT_AUTO_SCREEN_SCALE_FACTOR=0, DISPLAY=:0, SSH_AGENT_PID=1289, SESSION_MANAGER=local/adolfo-desktop:@/tmp/.ICE-unix/1161,unix/adolfo-desktop:/tmp/.ICE-unix/1161, LOGNAME=adolfo, PWD=/home/adolfo, XDG_SESSION_CLASS=user, LANGUAGE=es_AR:es, GDM_LANG=es_AR, SHELL=/bin/bash, QT_SCALE_FACTOR=1, UBUNTU_MENUPROXY=1, GIO_LAUNCHED_DESKTOP_FILE=/home/adolfo/.local/share/applications/mozo-made-4.desktop, XDG_GREETER_DATA_DIR=/var/lib/lightdm-data/adolfo, GPG_AGENT_INFO=/run/user/1000/gnupg/S.gpg-agent:0:1, DESKTOP_SESSION=mate, OLDPWD=/home/adolfo/Android/android-studio_202111122/bin, USER=adolfo, GIO_LAUNCHED_DESKTOP_FILE_PID=12389, QT_ACCESSIBILITY=1, GTK_MODULES=appmenu-gtk-module:gail:atk-bridge:canberra-gtk-module, SSH_AUTH_SOCK=/run/user/1000/keyring/ssh, XDG_SEAT=seat0, GTK_OVERLAY_SCROLLING=0, XDG_SESSION_PATH=/org/freedesktop/DisplayManager/Session0, MATE_DESKTOP_SESSION_ID=this-is-deprecated, QT_QPA_PLATFORMTHEME=gtk2, XDG_RUNTIME_DIR=/run/user/1000, XDG_VTNR=7, XDG_SESSION_DESKTOP=mate, SHLVL=0, HOME=/home/adolfo}
11:42:53.980 [DEBUG] [org.gradle.launcher.daemon.server.exec.LogToClient] About to start relaying all logs to the client via the connection.
11:42:53.980 [INFO] [org.gradle.launcher.daemon.server.exec.LogToClient] The client will now receive all logging from the daemon (pid: 13311). The daemon log file: /home/adolfo/Proyectos_Android/vaczine/daemon/5.4.1/daemon-13311.out.log
11:42:53.981 [INFO] [org.gradle.launcher.daemon.server.exec.LogAndCheckHealth] Starting 3rd build in daemon [uptime: 10 mins 45.005 secs, performance: 100%]
11:42:53.981 [DEBUG] [org.gradle.launcher.daemon.server.exec.ExecuteBuild] The daemon has started executing the build.
11:42:53.981 [DEBUG] [org.gradle.launcher.daemon.server.exec.ExecuteBuild] Executing build with daemon context: DefaultDaemonContext[uid=470ea64d-ce20-49bc-a854-627e24a12ff5,javaHome=/home/adolfo/Android/android-studio_202111122/jre,daemonRegistryDir=/home/adolfo/Proyectos_Android/vaczine/daemon,pid=13311,idleTimeout=10800000,priority=NORMAL,daemonOpts=--add-opens,java.base/java.util=ALL-UNNAMED,--add-opens,java.base/java.lang=ALL-UNNAMED,--add-opens,java.base/java.lang.invoke=ALL-UNNAMED,--add-opens,java.prefs/java.util.prefs=ALL-UNNAMED,-Xms128m,-Xmx1500m,-Dfile.encoding=UTF-8,-Duser.country=AR,-Duser.language=es,-Duser.variant]
Note: /home/adolfo/Proyectos_Android/vaczine/core/src/com/vaczine/Game/Mundo.java uses unchecked or unsafe operations.
Note: Recompile with -Xlint:unchecked for details.
WARNING: An illegal reflective access operation has occurred
WARNING: Illegal reflective access by org.lwjgl.LWJGLUtil$3 (file:/home/adolfo/Proyectos_Android/vaczine/caches/modules-2/files-2.1/org.lwjgl.lwjgl/lwjgl/2.9.3/3df168ac74e4a8c96562cdff24ad352e255bf89c/lwjgl-2.9.3.jar) to method java.lang.ClassLoader.findLibrary(java.lang.String)
WARNING: Please consider reporting this to the maintainers of org.lwjgl.LWJGLUtil$3
WARNING: Use --illegal-access=warn to enable warnings of further illegal reflective access operations
WARNING: All illegal access operations will be denied in a future release
AdMod No implementado en descktop
AdMod No implementado en descktop
Archivo primer arranque leido
AdMod No implementado en descktop
AdMod No implementado en descktop
AdMod No implementado en descktop
AdMod No implementado en descktop
AdMod No implementado en descktop
AdMod No implementado en descktop
AdMod No implementado en descktop
AdMod No implementado en descktop
AdMod No implementado en descktop
AdMod No implementado en descktop
AL lib: (EE) alc_cleanup: 1 device not closed
#
# A fatal error has been detected by the Java Runtime Environment:
#
#  SIGSEGV (0xb) at pc=0x0000000000000000, pid=13837, tid=13884
#
# JRE version: OpenJDK Runtime Environment (11.0.11) (build 11.0.11+0-b60-7590822)
# Java VM: OpenJDK 64-Bit Server VM (11.0.11+0-b60-7590822, mixed mode, tiered, compressed oops, g1 gc, linux-amd64)
# Problematic frame:
# C  0x0000000000000000
#
# No core dump will be written. Core dumps have been disabled. To enable core dumping, try "ulimit -c unlimited" before starting Java again
#
# An error report file with more information is saved as:
# /home/adolfo/Proyectos_Android/vaczine/hs_err_pid13837.log
#
# If you would like to submit a bug report, please visit:
#   https://bugreport.java.com/bugreport/crash.jsp
#

FAILURE: Build failed with an exception.

* What went wrong:
Execution failed for task ':desktop:DesktopLauncher.main()'.
> Process 'command '/home/adolfo/Android/android-studio_202111122/jre/bin/java'' finished with non-zero exit value 134

* Try:
Run with --stacktrace option to get the stack trace. Run with --info or --debug option to get more log output. Run with --scan to get full insights.

* Get more help at https://help.gradle.org

BUILD FAILED in 2m 24s
5 actionable tasks: 4 executed, 1 up-to-date
11:45:19.096 [DEBUG] [org.gradle.launcher.daemon.server.exec.ExecuteBuild] The daemon has finished executing the build.
11:45:19.181 [DEBUG] [org.gradle.launcher.daemon.server.DaemonStateCoordinator] daemon is running. Sleeping until state changes.
11:45:19.181 [DEBUG] [org.gradle.launcher.daemon.server.DaemonStateCoordinator] Command execution: finished waiting for DaemonCommandExecution[command = Build{id=ac90dabf-14e2-47e1-9e28-41a4ed590803, currentDir=/home/adolfo/Proyectos_Android/vaczine}, connection = DefaultDaemonConnection: socket connection from /0:0:0:0:0:0:0:1:41637 to /0:0:0:0:0:0:0:1:43810]. Result org.gradle.launcher.daemon.server.DaemonStateCoordinator@1ce548ba with state Busy
11:45:19.182 [DEBUG] [org.gradle.launcher.daemon.server.DaemonStateCoordinator] Command execution: completed DaemonCommandExecution[command = Build{id=ac90dabf-14e2-47e1-9e28-41a4ed590803, currentDir=/home/adolfo/Proyectos_Android/vaczine}, connection = DefaultDaemonConnection: socket connection from /0:0:0:0:0:0:0:1:41637 to /0:0:0:0:0:0:0:1:43810]
11:45:19.182 [DEBUG] [org.gradle.launcher.daemon.server.DaemonStateCoordinator] resetting idle timer
11:45:19.182 [INFO] [org.gradle.launcher.daemon.server.DaemonRegistryUpdater] Marking the daemon as idle, address: [94973b22-03d9-4fc2-baa4-2c3f80586140 port:41637, addresses:[/0:0:0:0:0:0:0:1%lo, /127.0.0.1]]
11:45:19.182 [DEBUG] [org.gradle.launcher.daemon.registry.PersistentDaemonRegistry] Marking busy by address: [94973b22-03d9-4fc2-baa4-2c3f80586140 port:41637, addresses:[/0:0:0:0:0:0:0:1%lo, /127.0.0.1]]
11:45:19.183 [DEBUG] [org.gradle.cache.internal.DefaultFileLockManager] Waiting to acquire exclusive lock on daemon addresses registry.
11:45:19.183 [DEBUG] [org.gradle.cache.internal.DefaultFileLockManager] Lock acquired on daemon addresses registry.
11:45:19.184 [DEBUG] [org.gradle.cache.internal.DefaultFileLockManager] Releasing lock on daemon addresses registry.
11:45:19.184 [DEBUG] [org.gradle.launcher.daemon.server.DaemonStateCoordinator] daemon is running. Sleeping until state changes.
11:45:19.184 [DEBUG] [org.gradle.launcher.daemon.server.exec.ReturnResult] Daemon is dispatching the build result: Success[value=org.gradle.launcher.exec.BuildActionResult@2c114bd4]
11:45:19.185 [DEBUG] [org.gradle.launcher.daemon.server.SynchronizedDispatchConnection] thread 59: dispatching class org.gradle.launcher.daemon.protocol.Success
11:45:19.187 [DEBUG] [org.gradle.launcher.daemon.server.DefaultIncomingConnectionHandler] Finishing executing command: Build{id=ac90dabf-14e2-47e1-9e28-41a4ed590803, currentDir=/home/adolfo/Proyectos_Android/vaczine}
11:45:19.206 [DEBUG] [org.gradle.launcher.daemon.server.SynchronizedDispatchConnection] thread 60: received class org.gradle.launcher.daemon.protocol.Finished
11:45:19.207 [DEBUG] [org.gradle.launcher.daemon.server.DefaultDaemonConnection] thread 60: Received non-IO message from client: org.gradle.launcher.daemon.protocol.Finished@db51cf3
11:45:19.207 [DEBUG] [org.gradle.internal.remote.internal.inet.SocketConnection] Discarding EOFException: java.io.EOFException
11:45:19.207 [DEBUG] [org.gradle.launcher.daemon.server.SynchronizedDispatchConnection] thread 60: received null
11:45:19.207 [DEBUG] [org.gradle.launcher.daemon.server.DefaultDaemonConnection] thread 60: Received end-of-input from client.
11:45:19.207 [DEBUG] [org.gradle.launcher.daemon.server.DefaultIncomingConnectionHandler] Received finished message: null
11:45:19.207 [DEBUG] [org.gradle.launcher.daemon.server.SynchronizedDispatchConnection] thread 59: stopping connection
11:45:19.208 [DEBUG] [org.gradle.launcher.daemon.server.SynchronizedDispatchConnection] thread 59: stopping connection
11:45:19.339 [DEBUG] [org.gradle.launcher.daemon.server.Daemon] DaemonExpirationPeriodicCheck running
11:45:19.339 [DEBUG] [org.gradle.cache.internal.DefaultFileLockManager] Waiting to acquire shared lock on daemon addresses registry.
11:45:19.339 [DEBUG] [org.gradle.cache.internal.DefaultFileLockManager] Lock acquired on daemon addresses registry.
11:45:19.339 [DEBUG] [org.gradle.cache.internal.DefaultFileLockManager] Releasing lock on daemon addresses registry.
11:45:19.340 [DEBUG] [org.gradle.cache.internal.DefaultFileLockManager] Waiting to acquire shared lock on daemon addresses registry.
11:45:19.340 [DEBUG] [org.gradle.cache.internal.DefaultFileLockManager] Lock acquired on daemon addresses registry.
11:45:19.340 [DEBUG] [org.gradle.cache.internal.DefaultFileLockManager] Releasing lock on daemon addresses registry.
11:45:21.820 [DEBUG] [org.gradle.process.internal.health.memory.MemoryManager] Emitting OS memory status event {Total: 4059156480, Free: 336044032}
11:45:21.820 [DEBUG] [org.gradle.launcher.daemon.server.health.LowMemoryDaemonExpirationStrategy] Received memory status update: {Total: 4059156480, Free: 336044032}
11:45:21.820 [DEBUG] [org.gradle.process.internal.health.memory.MemoryManager] 405915648 memory requested, 336044032 free
11:45:21.820 [DEBUG] [org.gradle.workers.internal.WorkerDaemonExpiration] Will attempt to release 387 of memory
11:45:21.820 [DEBUG] [org.gradle.process.internal.health.memory.MemoryManager] 405915648 memory requested, 0 released, 336044032 free
11:45:21.820 [DEBUG] [org.gradle.process.internal.health.memory.MemoryManager] Emitting JVM memory status event {Maximum: 1572864000, Committed: 484442112}
11:45:26.820 [DEBUG] [org.gradle.process.internal.health.memory.MemoryManager] Emitting OS memory status event {Total: 4059156480, Free: 324751360}
11:45:26.820 [DEBUG] [org.gradle.launcher.daemon.server.health.LowMemoryDaemonExpirationStrategy] Received memory status update: {Total: 4059156480, Free: 324751360}
11:45:26.820 [DEBUG] [org.gradle.process.internal.health.memory.MemoryManager] 405915648 memory requested, 324751360 free
11:45:26.820 [DEBUG] [org.gradle.workers.internal.WorkerDaemonExpiration] Will attempt to release 387 of memory
11:45:26.820 [DEBUG] [org.gradle.process.internal.health.memory.MemoryManager] 405915648 memory requested, 0 released, 324751360 free
11:45:26.820 [DEBUG] [org.gradle.process.internal.health.memory.MemoryManager] Emitting JVM memory status event {Maximum: 1572864000, Committed: 484442112}
11:45:29.339 [DEBUG] [org.gradle.launcher.daemon.server.Daemon] DaemonExpirationPeriodicCheck running
11:45:29.339 [DEBUG] [org.gradle.cache.internal.DefaultFileLockManager] Waiting to acquire shared lock on daemon addresses registry.
11:45:29.339 [DEBUG] [org.gradle.cache.internal.DefaultFileLockManager] Lock acquired on daemon addresses registry.
11:45:29.340 [DEBUG] [org.gradle.cache.internal.DefaultFileLockManager] Releasing lock on daemon addresses registry.
11:45:29.340 [DEBUG] [org.gradle.cache.internal.DefaultFileLockManager] Waiting to acquire shared lock on daemon addresses registry.
11:45:29.341 [DEBUG] [org.gradle.cache.internal.DefaultFileLockManager] Lock acquired on daemon addresses registry.
11:45:29.341 [DEBUG] [org.gradle.cache.internal.DefaultFileLockManager] Releasing lock on daemon addresses registry.
11:45:29.342 [DEBUG] [org.gradle.cache.internal.DefaultFileLockManager] Waiting to acquire shared lock on daemon addresses registry.
11:45:29.342 [DEBUG] [org.gradle.cache.internal.DefaultFileLockManager] Lock acquired on daemon addresses registry.
11:45:29.342 [DEBUG] [org.gradle.cache.internal.DefaultFileLockManager] Releasing lock on daemon addresses registry.
11:45:31.819 [DEBUG] [org.gradle.process.internal.health.memory.MemoryManager] Emitting OS memory status event {Total: 4059156480, Free: 330678272}
11:45:31.820 [DEBUG] [org.gradle.launcher.daemon.server.health.LowMemoryDaemonExpirationStrategy] Received memory status update: {Total: 4059156480, Free: 330678272}
11:45:31.820 [DEBUG] [org.gradle.process.internal.health.memory.MemoryManager] 405915648 memory requested, 330678272 free
11:45:31.820 [DEBUG] [org.gradle.workers.internal.WorkerDaemonExpiration] Will attempt to release 387 of memory
11:45:31.820 [DEBUG] [org.gradle.process.internal.health.memory.MemoryManager] 405915648 memory requested, 0 released, 330678272 free
11:45:31.820 [DEBUG] [org.gradle.process.internal.health.memory.MemoryManager] Emitting JVM memory status event {Maximum: 1572864000, Committed: 484442112}
11:45:36.820 [DEBUG] [org.gradle.process.internal.health.memory.MemoryManager] Emitting OS memory status event {Total: 4059156480, Free: 329928704}
11:45:36.820 [DEBUG] [org.gradle.launcher.daemon.server.health.LowMemoryDaemonExpirationStrategy] Received memory status update: {Total: 4059156480, Free: 329928704}
11:45:36.820 [DEBUG] [org.gradle.process.internal.health.memory.MemoryManager] 405915648 memory requested, 329928704 free
11:45:36.820 [DEBUG] [org.gradle.workers.internal.WorkerDaemonExpiration] Will attempt to release 387 of memory
11:45:36.820 [DEBUG] [org.gradle.process.internal.health.memory.MemoryManager] 405915648 memory requested, 0 released, 329928704 free
11:45:36.820 [DEBUG] [org.gradle.process.internal.health.memory.MemoryManager] Emitting JVM memory status event {Maximum: 1572864000, Committed: 484442112}
11:45:39.339 [DEBUG] [org.gradle.launcher.daemon.server.Daemon] DaemonExpirationPeriodicCheck running
11:45:39.339 [DEBUG] [org.gradle.cache.internal.DefaultFileLockManager] Waiting to acquire shared lock on daemon addresses registry.
11:45:39.339 [DEBUG] [org.gradle.cache.internal.DefaultFileLockManager] Lock acquired on daemon addresses registry.
11:45:39.339 [DEBUG] [org.gradle.cache.internal.DefaultFileLockManager] Releasing lock on daemon addresses registry.
11:45:39.340 [DEBUG] [org.gradle.cache.internal.DefaultFileLockManager] Waiting to acquire shared lock on daemon addresses registry.
11:45:39.340 [DEBUG] [org.gradle.cache.internal.DefaultFileLockManager] Lock acquired on daemon addresses registry.
11:45:39.340 [DEBUG] [org.gradle.cache.internal.DefaultFileLockManager] Releasing lock on daemon addresses registry.
11:45:39.340 [DEBUG] [org.gradle.cache.internal.DefaultFileLockManager] Waiting to acquire shared lock on daemon addresses registry.
11:45:39.340 [DEBUG] [org.gradle.cache.internal.DefaultFileLockManager] Lock acquired on daemon addresses registry.
11:45:39.340 [DEBUG] [org.gradle.cache.internal.DefaultFileLockManager] Releasing lock on daemon addresses registry.
11:45:41.820 [DEBUG] [org.gradle.process.internal.health.memory.MemoryManager] Emitting OS memory status event {Total: 4059156480, Free: 339410944}
11:45:41.820 [DEBUG] [org.gradle.launcher.daemon.server.health.LowMemoryDaemonExpirationStrategy] Received memory status update: {Total: 4059156480, Free: 339410944}
11:45:41.820 [DEBUG] [org.gradle.process.internal.health.memory.MemoryManager] 405915648 memory requested, 339410944 free
11:45:41.820 [DEBUG] [org.gradle.workers.internal.WorkerDaemonExpiration] Will attempt to release 387 of memory
11:45:41.820 [DEBUG] [org.gradle.process.internal.health.memory.MemoryManager] 405915648 memory requested, 0 released, 339410944 free
11:45:41.820 [DEBUG] [org.gradle.process.internal.health.memory.MemoryManager] Emitting JVM memory status event {Maximum: 1572864000, Committed: 484442112}
11:45:46.820 [DEBUG] [org.gradle.process.internal.health.memory.MemoryManager] Emitting OS memory status event {Total: 4059156480, Free: 332181504}
11:45:46.820 [DEBUG] [org.gradle.launcher.daemon.server.health.LowMemoryDaemonExpirationStrategy] Received memory status update: {Total: 4059156480, Free: 332181504}
11:45:46.820 [DEBUG] [org.gradle.process.internal.health.memory.MemoryManager] 405915648 memory requested, 332181504 free
11:45:46.820 [DEBUG] [org.gradle.workers.internal.WorkerDaemonExpiration] Will attempt to release 387 of memory
11:45:46.820 [DEBUG] [org.gradle.process.internal.health.memory.MemoryManager] 405915648 memory requested, 0 released, 332181504 free
11:45:46.820 [DEBUG] [org.gradle.process.internal.health.memory.MemoryManager] Emitting JVM memory status event {Maximum: 1572864000, Committed: 484442112}
11:45:49.339 [DEBUG] [org.gradle.launcher.daemon.server.Daemon] DaemonExpirationPeriodicCheck running
11:45:49.340 [DEBUG] [org.gradle.cache.internal.DefaultFileLockManager] Waiting to acquire shared lock on daemon addresses registry.
11:45:49.340 [DEBUG] [org.gradle.cache.internal.DefaultFileLockManager] Lock acquired on daemon addresses registry.
11:45:49.340 [DEBUG] [org.gradle.cache.internal.DefaultFileLockManager] Releasing lock on daemon addresses registry.
11:45:49.340 [DEBUG] [org.gradle.cache.internal.DefaultFileLockManager] Waiting to acquire shared lock on daemon addresses registry.
11:45:49.341 [DEBUG] [org.gradle.cache.internal.DefaultFileLockManager] Lock acquired on daemon addresses registry.
11:45:49.341 [DEBUG] [org.gradle.cache.internal.DefaultFileLockManager] Releasing lock on daemon addresses registry.
11:45:49.341 [DEBUG] [org.gradle.cache.internal.DefaultFileLockManager] Waiting to acquire shared lock on daemon addresses registry.
11:45:49.341 [DEBUG] [org.gradle.cache.internal.DefaultFileLockManager] Lock acquired on daemon addresses registry.
11:45:49.341 [DEBUG] [org.gradle.cache.internal.DefaultFileLockManager] Releasing lock on daemon addresses registry.
11:45:51.820 [DEBUG] [org.gradle.process.internal.health.memory.MemoryManager] Emitting OS memory status event {Total: 4059156480, Free: 331862016}
11:45:51.820 [DEBUG] [org.gradle.launcher.daemon.server.health.LowMemoryDaemonExpirationStrategy] Received memory status update: {Total: 4059156480, Free: 331862016}
11:45:51.820 [DEBUG] [org.gradle.process.internal.health.memory.MemoryManager] 405915648 memory requested, 331862016 free
11:45:51.820 [DEBUG] [org.gradle.workers.internal.WorkerDaemonExpiration] Will attempt to release 387 of memory
11:45:51.820 [DEBUG] [org.gradle.process.internal.health.memory.MemoryManager] 405915648 memory requested, 0 released, 331862016 free
11:45:51.820 [DEBUG] [org.gradle.process.internal.health.memory.MemoryManager] Emitting JVM memory status event {Maximum: 1572864000, Committed: 484442112}
11:45:56.820 [DEBUG] [org.gradle.process.internal.health.memory.MemoryManager] Emitting OS memory status event {Total: 4059156480, Free: 312074240}
11:45:56.820 [DEBUG] [org.gradle.launcher.daemon.server.health.LowMemoryDaemonExpirationStrategy] Received memory status update: {Total: 4059156480, Free: 312074240}
11:45:56.820 [DEBUG] [org.gradle.process.internal.health.memory.MemoryManager] 405915648 memory requested, 312074240 free
11:45:56.820 [DEBUG] [org.gradle.workers.internal.WorkerDaemonExpiration] Will attempt to release 387 of memory
11:45:56.820 [DEBUG] [org.gradle.process.internal.health.memory.MemoryManager] 405915648 memory requested, 0 released, 312074240 free
11:45:56.820 [DEBUG] [org.gradle.process.internal.health.memory.MemoryManager] Emitting JVM memory status event {Maximum: 1572864000, Committed: 484442112}
11:45:59.339 [DEBUG] [org.gradle.launcher.daemon.server.Daemon] DaemonExpirationPeriodicCheck running
11:45:59.340 [DEBUG] [org.gradle.cache.internal.DefaultFileLockManager] Waiting to acquire shared lock on daemon addresses registry.
11:45:59.340 [DEBUG] [org.gradle.cache.internal.DefaultFileLockManager] Lock acquired on daemon addresses registry.
11:45:59.340 [DEBUG] [org.gradle.cache.internal.DefaultFileLockManager] Releasing lock on daemon addresses registry.
11:45:59.340 [DEBUG] [org.gradle.cache.internal.DefaultFileLockManager] Waiting to acquire shared lock on daemon addresses registry.
11:45:59.340 [DEBUG] [org.gradle.cache.internal.DefaultFileLockManager] Lock acquired on daemon addresses registry.
11:45:59.341 [DEBUG] [org.gradle.cache.internal.DefaultFileLockManager] Releasing lock on daemon addresses registry.
11:45:59.341 [DEBUG] [org.gradle.cache.internal.DefaultFileLockManager] Waiting to acquire shared lock on daemon addresses registry.
11:45:59.341 [DEBUG] [org.gradle.cache.internal.DefaultFileLockManager] Lock acquired on daemon addresses registry.
11:45:59.341 [DEBUG] [org.gradle.cache.internal.DefaultFileLockManager] Releasing lock on daemon addresses registry.
11:46:01.820 [DEBUG] [org.gradle.process.internal.health.memory.MemoryManager] Emitting OS memory status event {Total: 4059156480, Free: 305324032}
11:46:01.820 [DEBUG] [org.gradle.launcher.daemon.server.health.LowMemoryDaemonExpirationStrategy] Received memory status update: {Total: 4059156480, Free: 305324032}
11:46:01.820 [DEBUG] [org.gradle.process.internal.health.memory.MemoryManager] 405915648 memory requested, 305324032 free
11:46:01.821 [DEBUG] [org.gradle.workers.internal.WorkerDaemonExpiration] Will attempt to release 387 of memory
11:46:01.821 [DEBUG] [org.gradle.process.internal.health.memory.MemoryManager] 405915648 memory requested, 0 released, 305324032 free
11:46:01.821 [DEBUG] [org.gradle.process.internal.health.memory.MemoryManager] Emitting JVM memory status event {Maximum: 1572864000, Committed: 484442112}
11:46:06.820 [DEBUG] [org.gradle.process.internal.health.memory.MemoryManager] Emitting OS memory status event {Total: 4059156480, Free: 304836608}
11:46:06.820 [DEBUG] [org.gradle.launcher.daemon.server.health.LowMemoryDaemonExpirationStrategy] Received memory status update: {Total: 4059156480, Free: 304836608}
11:46:06.820 [DEBUG] [org.gradle.process.internal.health.memory.MemoryManager] 405915648 memory requested, 304836608 free
11:46:06.820 [DEBUG] [org.gradle.workers.internal.WorkerDaemonExpiration] Will attempt to release 387 of memory
11:46:06.821 [DEBUG] [org.gradle.process.internal.health.memory.MemoryManager] 405915648 memory requested, 0 released, 304836608 free
11:46:06.821 [DEBUG] [org.gradle.process.internal.health.memory.MemoryManager] Emitting JVM memory status event {Maximum: 1572864000, Committed: 484442112}
11:46:09.339 [DEBUG] [org.gradle.launcher.daemon.server.Daemon] DaemonExpirationPeriodicCheck running
11:46:09.339 [DEBUG] [org.gradle.cache.internal.DefaultFileLockManager] Waiting to acquire shared lock on daemon addresses registry.
11:46:09.340 [DEBUG] [org.gradle.cache.internal.DefaultFileLockManager] Lock acquired on daemon addresses registry.
11:46:09.340 [DEBUG] [org.gradle.cache.internal.DefaultFileLockManager] Releasing lock on daemon addresses registry.
11:46:09.340 [DEBUG] [org.gradle.cache.internal.DefaultFileLockManager] Waiting to acquire shared lock on daemon addresses registry.
11:46:09.340 [DEBUG] [org.gradle.cache.internal.DefaultFileLockManager] Lock acquired on daemon addresses registry.
11:46:09.340 [DEBUG] [org.gradle.cache.internal.DefaultFileLockManager] Releasing lock on daemon addresses registry.
11:46:09.340 [DEBUG] [org.gradle.cache.internal.DefaultFileLockManager] Waiting to acquire shared lock on daemon addresses registry.
11:46:09.340 [DEBUG] [org.gradle.cache.internal.DefaultFileLockManager] Lock acquired on daemon addresses registry.
11:46:09.340 [DEBUG] [org.gradle.cache.internal.DefaultFileLockManager] Releasing lock on daemon addresses registry.
11:46:11.820 [DEBUG] [org.gradle.process.internal.health.memory.MemoryManager] Emitting OS memory status event {Total: 4059156480, Free: 302632960}
11:46:11.820 [DEBUG] [org.gradle.launcher.daemon.server.health.LowMemoryDaemonExpirationStrategy] Received memory status update: {Total: 4059156480, Free: 302632960}
11:46:11.820 [DEBUG] [org.gradle.process.internal.health.memory.MemoryManager] 405915648 memory requested, 302632960 free
11:46:11.820 [DEBUG] [org.gradle.workers.internal.WorkerDaemonExpiration] Will attempt to release 387 of memory
11:46:11.820 [DEBUG] [org.gradle.process.internal.health.memory.MemoryManager] 405915648 memory requested, 0 released, 302632960 free
11:46:11.820 [DEBUG] [org.gradle.process.internal.health.memory.MemoryManager] Emitting JVM memory status event {Maximum: 1572864000, Committed: 484442112}
11:46:16.820 [DEBUG] [org.gradle.process.internal.health.memory.MemoryManager] Emitting OS memory status event {Total: 4059156480, Free: 310349824}
11:46:16.820 [DEBUG] [org.gradle.launcher.daemon.server.health.LowMemoryDaemonExpirationStrategy] Received memory status update: {Total: 4059156480, Free: 310349824}
11:46:16.820 [DEBUG] [org.gradle.process.internal.health.memory.MemoryManager] 405915648 memory requested, 310349824 free
11:46:16.820 [DEBUG] [org.gradle.workers.internal.WorkerDaemonExpiration] Will attempt to release 387 of memory
11:46:16.820 [DEBUG] [org.gradle.process.internal.health.memory.MemoryManager] 405915648 memory requested, 0 released, 310349824 free
11:46:16.821 [DEBUG] [org.gradle.process.internal.health.memory.MemoryManager] Emitting JVM memory status event {Maximum: 1572864000, Committed: 484442112}
11:46:19.339 [DEBUG] [org.gradle.launcher.daemon.server.Daemon] DaemonExpirationPeriodicCheck running
11:46:19.339 [DEBUG] [org.gradle.cache.internal.DefaultFileLockManager] Waiting to acquire shared lock on daemon addresses registry.
11:46:19.339 [DEBUG] [org.gradle.cache.internal.DefaultFileLockManager] Lock acquired on daemon addresses registry.
11:46:19.339 [DEBUG] [org.gradle.cache.internal.DefaultFileLockManager] Releasing lock on daemon addresses registry.
11:46:19.339 [DEBUG] [org.gradle.cache.internal.DefaultFileLockManager] Waiting to acquire shared lock on daemon addresses registry.
11:46:19.340 [DEBUG] [org.gradle.cache.internal.DefaultFileLockManager] Lock acquired on daemon addresses registry.
11:46:19.340 [DEBUG] [org.gradle.cache.internal.DefaultFileLockManager] Releasing lock on daemon addresses registry.
11:46:19.340 [DEBUG] [org.gradle.cache.internal.DefaultFileLockManager] Waiting to acquire shared lock on daemon addresses registry.
11:46:19.340 [DEBUG] [org.gradle.cache.internal.DefaultFileLockManager] Lock acquired on daemon addresses registry.
11:46:19.340 [DEBUG] [org.gradle.cache.internal.DefaultFileLockManager] Releasing lock on daemon addresses registry.
11:46:21.819 [DEBUG] [org.gradle.process.internal.health.memory.MemoryManager] Emitting OS memory status event {Total: 4059156480, Free: 312213504}
11:46:21.819 [DEBUG] [org.gradle.launcher.daemon.server.health.LowMemoryDaemonExpirationStrategy] Received memory status update: {Total: 4059156480, Free: 312213504}
11:46:21.819 [DEBUG] [org.gradle.process.internal.health.memory.MemoryManager] 405915648 memory requested, 312213504 free
11:46:21.819 [DEBUG] [org.gradle.workers.internal.WorkerDaemonExpiration] Will attempt to release 387 of memory
11:46:21.819 [DEBUG] [org.gradle.process.internal.health.memory.MemoryManager] 405915648 memory requested, 0 released, 312213504 free
11:46:21.819 [DEBUG] [org.gradle.process.internal.health.memory.MemoryManager] Emitting JVM memory status event {Maximum: 1572864000, Committed: 484442112}
11:46:26.820 [DEBUG] [org.gradle.process.internal.health.memory.MemoryManager] Emitting OS memory status event {Total: 4059156480, Free: 314875904}
11:46:26.820 [DEBUG] [org.gradle.launcher.daemon.server.health.LowMemoryDaemonExpirationStrategy] Received memory status update: {Total: 4059156480, Free: 314875904}
11:46:26.820 [DEBUG] [org.gradle.process.internal.health.memory.MemoryManager] 405915648 memory requested, 314875904 free
11:46:26.820 [DEBUG] [org.gradle.workers.internal.WorkerDaemonExpiration] Will attempt to release 387 of memory
11:46:26.820 [DEBUG] [org.gradle.process.internal.health.memory.MemoryManager] 405915648 memory requested, 0 released, 314875904 free
11:46:26.820 [DEBUG] [org.gradle.process.internal.health.memory.MemoryManager] Emitting JVM memory status event {Maximum: 1572864000, Committed: 484442112}
11:46:29.339 [DEBUG] [org.gradle.launcher.daemon.server.Daemon] DaemonExpirationPeriodicCheck running
11:46:29.339 [DEBUG] [org.gradle.cache.internal.DefaultFileLockManager] Waiting to acquire shared lock on daemon addresses registry.
11:46:29.339 [DEBUG] [org.gradle.cache.internal.DefaultFileLockManager] Lock acquired on daemon addresses registry.
11:46:29.340 [DEBUG] [org.gradle.cache.internal.DefaultFileLockManager] Releasing lock on daemon addresses registry.
11:46:29.340 [DEBUG] [org.gradle.cache.internal.DefaultFileLockManager] Waiting to acquire shared lock on daemon addresses registry.
11:46:29.340 [DEBUG] [org.gradle.cache.internal.DefaultFileLockManager] Lock acquired on daemon addresses registry.
11:46:29.340 [DEBUG] [org.gradle.cache.internal.DefaultFileLockManager] Releasing lock on daemon addresses registry.
11:46:29.340 [DEBUG] [org.gradle.cache.internal.DefaultFileLockManager] Waiting to acquire shared lock on daemon addresses registry.
11:46:29.340 [DEBUG] [org.gradle.cache.internal.DefaultFileLockManager] Lock acquired on daemon addresses registry.
11:46:29.341 [DEBUG] [org.gradle.cache.internal.DefaultFileLockManager] Releasing lock on daemon addresses registry.
11:46:31.820 [DEBUG] [org.gradle.process.internal.health.memory.MemoryManager] Emitting OS memory status event {Total: 4059156480, Free: 312979456}
11:46:31.820 [DEBUG] [org.gradle.launcher.daemon.server.health.LowMemoryDaemonExpirationStrategy] Received memory status update: {Total: 4059156480, Free: 312979456}
11:46:31.820 [DEBUG] [org.gradle.process.internal.health.memory.MemoryManager] 405915648 memory requested, 312979456 free
11:46:31.820 [DEBUG] [org.gradle.workers.internal.WorkerDaemonExpiration] Will attempt to release 387 of memory
11:46:31.820 [DEBUG] [org.gradle.process.internal.health.memory.MemoryManager] 405915648 memory requested, 0 released, 312979456 free
11:46:31.820 [DEBUG] [org.gradle.process.internal.health.memory.MemoryManager] Emitting JVM memory status event {Maximum: 1572864000, Committed: 484442112}
11:46:36.820 [DEBUG] [org.gradle.process.internal.health.memory.MemoryManager] Emitting OS memory status event {Total: 4059156480, Free: 307634176}
11:46:36.820 [DEBUG] [org.gradle.launcher.daemon.server.health.LowMemoryDaemonExpirationStrategy] Received memory status update: {Total: 4059156480, Free: 307634176}
11:46:36.820 [DEBUG] [org.gradle.process.internal.health.memory.MemoryManager] 405915648 memory requested, 307634176 free
11:46:36.820 [DEBUG] [org.gradle.workers.internal.WorkerDaemonExpiration] Will attempt to release 387 of memory
11:46:36.820 [DEBUG] [org.gradle.process.internal.health.memory.MemoryManager] 405915648 memory requested, 0 released, 307634176 free
11:46:36.820 [DEBUG] [org.gradle.process.internal.health.memory.MemoryManager] Emitting JVM memory status event {Maximum: 1572864000, Committed: 484442112}
11:46:37.205 [DEBUG] [org.gradle.internal.remote.internal.inet.TcpIncomingConnector] Accepted connection from /0:0:0:0:0:0:0:1:57452 to /0:0:0:0:0:0:0:1:41637.
11:46:37.225 [DEBUG] [org.gradle.launcher.daemon.server.SynchronizedDispatchConnection] thread 91: received class org.gradle.launcher.daemon.protocol.Build
11:46:37.226 [DEBUG] [org.gradle.launcher.daemon.server.DefaultDaemonConnection] thread 91: Received non-IO message from client: Build{id=382635ba-b042-4494-a8be-ba13036f7e4c, currentDir=/home/adolfo/Proyectos_Android/vaczine}
11:46:37.226 [INFO] [org.gradle.launcher.daemon.server.DefaultIncomingConnectionHandler] Received command: Build{id=382635ba-b042-4494-a8be-ba13036f7e4c, currentDir=/home/adolfo/Proyectos_Android/vaczine}.
11:46:37.226 [DEBUG] [org.gradle.launcher.daemon.server.DefaultIncomingConnectionHandler] Starting executing command: Build{id=382635ba-b042-4494-a8be-ba13036f7e4c, currentDir=/home/adolfo/Proyectos_Android/vaczine} with connection: socket connection from /0:0:0:0:0:0:0:1:41637 to /0:0:0:0:0:0:0:1:57452.
11:46:37.226 [ERROR] [org.gradle.launcher.daemon.server.DaemonStateCoordinator] Command execution: started DaemonCommandExecution[command = Build{id=382635ba-b042-4494-a8be-ba13036f7e4c, currentDir=/home/adolfo/Proyectos_Android/vaczine}, connection = DefaultDaemonConnection: socket connection from /0:0:0:0:0:0:0:1:41637 to /0:0:0:0:0:0:0:1:57452] after 1.0 minutes of idle
11:46:37.226 [INFO] [org.gradle.launcher.daemon.server.DaemonRegistryUpdater] Marking the daemon as busy, address: [94973b22-03d9-4fc2-baa4-2c3f80586140 port:41637, addresses:[/0:0:0:0:0:0:0:1%lo, /127.0.0.1]]
11:46:37.226 [DEBUG] [org.gradle.launcher.daemon.registry.PersistentDaemonRegistry] Marking busy by address: [94973b22-03d9-4fc2-baa4-2c3f80586140 port:41637, addresses:[/0:0:0:0:0:0:0:1%lo, /127.0.0.1]]
11:46:37.226 [DEBUG] [org.gradle.cache.internal.DefaultFileLockManager] Waiting to acquire exclusive lock on daemon addresses registry.
11:46:37.227 [DEBUG] [org.gradle.cache.internal.DefaultFileLockManager] Lock acquired on daemon addresses registry.
11:46:37.227 [DEBUG] [org.gradle.cache.internal.DefaultFileLockManager] Releasing lock on daemon addresses registry.
11:46:37.227 [DEBUG] [org.gradle.launcher.daemon.server.DaemonStateCoordinator] resetting idle timer
11:46:37.227 [DEBUG] [org.gradle.launcher.daemon.server.DaemonStateCoordinator] daemon is running. Sleeping until state changes.
11:46:37.228 [INFO] [org.gradle.launcher.daemon.server.exec.StartBuildOrRespondWithBusy] Daemon is about to start building Build{id=382635ba-b042-4494-a8be-ba13036f7e4c, currentDir=/home/adolfo/Proyectos_Android/vaczine}. Dispatching build started information...
11:46:37.228 [DEBUG] [org.gradle.launcher.daemon.server.SynchronizedDispatchConnection] thread 93: dispatching class org.gradle.launcher.daemon.protocol.BuildStarted
11:46:37.228 [DEBUG] [org.gradle.launcher.daemon.server.exec.EstablishBuildEnvironment] Configuring env variables: {PATH=/usr/local/sbin:/usr/local/bin:/usr/sbin:/usr/bin:/sbin:/bin:/usr/games:/usr/local/games:/snap/bin, XAUTHORITY=/home/adolfo/.Xauthority, GDMSESSION=mate, XDG_DATA_DIRS=/usr/share/mate:/usr/local/share:/usr/share:/var/lib/snapd/desktop, COMPIZ_CONFIG_PROFILE=mate, XDG_CONFIG_DIRS=/etc/xdg/xdg-mate:/etc/xdg, LANG=es_AR.UTF-8, XDG_SEAT_PATH=/org/freedesktop/DisplayManager/Seat0, DBUS_SESSION_BUS_ADDRESS=unix:path=/run/user/1000/bus, XDG_SESSION_TYPE=x11, XDG_SESSION_ID=c2, XDG_CURRENT_DESKTOP=MATE, QT_AUTO_SCREEN_SCALE_FACTOR=0, DISPLAY=:0, SSH_AGENT_PID=1289, SESSION_MANAGER=local/adolfo-desktop:@/tmp/.ICE-unix/1161,unix/adolfo-desktop:/tmp/.ICE-unix/1161, LOGNAME=adolfo, PWD=/home/adolfo, XDG_SESSION_CLASS=user, LANGUAGE=es_AR:es, GDM_LANG=es_AR, SHELL=/bin/bash, QT_SCALE_FACTOR=1, UBUNTU_MENUPROXY=1, GIO_LAUNCHED_DESKTOP_FILE=/home/adolfo/.local/share/applications/mozo-made-4.desktop, XDG_GREETER_DATA_DIR=/var/lib/lightdm-data/adolfo, GPG_AGENT_INFO=/run/user/1000/gnupg/S.gpg-agent:0:1, DESKTOP_SESSION=mate, OLDPWD=/home/adolfo/Android/android-studio_202111122/bin, USER=adolfo, GIO_LAUNCHED_DESKTOP_FILE_PID=12389, QT_ACCESSIBILITY=1, GTK_MODULES=appmenu-gtk-module:gail:atk-bridge:canberra-gtk-module, SSH_AUTH_SOCK=/run/user/1000/keyring/ssh, XDG_SEAT=seat0, GTK_OVERLAY_SCROLLING=0, XDG_SESSION_PATH=/org/freedesktop/DisplayManager/Session0, MATE_DESKTOP_SESSION_ID=this-is-deprecated, QT_QPA_PLATFORMTHEME=gtk2, XDG_RUNTIME_DIR=/run/user/1000, XDG_VTNR=7, XDG_SESSION_DESKTOP=mate, SHLVL=0, HOME=/home/adolfo}
11:46:37.229 [DEBUG] [org.gradle.launcher.daemon.server.exec.LogToClient] About to start relaying all logs to the client via the connection.
11:46:37.229 [INFO] [org.gradle.launcher.daemon.server.exec.LogToClient] The client will now receive all logging from the daemon (pid: 13311). The daemon log file: /home/adolfo/Proyectos_Android/vaczine/daemon/5.4.1/daemon-13311.out.log
11:46:37.230 [INFO] [org.gradle.launcher.daemon.server.exec.LogAndCheckHealth] Starting 4th build in daemon [uptime: 14 mins 28.254 secs, performance: 100%]
11:46:37.231 [DEBUG] [org.gradle.launcher.daemon.server.exec.ExecuteBuild] The daemon has started executing the build.
11:46:37.231 [DEBUG] [org.gradle.launcher.daemon.server.exec.ExecuteBuild] Executing build with daemon context: DefaultDaemonContext[uid=470ea64d-ce20-49bc-a854-627e24a12ff5,javaHome=/home/adolfo/Android/android-studio_202111122/jre,daemonRegistryDir=/home/adolfo/Proyectos_Android/vaczine/daemon,pid=13311,idleTimeout=10800000,priority=NORMAL,daemonOpts=--add-opens,java.base/java.util=ALL-UNNAMED,--add-opens,java.base/java.lang=ALL-UNNAMED,--add-opens,java.base/java.lang.invoke=ALL-UNNAMED,--add-opens,java.prefs/java.util.prefs=ALL-UNNAMED,-Xms128m,-Xmx1500m,-Dfile.encoding=UTF-8,-Duser.country=AR,-Duser.language=es,-Duser.variant]
11:46:37.231 [DEBUG] [org.gradle.launcher.daemon.server.SynchronizedDispatchConnection] thread 91: received class org.gradle.launcher.daemon.protocol.CloseInput
11:46:37.231 [DEBUG] [org.gradle.launcher.daemon.server.DefaultDaemonConnection] thread 91: Received IO message from client: org.gradle.launcher.daemon.protocol.CloseInput@6a2053fc
11:46:37.231 [INFO] [org.gradle.launcher.daemon.server.exec.ForwardClientInput] Closing daemon's stdin at end of input.
11:46:37.231 [INFO] [org.gradle.launcher.daemon.server.exec.ForwardClientInput] The daemon will no longer process any standard input.
WARNING: An illegal reflective access operation has occurred
WARNING: Illegal reflective access by org.lwjgl.LWJGLUtil$3 (file:/home/adolfo/Proyectos_Android/vaczine/caches/modules-2/files-2.1/org.lwjgl.lwjgl/lwjgl/2.9.3/3df168ac74e4a8c96562cdff24ad352e255bf89c/lwjgl-2.9.3.jar) to method java.lang.ClassLoader.findLibrary(java.lang.String)
WARNING: Please consider reporting this to the maintainers of org.lwjgl.LWJGLUtil$3
WARNING: Use --illegal-access=warn to enable warnings of further illegal reflective access operations
WARNING: All illegal access operations will be denied in a future release
AdMod No implementado en descktop
AdMod No implementado en descktop
Archivo primer arranque leido

FAILURE: Build failed with an exception.

* What went wrong:
Execution failed for task ':desktop:DesktopLauncher.main()'.
> Process 'command '/home/adolfo/Android/android-studio_202111122/jre/bin/java'' finished with non-zero exit value 255

* Try:
Run with --stacktrace option to get the stack trace. Run with --info or --debug option to get more log output. Run with --scan to get full insights.

* Get more help at https://help.gradle.org

BUILD FAILED in 1m 1s
5 actionable tasks: 1 executed, 4 up-to-date
11:47:38.683 [DEBUG] [org.gradle.launcher.daemon.server.exec.ExecuteBuild] The daemon has finished executing the build.
11:47:38.685 [DEBUG] [org.gradle.launcher.daemon.server.DaemonStateCoordinator] daemon is running. Sleeping until state changes.
11:47:38.685 [DEBUG] [org.gradle.launcher.daemon.server.DaemonStateCoordinator] Command execution: finished waiting for DaemonCommandExecution[command = Build{id=382635ba-b042-4494-a8be-ba13036f7e4c, currentDir=/home/adolfo/Proyectos_Android/vaczine}, connection = DefaultDaemonConnection: socket connection from /0:0:0:0:0:0:0:1:41637 to /0:0:0:0:0:0:0:1:57452]. Result org.gradle.launcher.daemon.server.DaemonStateCoordinator@1ce548ba with state Busy
11:47:38.685 [DEBUG] [org.gradle.launcher.daemon.server.DaemonStateCoordinator] Command execution: completed DaemonCommandExecution[command = Build{id=382635ba-b042-4494-a8be-ba13036f7e4c, currentDir=/home/adolfo/Proyectos_Android/vaczine}, connection = DefaultDaemonConnection: socket connection from /0:0:0:0:0:0:0:1:41637 to /0:0:0:0:0:0:0:1:57452]
11:47:38.685 [DEBUG] [org.gradle.launcher.daemon.server.DaemonStateCoordinator] resetting idle timer
11:47:38.686 [INFO] [org.gradle.launcher.daemon.server.DaemonRegistryUpdater] Marking the daemon as idle, address: [94973b22-03d9-4fc2-baa4-2c3f80586140 port:41637, addresses:[/0:0:0:0:0:0:0:1%lo, /127.0.0.1]]
11:47:38.686 [DEBUG] [org.gradle.launcher.daemon.registry.PersistentDaemonRegistry] Marking busy by address: [94973b22-03d9-4fc2-baa4-2c3f80586140 port:41637, addresses:[/0:0:0:0:0:0:0:1%lo, /127.0.0.1]]
11:47:38.686 [DEBUG] [org.gradle.cache.internal.DefaultFileLockManager] Waiting to acquire exclusive lock on daemon addresses registry.
11:47:38.686 [DEBUG] [org.gradle.cache.internal.DefaultFileLockManager] Lock acquired on daemon addresses registry.
11:47:38.686 [DEBUG] [org.gradle.cache.internal.DefaultFileLockManager] Releasing lock on daemon addresses registry.
11:47:38.686 [DEBUG] [org.gradle.launcher.daemon.server.DaemonStateCoordinator] daemon is running. Sleeping until state changes.
11:47:38.686 [DEBUG] [org.gradle.launcher.daemon.server.exec.ReturnResult] Daemon is dispatching the build result: Success[value=org.gradle.launcher.exec.BuildActionResult@329e2757]
11:47:38.686 [DEBUG] [org.gradle.launcher.daemon.server.SynchronizedDispatchConnection] thread 90: dispatching class org.gradle.launcher.daemon.protocol.Success
11:47:38.687 [DEBUG] [org.gradle.launcher.daemon.server.DefaultIncomingConnectionHandler] Finishing executing command: Build{id=382635ba-b042-4494-a8be-ba13036f7e4c, currentDir=/home/adolfo/Proyectos_Android/vaczine}
11:47:38.694 [DEBUG] [org.gradle.launcher.daemon.server.SynchronizedDispatchConnection] thread 91: received class org.gradle.launcher.daemon.protocol.Finished
11:47:38.695 [DEBUG] [org.gradle.launcher.daemon.server.DefaultDaemonConnection] thread 91: Received non-IO message from client: org.gradle.launcher.daemon.protocol.Finished@64e7b0c8
11:47:38.695 [DEBUG] [org.gradle.launcher.daemon.server.DefaultIncomingConnectionHandler] Received finished message: org.gradle.launcher.daemon.protocol.Finished@64e7b0c8
11:47:38.695 [DEBUG] [org.gradle.internal.remote.internal.inet.SocketConnection] Discarding EOFException: java.io.EOFException
11:47:38.695 [DEBUG] [org.gradle.launcher.daemon.server.SynchronizedDispatchConnection] thread 90: stopping connection
11:47:38.695 [DEBUG] [org.gradle.launcher.daemon.server.SynchronizedDispatchConnection] thread 91: received null
11:47:38.695 [DEBUG] [org.gradle.launcher.daemon.server.DefaultDaemonConnection] thread 91: Received end-of-input from client.
11:47:38.696 [DEBUG] [org.gradle.launcher.daemon.server.SynchronizedDispatchConnection] thread 90: stopping connection
11:47:39.339 [DEBUG] [org.gradle.launcher.daemon.server.Daemon] DaemonExpirationPeriodicCheck running
11:47:39.339 [DEBUG] [org.gradle.cache.internal.DefaultFileLockManager] Waiting to acquire shared lock on daemon addresses registry.
11:47:39.339 [DEBUG] [org.gradle.cache.internal.DefaultFileLockManager] Lock acquired on daemon addresses registry.
11:47:39.339 [DEBUG] [org.gradle.cache.internal.DefaultFileLockManager] Releasing lock on daemon addresses registry.
11:47:39.340 [DEBUG] [org.gradle.cache.internal.DefaultFileLockManager] Waiting to acquire shared lock on daemon addresses registry.
11:47:39.340 [DEBUG] [org.gradle.cache.internal.DefaultFileLockManager] Lock acquired on daemon addresses registry.
11:47:39.340 [DEBUG] [org.gradle.cache.internal.DefaultFileLockManager] Releasing lock on daemon addresses registry.
11:47:41.819 [DEBUG] [org.gradle.process.internal.health.memory.MemoryManager] Emitting OS memory status event {Total: 4059156480, Free: 370606080}
11:47:41.819 [DEBUG] [org.gradle.launcher.daemon.server.health.LowMemoryDaemonExpirationStrategy] Received memory status update: {Total: 4059156480, Free: 370606080}
11:47:41.819 [DEBUG] [org.gradle.process.internal.health.memory.MemoryManager] 405915648 memory requested, 370606080 free
11:47:41.819 [DEBUG] [org.gradle.workers.internal.WorkerDaemonExpiration] Will attempt to release 387 of memory
11:47:41.820 [DEBUG] [org.gradle.process.internal.health.memory.MemoryManager] 405915648 memory requested, 0 released, 370606080 free
11:47:41.820 [DEBUG] [org.gradle.process.internal.health.memory.MemoryManager] Emitting JVM memory status event {Maximum: 1572864000, Committed: 484442112}
11:47:46.820 [DEBUG] [org.gradle.process.internal.health.memory.MemoryManager] Emitting OS memory status event {Total: 4059156480, Free: 348520448}
11:47:46.820 [DEBUG] [org.gradle.launcher.daemon.server.health.LowMemoryDaemonExpirationStrategy] Received memory status update: {Total: 4059156480, Free: 348520448}
11:47:46.820 [DEBUG] [org.gradle.process.internal.health.memory.MemoryManager] 405915648 memory requested, 348520448 free
11:47:46.821 [DEBUG] [org.gradle.workers.internal.WorkerDaemonExpiration] Will attempt to release 387 of memory
11:47:46.821 [DEBUG] [org.gradle.process.internal.health.memory.MemoryManager] 405915648 memory requested, 0 released, 348520448 free
11:47:46.821 [DEBUG] [org.gradle.process.internal.health.memory.MemoryManager] Emitting JVM memory status event {Maximum: 1572864000, Committed: 484442112}
11:47:49.339 [DEBUG] [org.gradle.launcher.daemon.server.Daemon] DaemonExpirationPeriodicCheck running
11:47:49.340 [DEBUG] [org.gradle.cache.internal.DefaultFileLockManager] Waiting to acquire shared lock on daemon addresses registry.
11:47:49.340 [DEBUG] [org.gradle.cache.internal.DefaultFileLockManager] Lock acquired on daemon addresses registry.
11:47:49.340 [DEBUG] [org.gradle.cache.internal.DefaultFileLockManager] Releasing lock on daemon addresses registry.
11:47:49.340 [DEBUG] [org.gradle.cache.internal.DefaultFileLockManager] Waiting to acquire shared lock on daemon addresses registry.
11:47:49.340 [DEBUG] [org.gradle.cache.internal.DefaultFileLockManager] Lock acquired on daemon addresses registry.
11:47:49.341 [DEBUG] [org.gradle.cache.internal.DefaultFileLockManager] Releasing lock on daemon addresses registry.
11:47:49.341 [DEBUG] [org.gradle.cache.internal.DefaultFileLockManager] Waiting to acquire shared lock on daemon addresses registry.
11:47:49.341 [DEBUG] [org.gradle.cache.internal.DefaultFileLockManager] Lock acquired on daemon addresses registry.
11:47:49.341 [DEBUG] [org.gradle.cache.internal.DefaultFileLockManager] Releasing lock on daemon addresses registry.
11:47:51.820 [DEBUG] [org.gradle.process.internal.health.memory.MemoryManager] Emitting OS memory status event {Total: 4059156480, Free: 348164096}
11:47:51.820 [DEBUG] [org.gradle.launcher.daemon.server.health.LowMemoryDaemonExpirationStrategy] Received memory status update: {Total: 4059156480, Free: 348164096}
11:47:51.820 [DEBUG] [org.gradle.process.internal.health.memory.MemoryManager] 405915648 memory requested, 348164096 free
11:47:51.820 [DEBUG] [org.gradle.workers.internal.WorkerDaemonExpiration] Will attempt to release 387 of memory
11:47:51.820 [DEBUG] [org.gradle.process.internal.health.memory.MemoryManager] 405915648 memory requested, 0 released, 348164096 free
11:47:51.821 [DEBUG] [org.gradle.process.internal.health.memory.MemoryManager] Emitting JVM memory status event {Maximum: 1572864000, Committed: 484442112}
11:47:56.820 [DEBUG] [org.gradle.process.internal.health.memory.MemoryManager] Emitting OS memory status event {Total: 4059156480, Free: 339083264}
11:47:56.820 [DEBUG] [org.gradle.launcher.daemon.server.health.LowMemoryDaemonExpirationStrategy] Received memory status update: {Total: 4059156480, Free: 339083264}
11:47:56.820 [DEBUG] [org.gradle.process.internal.health.memory.MemoryManager] 405915648 memory requested, 339083264 free
11:47:56.820 [DEBUG] [org.gradle.workers.internal.WorkerDaemonExpiration] Will attempt to release 387 of memory
11:47:56.820 [DEBUG] [org.gradle.process.internal.health.memory.MemoryManager] 405915648 memory requested, 0 released, 339083264 free
11:47:56.821 [DEBUG] [org.gradle.process.internal.health.memory.MemoryManager] Emitting JVM memory status event {Maximum: 1572864000, Committed: 484442112}
11:47:59.339 [DEBUG] [org.gradle.launcher.daemon.server.Daemon] DaemonExpirationPeriodicCheck running
11:47:59.340 [DEBUG] [org.gradle.cache.internal.DefaultFileLockManager] Waiting to acquire shared lock on daemon addresses registry.
11:47:59.340 [DEBUG] [org.gradle.cache.internal.DefaultFileLockManager] Lock acquired on daemon addresses registry.
11:47:59.340 [DEBUG] [org.gradle.cache.internal.DefaultFileLockManager] Releasing lock on daemon addresses registry.
11:47:59.341 [DEBUG] [org.gradle.cache.internal.DefaultFileLockManager] Waiting to acquire shared lock on daemon addresses registry.
11:47:59.341 [DEBUG] [org.gradle.cache.internal.DefaultFileLockManager] Lock acquired on daemon addresses registry.
11:47:59.341 [DEBUG] [org.gradle.cache.internal.DefaultFileLockManager] Releasing lock on daemon addresses registry.
11:47:59.342 [DEBUG] [org.gradle.cache.internal.DefaultFileLockManager] Waiting to acquire shared lock on daemon addresses registry.
11:47:59.342 [DEBUG] [org.gradle.cache.internal.DefaultFileLockManager] Lock acquired on daemon addresses registry.
11:47:59.342 [DEBUG] [org.gradle.cache.internal.DefaultFileLockManager] Releasing lock on daemon addresses registry.
11:48:01.820 [DEBUG] [org.gradle.process.internal.health.memory.MemoryManager] Emitting OS memory status event {Total: 4059156480, Free: 341434368}
11:48:01.820 [DEBUG] [org.gradle.launcher.daemon.server.health.LowMemoryDaemonExpirationStrategy] Received memory status update: {Total: 4059156480, Free: 341434368}
11:48:01.820 [DEBUG] [org.gradle.process.internal.health.memory.MemoryManager] 405915648 memory requested, 341434368 free
11:48:01.820 [DEBUG] [org.gradle.workers.internal.WorkerDaemonExpiration] Will attempt to release 387 of memory
11:48:01.821 [DEBUG] [org.gradle.process.internal.health.memory.MemoryManager] 405915648 memory requested, 0 released, 341434368 free
11:48:01.821 [DEBUG] [org.gradle.process.internal.health.memory.MemoryManager] Emitting JVM memory status event {Maximum: 1572864000, Committed: 484442112}
11:48:06.820 [DEBUG] [org.gradle.process.internal.health.memory.MemoryManager] Emitting OS memory status event {Total: 4059156480, Free: 341450752}
11:48:06.820 [DEBUG] [org.gradle.launcher.daemon.server.health.LowMemoryDaemonExpirationStrategy] Received memory status update: {Total: 4059156480, Free: 341450752}
11:48:06.820 [DEBUG] [org.gradle.process.internal.health.memory.MemoryManager] 405915648 memory requested, 341450752 free
11:48:06.820 [DEBUG] [org.gradle.workers.internal.WorkerDaemonExpiration] Will attempt to release 387 of memory
11:48:06.820 [DEBUG] [org.gradle.process.internal.health.memory.MemoryManager] 405915648 memory requested, 0 released, 341450752 free
11:48:06.820 [DEBUG] [org.gradle.process.internal.health.memory.MemoryManager] Emitting JVM memory status event {Maximum: 1572864000, Committed: 484442112}
11:48:09.339 [DEBUG] [org.gradle.launcher.daemon.server.Daemon] DaemonExpirationPeriodicCheck running
11:48:09.339 [DEBUG] [org.gradle.cache.internal.DefaultFileLockManager] Waiting to acquire shared lock on daemon addresses registry.
11:48:09.339 [DEBUG] [org.gradle.cache.internal.DefaultFileLockManager] Lock acquired on daemon addresses registry.
11:48:09.339 [DEBUG] [org.gradle.cache.internal.DefaultFileLockManager] Releasing lock on daemon addresses registry.
11:48:09.340 [DEBUG] [org.gradle.cache.internal.DefaultFileLockManager] Waiting to acquire shared lock on daemon addresses registry.
11:48:09.340 [DEBUG] [org.gradle.cache.internal.DefaultFileLockManager] Lock acquired on daemon addresses registry.
11:48:09.340 [DEBUG] [org.gradle.cache.internal.DefaultFileLockManager] Releasing lock on daemon addresses registry.
11:48:09.340 [DEBUG] [org.gradle.cache.internal.DefaultFileLockManager] Waiting to acquire shared lock on daemon addresses registry.
11:48:09.340 [DEBUG] [org.gradle.cache.internal.DefaultFileLockManager] Lock acquired on daemon addresses registry.
11:48:09.340 [DEBUG] [org.gradle.cache.internal.DefaultFileLockManager] Releasing lock on daemon addresses registry.
11:48:11.820 [DEBUG] [org.gradle.process.internal.health.memory.MemoryManager] Emitting OS memory status event {Total: 4059156480, Free: 341463040}
11:48:11.820 [DEBUG] [org.gradle.launcher.daemon.server.health.LowMemoryDaemonExpirationStrategy] Received memory status update: {Total: 4059156480, Free: 341463040}
11:48:11.820 [DEBUG] [org.gradle.process.internal.health.memory.MemoryManager] 405915648 memory requested, 341463040 free
11:48:11.820 [DEBUG] [org.gradle.workers.internal.WorkerDaemonExpiration] Will attempt to release 387 of memory
11:48:11.820 [DEBUG] [org.gradle.process.internal.health.memory.MemoryManager] 405915648 memory requested, 0 released, 341463040 free
11:48:11.820 [DEBUG] [org.gradle.process.internal.health.memory.MemoryManager] Emitting JVM memory status event {Maximum: 1572864000, Committed: 484442112}
11:48:16.820 [DEBUG] [org.gradle.process.internal.health.memory.MemoryManager] Emitting OS memory status event {Total: 4059156480, Free: 349118464}
11:48:16.820 [DEBUG] [org.gradle.launcher.daemon.server.health.LowMemoryDaemonExpirationStrategy] Received memory status update: {Total: 4059156480, Free: 349118464}
11:48:16.820 [DEBUG] [org.gradle.process.internal.health.memory.MemoryManager] 405915648 memory requested, 349118464 free
11:48:16.820 [DEBUG] [org.gradle.workers.internal.WorkerDaemonExpiration] Will attempt to release 387 of memory
11:48:16.821 [DEBUG] [org.gradle.process.internal.health.memory.MemoryManager] 405915648 memory requested, 0 released, 349118464 free
11:48:16.821 [DEBUG] [org.gradle.process.internal.health.memory.MemoryManager] Emitting JVM memory status event {Maximum: 1572864000, Committed: 484442112}
11:48:19.339 [DEBUG] [org.gradle.launcher.daemon.server.Daemon] DaemonExpirationPeriodicCheck running
11:48:19.339 [DEBUG] [org.gradle.cache.internal.DefaultFileLockManager] Waiting to acquire shared lock on daemon addresses registry.
11:48:19.339 [DEBUG] [org.gradle.cache.internal.DefaultFileLockManager] Lock acquired on daemon addresses registry.
11:48:19.340 [DEBUG] [org.gradle.cache.internal.DefaultFileLockManager] Releasing lock on daemon addresses registry.
11:48:19.340 [DEBUG] [org.gradle.cache.internal.DefaultFileLockManager] Waiting to acquire shared lock on daemon addresses registry.
11:48:19.340 [DEBUG] [org.gradle.cache.internal.DefaultFileLockManager] Lock acquired on daemon addresses registry.
11:48:19.340 [DEBUG] [org.gradle.cache.internal.DefaultFileLockManager] Releasing lock on daemon addresses registry.
11:48:19.340 [DEBUG] [org.gradle.cache.internal.DefaultFileLockManager] Waiting to acquire shared lock on daemon addresses registry.
11:48:19.340 [DEBUG] [org.gradle.cache.internal.DefaultFileLockManager] Lock acquired on daemon addresses registry.
11:48:19.341 [DEBUG] [org.gradle.cache.internal.DefaultFileLockManager] Releasing lock on daemon addresses registry.
11:48:21.820 [DEBUG] [org.gradle.process.internal.health.memory.MemoryManager] Emitting OS memory status event {Total: 4059156480, Free: 349212672}
11:48:21.820 [DEBUG] [org.gradle.launcher.daemon.server.health.LowMemoryDaemonExpirationStrategy] Received memory status update: {Total: 4059156480, Free: 349212672}
11:48:21.820 [DEBUG] [org.gradle.process.internal.health.memory.MemoryManager] 405915648 memory requested, 349212672 free
11:48:21.820 [DEBUG] [org.gradle.workers.internal.WorkerDaemonExpiration] Will attempt to release 387 of memory
11:48:21.820 [DEBUG] [org.gradle.process.internal.health.memory.MemoryManager] 405915648 memory requested, 0 released, 349212672 free
11:48:21.820 [DEBUG] [org.gradle.process.internal.health.memory.MemoryManager] Emitting JVM memory status event {Maximum: 1572864000, Committed: 484442112}
11:48:26.820 [DEBUG] [org.gradle.process.internal.health.memory.MemoryManager] Emitting OS memory status event {Total: 4059156480, Free: 352911360}
11:48:26.820 [DEBUG] [org.gradle.launcher.daemon.server.health.LowMemoryDaemonExpirationStrategy] Received memory status update: {Total: 4059156480, Free: 352911360}
11:48:26.820 [DEBUG] [org.gradle.process.internal.health.memory.MemoryManager] 405915648 memory requested, 352911360 free
11:48:26.820 [DEBUG] [org.gradle.workers.internal.WorkerDaemonExpiration] Will attempt to release 387 of memory
11:48:26.820 [DEBUG] [org.gradle.process.internal.health.memory.MemoryManager] 405915648 memory requested, 0 released, 352911360 free
11:48:26.820 [DEBUG] [org.gradle.process.internal.health.memory.MemoryManager] Emitting JVM memory status event {Maximum: 1572864000, Committed: 484442112}
11:48:29.339 [DEBUG] [org.gradle.launcher.daemon.server.Daemon] DaemonExpirationPeriodicCheck running
11:48:29.339 [DEBUG] [org.gradle.cache.internal.DefaultFileLockManager] Waiting to acquire shared lock on daemon addresses registry.
11:48:29.339 [DEBUG] [org.gradle.cache.internal.DefaultFileLockManager] Lock acquired on daemon addresses registry.
11:48:29.340 [DEBUG] [org.gradle.cache.internal.DefaultFileLockManager] Releasing lock on daemon addresses registry.
11:48:29.340 [DEBUG] [org.gradle.cache.internal.DefaultFileLockManager] Waiting to acquire shared lock on daemon addresses registry.
11:48:29.340 [DEBUG] [org.gradle.cache.internal.DefaultFileLockManager] Lock acquired on daemon addresses registry.
11:48:29.340 [DEBUG] [org.gradle.cache.internal.DefaultFileLockManager] Releasing lock on daemon addresses registry.
11:48:29.340 [DEBUG] [org.gradle.cache.internal.DefaultFileLockManager] Waiting to acquire shared lock on daemon addresses registry.
11:48:29.341 [DEBUG] [org.gradle.cache.internal.DefaultFileLockManager] Lock acquired on daemon addresses registry.
11:48:29.341 [DEBUG] [org.gradle.cache.internal.DefaultFileLockManager] Releasing lock on daemon addresses registry.
11:48:31.819 [DEBUG] [org.gradle.process.internal.health.memory.MemoryManager] Emitting OS memory status event {Total: 4059156480, Free: 353075200}
11:48:31.819 [DEBUG] [org.gradle.launcher.daemon.server.health.LowMemoryDaemonExpirationStrategy] Received memory status update: {Total: 4059156480, Free: 353075200}
11:48:31.819 [DEBUG] [org.gradle.process.internal.health.memory.MemoryManager] 405915648 memory requested, 353075200 free
11:48:31.819 [DEBUG] [org.gradle.workers.internal.WorkerDaemonExpiration] Will attempt to release 387 of memory
11:48:31.819 [DEBUG] [org.gradle.process.internal.health.memory.MemoryManager] 405915648 memory requested, 0 released, 353075200 free
11:48:31.819 [DEBUG] [org.gradle.process.internal.health.memory.MemoryManager] Emitting JVM memory status event {Maximum: 1572864000, Committed: 484442112}
11:48:36.820 [DEBUG] [org.gradle.process.internal.health.memory.MemoryManager] Emitting OS memory status event {Total: 4059156480, Free: 348889088}
11:48:36.820 [DEBUG] [org.gradle.launcher.daemon.server.health.LowMemoryDaemonExpirationStrategy] Received memory status update: {Total: 4059156480, Free: 348889088}
11:48:36.820 [DEBUG] [org.gradle.process.internal.health.memory.MemoryManager] 405915648 memory requested, 348889088 free
11:48:36.820 [DEBUG] [org.gradle.workers.internal.WorkerDaemonExpiration] Will attempt to release 387 of memory
11:48:36.820 [DEBUG] [org.gradle.process.internal.health.memory.MemoryManager] 405915648 memory requested, 0 released, 348889088 free
11:48:36.821 [DEBUG] [org.gradle.process.internal.health.memory.MemoryManager] Emitting JVM memory status event {Maximum: 1572864000, Committed: 484442112}
11:48:39.338 [DEBUG] [org.gradle.launcher.daemon.server.Daemon] DaemonExpirationPeriodicCheck running
11:48:39.339 [DEBUG] [org.gradle.cache.internal.DefaultFileLockManager] Waiting to acquire shared lock on daemon addresses registry.
11:48:39.339 [DEBUG] [org.gradle.cache.internal.DefaultFileLockManager] Lock acquired on daemon addresses registry.
11:48:39.339 [DEBUG] [org.gradle.cache.internal.DefaultFileLockManager] Releasing lock on daemon addresses registry.
11:48:39.339 [DEBUG] [org.gradle.cache.internal.DefaultFileLockManager] Waiting to acquire shared lock on daemon addresses registry.
11:48:39.339 [DEBUG] [org.gradle.cache.internal.DefaultFileLockManager] Lock acquired on daemon addresses registry.
11:48:39.339 [DEBUG] [org.gradle.cache.internal.DefaultFileLockManager] Releasing lock on daemon addresses registry.
11:48:39.339 [DEBUG] [org.gradle.cache.internal.DefaultFileLockManager] Waiting to acquire shared lock on daemon addresses registry.
11:48:39.339 [DEBUG] [org.gradle.cache.internal.DefaultFileLockManager] Lock acquired on daemon addresses registry.
11:48:39.339 [DEBUG] [org.gradle.cache.internal.DefaultFileLockManager] Releasing lock on daemon addresses registry.
11:48:41.820 [DEBUG] [org.gradle.process.internal.health.memory.MemoryManager] Emitting OS memory status event {Total: 4059156480, Free: 342511616}
11:48:41.820 [DEBUG] [org.gradle.launcher.daemon.server.health.LowMemoryDaemonExpirationStrategy] Received memory status update: {Total: 4059156480, Free: 342511616}
11:48:41.820 [DEBUG] [org.gradle.process.internal.health.memory.MemoryManager] 405915648 memory requested, 342511616 free
11:48:41.820 [DEBUG] [org.gradle.workers.internal.WorkerDaemonExpiration] Will attempt to release 387 of memory
11:48:41.820 [DEBUG] [org.gradle.process.internal.health.memory.MemoryManager] 405915648 memory requested, 0 released, 342511616 free
11:48:41.820 [DEBUG] [org.gradle.process.internal.health.memory.MemoryManager] Emitting JVM memory status event {Maximum: 1572864000, Committed: 484442112}
11:48:46.820 [DEBUG] [org.gradle.process.internal.health.memory.MemoryManager] Emitting OS memory status event {Total: 4059156480, Free: 337752064}
11:48:46.820 [DEBUG] [org.gradle.launcher.daemon.server.health.LowMemoryDaemonExpirationStrategy] Received memory status update: {Total: 4059156480, Free: 337752064}
11:48:46.820 [DEBUG] [org.gradle.process.internal.health.memory.MemoryManager] 405915648 memory requested, 337752064 free
11:48:46.820 [DEBUG] [org.gradle.workers.internal.WorkerDaemonExpiration] Will attempt to release 387 of memory
11:48:46.820 [DEBUG] [org.gradle.process.internal.health.memory.MemoryManager] 405915648 memory requested, 0 released, 337752064 free
11:48:46.821 [DEBUG] [org.gradle.process.internal.health.memory.MemoryManager] Emitting JVM memory status event {Maximum: 1572864000, Committed: 484442112}
11:48:49.339 [DEBUG] [org.gradle.launcher.daemon.server.Daemon] DaemonExpirationPeriodicCheck running
11:48:49.339 [DEBUG] [org.gradle.cache.internal.DefaultFileLockManager] Waiting to acquire shared lock on daemon addresses registry.
11:48:49.339 [DEBUG] [org.gradle.cache.internal.DefaultFileLockManager] Lock acquired on daemon addresses registry.
11:48:49.339 [DEBUG] [org.gradle.cache.internal.DefaultFileLockManager] Releasing lock on daemon addresses registry.
11:48:49.339 [DEBUG] [org.gradle.cache.internal.DefaultFileLockManager] Waiting to acquire shared lock on daemon addresses registry.
11:48:49.339 [DEBUG] [org.gradle.cache.internal.DefaultFileLockManager] Lock acquired on daemon addresses registry.
11:48:49.339 [DEBUG] [org.gradle.cache.internal.DefaultFileLockManager] Releasing lock on daemon addresses registry.
11:48:49.340 [DEBUG] [org.gradle.cache.internal.DefaultFileLockManager] Waiting to acquire shared lock on daemon addresses registry.
11:48:49.340 [DEBUG] [org.gradle.cache.internal.DefaultFileLockManager] Lock acquired on daemon addresses registry.
11:48:49.340 [DEBUG] [org.gradle.cache.internal.DefaultFileLockManager] Releasing lock on daemon addresses registry.
11:48:51.819 [DEBUG] [org.gradle.process.internal.health.memory.MemoryManager] Emitting OS memory status event {Total: 4059156480, Free: 335200256}
11:48:51.819 [DEBUG] [org.gradle.launcher.daemon.server.health.LowMemoryDaemonExpirationStrategy] Received memory status update: {Total: 4059156480, Free: 335200256}
11:48:51.819 [DEBUG] [org.gradle.process.internal.health.memory.MemoryManager] 405915648 memory requested, 335200256 free
11:48:51.819 [DEBUG] [org.gradle.workers.internal.WorkerDaemonExpiration] Will attempt to release 387 of memory
11:48:51.819 [DEBUG] [org.gradle.process.internal.health.memory.MemoryManager] 405915648 memory requested, 0 released, 335200256 free
11:48:51.820 [DEBUG] [org.gradle.process.internal.health.memory.MemoryManager] Emitting JVM memory status event {Maximum: 1572864000, Committed: 484442112}
11:48:56.820 [DEBUG] [org.gradle.process.internal.health.memory.MemoryManager] Emitting OS memory status event {Total: 4059156480, Free: 335654912}
11:48:56.820 [DEBUG] [org.gradle.launcher.daemon.server.health.LowMemoryDaemonExpirationStrategy] Received memory status update: {Total: 4059156480, Free: 335654912}
11:48:56.820 [DEBUG] [org.gradle.process.internal.health.memory.MemoryManager] 405915648 memory requested, 335654912 free
11:48:56.820 [DEBUG] [org.gradle.workers.internal.WorkerDaemonExpiration] Will attempt to release 387 of memory
11:48:56.820 [DEBUG] [org.gradle.process.internal.health.memory.MemoryManager] 405915648 memory requested, 0 released, 335654912 free
11:48:56.820 [DEBUG] [org.gradle.process.internal.health.memory.MemoryManager] Emitting JVM memory status event {Maximum: 1572864000, Committed: 484442112}
11:48:59.339 [DEBUG] [org.gradle.launcher.daemon.server.Daemon] DaemonExpirationPeriodicCheck running
11:48:59.340 [DEBUG] [org.gradle.cache.internal.DefaultFileLockManager] Waiting to acquire shared lock on daemon addresses registry.
11:48:59.340 [DEBUG] [org.gradle.cache.internal.DefaultFileLockManager] Lock acquired on daemon addresses registry.
11:48:59.340 [DEBUG] [org.gradle.cache.internal.DefaultFileLockManager] Releasing lock on daemon addresses registry.
11:48:59.341 [DEBUG] [org.gradle.cache.internal.DefaultFileLockManager] Waiting to acquire shared lock on daemon addresses registry.
11:48:59.341 [DEBUG] [org.gradle.cache.internal.DefaultFileLockManager] Lock acquired on daemon addresses registry.
11:48:59.342 [DEBUG] [org.gradle.cache.internal.DefaultFileLockManager] Releasing lock on daemon addresses registry.
11:48:59.342 [DEBUG] [org.gradle.cache.internal.DefaultFileLockManager] Waiting to acquire shared lock on daemon addresses registry.
11:48:59.342 [DEBUG] [org.gradle.cache.internal.DefaultFileLockManager] Lock acquired on daemon addresses registry.
11:48:59.342 [DEBUG] [org.gradle.cache.internal.DefaultFileLockManager] Releasing lock on daemon addresses registry.
11:49:01.820 [DEBUG] [org.gradle.process.internal.health.memory.MemoryManager] Emitting OS memory status event {Total: 4059156480, Free: 335757312}
11:49:01.820 [DEBUG] [org.gradle.launcher.daemon.server.health.LowMemoryDaemonExpirationStrategy] Received memory status update: {Total: 4059156480, Free: 335757312}
11:49:01.820 [DEBUG] [org.gradle.process.internal.health.memory.MemoryManager] 405915648 memory requested, 335757312 free
11:49:01.820 [DEBUG] [org.gradle.workers.internal.WorkerDaemonExpiration] Will attempt to release 387 of memory
11:49:01.821 [DEBUG] [org.gradle.process.internal.health.memory.MemoryManager] 405915648 memory requested, 0 released, 335757312 free
11:49:01.821 [DEBUG] [org.gradle.process.internal.health.memory.MemoryManager] Emitting JVM memory status event {Maximum: 1572864000, Committed: 484442112}
11:49:06.820 [DEBUG] [org.gradle.process.internal.health.memory.MemoryManager] Emitting OS memory status event {Total: 4059156480, Free: 335659008}
11:49:06.820 [DEBUG] [org.gradle.launcher.daemon.server.health.LowMemoryDaemonExpirationStrategy] Received memory status update: {Total: 4059156480, Free: 335659008}
11:49:06.820 [DEBUG] [org.gradle.process.internal.health.memory.MemoryManager] 405915648 memory requested, 335659008 free
11:49:06.820 [DEBUG] [org.gradle.workers.internal.WorkerDaemonExpiration] Will attempt to release 387 of memory
11:49:06.821 [DEBUG] [org.gradle.process.internal.health.memory.MemoryManager] 405915648 memory requested, 0 released, 335659008 free
11:49:06.821 [DEBUG] [org.gradle.process.internal.health.memory.MemoryManager] Emitting JVM memory status event {Maximum: 1572864000, Committed: 484442112}
11:49:09.339 [DEBUG] [org.gradle.launcher.daemon.server.Daemon] DaemonExpirationPeriodicCheck running
11:49:09.340 [DEBUG] [org.gradle.cache.internal.DefaultFileLockManager] Waiting to acquire shared lock on daemon addresses registry.
11:49:09.340 [DEBUG] [org.gradle.cache.internal.DefaultFileLockManager] Lock acquired on daemon addresses registry.
11:49:09.340 [DEBUG] [org.gradle.cache.internal.DefaultFileLockManager] Releasing lock on daemon addresses registry.
11:49:09.340 [DEBUG] [org.gradle.cache.internal.DefaultFileLockManager] Waiting to acquire shared lock on daemon addresses registry.
11:49:09.341 [DEBUG] [org.gradle.cache.internal.DefaultFileLockManager] Lock acquired on daemon addresses registry.
11:49:09.341 [DEBUG] [org.gradle.cache.internal.DefaultFileLockManager] Releasing lock on daemon addresses registry.
11:49:09.341 [DEBUG] [org.gradle.cache.internal.DefaultFileLockManager] Waiting to acquire shared lock on daemon addresses registry.
11:49:09.341 [DEBUG] [org.gradle.cache.internal.DefaultFileLockManager] Lock acquired on daemon addresses registry.
11:49:09.342 [DEBUG] [org.gradle.cache.internal.DefaultFileLockManager] Releasing lock on daemon addresses registry.
11:49:11.820 [DEBUG] [org.gradle.process.internal.health.memory.MemoryManager] Emitting OS memory status event {Total: 4059156480, Free: 336220160}
11:49:11.820 [DEBUG] [org.gradle.launcher.daemon.server.health.LowMemoryDaemonExpirationStrategy] Received memory status update: {Total: 4059156480, Free: 336220160}
11:49:11.820 [DEBUG] [org.gradle.process.internal.health.memory.MemoryManager] 405915648 memory requested, 336220160 free
11:49:11.820 [DEBUG] [org.gradle.workers.internal.WorkerDaemonExpiration] Will attempt to release 387 of memory
11:49:11.820 [DEBUG] [org.gradle.process.internal.health.memory.MemoryManager] 405915648 memory requested, 0 released, 336220160 free
11:49:11.821 [DEBUG] [org.gradle.process.internal.health.memory.MemoryManager] Emitting JVM memory status event {Maximum: 1572864000, Committed: 484442112}
11:49:16.820 [DEBUG] [org.gradle.process.internal.health.memory.MemoryManager] Emitting OS memory status event {Total: 4059156480, Free: 342818816}
11:49:16.820 [DEBUG] [org.gradle.launcher.daemon.server.health.LowMemoryDaemonExpirationStrategy] Received memory status update: {Total: 4059156480, Free: 342818816}
11:49:16.820 [DEBUG] [org.gradle.process.internal.health.memory.MemoryManager] 405915648 memory requested, 342818816 free
11:49:16.820 [DEBUG] [org.gradle.workers.internal.WorkerDaemonExpiration] Will attempt to release 387 of memory
11:49:16.820 [DEBUG] [org.gradle.process.internal.health.memory.MemoryManager] 405915648 memory requested, 0 released, 342818816 free
11:49:16.820 [DEBUG] [org.gradle.process.internal.health.memory.MemoryManager] Emitting JVM memory status event {Maximum: 1572864000, Committed: 484442112}
11:49:19.339 [DEBUG] [org.gradle.launcher.daemon.server.Daemon] DaemonExpirationPeriodicCheck running
11:49:19.339 [DEBUG] [org.gradle.cache.internal.DefaultFileLockManager] Waiting to acquire shared lock on daemon addresses registry.
11:49:19.339 [DEBUG] [org.gradle.cache.internal.DefaultFileLockManager] Lock acquired on daemon addresses registry.
11:49:19.340 [DEBUG] [org.gradle.cache.internal.DefaultFileLockManager] Releasing lock on daemon addresses registry.
11:49:19.340 [DEBUG] [org.gradle.cache.internal.DefaultFileLockManager] Waiting to acquire shared lock on daemon addresses registry.
11:49:19.340 [DEBUG] [org.gradle.cache.internal.DefaultFileLockManager] Lock acquired on daemon addresses registry.
11:49:19.340 [DEBUG] [org.gradle.cache.internal.DefaultFileLockManager] Releasing lock on daemon addresses registry.
11:49:19.341 [DEBUG] [org.gradle.cache.internal.DefaultFileLockManager] Waiting to acquire shared lock on daemon addresses registry.
11:49:19.341 [DEBUG] [org.gradle.cache.internal.DefaultFileLockManager] Lock acquired on daemon addresses registry.
11:49:19.341 [DEBUG] [org.gradle.cache.internal.DefaultFileLockManager] Releasing lock on daemon addresses registry.
11:49:21.819 [DEBUG] [org.gradle.process.internal.health.memory.MemoryManager] Emitting OS memory status event {Total: 4059156480, Free: 342499328}
11:49:21.820 [DEBUG] [org.gradle.launcher.daemon.server.health.LowMemoryDaemonExpirationStrategy] Received memory status update: {Total: 4059156480, Free: 342499328}
11:49:21.820 [DEBUG] [org.gradle.process.internal.health.memory.MemoryManager] 405915648 memory requested, 342499328 free
11:49:21.820 [DEBUG] [org.gradle.workers.internal.WorkerDaemonExpiration] Will attempt to release 387 of memory
11:49:21.820 [DEBUG] [org.gradle.process.internal.health.memory.MemoryManager] 405915648 memory requested, 0 released, 342499328 free
11:49:21.820 [DEBUG] [org.gradle.process.internal.health.memory.MemoryManager] Emitting JVM memory status event {Maximum: 1572864000, Committed: 484442112}
11:49:26.820 [DEBUG] [org.gradle.process.internal.health.memory.MemoryManager] Emitting OS memory status event {Total: 4059156480, Free: 342253568}
11:49:26.820 [DEBUG] [org.gradle.launcher.daemon.server.health.LowMemoryDaemonExpirationStrategy] Received memory status update: {Total: 4059156480, Free: 342253568}
11:49:26.820 [DEBUG] [org.gradle.process.internal.health.memory.MemoryManager] 405915648 memory requested, 342253568 free
11:49:26.820 [DEBUG] [org.gradle.workers.internal.WorkerDaemonExpiration] Will attempt to release 387 of memory
11:49:26.820 [DEBUG] [org.gradle.process.internal.health.memory.MemoryManager] 405915648 memory requested, 0 released, 342253568 free
11:49:26.820 [DEBUG] [org.gradle.process.internal.health.memory.MemoryManager] Emitting JVM memory status event {Maximum: 1572864000, Committed: 484442112}
11:49:29.339 [DEBUG] [org.gradle.launcher.daemon.server.Daemon] DaemonExpirationPeriodicCheck running
11:49:29.340 [DEBUG] [org.gradle.cache.internal.DefaultFileLockManager] Waiting to acquire shared lock on daemon addresses registry.
11:49:29.340 [DEBUG] [org.gradle.cache.internal.DefaultFileLockManager] Lock acquired on daemon addresses registry.
11:49:29.340 [DEBUG] [org.gradle.cache.internal.DefaultFileLockManager] Releasing lock on daemon addresses registry.
11:49:29.341 [DEBUG] [org.gradle.cache.internal.DefaultFileLockManager] Waiting to acquire shared lock on daemon addresses registry.
11:49:29.341 [DEBUG] [org.gradle.cache.internal.DefaultFileLockManager] Lock acquired on daemon addresses registry.
11:49:29.341 [DEBUG] [org.gradle.cache.internal.DefaultFileLockManager] Releasing lock on daemon addresses registry.
11:49:29.341 [DEBUG] [org.gradle.cache.internal.DefaultFileLockManager] Waiting to acquire shared lock on daemon addresses registry.
11:49:29.341 [DEBUG] [org.gradle.cache.internal.DefaultFileLockManager] Lock acquired on daemon addresses registry.
11:49:29.342 [DEBUG] [org.gradle.cache.internal.DefaultFileLockManager] Releasing lock on daemon addresses registry.
11:49:31.820 [DEBUG] [org.gradle.process.internal.health.memory.MemoryManager] Emitting OS memory status event {Total: 4059156480, Free: 340733952}
11:49:31.820 [DEBUG] [org.gradle.launcher.daemon.server.health.LowMemoryDaemonExpirationStrategy] Received memory status update: {Total: 4059156480, Free: 340733952}
11:49:31.820 [DEBUG] [org.gradle.process.internal.health.memory.MemoryManager] 405915648 memory requested, 340733952 free
11:49:31.820 [DEBUG] [org.gradle.workers.internal.WorkerDaemonExpiration] Will attempt to release 387 of memory
11:49:31.820 [DEBUG] [org.gradle.process.internal.health.memory.MemoryManager] 405915648 memory requested, 0 released, 340733952 free
11:49:31.821 [DEBUG] [org.gradle.process.internal.health.memory.MemoryManager] Emitting JVM memory status event {Maximum: 1572864000, Committed: 484442112}
11:49:36.820 [DEBUG] [org.gradle.process.internal.health.memory.MemoryManager] Emitting OS memory status event {Total: 4059156480, Free: 341643264}
11:49:36.820 [DEBUG] [org.gradle.launcher.daemon.server.health.LowMemoryDaemonExpirationStrategy] Received memory status update: {Total: 4059156480, Free: 341643264}
11:49:36.820 [DEBUG] [org.gradle.process.internal.health.memory.MemoryManager] 405915648 memory requested, 341643264 free
11:49:36.820 [DEBUG] [org.gradle.workers.internal.WorkerDaemonExpiration] Will attempt to release 387 of memory
11:49:36.820 [DEBUG] [org.gradle.process.internal.health.memory.MemoryManager] 405915648 memory requested, 0 released, 341643264 free
11:49:36.821 [DEBUG] [org.gradle.process.internal.health.memory.MemoryManager] Emitting JVM memory status event {Maximum: 1572864000, Committed: 484442112}
11:49:39.339 [DEBUG] [org.gradle.launcher.daemon.server.Daemon] DaemonExpirationPeriodicCheck running
11:49:39.339 [DEBUG] [org.gradle.cache.internal.DefaultFileLockManager] Waiting to acquire shared lock on daemon addresses registry.
11:49:39.339 [DEBUG] [org.gradle.cache.internal.DefaultFileLockManager] Lock acquired on daemon addresses registry.
11:49:39.340 [DEBUG] [org.gradle.cache.internal.DefaultFileLockManager] Releasing lock on daemon addresses registry.
11:49:39.340 [DEBUG] [org.gradle.cache.internal.DefaultFileLockManager] Waiting to acquire shared lock on daemon addresses registry.
11:49:39.340 [DEBUG] [org.gradle.cache.internal.DefaultFileLockManager] Lock acquired on daemon addresses registry.
11:49:39.341 [DEBUG] [org.gradle.cache.internal.DefaultFileLockManager] Releasing lock on daemon addresses registry.
11:49:39.341 [DEBUG] [org.gradle.cache.internal.DefaultFileLockManager] Waiting to acquire shared lock on daemon addresses registry.
11:49:39.341 [DEBUG] [org.gradle.cache.internal.DefaultFileLockManager] Lock acquired on daemon addresses registry.
11:49:39.341 [DEBUG] [org.gradle.cache.internal.DefaultFileLockManager] Releasing lock on daemon addresses registry.
11:49:41.819 [DEBUG] [org.gradle.process.internal.health.memory.MemoryManager] Emitting OS memory status event {Total: 4059156480, Free: 341372928}
11:49:41.819 [DEBUG] [org.gradle.launcher.daemon.server.health.LowMemoryDaemonExpirationStrategy] Received memory status update: {Total: 4059156480, Free: 341372928}
11:49:41.820 [DEBUG] [org.gradle.process.internal.health.memory.MemoryManager] 405915648 memory requested, 341372928 free
11:49:41.820 [DEBUG] [org.gradle.workers.internal.WorkerDaemonExpiration] Will attempt to release 387 of memory
11:49:41.820 [DEBUG] [org.gradle.process.internal.health.memory.MemoryManager] 405915648 memory requested, 0 released, 341372928 free
11:49:41.820 [DEBUG] [org.gradle.process.internal.health.memory.MemoryManager] Emitting JVM memory status event {Maximum: 1572864000, Committed: 484442112}
11:49:46.820 [DEBUG] [org.gradle.process.internal.health.memory.MemoryManager] Emitting OS memory status event {Total: 4059156480, Free: 330547200}
11:49:46.820 [DEBUG] [org.gradle.launcher.daemon.server.health.LowMemoryDaemonExpirationStrategy] Received memory status update: {Total: 4059156480, Free: 330547200}
11:49:46.820 [DEBUG] [org.gradle.process.internal.health.memory.MemoryManager] 405915648 memory requested, 330547200 free
11:49:46.820 [DEBUG] [org.gradle.workers.internal.WorkerDaemonExpiration] Will attempt to release 387 of memory
11:49:46.820 [DEBUG] [org.gradle.process.internal.health.memory.MemoryManager] 405915648 memory requested, 0 released, 330547200 free
11:49:46.820 [DEBUG] [org.gradle.process.internal.health.memory.MemoryManager] Emitting JVM memory status event {Maximum: 1572864000, Committed: 484442112}
11:49:49.341 [DEBUG] [org.gradle.launcher.daemon.server.Daemon] DaemonExpirationPeriodicCheck running
11:49:49.341 [DEBUG] [org.gradle.cache.internal.DefaultFileLockManager] Waiting to acquire shared lock on daemon addresses registry.
11:49:49.341 [DEBUG] [org.gradle.cache.internal.DefaultFileLockManager] Lock acquired on daemon addresses registry.
11:49:49.342 [DEBUG] [org.gradle.cache.internal.DefaultFileLockManager] Releasing lock on daemon addresses registry.
11:49:49.342 [DEBUG] [org.gradle.cache.internal.DefaultFileLockManager] Waiting to acquire shared lock on daemon addresses registry.
11:49:49.342 [DEBUG] [org.gradle.cache.internal.DefaultFileLockManager] Lock acquired on daemon addresses registry.
11:49:49.342 [DEBUG] [org.gradle.cache.internal.DefaultFileLockManager] Releasing lock on daemon addresses registry.
11:49:49.342 [DEBUG] [org.gradle.cache.internal.DefaultFileLockManager] Waiting to acquire shared lock on daemon addresses registry.
11:49:49.343 [DEBUG] [org.gradle.cache.internal.DefaultFileLockManager] Lock acquired on daemon addresses registry.
11:49:49.343 [DEBUG] [org.gradle.cache.internal.DefaultFileLockManager] Releasing lock on daemon addresses registry.
11:49:51.820 [DEBUG] [org.gradle.process.internal.health.memory.MemoryManager] Emitting OS memory status event {Total: 4059156480, Free: 332931072}
11:49:51.820 [DEBUG] [org.gradle.launcher.daemon.server.health.LowMemoryDaemonExpirationStrategy] Received memory status update: {Total: 4059156480, Free: 332931072}
11:49:51.820 [DEBUG] [org.gradle.process.internal.health.memory.MemoryManager] 405915648 memory requested, 332931072 free
11:49:51.820 [DEBUG] [org.gradle.workers.internal.WorkerDaemonExpiration] Will attempt to release 387 of memory
11:49:51.821 [DEBUG] [org.gradle.process.internal.health.memory.MemoryManager] 405915648 memory requested, 0 released, 332931072 free
11:49:51.821 [DEBUG] [org.gradle.process.internal.health.memory.MemoryManager] Emitting JVM memory status event {Maximum: 1572864000, Committed: 484442112}
11:49:56.820 [DEBUG] [org.gradle.process.internal.health.memory.MemoryManager] Emitting OS memory status event {Total: 4059156480, Free: 333361152}
11:49:56.820 [DEBUG] [org.gradle.launcher.daemon.server.health.LowMemoryDaemonExpirationStrategy] Received memory status update: {Total: 4059156480, Free: 333361152}
11:49:56.820 [DEBUG] [org.gradle.process.internal.health.memory.MemoryManager] 405915648 memory requested, 333361152 free
11:49:56.820 [DEBUG] [org.gradle.workers.internal.WorkerDaemonExpiration] Will attempt to release 387 of memory
11:49:56.821 [DEBUG] [org.gradle.process.internal.health.memory.MemoryManager] 405915648 memory requested, 0 released, 333361152 free
11:49:56.821 [DEBUG] [org.gradle.process.internal.health.memory.MemoryManager] Emitting JVM memory status event {Maximum: 1572864000, Committed: 484442112}
11:49:59.339 [DEBUG] [org.gradle.launcher.daemon.server.Daemon] DaemonExpirationPeriodicCheck running
11:49:59.340 [DEBUG] [org.gradle.cache.internal.DefaultFileLockManager] Waiting to acquire shared lock on daemon addresses registry.
11:49:59.340 [DEBUG] [org.gradle.cache.internal.DefaultFileLockManager] Lock acquired on daemon addresses registry.
11:49:59.340 [DEBUG] [org.gradle.cache.internal.DefaultFileLockManager] Releasing lock on daemon addresses registry.
11:49:59.340 [DEBUG] [org.gradle.cache.internal.DefaultFileLockManager] Waiting to acquire shared lock on daemon addresses registry.
11:49:59.340 [DEBUG] [org.gradle.cache.internal.DefaultFileLockManager] Lock acquired on daemon addresses registry.
11:49:59.341 [DEBUG] [org.gradle.cache.internal.DefaultFileLockManager] Releasing lock on daemon addresses registry.
11:49:59.341 [DEBUG] [org.gradle.cache.internal.DefaultFileLockManager] Waiting to acquire shared lock on daemon addresses registry.
11:49:59.341 [DEBUG] [org.gradle.cache.internal.DefaultFileLockManager] Lock acquired on daemon addresses registry.
11:49:59.341 [DEBUG] [org.gradle.cache.internal.DefaultFileLockManager] Releasing lock on daemon addresses registry.
11:50:01.820 [DEBUG] [org.gradle.process.internal.health.memory.MemoryManager] Emitting OS memory status event {Total: 4059156480, Free: 332226560}
11:50:01.820 [DEBUG] [org.gradle.launcher.daemon.server.health.LowMemoryDaemonExpirationStrategy] Received memory status update: {Total: 4059156480, Free: 332226560}
11:50:01.820 [DEBUG] [org.gradle.process.internal.health.memory.MemoryManager] 405915648 memory requested, 332226560 free
11:50:01.820 [DEBUG] [org.gradle.workers.internal.WorkerDaemonExpiration] Will attempt to release 387 of memory
11:50:01.820 [DEBUG] [org.gradle.process.internal.health.memory.MemoryManager] 405915648 memory requested, 0 released, 332226560 free
11:50:01.820 [DEBUG] [org.gradle.process.internal.health.memory.MemoryManager] Emitting JVM memory status event {Maximum: 1572864000, Committed: 484442112}
11:50:06.820 [DEBUG] [org.gradle.process.internal.health.memory.MemoryManager] Emitting OS memory status event {Total: 4059156480, Free: 332308480}
11:50:06.820 [DEBUG] [org.gradle.launcher.daemon.server.health.LowMemoryDaemonExpirationStrategy] Received memory status update: {Total: 4059156480, Free: 332308480}
11:50:06.820 [DEBUG] [org.gradle.process.internal.health.memory.MemoryManager] 405915648 memory requested, 332308480 free
11:50:06.821 [DEBUG] [org.gradle.workers.internal.WorkerDaemonExpiration] Will attempt to release 387 of memory
11:50:06.821 [DEBUG] [org.gradle.process.internal.health.memory.MemoryManager] 405915648 memory requested, 0 released, 332308480 free
11:50:06.821 [DEBUG] [org.gradle.process.internal.health.memory.MemoryManager] Emitting JVM memory status event {Maximum: 1572864000, Committed: 484442112}
11:50:09.339 [DEBUG] [org.gradle.launcher.daemon.server.Daemon] DaemonExpirationPeriodicCheck running
11:50:09.339 [DEBUG] [org.gradle.cache.internal.DefaultFileLockManager] Waiting to acquire shared lock on daemon addresses registry.
11:50:09.340 [DEBUG] [org.gradle.cache.internal.DefaultFileLockManager] Lock acquired on daemon addresses registry.
11:50:09.340 [DEBUG] [org.gradle.cache.internal.DefaultFileLockManager] Releasing lock on daemon addresses registry.
11:50:09.340 [DEBUG] [org.gradle.cache.internal.DefaultFileLockManager] Waiting to acquire shared lock on daemon addresses registry.
11:50:09.340 [DEBUG] [org.gradle.cache.internal.DefaultFileLockManager] Lock acquired on daemon addresses registry.
11:50:09.340 [DEBUG] [org.gradle.cache.internal.DefaultFileLockManager] Releasing lock on daemon addresses registry.
11:50:09.341 [DEBUG] [org.gradle.cache.internal.DefaultFileLockManager] Waiting to acquire shared lock on daemon addresses registry.
11:50:09.341 [DEBUG] [org.gradle.cache.internal.DefaultFileLockManager] Lock acquired on daemon addresses registry.
11:50:09.341 [DEBUG] [org.gradle.cache.internal.DefaultFileLockManager] Releasing lock on daemon addresses registry.
11:50:11.820 [DEBUG] [org.gradle.process.internal.health.memory.MemoryManager] Emitting OS memory status event {Total: 4059156480, Free: 343269376}
11:50:11.820 [DEBUG] [org.gradle.launcher.daemon.server.health.LowMemoryDaemonExpirationStrategy] Received memory status update: {Total: 4059156480, Free: 343269376}
11:50:11.820 [DEBUG] [org.gradle.process.internal.health.memory.MemoryManager] 405915648 memory requested, 343269376 free
11:50:11.820 [DEBUG] [org.gradle.workers.internal.WorkerDaemonExpiration] Will attempt to release 387 of memory
11:50:11.820 [DEBUG] [org.gradle.process.internal.health.memory.MemoryManager] 405915648 memory requested, 0 released, 343269376 free
11:50:11.820 [DEBUG] [org.gradle.process.internal.health.memory.MemoryManager] Emitting JVM memory status event {Maximum: 1572864000, Committed: 484442112}
11:50:16.820 [DEBUG] [org.gradle.process.internal.health.memory.MemoryManager] Emitting OS memory status event {Total: 4059156480, Free: 350130176}
11:50:16.820 [DEBUG] [org.gradle.launcher.daemon.server.health.LowMemoryDaemonExpirationStrategy] Received memory status update: {Total: 4059156480, Free: 350130176}
11:50:16.820 [DEBUG] [org.gradle.process.internal.health.memory.MemoryManager] 405915648 memory requested, 350130176 free
11:50:16.820 [DEBUG] [org.gradle.workers.internal.WorkerDaemonExpiration] Will attempt to release 387 of memory
11:50:16.820 [DEBUG] [org.gradle.process.internal.health.memory.MemoryManager] 405915648 memory requested, 0 released, 350130176 free
11:50:16.820 [DEBUG] [org.gradle.process.internal.health.memory.MemoryManager] Emitting JVM memory status event {Maximum: 1572864000, Committed: 484442112}
11:50:19.339 [DEBUG] [org.gradle.launcher.daemon.server.Daemon] DaemonExpirationPeriodicCheck running
11:50:19.340 [DEBUG] [org.gradle.cache.internal.DefaultFileLockManager] Waiting to acquire shared lock on daemon addresses registry.
11:50:19.340 [DEBUG] [org.gradle.cache.internal.DefaultFileLockManager] Lock acquired on daemon addresses registry.
11:50:19.340 [DEBUG] [org.gradle.cache.internal.DefaultFileLockManager] Releasing lock on daemon addresses registry.
11:50:19.340 [DEBUG] [org.gradle.cache.internal.DefaultFileLockManager] Waiting to acquire shared lock on daemon addresses registry.
11:50:19.341 [DEBUG] [org.gradle.cache.internal.DefaultFileLockManager] Lock acquired on daemon addresses registry.
11:50:19.341 [DEBUG] [org.gradle.cache.internal.DefaultFileLockManager] Releasing lock on daemon addresses registry.
11:50:19.341 [DEBUG] [org.gradle.cache.internal.DefaultFileLockManager] Waiting to acquire shared lock on daemon addresses registry.
11:50:19.342 [DEBUG] [org.gradle.cache.internal.DefaultFileLockManager] Lock acquired on daemon addresses registry.
11:50:19.342 [DEBUG] [org.gradle.cache.internal.DefaultFileLockManager] Releasing lock on daemon addresses registry.
11:50:21.820 [DEBUG] [org.gradle.process.internal.health.memory.MemoryManager] Emitting OS memory status event {Total: 4059156480, Free: 350920704}
11:50:21.820 [DEBUG] [org.gradle.launcher.daemon.server.health.LowMemoryDaemonExpirationStrategy] Received memory status update: {Total: 4059156480, Free: 350920704}
11:50:21.820 [DEBUG] [org.gradle.process.internal.health.memory.MemoryManager] 405915648 memory requested, 350920704 free
11:50:21.820 [DEBUG] [org.gradle.workers.internal.WorkerDaemonExpiration] Will attempt to release 387 of memory
11:50:21.820 [DEBUG] [org.gradle.process.internal.health.memory.MemoryManager] 405915648 memory requested, 0 released, 350920704 free
11:50:21.820 [DEBUG] [org.gradle.process.internal.health.memory.MemoryManager] Emitting JVM memory status event {Maximum: 1572864000, Committed: 484442112}
11:50:26.820 [DEBUG] [org.gradle.process.internal.health.memory.MemoryManager] Emitting OS memory status event {Total: 4059156480, Free: 350449664}
11:50:26.820 [DEBUG] [org.gradle.launcher.daemon.server.health.LowMemoryDaemonExpirationStrategy] Received memory status update: {Total: 4059156480, Free: 350449664}
11:50:26.820 [DEBUG] [org.gradle.process.internal.health.memory.MemoryManager] 405915648 memory requested, 350449664 free
11:50:26.820 [DEBUG] [org.gradle.workers.internal.WorkerDaemonExpiration] Will attempt to release 387 of memory
11:50:26.820 [DEBUG] [org.gradle.process.internal.health.memory.MemoryManager] 405915648 memory requested, 0 released, 350449664 free
11:50:26.820 [DEBUG] [org.gradle.process.internal.health.memory.MemoryManager] Emitting JVM memory status event {Maximum: 1572864000, Committed: 484442112}
11:50:29.339 [DEBUG] [org.gradle.launcher.daemon.server.Daemon] DaemonExpirationPeriodicCheck running
11:50:29.340 [DEBUG] [org.gradle.cache.internal.DefaultFileLockManager] Waiting to acquire shared lock on daemon addresses registry.
11:50:29.340 [DEBUG] [org.gradle.cache.internal.DefaultFileLockManager] Lock acquired on daemon addresses registry.
11:50:29.340 [DEBUG] [org.gradle.cache.internal.DefaultFileLockManager] Releasing lock on daemon addresses registry.
11:50:29.340 [DEBUG] [org.gradle.cache.internal.DefaultFileLockManager] Waiting to acquire shared lock on daemon addresses registry.
11:50:29.340 [DEBUG] [org.gradle.cache.internal.DefaultFileLockManager] Lock acquired on daemon addresses registry.
11:50:29.341 [DEBUG] [org.gradle.cache.internal.DefaultFileLockManager] Releasing lock on daemon addresses registry.
11:50:29.341 [DEBUG] [org.gradle.cache.internal.DefaultFileLockManager] Waiting to acquire shared lock on daemon addresses registry.
11:50:29.341 [DEBUG] [org.gradle.cache.internal.DefaultFileLockManager] Lock acquired on daemon addresses registry.
11:50:29.341 [DEBUG] [org.gradle.cache.internal.DefaultFileLockManager] Releasing lock on daemon addresses registry.
11:50:31.820 [DEBUG] [org.gradle.process.internal.health.memory.MemoryManager] Emitting OS memory status event {Total: 4059156480, Free: 345731072}
11:50:31.820 [DEBUG] [org.gradle.launcher.daemon.server.health.LowMemoryDaemonExpirationStrategy] Received memory status update: {Total: 4059156480, Free: 345731072}
11:50:31.820 [DEBUG] [org.gradle.process.internal.health.memory.MemoryManager] 405915648 memory requested, 345731072 free
11:50:31.820 [DEBUG] [org.gradle.workers.internal.WorkerDaemonExpiration] Will attempt to release 387 of memory
11:50:31.820 [DEBUG] [org.gradle.process.internal.health.memory.MemoryManager] 405915648 memory requested, 0 released, 345731072 free
11:50:31.820 [DEBUG] [org.gradle.process.internal.health.memory.MemoryManager] Emitting JVM memory status event {Maximum: 1572864000, Committed: 484442112}
11:50:36.820 [DEBUG] [org.gradle.process.internal.health.memory.MemoryManager] Emitting OS memory status event {Total: 4059156480, Free: 352206848}
11:50:36.820 [DEBUG] [org.gradle.launcher.daemon.server.health.LowMemoryDaemonExpirationStrategy] Received memory status update: {Total: 4059156480, Free: 352206848}
11:50:36.820 [DEBUG] [org.gradle.process.internal.health.memory.MemoryManager] 405915648 memory requested, 352206848 free
11:50:36.820 [DEBUG] [org.gradle.workers.internal.WorkerDaemonExpiration] Will attempt to release 387 of memory
11:50:36.820 [DEBUG] [org.gradle.process.internal.health.memory.MemoryManager] 405915648 memory requested, 0 released, 352206848 free
11:50:36.820 [DEBUG] [org.gradle.process.internal.health.memory.MemoryManager] Emitting JVM memory status event {Maximum: 1572864000, Committed: 484442112}
11:50:39.339 [DEBUG] [org.gradle.launcher.daemon.server.Daemon] DaemonExpirationPeriodicCheck running
11:50:39.339 [DEBUG] [org.gradle.cache.internal.DefaultFileLockManager] Waiting to acquire shared lock on daemon addresses registry.
11:50:39.340 [DEBUG] [org.gradle.cache.internal.DefaultFileLockManager] Lock acquired on daemon addresses registry.
11:50:39.340 [DEBUG] [org.gradle.cache.internal.DefaultFileLockManager] Releasing lock on daemon addresses registry.
11:50:39.340 [DEBUG] [org.gradle.cache.internal.DefaultFileLockManager] Waiting to acquire shared lock on daemon addresses registry.
11:50:39.340 [DEBUG] [org.gradle.cache.internal.DefaultFileLockManager] Lock acquired on daemon addresses registry.
11:50:39.340 [DEBUG] [org.gradle.cache.internal.DefaultFileLockManager] Releasing lock on daemon addresses registry.
11:50:39.340 [DEBUG] [org.gradle.cache.internal.DefaultFileLockManager] Waiting to acquire shared lock on daemon addresses registry.
11:50:39.340 [DEBUG] [org.gradle.cache.internal.DefaultFileLockManager] Lock acquired on daemon addresses registry.
11:50:39.340 [DEBUG] [org.gradle.cache.internal.DefaultFileLockManager] Releasing lock on daemon addresses registry.
11:50:41.820 [DEBUG] [org.gradle.process.internal.health.memory.MemoryManager] Emitting OS memory status event {Total: 4059156480, Free: 351227904}
11:50:41.820 [DEBUG] [org.gradle.launcher.daemon.server.health.LowMemoryDaemonExpirationStrategy] Received memory status update: {Total: 4059156480, Free: 351227904}
11:50:41.820 [DEBUG] [org.gradle.process.internal.health.memory.MemoryManager] 405915648 memory requested, 351227904 free
11:50:41.820 [DEBUG] [org.gradle.workers.internal.WorkerDaemonExpiration] Will attempt to release 387 of memory
11:50:41.820 [DEBUG] [org.gradle.process.internal.health.memory.MemoryManager] 405915648 memory requested, 0 released, 351227904 free
11:50:41.821 [DEBUG] [org.gradle.process.internal.health.memory.MemoryManager] Emitting JVM memory status event {Maximum: 1572864000, Committed: 484442112}
11:50:46.820 [DEBUG] [org.gradle.process.internal.health.memory.MemoryManager] Emitting OS memory status event {Total: 4059156480, Free: 343023616}
11:50:46.820 [DEBUG] [org.gradle.launcher.daemon.server.health.LowMemoryDaemonExpirationStrategy] Received memory status update: {Total: 4059156480, Free: 343023616}
11:50:46.820 [DEBUG] [org.gradle.process.internal.health.memory.MemoryManager] 405915648 memory requested, 343023616 free
11:50:46.820 [DEBUG] [org.gradle.workers.internal.WorkerDaemonExpiration] Will attempt to release 387 of memory
11:50:46.821 [DEBUG] [org.gradle.process.internal.health.memory.MemoryManager] 405915648 memory requested, 0 released, 343023616 free
11:50:46.821 [DEBUG] [org.gradle.process.internal.health.memory.MemoryManager] Emitting JVM memory status event {Maximum: 1572864000, Committed: 484442112}
11:50:49.339 [DEBUG] [org.gradle.launcher.daemon.server.Daemon] DaemonExpirationPeriodicCheck running
11:50:49.339 [DEBUG] [org.gradle.cache.internal.DefaultFileLockManager] Waiting to acquire shared lock on daemon addresses registry.
11:50:49.339 [DEBUG] [org.gradle.cache.internal.DefaultFileLockManager] Lock acquired on daemon addresses registry.
11:50:49.340 [DEBUG] [org.gradle.cache.internal.DefaultFileLockManager] Releasing lock on daemon addresses registry.
11:50:49.340 [DEBUG] [org.gradle.cache.internal.DefaultFileLockManager] Waiting to acquire shared lock on daemon addresses registry.
11:50:49.340 [DEBUG] [org.gradle.cache.internal.DefaultFileLockManager] Lock acquired on daemon addresses registry.
11:50:49.340 [DEBUG] [org.gradle.cache.internal.DefaultFileLockManager] Releasing lock on daemon addresses registry.
11:50:49.340 [DEBUG] [org.gradle.cache.internal.DefaultFileLockManager] Waiting to acquire shared lock on daemon addresses registry.
11:50:49.340 [DEBUG] [org.gradle.cache.internal.DefaultFileLockManager] Lock acquired on daemon addresses registry.
11:50:49.341 [DEBUG] [org.gradle.cache.internal.DefaultFileLockManager] Releasing lock on daemon addresses registry.
11:50:51.820 [DEBUG] [org.gradle.process.internal.health.memory.MemoryManager] Emitting OS memory status event {Total: 4059156480, Free: 319627264}
11:50:51.820 [DEBUG] [org.gradle.launcher.daemon.server.health.LowMemoryDaemonExpirationStrategy] Received memory status update: {Total: 4059156480, Free: 319627264}
11:50:51.820 [DEBUG] [org.gradle.process.internal.health.memory.MemoryManager] 405915648 memory requested, 319627264 free
11:50:51.820 [DEBUG] [org.gradle.workers.internal.WorkerDaemonExpiration] Will attempt to release 387 of memory
11:50:51.820 [DEBUG] [org.gradle.process.internal.health.memory.MemoryManager] 405915648 memory requested, 0 released, 319627264 free
11:50:51.820 [DEBUG] [org.gradle.process.internal.health.memory.MemoryManager] Emitting JVM memory status event {Maximum: 1572864000, Committed: 484442112}
11:50:56.778 [DEBUG] [org.gradle.cache.internal.LockOnDemandCrossProcessCacheAccess] Lock on file hash cache (/home/adolfo/Proyectos_Android/vaczine/caches/5.4.1/fileHashes) requested by another process - releasing lock.
11:50:56.778 [DEBUG] [org.gradle.cache.internal.LockOnDemandCrossProcessCacheAccess] Releasing file lock for file hash cache (/home/adolfo/Proyectos_Android/vaczine/caches/5.4.1/fileHashes)
11:50:56.778 [DEBUG] [org.gradle.cache.internal.btree.BTreePersistentIndexedCache] Closing cache fileHashes.bin (/home/adolfo/Proyectos_Android/vaczine/caches/5.4.1/fileHashes/fileHashes.bin)
11:50:56.779 [DEBUG] [org.gradle.cache.internal.btree.BTreePersistentIndexedCache] Closing cache resourceHashesCache.bin (/home/adolfo/Proyectos_Android/vaczine/caches/5.4.1/fileHashes/resourceHashesCache.bin)
11:50:56.779 [DEBUG] [org.gradle.cache.internal.DefaultFileLockManager] Releasing lock on file hash cache (/home/adolfo/Proyectos_Android/vaczine/caches/5.4.1/fileHashes).
11:50:56.790 [DEBUG] [org.gradle.cache.internal.locklistener.FileLockCommunicator] Confirming lock release to Gradle process at port 48991 for lock with id -4375464406800644667.
11:50:56.790 [DEBUG] [org.gradle.cache.internal.locklistener.DefaultFileLockContentionHandler] Gradle process at port 48991 confirmed unlock request for lock with id -4375464406800644667.
11:50:56.794 [DEBUG] [org.gradle.cache.internal.LockOnDemandCrossProcessCacheAccess] Lock on journal cache (/home/adolfo/Proyectos_Android/vaczine/caches/journal-1) requested by another process - releasing lock.
11:50:56.794 [DEBUG] [org.gradle.cache.internal.LockOnDemandCrossProcessCacheAccess] Releasing file lock for journal cache (/home/adolfo/Proyectos_Android/vaczine/caches/journal-1)
11:50:56.794 [DEBUG] [org.gradle.cache.internal.btree.BTreePersistentIndexedCache] Closing cache file-access.bin (/home/adolfo/Proyectos_Android/vaczine/caches/journal-1/file-access.bin)
11:50:56.794 [DEBUG] [org.gradle.cache.internal.DefaultFileLockManager] Releasing lock on journal cache (/home/adolfo/Proyectos_Android/vaczine/caches/journal-1).
11:50:56.795 [DEBUG] [org.gradle.cache.internal.locklistener.FileLockCommunicator] Confirming lock release to Gradle process at port 48991 for lock with id 4734458407367614731.
11:50:56.795 [DEBUG] [org.gradle.cache.internal.locklistener.FileLockCommunicator] Confirming lock release to Gradle process at port 48991 for lock with id 4734458407367614731.
11:50:56.820 [DEBUG] [org.gradle.process.internal.health.memory.MemoryManager] Emitting OS memory status event {Total: 4059156480, Free: 297201664}
11:50:56.820 [DEBUG] [org.gradle.launcher.daemon.server.health.LowMemoryDaemonExpirationStrategy] Received memory status update: {Total: 4059156480, Free: 297201664}
11:50:56.820 [DEBUG] [org.gradle.process.internal.health.memory.MemoryManager] 405915648 memory requested, 297201664 free
11:50:56.820 [DEBUG] [org.gradle.workers.internal.WorkerDaemonExpiration] Will attempt to release 387 of memory
11:50:56.820 [DEBUG] [org.gradle.process.internal.health.memory.MemoryManager] 405915648 memory requested, 0 released, 297201664 free
11:50:56.820 [DEBUG] [org.gradle.process.internal.health.memory.MemoryManager] Emitting JVM memory status event {Maximum: 1572864000, Committed: 484442112}
11:50:59.339 [DEBUG] [org.gradle.launcher.daemon.server.Daemon] DaemonExpirationPeriodicCheck running
11:50:59.339 [DEBUG] [org.gradle.cache.internal.DefaultFileLockManager] Waiting to acquire shared lock on daemon addresses registry.
11:50:59.340 [DEBUG] [org.gradle.cache.internal.DefaultFileLockManager] Lock acquired on daemon addresses registry.
11:50:59.340 [DEBUG] [org.gradle.cache.internal.DefaultFileLockManager] Releasing lock on daemon addresses registry.
11:50:59.340 [DEBUG] [org.gradle.cache.internal.DefaultFileLockManager] Waiting to acquire shared lock on daemon addresses registry.
11:50:59.340 [DEBUG] [org.gradle.cache.internal.DefaultFileLockManager] Lock acquired on daemon addresses registry.
11:50:59.340 [DEBUG] [org.gradle.cache.internal.DefaultFileLockManager] Releasing lock on daemon addresses registry.
11:50:59.340 [DEBUG] [org.gradle.cache.internal.DefaultFileLockManager] Waiting to acquire shared lock on daemon addresses registry.
11:50:59.340 [DEBUG] [org.gradle.cache.internal.DefaultFileLockManager] Lock acquired on daemon addresses registry.
11:50:59.340 [DEBUG] [org.gradle.cache.internal.DefaultFileLockManager] Releasing lock on daemon addresses registry.
11:51:01.820 [DEBUG] [org.gradle.process.internal.health.memory.MemoryManager] Emitting OS memory status event {Total: 4059156480, Free: 234082304}
11:51:01.820 [DEBUG] [org.gradle.launcher.daemon.server.health.LowMemoryDaemonExpirationStrategy] Received memory status update: {Total: 4059156480, Free: 234082304}
11:51:01.820 [DEBUG] [org.gradle.process.internal.health.memory.MemoryManager] 405915648 memory requested, 234082304 free
11:51:01.820 [DEBUG] [org.gradle.workers.internal.WorkerDaemonExpiration] Will attempt to release 387 of memory
11:51:01.820 [DEBUG] [org.gradle.process.internal.health.memory.MemoryManager] 405915648 memory requested, 0 released, 234082304 free
11:51:01.820 [DEBUG] [org.gradle.process.internal.health.memory.MemoryManager] Emitting JVM memory status event {Maximum: 1572864000, Committed: 484442112}
11:51:03.642 [DEBUG] [org.gradle.cache.internal.LockOnDemandCrossProcessCacheAccess] Lock on execution history cache (/home/adolfo/Proyectos_Android/vaczine/caches/5.4.1/executionHistory) requested by another process - releasing lock.
11:51:03.642 [DEBUG] [org.gradle.cache.internal.LockOnDemandCrossProcessCacheAccess] Releasing file lock for execution history cache (/home/adolfo/Proyectos_Android/vaczine/caches/5.4.1/executionHistory)
11:51:03.643 [DEBUG] [org.gradle.cache.internal.btree.BTreePersistentIndexedCache] Closing cache executionHistory.bin (/home/adolfo/Proyectos_Android/vaczine/caches/5.4.1/executionHistory/executionHistory.bin)
11:51:03.648 [DEBUG] [org.gradle.cache.internal.DefaultFileLockManager] Releasing lock on execution history cache (/home/adolfo/Proyectos_Android/vaczine/caches/5.4.1/executionHistory).
11:51:03.648 [DEBUG] [org.gradle.cache.internal.locklistener.FileLockCommunicator] Confirming lock release to Gradle process at port 48991 for lock with id -7676601759776335607.
11:51:03.648 [DEBUG] [org.gradle.cache.internal.locklistener.FileLockCommunicator] Confirming lock release to Gradle process at port 48991 for lock with id -7676601759776335607.
11:51:03.917 [DEBUG] [org.gradle.cache.internal.LockOnDemandCrossProcessCacheAccess] Lock on artifact cache (/home/adolfo/Proyectos_Android/vaczine/caches/modules-2) requested by another process - releasing lock.
11:51:03.917 [DEBUG] [org.gradle.cache.internal.LockOnDemandCrossProcessCacheAccess] Releasing file lock for artifact cache (/home/adolfo/Proyectos_Android/vaczine/caches/modules-2)
11:51:03.918 [DEBUG] [org.gradle.cache.internal.btree.BTreePersistentIndexedCache] Closing cache module-artifacts.bin (/home/adolfo/Proyectos_Android/vaczine/caches/modules-2/metadata-2.71/module-artifacts.bin)
11:51:03.918 [DEBUG] [org.gradle.cache.internal.btree.BTreePersistentIndexedCache] Closing cache module-artifact.bin (/home/adolfo/Proyectos_Android/vaczine/caches/modules-2/metadata-2.71/module-artifact.bin)
11:51:03.918 [DEBUG] [org.gradle.cache.internal.btree.BTreePersistentIndexedCache] Closing cache resource-at-url.bin (/home/adolfo/Proyectos_Android/vaczine/caches/modules-2/metadata-2.71/resource-at-url.bin)
11:51:03.918 [DEBUG] [org.gradle.cache.internal.btree.BTreePersistentIndexedCache] Closing cache module-versions.bin (/home/adolfo/Proyectos_Android/vaczine/caches/modules-2/metadata-2.71/module-versions.bin)
11:51:03.918 [DEBUG] [org.gradle.cache.internal.btree.BTreePersistentIndexedCache] Closing cache module-metadata.bin (/home/adolfo/Proyectos_Android/vaczine/caches/modules-2/metadata-2.71/module-metadata.bin)
11:51:03.918 [DEBUG] [org.gradle.cache.internal.DefaultFileLockManager] Releasing lock on artifact cache (/home/adolfo/Proyectos_Android/vaczine/caches/modules-2).
11:51:03.918 [DEBUG] [org.gradle.cache.internal.locklistener.FileLockCommunicator] Confirming lock release to Gradle process at port 48991 for lock with id -356289308656678632.
11:51:03.919 [DEBUG] [org.gradle.cache.internal.locklistener.FileLockCommunicator] Confirming lock release to Gradle process at port 48991 for lock with id -356289308656678632.
11:51:06.820 [DEBUG] [org.gradle.process.internal.health.memory.MemoryManager] Emitting OS memory status event {Total: 4059156480, Free: 205643776}
11:51:06.820 [DEBUG] [org.gradle.launcher.daemon.server.health.LowMemoryDaemonExpirationStrategy] Received memory status update: {Total: 4059156480, Free: 205643776}
11:51:06.820 [DEBUG] [org.gradle.process.internal.health.memory.MemoryManager] 405915648 memory requested, 205643776 free
11:51:06.821 [DEBUG] [org.gradle.workers.internal.WorkerDaemonExpiration] Will attempt to release 387 of memory
11:51:06.821 [DEBUG] [org.gradle.process.internal.health.memory.MemoryManager] 405915648 memory requested, 0 released, 205643776 free
11:51:06.821 [DEBUG] [org.gradle.process.internal.health.memory.MemoryManager] Emitting JVM memory status event {Maximum: 1572864000, Committed: 484442112}
11:51:09.339 [DEBUG] [org.gradle.launcher.daemon.server.Daemon] DaemonExpirationPeriodicCheck running
11:51:09.340 [DEBUG] [org.gradle.cache.internal.DefaultFileLockManager] Waiting to acquire shared lock on daemon addresses registry.
11:51:09.340 [DEBUG] [org.gradle.cache.internal.DefaultFileLockManager] Lock acquired on daemon addresses registry.
11:51:09.340 [DEBUG] [org.gradle.cache.internal.DefaultFileLockManager] Releasing lock on daemon addresses registry.
11:51:09.340 [DEBUG] [org.gradle.cache.internal.DefaultFileLockManager] Waiting to acquire shared lock on daemon addresses registry.
11:51:09.340 [DEBUG] [org.gradle.cache.internal.DefaultFileLockManager] Lock acquired on daemon addresses registry.
11:51:09.340 [DEBUG] [org.gradle.cache.internal.DefaultFileLockManager] Releasing lock on daemon addresses registry.
11:51:09.340 [DEBUG] [org.gradle.cache.internal.DefaultFileLockManager] Waiting to acquire shared lock on daemon addresses registry.
11:51:09.340 [DEBUG] [org.gradle.cache.internal.DefaultFileLockManager] Lock acquired on daemon addresses registry.
11:51:09.340 [DEBUG] [org.gradle.cache.internal.DefaultFileLockManager] Releasing lock on daemon addresses registry.
11:51:11.820 [DEBUG] [org.gradle.process.internal.health.memory.MemoryManager] Emitting OS memory status event {Total: 4059156480, Free: 168357888}
11:51:11.820 [DEBUG] [org.gradle.launcher.daemon.server.health.LowMemoryDaemonExpirationStrategy] Received memory status update: {Total: 4059156480, Free: 168357888}
11:51:11.820 [DEBUG] [org.gradle.process.internal.health.memory.MemoryManager] 405915648 memory requested, 168357888 free
11:51:11.820 [DEBUG] [org.gradle.workers.internal.WorkerDaemonExpiration] Will attempt to release 387 of memory
11:51:11.820 [DEBUG] [org.gradle.process.internal.health.memory.MemoryManager] 405915648 memory requested, 0 released, 168357888 free
11:51:11.820 [DEBUG] [org.gradle.process.internal.health.memory.MemoryManager] Emitting JVM memory status event {Maximum: 1572864000, Committed: 484442112}
11:51:14.350 [DEBUG] [org.gradle.cache.internal.LockOnDemandCrossProcessCacheAccess] Lock on file content cache (/home/adolfo/Proyectos_Android/vaczine/caches/5.4.1/fileContent) requested by another process - releasing lock.
11:51:14.350 [DEBUG] [org.gradle.cache.internal.LockOnDemandCrossProcessCacheAccess] Releasing file lock for file content cache (/home/adolfo/Proyectos_Android/vaczine/caches/5.4.1/fileContent)
11:51:14.350 [DEBUG] [org.gradle.cache.internal.DefaultFileLockManager] Releasing lock on file content cache (/home/adolfo/Proyectos_Android/vaczine/caches/5.4.1/fileContent).
11:51:14.366 [DEBUG] [org.gradle.cache.internal.locklistener.FileLockCommunicator] Confirming lock release to Gradle process at port 48991 for lock with id -4109651589169531087.
11:51:14.366 [DEBUG] [org.gradle.cache.internal.locklistener.FileLockCommunicator] Confirming lock release to Gradle process at port 48991 for lock with id -4109651589169531087.
11:51:16.820 [DEBUG] [org.gradle.process.internal.health.memory.MemoryManager] Emitting OS memory status event {Total: 4059156480, Free: 128704512}
11:51:16.820 [DEBUG] [org.gradle.launcher.daemon.server.health.LowMemoryDaemonExpirationStrategy] Received memory status update: {Total: 4059156480, Free: 128704512}
11:51:16.820 [DEBUG] [org.gradle.process.internal.health.memory.MemoryManager] 405915648 memory requested, 128704512 free
11:51:16.820 [DEBUG] [org.gradle.workers.internal.WorkerDaemonExpiration] Will attempt to release 387 of memory
11:51:16.821 [DEBUG] [org.gradle.process.internal.health.memory.MemoryManager] 405915648 memory requested, 0 released, 128704512 free
11:51:16.821 [DEBUG] [org.gradle.process.internal.health.memory.MemoryManager] Emitting JVM memory status event {Maximum: 1572864000, Committed: 484442112}
11:51:19.339 [DEBUG] [org.gradle.launcher.daemon.server.Daemon] DaemonExpirationPeriodicCheck running
11:51:19.340 [DEBUG] [org.gradle.cache.internal.DefaultFileLockManager] Waiting to acquire shared lock on daemon addresses registry.
11:51:19.340 [DEBUG] [org.gradle.cache.internal.DefaultFileLockManager] Lock acquired on daemon addresses registry.
11:51:19.340 [DEBUG] [org.gradle.cache.internal.DefaultFileLockManager] Releasing lock on daemon addresses registry.
11:51:19.340 [DEBUG] [org.gradle.cache.internal.DefaultFileLockManager] Waiting to acquire shared lock on daemon addresses registry.
11:51:19.340 [DEBUG] [org.gradle.cache.internal.DefaultFileLockManager] Lock acquired on daemon addresses registry.
11:51:19.341 [DEBUG] [org.gradle.cache.internal.DefaultFileLockManager] Releasing lock on daemon addresses registry.
11:51:19.341 [DEBUG] [org.gradle.cache.internal.DefaultFileLockManager] Waiting to acquire shared lock on daemon addresses registry.
11:51:19.341 [DEBUG] [org.gradle.cache.internal.DefaultFileLockManager] Lock acquired on daemon addresses registry.
11:51:19.341 [DEBUG] [org.gradle.cache.internal.DefaultFileLockManager] Releasing lock on daemon addresses registry.
11:51:21.820 [DEBUG] [org.gradle.process.internal.health.memory.MemoryManager] Emitting OS memory status event {Total: 4059156480, Free: 124604416}
11:51:21.820 [DEBUG] [org.gradle.launcher.daemon.server.health.LowMemoryDaemonExpirationStrategy] Received memory status update: {Total: 4059156480, Free: 124604416}
11:51:21.820 [DEBUG] [org.gradle.process.internal.health.memory.MemoryManager] 405915648 memory requested, 124604416 free
11:51:21.820 [DEBUG] [org.gradle.workers.internal.WorkerDaemonExpiration] Will attempt to release 387 of memory
11:51:21.821 [DEBUG] [org.gradle.process.internal.health.memory.MemoryManager] 405915648 memory requested, 0 released, 124604416 free
11:51:21.821 [DEBUG] [org.gradle.process.internal.health.memory.MemoryManager] Emitting JVM memory status event {Maximum: 1572864000, Committed: 484442112}
11:51:26.820 [DEBUG] [org.gradle.process.internal.health.memory.MemoryManager] Emitting OS memory status event {Total: 4059156480, Free: 117497856}
11:51:26.820 [DEBUG] [org.gradle.launcher.daemon.server.health.LowMemoryDaemonExpirationStrategy] Received memory status update: {Total: 4059156480, Free: 117497856}
11:51:26.820 [DEBUG] [org.gradle.process.internal.health.memory.MemoryManager] 405915648 memory requested, 117497856 free
11:51:26.820 [DEBUG] [org.gradle.workers.internal.WorkerDaemonExpiration] Will attempt to release 387 of memory
11:51:26.821 [DEBUG] [org.gradle.process.internal.health.memory.MemoryManager] 405915648 memory requested, 0 released, 117497856 free
11:51:26.821 [DEBUG] [org.gradle.process.internal.health.memory.MemoryManager] Emitting JVM memory status event {Maximum: 1572864000, Committed: 484442112}
11:51:29.339 [DEBUG] [org.gradle.launcher.daemon.server.Daemon] DaemonExpirationPeriodicCheck running
11:51:29.339 [DEBUG] [org.gradle.cache.internal.DefaultFileLockManager] Waiting to acquire shared lock on daemon addresses registry.
11:51:29.392 [DEBUG] [org.gradle.cache.internal.DefaultFileLockManager] Lock acquired on daemon addresses registry.
11:51:29.418 [DEBUG] [org.gradle.cache.internal.DefaultFileLockManager] Releasing lock on daemon addresses registry.
11:51:29.418 [DEBUG] [org.gradle.cache.internal.DefaultFileLockManager] Waiting to acquire shared lock on daemon addresses registry.
11:51:29.418 [DEBUG] [org.gradle.cache.internal.DefaultFileLockManager] Lock acquired on daemon addresses registry.
11:51:29.418 [DEBUG] [org.gradle.cache.internal.DefaultFileLockManager] Releasing lock on daemon addresses registry.
11:51:29.418 [DEBUG] [org.gradle.cache.internal.DefaultFileLockManager] Waiting to acquire shared lock on daemon addresses registry.
11:51:29.419 [DEBUG] [org.gradle.cache.internal.DefaultFileLockManager] Lock acquired on daemon addresses registry.
11:51:29.419 [DEBUG] [org.gradle.cache.internal.DefaultFileLockManager] Releasing lock on daemon addresses registry.
11:51:31.819 [DEBUG] [org.gradle.process.internal.health.memory.MemoryManager] Emitting OS memory status event {Total: 4059156480, Free: 112041984}
11:51:31.819 [DEBUG] [org.gradle.launcher.daemon.server.health.LowMemoryDaemonExpirationStrategy] Received memory status update: {Total: 4059156480, Free: 112041984}
11:51:31.819 [DEBUG] [org.gradle.process.internal.health.memory.MemoryManager] 405915648 memory requested, 112041984 free
11:51:31.819 [DEBUG] [org.gradle.workers.internal.WorkerDaemonExpiration] Will attempt to release 387 of memory
11:51:31.819 [DEBUG] [org.gradle.process.internal.health.memory.MemoryManager] 405915648 memory requested, 0 released, 112041984 free
11:51:31.819 [DEBUG] [org.gradle.process.internal.health.memory.MemoryManager] Emitting JVM memory status event {Maximum: 1572864000, Committed: 484442112}
11:51:36.820 [DEBUG] [org.gradle.process.internal.health.memory.MemoryManager] Emitting OS memory status event {Total: 4059156480, Free: 114413568}
11:51:36.820 [DEBUG] [org.gradle.launcher.daemon.server.health.LowMemoryDaemonExpirationStrategy] Received memory status update: {Total: 4059156480, Free: 114413568}
11:51:36.820 [DEBUG] [org.gradle.process.internal.health.memory.MemoryManager] 405915648 memory requested, 114413568 free
11:51:36.820 [DEBUG] [org.gradle.workers.internal.WorkerDaemonExpiration] Will attempt to release 387 of memory
11:51:36.820 [DEBUG] [org.gradle.process.internal.health.memory.MemoryManager] 405915648 memory requested, 0 released, 114413568 free
11:51:36.820 [DEBUG] [org.gradle.process.internal.health.memory.MemoryManager] Emitting JVM memory status event {Maximum: 1572864000, Committed: 484442112}
11:51:39.339 [DEBUG] [org.gradle.launcher.daemon.server.Daemon] DaemonExpirationPeriodicCheck running
11:51:39.339 [DEBUG] [org.gradle.cache.internal.DefaultFileLockManager] Waiting to acquire shared lock on daemon addresses registry.
11:51:39.450 [DEBUG] [org.gradle.cache.internal.DefaultFileLockManager] Lock acquired on daemon addresses registry.
11:51:39.468 [DEBUG] [org.gradle.cache.internal.DefaultFileLockManager] Releasing lock on daemon addresses registry.
11:51:39.468 [DEBUG] [org.gradle.cache.internal.DefaultFileLockManager] Waiting to acquire shared lock on daemon addresses registry.
11:51:39.469 [DEBUG] [org.gradle.cache.internal.DefaultFileLockManager] Lock acquired on daemon addresses registry.
11:51:39.469 [DEBUG] [org.gradle.cache.internal.DefaultFileLockManager] Releasing lock on daemon addresses registry.
11:51:39.469 [DEBUG] [org.gradle.cache.internal.DefaultFileLockManager] Waiting to acquire shared lock on daemon addresses registry.
11:51:39.469 [DEBUG] [org.gradle.cache.internal.DefaultFileLockManager] Lock acquired on daemon addresses registry.
11:51:39.469 [DEBUG] [org.gradle.cache.internal.DefaultFileLockManager] Releasing lock on daemon addresses registry.
11:51:41.820 [DEBUG] [org.gradle.process.internal.health.memory.MemoryManager] Emitting OS memory status event {Total: 4059156480, Free: 116760576}
11:51:41.820 [DEBUG] [org.gradle.launcher.daemon.server.health.LowMemoryDaemonExpirationStrategy] Received memory status update: {Total: 4059156480, Free: 116760576}
11:51:41.820 [DEBUG] [org.gradle.process.internal.health.memory.MemoryManager] 405915648 memory requested, 116760576 free
11:51:41.821 [DEBUG] [org.gradle.workers.internal.WorkerDaemonExpiration] Will attempt to release 387 of memory
11:51:41.821 [DEBUG] [org.gradle.process.internal.health.memory.MemoryManager] 405915648 memory requested, 0 released, 116760576 free
11:51:41.821 [DEBUG] [org.gradle.process.internal.health.memory.MemoryManager] Emitting JVM memory status event {Maximum: 1572864000, Committed: 484442112}
11:51:46.820 [DEBUG] [org.gradle.process.internal.health.memory.MemoryManager] Emitting OS memory status event {Total: 4059156480, Free: 121389056}
11:51:46.820 [DEBUG] [org.gradle.launcher.daemon.server.health.LowMemoryDaemonExpirationStrategy] Received memory status update: {Total: 4059156480, Free: 121389056}
11:51:46.820 [DEBUG] [org.gradle.process.internal.health.memory.MemoryManager] 405915648 memory requested, 121389056 free
11:51:46.821 [DEBUG] [org.gradle.workers.internal.WorkerDaemonExpiration] Will attempt to release 387 of memory
11:51:46.821 [DEBUG] [org.gradle.process.internal.health.memory.MemoryManager] 405915648 memory requested, 0 released, 121389056 free
11:51:46.821 [DEBUG] [org.gradle.process.internal.health.memory.MemoryManager] Emitting JVM memory status event {Maximum: 1572864000, Committed: 484442112}
11:51:49.339 [DEBUG] [org.gradle.launcher.daemon.server.Daemon] DaemonExpirationPeriodicCheck running
11:51:49.340 [DEBUG] [org.gradle.cache.internal.DefaultFileLockManager] Waiting to acquire shared lock on daemon addresses registry.
11:51:49.340 [DEBUG] [org.gradle.cache.internal.DefaultFileLockManager] Lock acquired on daemon addresses registry.
11:51:49.341 [DEBUG] [org.gradle.cache.internal.DefaultFileLockManager] Releasing lock on daemon addresses registry.
11:51:49.341 [DEBUG] [org.gradle.cache.internal.DefaultFileLockManager] Waiting to acquire shared lock on daemon addresses registry.
11:51:49.342 [DEBUG] [org.gradle.cache.internal.DefaultFileLockManager] Lock acquired on daemon addresses registry.
11:51:49.342 [DEBUG] [org.gradle.cache.internal.DefaultFileLockManager] Releasing lock on daemon addresses registry.
11:51:49.342 [DEBUG] [org.gradle.cache.internal.DefaultFileLockManager] Waiting to acquire shared lock on daemon addresses registry.
11:51:49.342 [DEBUG] [org.gradle.cache.internal.DefaultFileLockManager] Lock acquired on daemon addresses registry.
11:51:49.343 [DEBUG] [org.gradle.cache.internal.DefaultFileLockManager] Releasing lock on daemon addresses registry.
11:51:51.820 [DEBUG] [org.gradle.process.internal.health.memory.MemoryManager] Emitting OS memory status event {Total: 4059156480, Free: 133873664}
11:51:51.820 [DEBUG] [org.gradle.launcher.daemon.server.health.LowMemoryDaemonExpirationStrategy] Received memory status update: {Total: 4059156480, Free: 133873664}
11:51:51.820 [DEBUG] [org.gradle.process.internal.health.memory.MemoryManager] 405915648 memory requested, 133873664 free
11:51:51.820 [DEBUG] [org.gradle.workers.internal.WorkerDaemonExpiration] Will attempt to release 387 of memory
11:51:51.821 [DEBUG] [org.gradle.process.internal.health.memory.MemoryManager] 405915648 memory requested, 0 released, 133873664 free
11:51:51.821 [DEBUG] [org.gradle.process.internal.health.memory.MemoryManager] Emitting JVM memory status event {Maximum: 1572864000, Committed: 484442112}
11:51:56.820 [DEBUG] [org.gradle.process.internal.health.memory.MemoryManager] Emitting OS memory status event {Total: 4059156480, Free: 154288128}
11:51:56.820 [DEBUG] [org.gradle.launcher.daemon.server.health.LowMemoryDaemonExpirationStrategy] Received memory status update: {Total: 4059156480, Free: 154288128}
11:51:56.820 [DEBUG] [org.gradle.process.internal.health.memory.MemoryManager] 405915648 memory requested, 154288128 free
11:51:56.820 [DEBUG] [org.gradle.workers.internal.WorkerDaemonExpiration] Will attempt to release 387 of memory
11:51:56.820 [DEBUG] [org.gradle.process.internal.health.memory.MemoryManager] 405915648 memory requested, 0 released, 154288128 free
11:51:56.820 [DEBUG] [org.gradle.process.internal.health.memory.MemoryManager] Emitting JVM memory status event {Maximum: 1572864000, Committed: 484442112}
11:51:59.339 [DEBUG] [org.gradle.launcher.daemon.server.Daemon] DaemonExpirationPeriodicCheck running
11:51:59.339 [DEBUG] [org.gradle.cache.internal.DefaultFileLockManager] Waiting to acquire shared lock on daemon addresses registry.
11:51:59.339 [DEBUG] [org.gradle.cache.internal.DefaultFileLockManager] Lock acquired on daemon addresses registry.
11:51:59.340 [DEBUG] [org.gradle.cache.internal.DefaultFileLockManager] Releasing lock on daemon addresses registry.
11:51:59.340 [DEBUG] [org.gradle.cache.internal.DefaultFileLockManager] Waiting to acquire shared lock on daemon addresses registry.
11:51:59.340 [DEBUG] [org.gradle.cache.internal.DefaultFileLockManager] Lock acquired on daemon addresses registry.
11:51:59.340 [DEBUG] [org.gradle.cache.internal.DefaultFileLockManager] Releasing lock on daemon addresses registry.
11:51:59.340 [DEBUG] [org.gradle.cache.internal.DefaultFileLockManager] Waiting to acquire shared lock on daemon addresses registry.
11:51:59.340 [DEBUG] [org.gradle.cache.internal.DefaultFileLockManager] Lock acquired on daemon addresses registry.
11:51:59.340 [DEBUG] [org.gradle.cache.internal.DefaultFileLockManager] Releasing lock on daemon addresses registry.
11:52:01.820 [DEBUG] [org.gradle.process.internal.health.memory.MemoryManager] Emitting OS memory status event {Total: 4059156480, Free: 247332864}
11:52:01.820 [DEBUG] [org.gradle.launcher.daemon.server.health.LowMemoryDaemonExpirationStrategy] Received memory status update: {Total: 4059156480, Free: 247332864}
11:52:01.820 [DEBUG] [org.gradle.process.internal.health.memory.MemoryManager] 405915648 memory requested, 247332864 free
11:52:01.820 [DEBUG] [org.gradle.workers.internal.WorkerDaemonExpiration] Will attempt to release 387 of memory
11:52:01.820 [DEBUG] [org.gradle.process.internal.health.memory.MemoryManager] 405915648 memory requested, 0 released, 247332864 free
11:52:01.820 [DEBUG] [org.gradle.process.internal.health.memory.MemoryManager] Emitting JVM memory status event {Maximum: 1572864000, Committed: 484442112}
11:52:06.820 [DEBUG] [org.gradle.process.internal.health.memory.MemoryManager] Emitting OS memory status event {Total: 4059156480, Free: 233279488}
11:52:06.820 [DEBUG] [org.gradle.launcher.daemon.server.health.LowMemoryDaemonExpirationStrategy] Received memory status update: {Total: 4059156480, Free: 233279488}
11:52:06.820 [DEBUG] [org.gradle.process.internal.health.memory.MemoryManager] 405915648 memory requested, 233279488 free
11:52:06.820 [DEBUG] [org.gradle.workers.internal.WorkerDaemonExpiration] Will attempt to release 387 of memory
11:52:06.820 [DEBUG] [org.gradle.process.internal.health.memory.MemoryManager] 405915648 memory requested, 0 released, 233279488 free
11:52:06.820 [DEBUG] [org.gradle.process.internal.health.memory.MemoryManager] Emitting JVM memory status event {Maximum: 1572864000, Committed: 484442112}
11:52:09.339 [DEBUG] [org.gradle.launcher.daemon.server.Daemon] DaemonExpirationPeriodicCheck running
11:52:09.340 [DEBUG] [org.gradle.cache.internal.DefaultFileLockManager] Waiting to acquire shared lock on daemon addresses registry.
11:52:09.340 [DEBUG] [org.gradle.cache.internal.DefaultFileLockManager] Lock acquired on daemon addresses registry.
11:52:09.340 [DEBUG] [org.gradle.cache.internal.DefaultFileLockManager] Releasing lock on daemon addresses registry.
11:52:09.356 [DEBUG] [org.gradle.cache.internal.DefaultFileLockManager] Waiting to acquire shared lock on daemon addresses registry.
11:52:09.356 [DEBUG] [org.gradle.cache.internal.DefaultFileLockManager] Lock acquired on daemon addresses registry.
11:52:09.356 [DEBUG] [org.gradle.cache.internal.DefaultFileLockManager] Releasing lock on daemon addresses registry.
11:52:09.500 [INFO] [org.gradle.launcher.daemon.server.health.LowMemoryDaemonExpirationStrategy] after free system memory (233,3 MB) fell below threshold of 402,7 MB
11:52:09.501 [DEBUG] [org.gradle.cache.internal.DefaultFileLockManager] Waiting to acquire shared lock on daemon addresses registry.
11:52:09.501 [DEBUG] [org.gradle.cache.internal.DefaultFileLockManager] Lock acquired on daemon addresses registry.
11:52:09.501 [DEBUG] [org.gradle.cache.internal.DefaultFileLockManager] Releasing lock on daemon addresses registry.
11:52:09.502 [DEBUG] [org.gradle.launcher.daemon.server.DaemonRegistryUpdater] Storing daemon stop event: after being idle for 4 minutes and not recently used and to reclaim system memory
11:52:10.327 [DEBUG] [org.gradle.launcher.daemon.registry.PersistentDaemonRegistry] Storing daemon stop event with timestamp 1668005529502
11:52:10.329 [DEBUG] [org.gradle.cache.internal.DefaultFileLockManager] Waiting to acquire exclusive lock on daemon addresses registry.
11:52:10.330 [DEBUG] [org.gradle.cache.internal.DefaultFileLockManager] Lock acquired on daemon addresses registry.
11:52:10.331 [DEBUG] [org.gradle.cache.internal.DefaultFileLockManager] Releasing lock on daemon addresses registry.
11:52:10.331 [LIFECYCLE] [org.gradle.launcher.daemon.server.DaemonStateCoordinator] Daemon will be stopped at the end of the build after being idle for 4 minutes and not recently used and to reclaim system memory
11:52:10.331 [DEBUG] [org.gradle.launcher.daemon.server.DaemonStateCoordinator] Marking daemon stopped due to after being idle for 4 minutes and not recently used and to reclaim system memory. The daemon is running a build: false
11:52:10.331 [DEBUG] [org.gradle.launcher.daemon.server.DaemonStateCoordinator] daemon has stopped.
11:52:10.384 [DEBUG] [org.gradle.launcher.daemon.server.Daemon] stop() called on daemon
11:52:10.385 [INFO] [org.gradle.launcher.daemon.server.Daemon] Stop requested. Daemon is removing its presence from the registry...
11:52:10.385 [DEBUG] [org.gradle.launcher.daemon.server.DaemonRegistryUpdater] Removing our presence to clients, eg. removing this address from the registry: [94973b22-03d9-4fc2-baa4-2c3f80586140 port:41637, addresses:[/0:0:0:0:0:0:0:1%lo, /127.0.0.1]]
11:52:10.385 [DEBUG] [org.gradle.launcher.daemon.registry.PersistentDaemonRegistry] Removing daemon address: [94973b22-03d9-4fc2-baa4-2c3f80586140 port:41637, addresses:[/0:0:0:0:0:0:0:1%lo, /127.0.0.1]]
11:52:10.428 [DEBUG] [org.gradle.cache.internal.DefaultFileLockManager] Waiting to acquire exclusive lock on daemon addresses registry.
11:52:10.428 [DEBUG] [org.gradle.cache.internal.DefaultFileLockManager] Lock acquired on daemon addresses registry.
11:52:10.429 [DEBUG] [org.gradle.cache.internal.DefaultFileLockManager] Releasing lock on daemon addresses registry.
11:52:10.429 [DEBUG] [org.gradle.launcher.daemon.server.DaemonRegistryUpdater] Address removed from registry.
11:52:10.728 [DEBUG] [org.gradle.cache.internal.LockOnDemandCrossProcessCacheAccess] Releasing file lock for jars (/home/adolfo/Proyectos_Android/vaczine/caches/jars-3)
11:52:10.728 [DEBUG] [org.gradle.cache.internal.DefaultFileLockManager] Releasing lock on jars (/home/adolfo/Proyectos_Android/vaczine/caches/jars-3).
11:52:11.055 [DEBUG] [org.gradle.cache.internal.LockOnDemandCrossProcessCacheAccess] Releasing file lock for Java compile cache (/home/adolfo/Proyectos_Android/vaczine/caches/5.4.1/javaCompile)
11:52:11.183 [DEBUG] [org.gradle.cache.internal.btree.BTreePersistentIndexedCache] Closing cache jarAnalysis.bin (/home/adolfo/Proyectos_Android/vaczine/caches/5.4.1/javaCompile/jarAnalysis.bin)
11:52:11.183 [DEBUG] [org.gradle.cache.internal.DefaultFileLockManager] Releasing lock on Java compile cache (/home/adolfo/Proyectos_Android/vaczine/caches/5.4.1/javaCompile).
11:52:11.184 [DEBUG] [org.gradle.cache.internal.DefaultCacheAccess] Cache Generated Gradle JARs cache (/home/adolfo/Proyectos_Android/vaczine/caches/5.4.1/generated-gradle-jars) was closed 0 times.
11:52:11.184 [DEBUG] [org.gradle.cache.internal.LockOnDemandCrossProcessCacheAccess] Releasing file lock for Artifact transforms cache (/home/adolfo/Proyectos_Android/vaczine/caches/transforms-2)
11:52:11.184 [DEBUG] [org.gradle.cache.internal.DefaultFileLockManager] Releasing lock on Artifact transforms cache (/home/adolfo/Proyectos_Android/vaczine/caches/transforms-2).
11:52:11.820 [DEBUG] [org.gradle.process.internal.health.memory.MemoryManager] Emitting OS memory status event {Total: 4059156480, Free: 241897472}
11:52:11.820 [DEBUG] [org.gradle.launcher.daemon.server.health.LowMemoryDaemonExpirationStrategy] Received memory status update: {Total: 4059156480, Free: 241897472}
11:52:11.820 [DEBUG] [org.gradle.process.internal.health.memory.MemoryManager] 405915648 memory requested, 241897472 free
11:52:11.820 [DEBUG] [org.gradle.process.internal.health.memory.MemoryManager] 405915648 memory requested, 0 released, 241897472 free
11:52:11.820 [DEBUG] [org.gradle.process.internal.health.memory.MemoryManager] Emitting JVM memory status event {Maximum: 1572864000, Committed: 484442112}
11:52:12.073 [DEBUG] [org.gradle.cache.internal.VersionSpecificCacheCleanupAction] Processed version-specific caches at /home/adolfo/Proyectos_Android/vaczine/caches for cleanup in 0.508 secs
Daemon vm is shutting down... The daemon has exited normally or was terminated in response to a user interrupt.
11:52:13.335 [DEBUG] [org.gradle.launcher.daemon.registry.PersistentDaemonRegistry] Removing daemon address: [94973b22-03d9-4fc2-baa4-2c3f80586140 port:41637, addresses:[/0:0:0:0:0:0:0:1%lo, /127.0.0.1]]
11:52:13.336 [DEBUG] [org.gradle.cache.internal.DefaultFileLockManager] Waiting to acquire exclusive lock on daemon addresses registry.
11:52:13.336 [DEBUG] [org.gradle.cache.internal.DefaultFileLockManager] Lock acquired on daemon addresses registry.
11:52:13.337 [DEBUG] [org.gradle.cache.internal.DefaultFileLockManager] Releasing lock on daemon addresses registry.
