2023-12-05T18:20:55.811-0300 [DEBUG] [org.gradle.launcher.daemon.bootstrap.DaemonMain] Assuming the daemon was started with following jvm opts: [--add-opens, java.base/java.util=ALL-UNNAMED, --add-opens, java.base/java.lang=ALL-UNNAMED, --add-opens, java.base/java.lang.invoke=ALL-UNNAMED, --add-opens, java.base/java.util=ALL-UNNAMED, --add-opens, java.prefs/java.util.prefs=ALL-UNNAMED, --add-opens, java.prefs/java.util.prefs=ALL-UNNAMED, --add-opens, java.base/java.nio.charset=ALL-UNNAMED, --add-opens, java.base/java.net=ALL-UNNAMED, --add-opens, java.base/java.util.concurrent.atomic=ALL-UNNAMED, -Xms128m, -Xmx1500m, -Dfile.encoding=UTF-8, -Duser.country=AR, -Duser.language=es, -Duser.variant]
2023-12-05T18:20:55.960-0300 [INFO] [org.gradle.launcher.daemon.server.Daemon] start() called on daemon - DefaultDaemonContext[uid=79a136df-5241-4e96-9569-4f7a2a7235b4,javaHome=/home/adolfo/android-studio/jbr,daemonRegistryDir=/home/adolfo/Proyectos_Android_Studio/vaczine/daemon,pid=4539,idleTimeout=10800000,priority=NORMAL,daemonOpts=--add-opens,java.base/java.util=ALL-UNNAMED,--add-opens,java.base/java.lang=ALL-UNNAMED,--add-opens,java.base/java.lang.invoke=ALL-UNNAMED,--add-opens,java.base/java.util=ALL-UNNAMED,--add-opens,java.prefs/java.util.prefs=ALL-UNNAMED,--add-opens,java.prefs/java.util.prefs=ALL-UNNAMED,--add-opens,java.base/java.nio.charset=ALL-UNNAMED,--add-opens,java.base/java.net=ALL-UNNAMED,--add-opens,java.base/java.util.concurrent.atomic=ALL-UNNAMED,-Xms128m,-Xmx1500m,-Dfile.encoding=UTF-8,-Duser.country=AR,-Duser.language=es,-Duser.variant]
2023-12-05T18:20:55.994-0300 [DEBUG] [org.gradle.internal.remote.internal.inet.InetAddresses] Adding IP addresses for network interface wlp1s0
2023-12-05T18:20:55.994-0300 [DEBUG] [org.gradle.internal.remote.internal.inet.InetAddresses] Is this a loopback interface? false
2023-12-05T18:20:55.995-0300 [DEBUG] [org.gradle.internal.remote.internal.inet.InetAddresses] Adding remote address /fe80:0:0:0:d25a:33f:6def:2bb2%wlp1s0
2023-12-05T18:20:55.995-0300 [DEBUG] [org.gradle.internal.remote.internal.inet.InetAddresses] Adding remote address /192.168.0.18
2023-12-05T18:20:55.995-0300 [DEBUG] [org.gradle.internal.remote.internal.inet.InetAddresses] Adding IP addresses for network interface lo
2023-12-05T18:20:55.996-0300 [DEBUG] [org.gradle.internal.remote.internal.inet.InetAddresses] Is this a loopback interface? true
2023-12-05T18:20:55.996-0300 [DEBUG] [org.gradle.internal.remote.internal.inet.InetAddresses] Adding loopback address /0:0:0:0:0:0:0:1%lo
2023-12-05T18:20:55.996-0300 [DEBUG] [org.gradle.internal.remote.internal.inet.InetAddresses] Adding loopback address /127.0.0.1
2023-12-05T18:20:55.999-0300 [DEBUG] [org.gradle.internal.remote.internal.inet.TcpIncomingConnector] Listening on [41147574-e2cc-465f-9f44-dd33a4300a24 port:36339, addresses:[localhost/127.0.0.1]].
2023-12-05T18:20:56.007-0300 [DEBUG] [org.gradle.launcher.daemon.server.Daemon] Daemon starting at: Tue Dec 05 18:20:56 ART 2023, with address: [41147574-e2cc-465f-9f44-dd33a4300a24 port:36339, addresses:[localhost/127.0.0.1]]
2023-12-05T18:20:56.007-0300 [INFO] [org.gradle.launcher.daemon.server.DaemonRegistryUpdater] Advertising the daemon address to the clients: [41147574-e2cc-465f-9f44-dd33a4300a24 port:36339, addresses:[localhost/127.0.0.1]]
2023-12-05T18:20:56.008-0300 [DEBUG] [org.gradle.launcher.daemon.server.DaemonRegistryUpdater] Advertised daemon context: DefaultDaemonContext[uid=79a136df-5241-4e96-9569-4f7a2a7235b4,javaHome=/home/adolfo/android-studio/jbr,daemonRegistryDir=/home/adolfo/Proyectos_Android_Studio/vaczine/daemon,pid=4539,idleTimeout=10800000,priority=NORMAL,daemonOpts=--add-opens,java.base/java.util=ALL-UNNAMED,--add-opens,java.base/java.lang=ALL-UNNAMED,--add-opens,java.base/java.lang.invoke=ALL-UNNAMED,--add-opens,java.base/java.util=ALL-UNNAMED,--add-opens,java.prefs/java.util.prefs=ALL-UNNAMED,--add-opens,java.prefs/java.util.prefs=ALL-UNNAMED,--add-opens,java.base/java.nio.charset=ALL-UNNAMED,--add-opens,java.base/java.net=ALL-UNNAMED,--add-opens,java.base/java.util.concurrent.atomic=ALL-UNNAMED,-Xms128m,-Xmx1500m,-Dfile.encoding=UTF-8,-Duser.country=AR,-Duser.language=es,-Duser.variant]
2023-12-05T18:20:56.009-0300 [DEBUG] [org.gradle.launcher.daemon.registry.PersistentDaemonRegistry] Storing daemon address: [41147574-e2cc-465f-9f44-dd33a4300a24 port:36339, addresses:[localhost/127.0.0.1]], context: DefaultDaemonContext[uid=79a136df-5241-4e96-9569-4f7a2a7235b4,javaHome=/home/adolfo/android-studio/jbr,daemonRegistryDir=/home/adolfo/Proyectos_Android_Studio/vaczine/daemon,pid=4539,idleTimeout=10800000,priority=NORMAL,daemonOpts=--add-opens,java.base/java.util=ALL-UNNAMED,--add-opens,java.base/java.lang=ALL-UNNAMED,--add-opens,java.base/java.lang.invoke=ALL-UNNAMED,--add-opens,java.base/java.util=ALL-UNNAMED,--add-opens,java.prefs/java.util.prefs=ALL-UNNAMED,--add-opens,java.prefs/java.util.prefs=ALL-UNNAMED,--add-opens,java.base/java.nio.charset=ALL-UNNAMED,--add-opens,java.base/java.net=ALL-UNNAMED,--add-opens,java.base/java.util.concurrent.atomic=ALL-UNNAMED,-Xms128m,-Xmx1500m,-Dfile.encoding=UTF-8,-Duser.country=AR,-Duser.language=es,-Duser.variant]
2023-12-05T18:20:56.019-0300 [DEBUG] [org.gradle.cache.internal.DefaultFileLockManager] Waiting to acquire exclusive lock on daemon addresses registry.
2023-12-05T18:20:56.023-0300 [DEBUG] [org.gradle.cache.internal.DefaultFileLockManager] Lock acquired on daemon addresses registry.
2023-12-05T18:20:56.028-0300 [DEBUG] [org.gradle.cache.internal.DefaultFileLockManager] Releasing lock on daemon addresses registry.
2023-12-05T18:20:56.029-0300 [LIFECYCLE] [org.gradle.launcher.daemon.server.Daemon] Daemon server started.
2023-12-05T18:20:56.030-0300 [DEBUG] [org.gradle.launcher.daemon.bootstrap.DaemonStartupCommunication] Completed writing the daemon greeting. Closing streams...
2023-12-05T18:20:56.038-0300 [DEBUG] [org.gradle.launcher.daemon.server.Daemon] stopOnExpiration() called on daemon
2023-12-05T18:20:56.039-0300 [DEBUG] [org.gradle.launcher.daemon.server.Daemon] awaitExpiration() called on daemon
2023-12-05T18:20:56.040-0300 [DEBUG] [org.gradle.launcher.daemon.server.DaemonStateCoordinator] daemon is running. Sleeping until state changes.
2023-12-05T18:20:56.044-0300 [DEBUG] [org.gradle.internal.remote.internal.inet.TcpIncomingConnector] Accepted connection from /127.0.0.1:60448 to /127.0.0.1:36339.
2023-12-05T18:20:56.070-0300 [DEBUG] [org.gradle.launcher.daemon.server.SynchronizedDispatchConnection] thread 21: received class org.gradle.launcher.daemon.protocol.Build
2023-12-05T18:20:56.070-0300 [DEBUG] [org.gradle.launcher.daemon.server.DefaultDaemonConnection] thread 21: Received non-IO message from client: Build{id=7eebd431-45cd-4db3-a9ba-d25e692de331, currentDir=/home/adolfo/Proyectos_Android_Studio/vaczine}
2023-12-05T18:20:56.071-0300 [INFO] [org.gradle.launcher.daemon.server.DefaultIncomingConnectionHandler] Received command: Build{id=7eebd431-45cd-4db3-a9ba-d25e692de331, currentDir=/home/adolfo/Proyectos_Android_Studio/vaczine}.
2023-12-05T18:20:56.071-0300 [DEBUG] [org.gradle.launcher.daemon.server.DefaultIncomingConnectionHandler] Starting executing command: Build{id=7eebd431-45cd-4db3-a9ba-d25e692de331, currentDir=/home/adolfo/Proyectos_Android_Studio/vaczine} with connection: socket connection from /127.0.0.1:36339 to /127.0.0.1:60448.
2023-12-05T18:20:56.074-0300 [DEBUG] [org.gradle.launcher.daemon.server.DaemonStateCoordinator] Command execution: started DaemonCommandExecution[command = Build{id=7eebd431-45cd-4db3-a9ba-d25e692de331, currentDir=/home/adolfo/Proyectos_Android_Studio/vaczine}, connection = DefaultDaemonConnection: socket connection from /127.0.0.1:36339 to /127.0.0.1:60448] after 0.0 minutes of idle
2023-12-05T18:20:56.075-0300 [INFO] [org.gradle.launcher.daemon.server.DaemonRegistryUpdater] Marking the daemon as busy, address: [41147574-e2cc-465f-9f44-dd33a4300a24 port:36339, addresses:[localhost/127.0.0.1]]
2023-12-05T18:20:56.075-0300 [DEBUG] [org.gradle.launcher.daemon.registry.PersistentDaemonRegistry] Marking busy by address: [41147574-e2cc-465f-9f44-dd33a4300a24 port:36339, addresses:[localhost/127.0.0.1]]
2023-12-05T18:20:56.076-0300 [DEBUG] [org.gradle.cache.internal.DefaultFileLockManager] Waiting to acquire exclusive lock on daemon addresses registry.
2023-12-05T18:20:56.076-0300 [DEBUG] [org.gradle.cache.internal.DefaultFileLockManager] Lock acquired on daemon addresses registry.
2023-12-05T18:20:56.077-0300 [DEBUG] [org.gradle.cache.internal.DefaultFileLockManager] Releasing lock on daemon addresses registry.
2023-12-05T18:20:56.077-0300 [DEBUG] [org.gradle.launcher.daemon.server.DaemonStateCoordinator] resetting idle timer
2023-12-05T18:20:56.078-0300 [DEBUG] [org.gradle.launcher.daemon.server.DaemonStateCoordinator] daemon is running. Sleeping until state changes.
2023-12-05T18:20:56.079-0300 [INFO] [org.gradle.launcher.daemon.server.exec.StartBuildOrRespondWithBusy] Daemon is about to start building Build{id=7eebd431-45cd-4db3-a9ba-d25e692de331, currentDir=/home/adolfo/Proyectos_Android_Studio/vaczine}. Dispatching build started information...
2023-12-05T18:20:56.079-0300 [DEBUG] [org.gradle.launcher.daemon.server.SynchronizedDispatchConnection] thread 23: dispatching org.gradle.launcher.daemon.protocol.BuildStarted@40531a71
2023-12-05T18:20:56.082-0300 [DEBUG] [org.gradle.launcher.daemon.server.exec.EstablishBuildEnvironment] Configuring env variables: [PATH, INVOCATION_ID, XAUTHORITY, XMODIFIERS, GDMSESSION, XDG_DATA_DIRS, QT_IM_MODULE, XDG_CONFIG_DIRS, LANG, DBUS_SESSION_BUS_ADDRESS, XDG_SESSION_TYPE, XDG_CURRENT_DESKTOP, JOURNAL_STREAM, DISPLAY, WAYLAND_DISPLAY, USERNAME, SESSION_MANAGER, LOGNAME, PWD, MANAGERPID, IM_CONFIG_PHASE, _, XDG_SESSION_CLASS, LANGUAGE, GJS_DEBUG_TOPICS, SHELL, GIO_LAUNCHED_DESKTOP_FILE, DESKTOP_SESSION, USER, XDG_MENU_PREFIX, GIO_LAUNCHED_DESKTOP_FILE_PID, QT_ACCESSIBILITY, GJS_DEBUG_OUTPUT, GNOME_DESKTOP_SESSION_ID, GTK_MODULES, SSH_AUTH_SOCK, GNOME_SHELL_SESSION_MODE, SYSTEMD_EXEC_PID, XDG_RUNTIME_DIR, GNOME_SETUP_DISPLAY, XDG_SESSION_DESKTOP, SSH_AGENT_LAUNCHER, SHLVL, HOME]
2023-12-05T18:20:56.086-0300 [DEBUG] [org.gradle.launcher.daemon.server.SynchronizedDispatchConnection] thread 21: received class org.gradle.launcher.daemon.protocol.CloseInput
2023-12-05T18:20:56.086-0300 [DEBUG] [org.gradle.launcher.daemon.server.DefaultDaemonConnection] thread 21: Received IO message from client: org.gradle.launcher.daemon.protocol.CloseInput@f45d211
2023-12-05T18:20:56.089-0300 [DEBUG] [org.gradle.launcher.daemon.server.exec.LogToClient] About to start relaying all logs to the client via the connection.
2023-12-05T18:20:56.089-0300 [INFO] [org.gradle.launcher.daemon.server.exec.LogToClient] The client will now receive all logging from the daemon (pid: 4539). The daemon log file: /home/adolfo/Proyectos_Android_Studio/vaczine/daemon/7.5/daemon-4539.out.log
2023-12-05T18:20:56.092-0300 [INFO] [org.gradle.launcher.daemon.server.exec.LogAndCheckHealth] Starting build in new daemon [memory: 1.4 GiB]
2023-12-05T18:20:56.094-0300 [INFO] [org.gradle.launcher.daemon.server.exec.ForwardClientInput] Closing daemon's stdin at end of input.
2023-12-05T18:20:56.094-0300 [INFO] [org.gradle.launcher.daemon.server.exec.ForwardClientInput] The daemon will no longer process any standard input.
2023-12-05T18:20:56.097-0300 [DEBUG] [org.gradle.launcher.daemon.server.exec.ExecuteBuild] The daemon has started executing the build.
2023-12-05T18:20:56.097-0300 [DEBUG] [org.gradle.launcher.daemon.server.exec.ExecuteBuild] Executing build with daemon context: DefaultDaemonContext[uid=79a136df-5241-4e96-9569-4f7a2a7235b4,javaHome=/home/adolfo/android-studio/jbr,daemonRegistryDir=/home/adolfo/Proyectos_Android_Studio/vaczine/daemon,pid=4539,idleTimeout=10800000,priority=NORMAL,daemonOpts=--add-opens,java.base/java.util=ALL-UNNAMED,--add-opens,java.base/java.lang=ALL-UNNAMED,--add-opens,java.base/java.lang.invoke=ALL-UNNAMED,--add-opens,java.base/java.util=ALL-UNNAMED,--add-opens,java.prefs/java.util.prefs=ALL-UNNAMED,--add-opens,java.prefs/java.util.prefs=ALL-UNNAMED,--add-opens,java.base/java.nio.charset=ALL-UNNAMED,--add-opens,java.base/java.net=ALL-UNNAMED,--add-opens,java.base/java.util.concurrent.atomic=ALL-UNNAMED,-Xms128m,-Xmx1500m,-Dfile.encoding=UTF-8,-Duser.country=AR,-Duser.language=es,-Duser.variant]

Deprecated Gradle features were used in this build, making it incompatible with Gradle 8.0.

You can use '--warning-mode all' to show the individual deprecation warnings and determine if they come from your own scripts or plugins.

See https://docs.gradle.org/7.5/userguide/command_line_interface.html#sec:command_line_warnings

BUILD SUCCESSFUL in 10s
35 actionable tasks: 1 executed, 34 up-to-date
2023-12-05T18:21:05.923-0300 [DEBUG] [org.gradle.launcher.daemon.server.exec.ExecuteBuild] The daemon has finished executing the build.
2023-12-05T18:21:05.927-0300 [DEBUG] [org.gradle.launcher.daemon.server.DaemonStateCoordinator] daemon is running. Sleeping until state changes.
2023-12-05T18:21:05.927-0300 [DEBUG] [org.gradle.launcher.daemon.server.DaemonStateCoordinator] Command execution: finished waiting for DaemonCommandExecution[command = Build{id=7eebd431-45cd-4db3-a9ba-d25e692de331, currentDir=/home/adolfo/Proyectos_Android_Studio/vaczine}, connection = DefaultDaemonConnection: socket connection from /127.0.0.1:36339 to /127.0.0.1:60448]. Result org.gradle.launcher.daemon.server.DaemonStateCoordinator@3900b5e3 with state Busy
2023-12-05T18:21:05.928-0300 [DEBUG] [org.gradle.launcher.daemon.server.DaemonStateCoordinator] Command execution: completed DaemonCommandExecution[command = Build{id=7eebd431-45cd-4db3-a9ba-d25e692de331, currentDir=/home/adolfo/Proyectos_Android_Studio/vaczine}, connection = DefaultDaemonConnection: socket connection from /127.0.0.1:36339 to /127.0.0.1:60448]
2023-12-05T18:21:05.928-0300 [DEBUG] [org.gradle.launcher.daemon.server.DaemonStateCoordinator] resetting idle timer
2023-12-05T18:21:05.928-0300 [INFO] [org.gradle.launcher.daemon.server.DaemonRegistryUpdater] Marking the daemon as idle, address: [41147574-e2cc-465f-9f44-dd33a4300a24 port:36339, addresses:[localhost/127.0.0.1]]
2023-12-05T18:21:05.928-0300 [DEBUG] [org.gradle.launcher.daemon.registry.PersistentDaemonRegistry] Marking busy by address: [41147574-e2cc-465f-9f44-dd33a4300a24 port:36339, addresses:[localhost/127.0.0.1]]
2023-12-05T18:21:05.929-0300 [DEBUG] [org.gradle.cache.internal.DefaultFileLockManager] Waiting to acquire exclusive lock on daemon addresses registry.
2023-12-05T18:21:05.929-0300 [DEBUG] [org.gradle.cache.internal.DefaultFileLockManager] Lock acquired on daemon addresses registry.
2023-12-05T18:21:05.930-0300 [DEBUG] [org.gradle.cache.internal.DefaultFileLockManager] Releasing lock on daemon addresses registry.
2023-12-05T18:21:05.930-0300 [DEBUG] [org.gradle.launcher.daemon.server.DaemonStateCoordinator] daemon is running. Sleeping until state changes.
2023-12-05T18:21:05.930-0300 [DEBUG] [org.gradle.launcher.daemon.server.exec.ReturnResult] Daemon is dispatching the build result: Success[value=org.gradle.launcher.exec.BuildActionResult@7f89cb4f]
2023-12-05T18:21:05.930-0300 [DEBUG] [org.gradle.launcher.daemon.server.SynchronizedDispatchConnection] thread 20: dispatching Success[value=org.gradle.launcher.exec.BuildActionResult@7f89cb4f]
2023-12-05T18:21:05.931-0300 [DEBUG] [org.gradle.launcher.daemon.server.DefaultIncomingConnectionHandler] Finishing executing command: Build{id=7eebd431-45cd-4db3-a9ba-d25e692de331, currentDir=/home/adolfo/Proyectos_Android_Studio/vaczine}
2023-12-05T18:21:05.932-0300 [DEBUG] [org.gradle.launcher.daemon.server.SynchronizedDispatchConnection] thread 21: received class org.gradle.launcher.daemon.protocol.Finished
2023-12-05T18:21:05.932-0300 [DEBUG] [org.gradle.launcher.daemon.server.DefaultDaemonConnection] thread 21: Received non-IO message from client: org.gradle.launcher.daemon.protocol.Finished@5608566c
2023-12-05T18:21:05.932-0300 [DEBUG] [org.gradle.launcher.daemon.server.DefaultIncomingConnectionHandler] Received finished message: org.gradle.launcher.daemon.protocol.Finished@5608566c
2023-12-05T18:21:05.933-0300 [DEBUG] [org.gradle.launcher.daemon.server.SynchronizedDispatchConnection] thread 20: stopping connection
2023-12-05T18:21:05.933-0300 [DEBUG] [org.gradle.internal.remote.internal.inet.SocketConnection] Discarding EOFException: java.io.EOFException
2023-12-05T18:21:05.933-0300 [DEBUG] [org.gradle.launcher.daemon.server.SynchronizedDispatchConnection] thread 21: received null
2023-12-05T18:21:05.933-0300 [DEBUG] [org.gradle.launcher.daemon.server.DefaultDaemonConnection] thread 21: Received end-of-input from client.
2023-12-05T18:21:05.934-0300 [DEBUG] [org.gradle.launcher.daemon.server.SynchronizedDispatchConnection] thread 20: stopping connection
2023-12-05T18:21:06.040-0300 [DEBUG] [org.gradle.cache.internal.DefaultFileLockManager] Waiting to acquire shared lock on daemon addresses registry.
2023-12-05T18:21:06.040-0300 [DEBUG] [org.gradle.cache.internal.DefaultFileLockManager] Lock acquired on daemon addresses registry.
2023-12-05T18:21:06.040-0300 [DEBUG] [org.gradle.cache.internal.DefaultFileLockManager] Releasing lock on daemon addresses registry.
2023-12-05T18:21:06.041-0300 [DEBUG] [org.gradle.cache.internal.DefaultFileLockManager] Waiting to acquire shared lock on daemon addresses registry.
2023-12-05T18:21:06.041-0300 [DEBUG] [org.gradle.cache.internal.DefaultFileLockManager] Lock acquired on daemon addresses registry.
2023-12-05T18:21:06.042-0300 [DEBUG] [org.gradle.cache.internal.DefaultFileLockManager] Releasing lock on daemon addresses registry.
2023-12-05T18:21:16.040-0300 [DEBUG] [org.gradle.cache.internal.DefaultFileLockManager] Waiting to acquire shared lock on daemon addresses registry.
2023-12-05T18:21:16.040-0300 [DEBUG] [org.gradle.cache.internal.DefaultFileLockManager] Lock acquired on daemon addresses registry.
2023-12-05T18:21:16.041-0300 [DEBUG] [org.gradle.cache.internal.DefaultFileLockManager] Releasing lock on daemon addresses registry.
2023-12-05T18:21:16.042-0300 [DEBUG] [org.gradle.cache.internal.DefaultFileLockManager] Waiting to acquire shared lock on daemon addresses registry.
2023-12-05T18:21:16.042-0300 [DEBUG] [org.gradle.cache.internal.DefaultFileLockManager] Lock acquired on daemon addresses registry.
2023-12-05T18:21:16.042-0300 [DEBUG] [org.gradle.cache.internal.DefaultFileLockManager] Releasing lock on daemon addresses registry.
2023-12-05T18:21:16.043-0300 [DEBUG] [org.gradle.cache.internal.DefaultFileLockManager] Waiting to acquire shared lock on daemon addresses registry.
2023-12-05T18:21:16.043-0300 [DEBUG] [org.gradle.cache.internal.DefaultFileLockManager] Lock acquired on daemon addresses registry.
2023-12-05T18:21:16.044-0300 [DEBUG] [org.gradle.cache.internal.DefaultFileLockManager] Releasing lock on daemon addresses registry.
2023-12-05T18:21:26.039-0300 [DEBUG] [org.gradle.cache.internal.DefaultFileLockManager] Waiting to acquire shared lock on daemon addresses registry.
2023-12-05T18:21:26.040-0300 [DEBUG] [org.gradle.cache.internal.DefaultFileLockManager] Lock acquired on daemon addresses registry.
2023-12-05T18:21:26.040-0300 [DEBUG] [org.gradle.cache.internal.DefaultFileLockManager] Releasing lock on daemon addresses registry.
2023-12-05T18:21:26.040-0300 [DEBUG] [org.gradle.cache.internal.DefaultFileLockManager] Waiting to acquire shared lock on daemon addresses registry.
2023-12-05T18:21:26.040-0300 [DEBUG] [org.gradle.cache.internal.DefaultFileLockManager] Lock acquired on daemon addresses registry.
2023-12-05T18:21:26.041-0300 [DEBUG] [org.gradle.cache.internal.DefaultFileLockManager] Releasing lock on daemon addresses registry.
2023-12-05T18:21:26.041-0300 [DEBUG] [org.gradle.cache.internal.DefaultFileLockManager] Waiting to acquire shared lock on daemon addresses registry.
2023-12-05T18:21:26.042-0300 [DEBUG] [org.gradle.cache.internal.DefaultFileLockManager] Lock acquired on daemon addresses registry.
2023-12-05T18:21:26.042-0300 [DEBUG] [org.gradle.cache.internal.DefaultFileLockManager] Releasing lock on daemon addresses registry.
2023-12-05T18:21:30.450-0300 [DEBUG] [org.gradle.internal.remote.internal.inet.TcpIncomingConnector] Accepted connection from /127.0.0.1:45678 to /127.0.0.1:36339.
2023-12-05T18:21:30.452-0300 [DEBUG] [org.gradle.launcher.daemon.server.SynchronizedDispatchConnection] thread 187: received class org.gradle.launcher.daemon.protocol.Build
2023-12-05T18:21:30.452-0300 [DEBUG] [org.gradle.launcher.daemon.server.DefaultDaemonConnection] thread 187: Received non-IO message from client: Build{id=8eae7d66-8c15-42fc-aedb-d635343e8951, currentDir=/home/adolfo/Proyectos_Android_Studio/vaczine}
2023-12-05T18:21:30.453-0300 [INFO] [org.gradle.launcher.daemon.server.DefaultIncomingConnectionHandler] Received command: Build{id=8eae7d66-8c15-42fc-aedb-d635343e8951, currentDir=/home/adolfo/Proyectos_Android_Studio/vaczine}.
2023-12-05T18:21:30.453-0300 [DEBUG] [org.gradle.launcher.daemon.server.DefaultIncomingConnectionHandler] Starting executing command: Build{id=8eae7d66-8c15-42fc-aedb-d635343e8951, currentDir=/home/adolfo/Proyectos_Android_Studio/vaczine} with connection: socket connection from /127.0.0.1:36339 to /127.0.0.1:45678.
2023-12-05T18:21:30.453-0300 [DEBUG] [org.gradle.launcher.daemon.server.DaemonStateCoordinator] Command execution: started DaemonCommandExecution[command = Build{id=8eae7d66-8c15-42fc-aedb-d635343e8951, currentDir=/home/adolfo/Proyectos_Android_Studio/vaczine}, connection = DefaultDaemonConnection: socket connection from /127.0.0.1:36339 to /127.0.0.1:45678] after 0.0 minutes of idle
2023-12-05T18:21:30.454-0300 [INFO] [org.gradle.launcher.daemon.server.DaemonRegistryUpdater] Marking the daemon as busy, address: [41147574-e2cc-465f-9f44-dd33a4300a24 port:36339, addresses:[localhost/127.0.0.1]]
2023-12-05T18:21:30.454-0300 [DEBUG] [org.gradle.launcher.daemon.registry.PersistentDaemonRegistry] Marking busy by address: [41147574-e2cc-465f-9f44-dd33a4300a24 port:36339, addresses:[localhost/127.0.0.1]]
2023-12-05T18:21:30.454-0300 [DEBUG] [org.gradle.cache.internal.DefaultFileLockManager] Waiting to acquire exclusive lock on daemon addresses registry.
2023-12-05T18:21:30.454-0300 [DEBUG] [org.gradle.cache.internal.DefaultFileLockManager] Lock acquired on daemon addresses registry.
2023-12-05T18:21:30.455-0300 [DEBUG] [org.gradle.cache.internal.DefaultFileLockManager] Releasing lock on daemon addresses registry.
2023-12-05T18:21:30.455-0300 [DEBUG] [org.gradle.launcher.daemon.server.DaemonStateCoordinator] resetting idle timer
2023-12-05T18:21:30.455-0300 [DEBUG] [org.gradle.launcher.daemon.server.DaemonStateCoordinator] daemon is running. Sleeping until state changes.
2023-12-05T18:21:30.455-0300 [INFO] [org.gradle.launcher.daemon.server.exec.StartBuildOrRespondWithBusy] Daemon is about to start building Build{id=8eae7d66-8c15-42fc-aedb-d635343e8951, currentDir=/home/adolfo/Proyectos_Android_Studio/vaczine}. Dispatching build started information...
2023-12-05T18:21:30.455-0300 [DEBUG] [org.gradle.launcher.daemon.server.SynchronizedDispatchConnection] thread 23: dispatching org.gradle.launcher.daemon.protocol.BuildStarted@1f0e5600
2023-12-05T18:21:30.456-0300 [DEBUG] [org.gradle.launcher.daemon.server.exec.EstablishBuildEnvironment] Configuring env variables: [PATH, INVOCATION_ID, XAUTHORITY, XMODIFIERS, GDMSESSION, XDG_DATA_DIRS, QT_IM_MODULE, XDG_CONFIG_DIRS, LANG, DBUS_SESSION_BUS_ADDRESS, XDG_SESSION_TYPE, XDG_CURRENT_DESKTOP, JOURNAL_STREAM, DISPLAY, WAYLAND_DISPLAY, USERNAME, SESSION_MANAGER, LOGNAME, PWD, MANAGERPID, IM_CONFIG_PHASE, _, XDG_SESSION_CLASS, LANGUAGE, GJS_DEBUG_TOPICS, SHELL, GIO_LAUNCHED_DESKTOP_FILE, DESKTOP_SESSION, USER, XDG_MENU_PREFIX, GIO_LAUNCHED_DESKTOP_FILE_PID, QT_ACCESSIBILITY, GJS_DEBUG_OUTPUT, GNOME_DESKTOP_SESSION_ID, GTK_MODULES, SSH_AUTH_SOCK, GNOME_SHELL_SESSION_MODE, SYSTEMD_EXEC_PID, XDG_RUNTIME_DIR, GNOME_SETUP_DISPLAY, XDG_SESSION_DESKTOP, SSH_AGENT_LAUNCHER, SHLVL, HOME]
2023-12-05T18:21:30.457-0300 [DEBUG] [org.gradle.launcher.daemon.server.SynchronizedDispatchConnection] thread 187: received class org.gradle.launcher.daemon.protocol.CloseInput
2023-12-05T18:21:30.457-0300 [DEBUG] [org.gradle.launcher.daemon.server.DefaultDaemonConnection] thread 187: Received IO message from client: org.gradle.launcher.daemon.protocol.CloseInput@f442651
2023-12-05T18:21:30.457-0300 [DEBUG] [org.gradle.launcher.daemon.server.exec.LogToClient] About to start relaying all logs to the client via the connection.
2023-12-05T18:21:30.457-0300 [INFO] [org.gradle.launcher.daemon.server.exec.LogToClient] The client will now receive all logging from the daemon (pid: 4539). The daemon log file: /home/adolfo/Proyectos_Android_Studio/vaczine/daemon/7.5/daemon-4539.out.log
2023-12-05T18:21:30.458-0300 [INFO] [org.gradle.launcher.daemon.server.exec.LogAndCheckHealth] Starting 2nd build in daemon [uptime: 34.591 secs, performance: 99%]
2023-12-05T18:21:30.458-0300 [DEBUG] [org.gradle.launcher.daemon.server.exec.ExecuteBuild] The daemon has started executing the build.
2023-12-05T18:21:30.458-0300 [INFO] [org.gradle.launcher.daemon.server.exec.ForwardClientInput] Closing daemon's stdin at end of input.
2023-12-05T18:21:30.458-0300 [INFO] [org.gradle.launcher.daemon.server.exec.ForwardClientInput] The daemon will no longer process any standard input.
2023-12-05T18:21:30.458-0300 [DEBUG] [org.gradle.launcher.daemon.server.exec.ExecuteBuild] Executing build with daemon context: DefaultDaemonContext[uid=79a136df-5241-4e96-9569-4f7a2a7235b4,javaHome=/home/adolfo/android-studio/jbr,daemonRegistryDir=/home/adolfo/Proyectos_Android_Studio/vaczine/daemon,pid=4539,idleTimeout=10800000,priority=NORMAL,daemonOpts=--add-opens,java.base/java.util=ALL-UNNAMED,--add-opens,java.base/java.lang=ALL-UNNAMED,--add-opens,java.base/java.lang.invoke=ALL-UNNAMED,--add-opens,java.base/java.util=ALL-UNNAMED,--add-opens,java.prefs/java.util.prefs=ALL-UNNAMED,--add-opens,java.prefs/java.util.prefs=ALL-UNNAMED,--add-opens,java.base/java.nio.charset=ALL-UNNAMED,--add-opens,java.base/java.net=ALL-UNNAMED,--add-opens,java.base/java.util.concurrent.atomic=ALL-UNNAMED,-Xms128m,-Xmx1500m,-Dfile.encoding=UTF-8,-Duser.country=AR,-Duser.language=es,-Duser.variant]

Deprecated Gradle features were used in this build, making it incompatible with Gradle 8.0.

You can use '--warning-mode all' to show the individual deprecation warnings and determine if they come from your own scripts or plugins.

See https://docs.gradle.org/7.5/userguide/command_line_interface.html#sec:command_line_warnings

BUILD SUCCESSFUL in 1s
35 actionable tasks: 1 executed, 34 up-to-date
2023-12-05T18:21:31.528-0300 [DEBUG] [org.gradle.launcher.daemon.server.exec.ExecuteBuild] The daemon has finished executing the build.
2023-12-05T18:21:31.537-0300 [DEBUG] [org.gradle.launcher.daemon.server.DaemonStateCoordinator] daemon is running. Sleeping until state changes.
2023-12-05T18:21:31.537-0300 [DEBUG] [org.gradle.launcher.daemon.server.DaemonStateCoordinator] Command execution: finished waiting for DaemonCommandExecution[command = Build{id=8eae7d66-8c15-42fc-aedb-d635343e8951, currentDir=/home/adolfo/Proyectos_Android_Studio/vaczine}, connection = DefaultDaemonConnection: socket connection from /127.0.0.1:36339 to /127.0.0.1:45678]. Result org.gradle.launcher.daemon.server.DaemonStateCoordinator@3900b5e3 with state Busy
2023-12-05T18:21:31.538-0300 [DEBUG] [org.gradle.launcher.daemon.server.DaemonStateCoordinator] Command execution: completed DaemonCommandExecution[command = Build{id=8eae7d66-8c15-42fc-aedb-d635343e8951, currentDir=/home/adolfo/Proyectos_Android_Studio/vaczine}, connection = DefaultDaemonConnection: socket connection from /127.0.0.1:36339 to /127.0.0.1:45678]
2023-12-05T18:21:31.538-0300 [DEBUG] [org.gradle.launcher.daemon.server.DaemonStateCoordinator] resetting idle timer
2023-12-05T18:21:31.538-0300 [INFO] [org.gradle.launcher.daemon.server.DaemonRegistryUpdater] Marking the daemon as idle, address: [41147574-e2cc-465f-9f44-dd33a4300a24 port:36339, addresses:[localhost/127.0.0.1]]
2023-12-05T18:21:31.538-0300 [DEBUG] [org.gradle.launcher.daemon.registry.PersistentDaemonRegistry] Marking busy by address: [41147574-e2cc-465f-9f44-dd33a4300a24 port:36339, addresses:[localhost/127.0.0.1]]
2023-12-05T18:21:31.538-0300 [DEBUG] [org.gradle.cache.internal.DefaultFileLockManager] Waiting to acquire exclusive lock on daemon addresses registry.
2023-12-05T18:21:31.539-0300 [DEBUG] [org.gradle.cache.internal.DefaultFileLockManager] Lock acquired on daemon addresses registry.
2023-12-05T18:21:31.539-0300 [DEBUG] [org.gradle.cache.internal.DefaultFileLockManager] Releasing lock on daemon addresses registry.
2023-12-05T18:21:31.540-0300 [DEBUG] [org.gradle.launcher.daemon.server.exec.ReturnResult] Daemon is dispatching the build result: Success[value=org.gradle.launcher.exec.BuildActionResult@649f9004]
2023-12-05T18:21:31.540-0300 [DEBUG] [org.gradle.launcher.daemon.server.DaemonStateCoordinator] daemon is running. Sleeping until state changes.
2023-12-05T18:21:31.540-0300 [DEBUG] [org.gradle.launcher.daemon.server.SynchronizedDispatchConnection] thread 20: dispatching Success[value=org.gradle.launcher.exec.BuildActionResult@649f9004]
2023-12-05T18:21:31.540-0300 [DEBUG] [org.gradle.launcher.daemon.server.DefaultIncomingConnectionHandler] Finishing executing command: Build{id=8eae7d66-8c15-42fc-aedb-d635343e8951, currentDir=/home/adolfo/Proyectos_Android_Studio/vaczine}
2023-12-05T18:21:31.541-0300 [DEBUG] [org.gradle.launcher.daemon.server.SynchronizedDispatchConnection] thread 187: received class org.gradle.launcher.daemon.protocol.Finished
2023-12-05T18:21:31.541-0300 [DEBUG] [org.gradle.launcher.daemon.server.DefaultDaemonConnection] thread 187: Received non-IO message from client: org.gradle.launcher.daemon.protocol.Finished@183c9c9
2023-12-05T18:21:31.541-0300 [DEBUG] [org.gradle.launcher.daemon.server.DefaultIncomingConnectionHandler] Received finished message: org.gradle.launcher.daemon.protocol.Finished@183c9c9
2023-12-05T18:21:31.541-0300 [DEBUG] [org.gradle.launcher.daemon.server.SynchronizedDispatchConnection] thread 20: stopping connection
2023-12-05T18:21:31.541-0300 [DEBUG] [org.gradle.internal.remote.internal.inet.SocketConnection] Discarding EOFException: java.io.EOFException
2023-12-05T18:21:31.541-0300 [DEBUG] [org.gradle.launcher.daemon.server.SynchronizedDispatchConnection] thread 187: received null
2023-12-05T18:21:31.541-0300 [DEBUG] [org.gradle.launcher.daemon.server.DefaultDaemonConnection] thread 187: Received end-of-input from client.
2023-12-05T18:21:31.541-0300 [DEBUG] [org.gradle.launcher.daemon.server.SynchronizedDispatchConnection] thread 20: stopping connection
2023-12-05T18:21:36.040-0300 [DEBUG] [org.gradle.cache.internal.DefaultFileLockManager] Waiting to acquire shared lock on daemon addresses registry.
2023-12-05T18:21:36.040-0300 [DEBUG] [org.gradle.cache.internal.DefaultFileLockManager] Lock acquired on daemon addresses registry.
2023-12-05T18:21:36.040-0300 [DEBUG] [org.gradle.cache.internal.DefaultFileLockManager] Releasing lock on daemon addresses registry.
2023-12-05T18:21:36.040-0300 [DEBUG] [org.gradle.cache.internal.DefaultFileLockManager] Waiting to acquire shared lock on daemon addresses registry.
2023-12-05T18:21:36.041-0300 [DEBUG] [org.gradle.cache.internal.DefaultFileLockManager] Lock acquired on daemon addresses registry.
2023-12-05T18:21:36.041-0300 [DEBUG] [org.gradle.cache.internal.DefaultFileLockManager] Releasing lock on daemon addresses registry.
2023-12-05T18:21:46.040-0300 [DEBUG] [org.gradle.cache.internal.DefaultFileLockManager] Waiting to acquire shared lock on daemon addresses registry.
2023-12-05T18:21:46.040-0300 [DEBUG] [org.gradle.cache.internal.DefaultFileLockManager] Lock acquired on daemon addresses registry.
2023-12-05T18:21:46.040-0300 [DEBUG] [org.gradle.cache.internal.DefaultFileLockManager] Releasing lock on daemon addresses registry.
2023-12-05T18:21:46.041-0300 [DEBUG] [org.gradle.cache.internal.DefaultFileLockManager] Waiting to acquire shared lock on daemon addresses registry.
2023-12-05T18:21:46.041-0300 [DEBUG] [org.gradle.cache.internal.DefaultFileLockManager] Lock acquired on daemon addresses registry.
2023-12-05T18:21:46.042-0300 [DEBUG] [org.gradle.cache.internal.DefaultFileLockManager] Releasing lock on daemon addresses registry.
2023-12-05T18:21:46.043-0300 [DEBUG] [org.gradle.cache.internal.DefaultFileLockManager] Waiting to acquire shared lock on daemon addresses registry.
2023-12-05T18:21:46.043-0300 [DEBUG] [org.gradle.cache.internal.DefaultFileLockManager] Lock acquired on daemon addresses registry.
2023-12-05T18:21:46.044-0300 [DEBUG] [org.gradle.cache.internal.DefaultFileLockManager] Releasing lock on daemon addresses registry.
2023-12-05T18:21:56.040-0300 [DEBUG] [org.gradle.cache.internal.DefaultFileLockManager] Waiting to acquire shared lock on daemon addresses registry.
2023-12-05T18:21:56.040-0300 [DEBUG] [org.gradle.cache.internal.DefaultFileLockManager] Lock acquired on daemon addresses registry.
2023-12-05T18:21:56.041-0300 [DEBUG] [org.gradle.cache.internal.DefaultFileLockManager] Releasing lock on daemon addresses registry.
2023-12-05T18:21:56.041-0300 [DEBUG] [org.gradle.cache.internal.DefaultFileLockManager] Waiting to acquire shared lock on daemon addresses registry.
2023-12-05T18:21:56.041-0300 [DEBUG] [org.gradle.cache.internal.DefaultFileLockManager] Lock acquired on daemon addresses registry.
2023-12-05T18:21:56.041-0300 [DEBUG] [org.gradle.cache.internal.DefaultFileLockManager] Releasing lock on daemon addresses registry.
2023-12-05T18:21:56.041-0300 [DEBUG] [org.gradle.cache.internal.DefaultFileLockManager] Waiting to acquire shared lock on daemon addresses registry.
2023-12-05T18:21:56.042-0300 [DEBUG] [org.gradle.cache.internal.DefaultFileLockManager] Lock acquired on daemon addresses registry.
2023-12-05T18:21:56.042-0300 [DEBUG] [org.gradle.cache.internal.DefaultFileLockManager] Releasing lock on daemon addresses registry.
2023-12-05T18:22:06.040-0300 [DEBUG] [org.gradle.cache.internal.DefaultFileLockManager] Waiting to acquire shared lock on daemon addresses registry.
2023-12-05T18:22:06.040-0300 [DEBUG] [org.gradle.cache.internal.DefaultFileLockManager] Lock acquired on daemon addresses registry.
2023-12-05T18:22:06.041-0300 [DEBUG] [org.gradle.cache.internal.DefaultFileLockManager] Releasing lock on daemon addresses registry.
2023-12-05T18:22:06.041-0300 [DEBUG] [org.gradle.cache.internal.DefaultFileLockManager] Waiting to acquire shared lock on daemon addresses registry.
2023-12-05T18:22:06.042-0300 [DEBUG] [org.gradle.cache.internal.DefaultFileLockManager] Lock acquired on daemon addresses registry.
2023-12-05T18:22:06.042-0300 [DEBUG] [org.gradle.cache.internal.DefaultFileLockManager] Releasing lock on daemon addresses registry.
2023-12-05T18:22:06.042-0300 [DEBUG] [org.gradle.cache.internal.DefaultFileLockManager] Waiting to acquire shared lock on daemon addresses registry.
2023-12-05T18:22:06.042-0300 [DEBUG] [org.gradle.cache.internal.DefaultFileLockManager] Lock acquired on daemon addresses registry.
2023-12-05T18:22:06.042-0300 [DEBUG] [org.gradle.cache.internal.DefaultFileLockManager] Releasing lock on daemon addresses registry.
2023-12-05T18:22:16.040-0300 [DEBUG] [org.gradle.cache.internal.DefaultFileLockManager] Waiting to acquire shared lock on daemon addresses registry.
2023-12-05T18:22:16.041-0300 [DEBUG] [org.gradle.cache.internal.DefaultFileLockManager] Lock acquired on daemon addresses registry.
2023-12-05T18:22:16.041-0300 [DEBUG] [org.gradle.cache.internal.DefaultFileLockManager] Releasing lock on daemon addresses registry.
2023-12-05T18:22:16.042-0300 [DEBUG] [org.gradle.cache.internal.DefaultFileLockManager] Waiting to acquire shared lock on daemon addresses registry.
2023-12-05T18:22:16.042-0300 [DEBUG] [org.gradle.cache.internal.DefaultFileLockManager] Lock acquired on daemon addresses registry.
2023-12-05T18:22:16.043-0300 [DEBUG] [org.gradle.cache.internal.DefaultFileLockManager] Releasing lock on daemon addresses registry.
2023-12-05T18:22:16.043-0300 [DEBUG] [org.gradle.cache.internal.DefaultFileLockManager] Waiting to acquire shared lock on daemon addresses registry.
2023-12-05T18:22:16.043-0300 [DEBUG] [org.gradle.cache.internal.DefaultFileLockManager] Lock acquired on daemon addresses registry.
2023-12-05T18:22:16.044-0300 [DEBUG] [org.gradle.cache.internal.DefaultFileLockManager] Releasing lock on daemon addresses registry.
2023-12-05T18:22:26.040-0300 [DEBUG] [org.gradle.cache.internal.DefaultFileLockManager] Waiting to acquire shared lock on daemon addresses registry.
2023-12-05T18:22:26.040-0300 [DEBUG] [org.gradle.cache.internal.DefaultFileLockManager] Lock acquired on daemon addresses registry.
2023-12-05T18:22:26.040-0300 [DEBUG] [org.gradle.cache.internal.DefaultFileLockManager] Releasing lock on daemon addresses registry.
2023-12-05T18:22:26.041-0300 [DEBUG] [org.gradle.cache.internal.DefaultFileLockManager] Waiting to acquire shared lock on daemon addresses registry.
2023-12-05T18:22:26.041-0300 [DEBUG] [org.gradle.cache.internal.DefaultFileLockManager] Lock acquired on daemon addresses registry.
2023-12-05T18:22:26.041-0300 [DEBUG] [org.gradle.cache.internal.DefaultFileLockManager] Releasing lock on daemon addresses registry.
2023-12-05T18:22:26.042-0300 [DEBUG] [org.gradle.cache.internal.DefaultFileLockManager] Waiting to acquire shared lock on daemon addresses registry.
2023-12-05T18:22:26.042-0300 [DEBUG] [org.gradle.cache.internal.DefaultFileLockManager] Lock acquired on daemon addresses registry.
2023-12-05T18:22:26.042-0300 [DEBUG] [org.gradle.cache.internal.DefaultFileLockManager] Releasing lock on daemon addresses registry.
2023-12-05T18:22:36.040-0300 [DEBUG] [org.gradle.cache.internal.DefaultFileLockManager] Waiting to acquire shared lock on daemon addresses registry.
2023-12-05T18:22:36.040-0300 [DEBUG] [org.gradle.cache.internal.DefaultFileLockManager] Lock acquired on daemon addresses registry.
2023-12-05T18:22:36.041-0300 [DEBUG] [org.gradle.cache.internal.DefaultFileLockManager] Releasing lock on daemon addresses registry.
2023-12-05T18:22:36.041-0300 [DEBUG] [org.gradle.cache.internal.DefaultFileLockManager] Waiting to acquire shared lock on daemon addresses registry.
2023-12-05T18:22:36.042-0300 [DEBUG] [org.gradle.cache.internal.DefaultFileLockManager] Lock acquired on daemon addresses registry.
2023-12-05T18:22:36.042-0300 [DEBUG] [org.gradle.cache.internal.DefaultFileLockManager] Releasing lock on daemon addresses registry.
2023-12-05T18:22:36.042-0300 [DEBUG] [org.gradle.cache.internal.DefaultFileLockManager] Waiting to acquire shared lock on daemon addresses registry.
2023-12-05T18:22:36.043-0300 [DEBUG] [org.gradle.cache.internal.DefaultFileLockManager] Lock acquired on daemon addresses registry.
2023-12-05T18:22:36.043-0300 [DEBUG] [org.gradle.cache.internal.DefaultFileLockManager] Releasing lock on daemon addresses registry.
2023-12-05T18:22:46.040-0300 [DEBUG] [org.gradle.cache.internal.DefaultFileLockManager] Waiting to acquire shared lock on daemon addresses registry.
2023-12-05T18:22:46.040-0300 [DEBUG] [org.gradle.cache.internal.DefaultFileLockManager] Lock acquired on daemon addresses registry.
2023-12-05T18:22:46.041-0300 [DEBUG] [org.gradle.cache.internal.DefaultFileLockManager] Releasing lock on daemon addresses registry.
2023-12-05T18:22:46.041-0300 [DEBUG] [org.gradle.cache.internal.DefaultFileLockManager] Waiting to acquire shared lock on daemon addresses registry.
2023-12-05T18:22:46.041-0300 [DEBUG] [org.gradle.cache.internal.DefaultFileLockManager] Lock acquired on daemon addresses registry.
2023-12-05T18:22:46.042-0300 [DEBUG] [org.gradle.cache.internal.DefaultFileLockManager] Releasing lock on daemon addresses registry.
2023-12-05T18:22:46.042-0300 [DEBUG] [org.gradle.cache.internal.DefaultFileLockManager] Waiting to acquire shared lock on daemon addresses registry.
2023-12-05T18:22:46.042-0300 [DEBUG] [org.gradle.cache.internal.DefaultFileLockManager] Lock acquired on daemon addresses registry.
2023-12-05T18:22:46.043-0300 [DEBUG] [org.gradle.cache.internal.DefaultFileLockManager] Releasing lock on daemon addresses registry.
2023-12-05T18:22:56.040-0300 [DEBUG] [org.gradle.cache.internal.DefaultFileLockManager] Waiting to acquire shared lock on daemon addresses registry.
2023-12-05T18:22:56.040-0300 [DEBUG] [org.gradle.cache.internal.DefaultFileLockManager] Lock acquired on daemon addresses registry.
2023-12-05T18:22:56.040-0300 [DEBUG] [org.gradle.cache.internal.DefaultFileLockManager] Releasing lock on daemon addresses registry.
2023-12-05T18:22:56.041-0300 [DEBUG] [org.gradle.cache.internal.DefaultFileLockManager] Waiting to acquire shared lock on daemon addresses registry.
2023-12-05T18:22:56.041-0300 [DEBUG] [org.gradle.cache.internal.DefaultFileLockManager] Lock acquired on daemon addresses registry.
2023-12-05T18:22:56.041-0300 [DEBUG] [org.gradle.cache.internal.DefaultFileLockManager] Releasing lock on daemon addresses registry.
2023-12-05T18:22:56.041-0300 [DEBUG] [org.gradle.cache.internal.DefaultFileLockManager] Waiting to acquire shared lock on daemon addresses registry.
2023-12-05T18:22:56.042-0300 [DEBUG] [org.gradle.cache.internal.DefaultFileLockManager] Lock acquired on daemon addresses registry.
2023-12-05T18:22:56.042-0300 [DEBUG] [org.gradle.cache.internal.DefaultFileLockManager] Releasing lock on daemon addresses registry.
2023-12-05T18:23:06.040-0300 [DEBUG] [org.gradle.cache.internal.DefaultFileLockManager] Waiting to acquire shared lock on daemon addresses registry.
2023-12-05T18:23:06.040-0300 [DEBUG] [org.gradle.cache.internal.DefaultFileLockManager] Lock acquired on daemon addresses registry.
2023-12-05T18:23:06.041-0300 [DEBUG] [org.gradle.cache.internal.DefaultFileLockManager] Releasing lock on daemon addresses registry.
2023-12-05T18:23:06.041-0300 [DEBUG] [org.gradle.cache.internal.DefaultFileLockManager] Waiting to acquire shared lock on daemon addresses registry.
2023-12-05T18:23:06.041-0300 [DEBUG] [org.gradle.cache.internal.DefaultFileLockManager] Lock acquired on daemon addresses registry.
2023-12-05T18:23:06.042-0300 [DEBUG] [org.gradle.cache.internal.DefaultFileLockManager] Releasing lock on daemon addresses registry.
2023-12-05T18:23:06.042-0300 [DEBUG] [org.gradle.cache.internal.DefaultFileLockManager] Waiting to acquire shared lock on daemon addresses registry.
2023-12-05T18:23:06.042-0300 [DEBUG] [org.gradle.cache.internal.DefaultFileLockManager] Lock acquired on daemon addresses registry.
2023-12-05T18:23:06.043-0300 [DEBUG] [org.gradle.cache.internal.DefaultFileLockManager] Releasing lock on daemon addresses registry.
2023-12-05T18:23:16.040-0300 [DEBUG] [org.gradle.cache.internal.DefaultFileLockManager] Waiting to acquire shared lock on daemon addresses registry.
2023-12-05T18:23:16.040-0300 [DEBUG] [org.gradle.cache.internal.DefaultFileLockManager] Lock acquired on daemon addresses registry.
2023-12-05T18:23:16.041-0300 [DEBUG] [org.gradle.cache.internal.DefaultFileLockManager] Releasing lock on daemon addresses registry.
2023-12-05T18:23:16.041-0300 [DEBUG] [org.gradle.cache.internal.DefaultFileLockManager] Waiting to acquire shared lock on daemon addresses registry.
2023-12-05T18:23:16.041-0300 [DEBUG] [org.gradle.cache.internal.DefaultFileLockManager] Lock acquired on daemon addresses registry.
2023-12-05T18:23:16.042-0300 [DEBUG] [org.gradle.cache.internal.DefaultFileLockManager] Releasing lock on daemon addresses registry.
2023-12-05T18:23:16.042-0300 [DEBUG] [org.gradle.cache.internal.DefaultFileLockManager] Waiting to acquire shared lock on daemon addresses registry.
2023-12-05T18:23:16.042-0300 [DEBUG] [org.gradle.cache.internal.DefaultFileLockManager] Lock acquired on daemon addresses registry.
2023-12-05T18:23:16.043-0300 [DEBUG] [org.gradle.cache.internal.DefaultFileLockManager] Releasing lock on daemon addresses registry.
2023-12-05T18:23:26.040-0300 [DEBUG] [org.gradle.cache.internal.DefaultFileLockManager] Waiting to acquire shared lock on daemon addresses registry.
2023-12-05T18:23:26.040-0300 [DEBUG] [org.gradle.cache.internal.DefaultFileLockManager] Lock acquired on daemon addresses registry.
2023-12-05T18:23:26.040-0300 [DEBUG] [org.gradle.cache.internal.DefaultFileLockManager] Releasing lock on daemon addresses registry.
2023-12-05T18:23:26.041-0300 [DEBUG] [org.gradle.cache.internal.DefaultFileLockManager] Waiting to acquire shared lock on daemon addresses registry.
2023-12-05T18:23:26.041-0300 [DEBUG] [org.gradle.cache.internal.DefaultFileLockManager] Lock acquired on daemon addresses registry.
2023-12-05T18:23:26.042-0300 [DEBUG] [org.gradle.cache.internal.DefaultFileLockManager] Releasing lock on daemon addresses registry.
2023-12-05T18:23:26.042-0300 [DEBUG] [org.gradle.cache.internal.DefaultFileLockManager] Waiting to acquire shared lock on daemon addresses registry.
2023-12-05T18:23:26.042-0300 [DEBUG] [org.gradle.cache.internal.DefaultFileLockManager] Lock acquired on daemon addresses registry.
2023-12-05T18:23:26.043-0300 [DEBUG] [org.gradle.cache.internal.DefaultFileLockManager] Releasing lock on daemon addresses registry.
2023-12-05T18:23:36.039-0300 [DEBUG] [org.gradle.cache.internal.DefaultFileLockManager] Waiting to acquire shared lock on daemon addresses registry.
2023-12-05T18:23:36.040-0300 [DEBUG] [org.gradle.cache.internal.DefaultFileLockManager] Lock acquired on daemon addresses registry.
2023-12-05T18:23:36.040-0300 [DEBUG] [org.gradle.cache.internal.DefaultFileLockManager] Releasing lock on daemon addresses registry.
2023-12-05T18:23:36.040-0300 [DEBUG] [org.gradle.cache.internal.DefaultFileLockManager] Waiting to acquire shared lock on daemon addresses registry.
2023-12-05T18:23:36.041-0300 [DEBUG] [org.gradle.cache.internal.DefaultFileLockManager] Lock acquired on daemon addresses registry.
2023-12-05T18:23:36.041-0300 [DEBUG] [org.gradle.cache.internal.DefaultFileLockManager] Releasing lock on daemon addresses registry.
2023-12-05T18:23:36.041-0300 [DEBUG] [org.gradle.cache.internal.DefaultFileLockManager] Waiting to acquire shared lock on daemon addresses registry.
2023-12-05T18:23:36.041-0300 [DEBUG] [org.gradle.cache.internal.DefaultFileLockManager] Lock acquired on daemon addresses registry.
2023-12-05T18:23:36.041-0300 [DEBUG] [org.gradle.cache.internal.DefaultFileLockManager] Releasing lock on daemon addresses registry.
2023-12-05T18:23:46.040-0300 [DEBUG] [org.gradle.cache.internal.DefaultFileLockManager] Waiting to acquire shared lock on daemon addresses registry.
2023-12-05T18:23:46.040-0300 [DEBUG] [org.gradle.cache.internal.DefaultFileLockManager] Lock acquired on daemon addresses registry.
2023-12-05T18:23:46.041-0300 [DEBUG] [org.gradle.cache.internal.DefaultFileLockManager] Releasing lock on daemon addresses registry.
2023-12-05T18:23:46.041-0300 [DEBUG] [org.gradle.cache.internal.DefaultFileLockManager] Waiting to acquire shared lock on daemon addresses registry.
2023-12-05T18:23:46.041-0300 [DEBUG] [org.gradle.cache.internal.DefaultFileLockManager] Lock acquired on daemon addresses registry.
2023-12-05T18:23:46.041-0300 [DEBUG] [org.gradle.cache.internal.DefaultFileLockManager] Releasing lock on daemon addresses registry.
2023-12-05T18:23:46.042-0300 [DEBUG] [org.gradle.cache.internal.DefaultFileLockManager] Waiting to acquire shared lock on daemon addresses registry.
2023-12-05T18:23:46.042-0300 [DEBUG] [org.gradle.cache.internal.DefaultFileLockManager] Lock acquired on daemon addresses registry.
2023-12-05T18:23:46.042-0300 [DEBUG] [org.gradle.cache.internal.DefaultFileLockManager] Releasing lock on daemon addresses registry.
2023-12-05T18:23:56.040-0300 [DEBUG] [org.gradle.cache.internal.DefaultFileLockManager] Waiting to acquire shared lock on daemon addresses registry.
2023-12-05T18:23:56.040-0300 [DEBUG] [org.gradle.cache.internal.DefaultFileLockManager] Lock acquired on daemon addresses registry.
2023-12-05T18:23:56.040-0300 [DEBUG] [org.gradle.cache.internal.DefaultFileLockManager] Releasing lock on daemon addresses registry.
2023-12-05T18:23:56.041-0300 [DEBUG] [org.gradle.cache.internal.DefaultFileLockManager] Waiting to acquire shared lock on daemon addresses registry.
2023-12-05T18:23:56.041-0300 [DEBUG] [org.gradle.cache.internal.DefaultFileLockManager] Lock acquired on daemon addresses registry.
2023-12-05T18:23:56.041-0300 [DEBUG] [org.gradle.cache.internal.DefaultFileLockManager] Releasing lock on daemon addresses registry.
2023-12-05T18:23:56.042-0300 [DEBUG] [org.gradle.cache.internal.DefaultFileLockManager] Waiting to acquire shared lock on daemon addresses registry.
2023-12-05T18:23:56.042-0300 [DEBUG] [org.gradle.cache.internal.DefaultFileLockManager] Lock acquired on daemon addresses registry.
2023-12-05T18:23:56.042-0300 [DEBUG] [org.gradle.cache.internal.DefaultFileLockManager] Releasing lock on daemon addresses registry.
2023-12-05T18:24:06.040-0300 [DEBUG] [org.gradle.cache.internal.DefaultFileLockManager] Waiting to acquire shared lock on daemon addresses registry.
2023-12-05T18:24:06.040-0300 [DEBUG] [org.gradle.cache.internal.DefaultFileLockManager] Lock acquired on daemon addresses registry.
2023-12-05T18:24:06.041-0300 [DEBUG] [org.gradle.cache.internal.DefaultFileLockManager] Releasing lock on daemon addresses registry.
2023-12-05T18:24:06.041-0300 [DEBUG] [org.gradle.cache.internal.DefaultFileLockManager] Waiting to acquire shared lock on daemon addresses registry.
2023-12-05T18:24:06.041-0300 [DEBUG] [org.gradle.cache.internal.DefaultFileLockManager] Lock acquired on daemon addresses registry.
2023-12-05T18:24:06.042-0300 [DEBUG] [org.gradle.cache.internal.DefaultFileLockManager] Releasing lock on daemon addresses registry.
2023-12-05T18:24:06.042-0300 [DEBUG] [org.gradle.cache.internal.DefaultFileLockManager] Waiting to acquire shared lock on daemon addresses registry.
2023-12-05T18:24:06.042-0300 [DEBUG] [org.gradle.cache.internal.DefaultFileLockManager] Lock acquired on daemon addresses registry.
2023-12-05T18:24:06.043-0300 [DEBUG] [org.gradle.cache.internal.DefaultFileLockManager] Releasing lock on daemon addresses registry.
2023-12-05T18:24:16.040-0300 [DEBUG] [org.gradle.cache.internal.DefaultFileLockManager] Waiting to acquire shared lock on daemon addresses registry.
2023-12-05T18:24:16.040-0300 [DEBUG] [org.gradle.cache.internal.DefaultFileLockManager] Lock acquired on daemon addresses registry.
2023-12-05T18:24:16.041-0300 [DEBUG] [org.gradle.cache.internal.DefaultFileLockManager] Releasing lock on daemon addresses registry.
2023-12-05T18:24:16.041-0300 [DEBUG] [org.gradle.cache.internal.DefaultFileLockManager] Waiting to acquire shared lock on daemon addresses registry.
2023-12-05T18:24:16.042-0300 [DEBUG] [org.gradle.cache.internal.DefaultFileLockManager] Lock acquired on daemon addresses registry.
2023-12-05T18:24:16.042-0300 [DEBUG] [org.gradle.cache.internal.DefaultFileLockManager] Releasing lock on daemon addresses registry.
2023-12-05T18:24:16.042-0300 [DEBUG] [org.gradle.cache.internal.DefaultFileLockManager] Waiting to acquire shared lock on daemon addresses registry.
2023-12-05T18:24:16.043-0300 [DEBUG] [org.gradle.cache.internal.DefaultFileLockManager] Lock acquired on daemon addresses registry.
2023-12-05T18:24:16.043-0300 [DEBUG] [org.gradle.cache.internal.DefaultFileLockManager] Releasing lock on daemon addresses registry.
2023-12-05T18:24:26.040-0300 [DEBUG] [org.gradle.cache.internal.DefaultFileLockManager] Waiting to acquire shared lock on daemon addresses registry.
2023-12-05T18:24:26.040-0300 [DEBUG] [org.gradle.cache.internal.DefaultFileLockManager] Lock acquired on daemon addresses registry.
2023-12-05T18:24:26.041-0300 [DEBUG] [org.gradle.cache.internal.DefaultFileLockManager] Releasing lock on daemon addresses registry.
2023-12-05T18:24:26.041-0300 [DEBUG] [org.gradle.cache.internal.DefaultFileLockManager] Waiting to acquire shared lock on daemon addresses registry.
2023-12-05T18:24:26.042-0300 [DEBUG] [org.gradle.cache.internal.DefaultFileLockManager] Lock acquired on daemon addresses registry.
2023-12-05T18:24:26.042-0300 [DEBUG] [org.gradle.cache.internal.DefaultFileLockManager] Releasing lock on daemon addresses registry.
2023-12-05T18:24:26.042-0300 [DEBUG] [org.gradle.cache.internal.DefaultFileLockManager] Waiting to acquire shared lock on daemon addresses registry.
2023-12-05T18:24:26.043-0300 [DEBUG] [org.gradle.cache.internal.DefaultFileLockManager] Lock acquired on daemon addresses registry.
2023-12-05T18:24:26.043-0300 [DEBUG] [org.gradle.cache.internal.DefaultFileLockManager] Releasing lock on daemon addresses registry.
2023-12-05T18:24:36.040-0300 [DEBUG] [org.gradle.cache.internal.DefaultFileLockManager] Waiting to acquire shared lock on daemon addresses registry.
2023-12-05T18:24:36.040-0300 [DEBUG] [org.gradle.cache.internal.DefaultFileLockManager] Lock acquired on daemon addresses registry.
2023-12-05T18:24:36.041-0300 [DEBUG] [org.gradle.cache.internal.DefaultFileLockManager] Releasing lock on daemon addresses registry.
2023-12-05T18:24:36.041-0300 [DEBUG] [org.gradle.cache.internal.DefaultFileLockManager] Waiting to acquire shared lock on daemon addresses registry.
2023-12-05T18:24:36.042-0300 [DEBUG] [org.gradle.cache.internal.DefaultFileLockManager] Lock acquired on daemon addresses registry.
2023-12-05T18:24:36.042-0300 [DEBUG] [org.gradle.cache.internal.DefaultFileLockManager] Releasing lock on daemon addresses registry.
2023-12-05T18:24:36.043-0300 [DEBUG] [org.gradle.cache.internal.DefaultFileLockManager] Waiting to acquire shared lock on daemon addresses registry.
2023-12-05T18:24:36.043-0300 [DEBUG] [org.gradle.cache.internal.DefaultFileLockManager] Lock acquired on daemon addresses registry.
2023-12-05T18:24:36.044-0300 [DEBUG] [org.gradle.cache.internal.DefaultFileLockManager] Releasing lock on daemon addresses registry.
2023-12-05T18:24:46.040-0300 [DEBUG] [org.gradle.cache.internal.DefaultFileLockManager] Waiting to acquire shared lock on daemon addresses registry.
2023-12-05T18:24:46.040-0300 [DEBUG] [org.gradle.cache.internal.DefaultFileLockManager] Lock acquired on daemon addresses registry.
2023-12-05T18:24:46.040-0300 [DEBUG] [org.gradle.cache.internal.DefaultFileLockManager] Releasing lock on daemon addresses registry.
2023-12-05T18:24:46.041-0300 [DEBUG] [org.gradle.cache.internal.DefaultFileLockManager] Waiting to acquire shared lock on daemon addresses registry.
2023-12-05T18:24:46.041-0300 [DEBUG] [org.gradle.cache.internal.DefaultFileLockManager] Lock acquired on daemon addresses registry.
2023-12-05T18:24:46.041-0300 [DEBUG] [org.gradle.cache.internal.DefaultFileLockManager] Releasing lock on daemon addresses registry.
2023-12-05T18:24:46.042-0300 [DEBUG] [org.gradle.cache.internal.DefaultFileLockManager] Waiting to acquire shared lock on daemon addresses registry.
2023-12-05T18:24:46.042-0300 [DEBUG] [org.gradle.cache.internal.DefaultFileLockManager] Lock acquired on daemon addresses registry.
2023-12-05T18:24:46.042-0300 [DEBUG] [org.gradle.cache.internal.DefaultFileLockManager] Releasing lock on daemon addresses registry.
2023-12-05T18:24:56.040-0300 [DEBUG] [org.gradle.cache.internal.DefaultFileLockManager] Waiting to acquire shared lock on daemon addresses registry.
2023-12-05T18:24:56.040-0300 [DEBUG] [org.gradle.cache.internal.DefaultFileLockManager] Lock acquired on daemon addresses registry.
2023-12-05T18:24:56.041-0300 [DEBUG] [org.gradle.cache.internal.DefaultFileLockManager] Releasing lock on daemon addresses registry.
2023-12-05T18:24:56.041-0300 [DEBUG] [org.gradle.cache.internal.DefaultFileLockManager] Waiting to acquire shared lock on daemon addresses registry.
2023-12-05T18:24:56.041-0300 [DEBUG] [org.gradle.cache.internal.DefaultFileLockManager] Lock acquired on daemon addresses registry.
2023-12-05T18:24:56.041-0300 [DEBUG] [org.gradle.cache.internal.DefaultFileLockManager] Releasing lock on daemon addresses registry.
2023-12-05T18:24:56.042-0300 [DEBUG] [org.gradle.cache.internal.DefaultFileLockManager] Waiting to acquire shared lock on daemon addresses registry.
2023-12-05T18:24:56.042-0300 [DEBUG] [org.gradle.cache.internal.DefaultFileLockManager] Lock acquired on daemon addresses registry.
2023-12-05T18:24:56.042-0300 [DEBUG] [org.gradle.cache.internal.DefaultFileLockManager] Releasing lock on daemon addresses registry.
2023-12-05T18:25:06.040-0300 [DEBUG] [org.gradle.cache.internal.DefaultFileLockManager] Waiting to acquire shared lock on daemon addresses registry.
2023-12-05T18:25:06.041-0300 [DEBUG] [org.gradle.cache.internal.DefaultFileLockManager] Lock acquired on daemon addresses registry.
2023-12-05T18:25:06.041-0300 [DEBUG] [org.gradle.cache.internal.DefaultFileLockManager] Releasing lock on daemon addresses registry.
2023-12-05T18:25:06.041-0300 [DEBUG] [org.gradle.cache.internal.DefaultFileLockManager] Waiting to acquire shared lock on daemon addresses registry.
2023-12-05T18:25:06.042-0300 [DEBUG] [org.gradle.cache.internal.DefaultFileLockManager] Lock acquired on daemon addresses registry.
2023-12-05T18:25:06.042-0300 [DEBUG] [org.gradle.cache.internal.DefaultFileLockManager] Releasing lock on daemon addresses registry.
2023-12-05T18:25:06.042-0300 [DEBUG] [org.gradle.cache.internal.DefaultFileLockManager] Waiting to acquire shared lock on daemon addresses registry.
2023-12-05T18:25:06.043-0300 [DEBUG] [org.gradle.cache.internal.DefaultFileLockManager] Lock acquired on daemon addresses registry.
2023-12-05T18:25:06.043-0300 [DEBUG] [org.gradle.cache.internal.DefaultFileLockManager] Releasing lock on daemon addresses registry.
2023-12-05T18:25:16.040-0300 [DEBUG] [org.gradle.cache.internal.DefaultFileLockManager] Waiting to acquire shared lock on daemon addresses registry.
2023-12-05T18:25:16.040-0300 [DEBUG] [org.gradle.cache.internal.DefaultFileLockManager] Lock acquired on daemon addresses registry.
2023-12-05T18:25:16.040-0300 [DEBUG] [org.gradle.cache.internal.DefaultFileLockManager] Releasing lock on daemon addresses registry.
2023-12-05T18:25:16.041-0300 [DEBUG] [org.gradle.cache.internal.DefaultFileLockManager] Waiting to acquire shared lock on daemon addresses registry.
2023-12-05T18:25:16.041-0300 [DEBUG] [org.gradle.cache.internal.DefaultFileLockManager] Lock acquired on daemon addresses registry.
2023-12-05T18:25:16.041-0300 [DEBUG] [org.gradle.cache.internal.DefaultFileLockManager] Releasing lock on daemon addresses registry.
2023-12-05T18:25:16.041-0300 [DEBUG] [org.gradle.cache.internal.DefaultFileLockManager] Waiting to acquire shared lock on daemon addresses registry.
2023-12-05T18:25:16.042-0300 [DEBUG] [org.gradle.cache.internal.DefaultFileLockManager] Lock acquired on daemon addresses registry.
2023-12-05T18:25:16.042-0300 [DEBUG] [org.gradle.cache.internal.DefaultFileLockManager] Releasing lock on daemon addresses registry.
2023-12-05T18:25:26.040-0300 [DEBUG] [org.gradle.cache.internal.DefaultFileLockManager] Waiting to acquire shared lock on daemon addresses registry.
2023-12-05T18:25:26.040-0300 [DEBUG] [org.gradle.cache.internal.DefaultFileLockManager] Lock acquired on daemon addresses registry.
2023-12-05T18:25:26.040-0300 [DEBUG] [org.gradle.cache.internal.DefaultFileLockManager] Releasing lock on daemon addresses registry.
2023-12-05T18:25:26.041-0300 [DEBUG] [org.gradle.cache.internal.DefaultFileLockManager] Waiting to acquire shared lock on daemon addresses registry.
2023-12-05T18:25:26.041-0300 [DEBUG] [org.gradle.cache.internal.DefaultFileLockManager] Lock acquired on daemon addresses registry.
2023-12-05T18:25:26.041-0300 [DEBUG] [org.gradle.cache.internal.DefaultFileLockManager] Releasing lock on daemon addresses registry.
2023-12-05T18:25:26.042-0300 [DEBUG] [org.gradle.cache.internal.DefaultFileLockManager] Waiting to acquire shared lock on daemon addresses registry.
2023-12-05T18:25:26.042-0300 [DEBUG] [org.gradle.cache.internal.DefaultFileLockManager] Lock acquired on daemon addresses registry.
2023-12-05T18:25:26.043-0300 [DEBUG] [org.gradle.cache.internal.DefaultFileLockManager] Releasing lock on daemon addresses registry.
2023-12-05T18:25:35.944-0300 [DEBUG] [org.gradle.internal.remote.internal.inet.TcpIncomingConnector] Accepted connection from /127.0.0.1:41484 to /127.0.0.1:36339.
2023-12-05T18:25:35.959-0300 [DEBUG] [org.gradle.launcher.daemon.server.SynchronizedDispatchConnection] thread 333: received class org.gradle.launcher.daemon.protocol.Build
2023-12-05T18:25:35.960-0300 [DEBUG] [org.gradle.launcher.daemon.server.DefaultDaemonConnection] thread 333: Received non-IO message from client: Build{id=d895de44-df79-4da2-930c-53be63e4dad3, currentDir=/home/adolfo/Proyectos_Android_Studio/vaczine}
2023-12-05T18:25:35.960-0300 [INFO] [org.gradle.launcher.daemon.server.DefaultIncomingConnectionHandler] Received command: Build{id=d895de44-df79-4da2-930c-53be63e4dad3, currentDir=/home/adolfo/Proyectos_Android_Studio/vaczine}.
2023-12-05T18:25:35.960-0300 [DEBUG] [org.gradle.launcher.daemon.server.DefaultIncomingConnectionHandler] Starting executing command: Build{id=d895de44-df79-4da2-930c-53be63e4dad3, currentDir=/home/adolfo/Proyectos_Android_Studio/vaczine} with connection: socket connection from /127.0.0.1:36339 to /127.0.0.1:41484.
2023-12-05T18:25:35.960-0300 [DEBUG] [org.gradle.launcher.daemon.server.DaemonStateCoordinator] Command execution: started DaemonCommandExecution[command = Build{id=d895de44-df79-4da2-930c-53be63e4dad3, currentDir=/home/adolfo/Proyectos_Android_Studio/vaczine}, connection = DefaultDaemonConnection: socket connection from /127.0.0.1:36339 to /127.0.0.1:41484] after 4.0 minutes of idle
2023-12-05T18:25:35.961-0300 [INFO] [org.gradle.launcher.daemon.server.DaemonRegistryUpdater] Marking the daemon as busy, address: [41147574-e2cc-465f-9f44-dd33a4300a24 port:36339, addresses:[localhost/127.0.0.1]]
2023-12-05T18:25:35.961-0300 [DEBUG] [org.gradle.launcher.daemon.registry.PersistentDaemonRegistry] Marking busy by address: [41147574-e2cc-465f-9f44-dd33a4300a24 port:36339, addresses:[localhost/127.0.0.1]]
2023-12-05T18:25:35.961-0300 [DEBUG] [org.gradle.cache.internal.DefaultFileLockManager] Waiting to acquire exclusive lock on daemon addresses registry.
2023-12-05T18:25:35.961-0300 [DEBUG] [org.gradle.cache.internal.DefaultFileLockManager] Lock acquired on daemon addresses registry.
2023-12-05T18:25:35.962-0300 [DEBUG] [org.gradle.cache.internal.DefaultFileLockManager] Releasing lock on daemon addresses registry.
2023-12-05T18:25:35.962-0300 [DEBUG] [org.gradle.launcher.daemon.server.DaemonStateCoordinator] resetting idle timer
2023-12-05T18:25:35.962-0300 [DEBUG] [org.gradle.launcher.daemon.server.DaemonStateCoordinator] daemon is running. Sleeping until state changes.
2023-12-05T18:25:35.962-0300 [INFO] [org.gradle.launcher.daemon.server.exec.StartBuildOrRespondWithBusy] Daemon is about to start building Build{id=d895de44-df79-4da2-930c-53be63e4dad3, currentDir=/home/adolfo/Proyectos_Android_Studio/vaczine}. Dispatching build started information...
2023-12-05T18:25:35.963-0300 [DEBUG] [org.gradle.launcher.daemon.server.SynchronizedDispatchConnection] thread 335: dispatching org.gradle.launcher.daemon.protocol.BuildStarted@6011c76c
2023-12-05T18:25:35.963-0300 [DEBUG] [org.gradle.launcher.daemon.server.exec.EstablishBuildEnvironment] Configuring env variables: [PATH, INVOCATION_ID, XAUTHORITY, XMODIFIERS, GDMSESSION, XDG_DATA_DIRS, QT_IM_MODULE, XDG_CONFIG_DIRS, LANG, DBUS_SESSION_BUS_ADDRESS, XDG_SESSION_TYPE, XDG_CURRENT_DESKTOP, JOURNAL_STREAM, DISPLAY, WAYLAND_DISPLAY, USERNAME, SESSION_MANAGER, LOGNAME, PWD, MANAGERPID, IM_CONFIG_PHASE, _, XDG_SESSION_CLASS, LANGUAGE, GJS_DEBUG_TOPICS, SHELL, GIO_LAUNCHED_DESKTOP_FILE, DESKTOP_SESSION, USER, XDG_MENU_PREFIX, GIO_LAUNCHED_DESKTOP_FILE_PID, QT_ACCESSIBILITY, GJS_DEBUG_OUTPUT, GNOME_DESKTOP_SESSION_ID, GTK_MODULES, SSH_AUTH_SOCK, GNOME_SHELL_SESSION_MODE, SYSTEMD_EXEC_PID, XDG_RUNTIME_DIR, GNOME_SETUP_DISPLAY, XDG_SESSION_DESKTOP, SSH_AGENT_LAUNCHER, SHLVL, HOME]
2023-12-05T18:25:35.964-0300 [DEBUG] [org.gradle.launcher.daemon.server.SynchronizedDispatchConnection] thread 333: received class org.gradle.launcher.daemon.protocol.CloseInput
2023-12-05T18:25:35.964-0300 [DEBUG] [org.gradle.launcher.daemon.server.exec.LogToClient] About to start relaying all logs to the client via the connection.
2023-12-05T18:25:35.964-0300 [DEBUG] [org.gradle.launcher.daemon.server.DefaultDaemonConnection] thread 333: Received IO message from client: org.gradle.launcher.daemon.protocol.CloseInput@7ee0e46b
2023-12-05T18:25:35.964-0300 [INFO] [org.gradle.launcher.daemon.server.exec.LogToClient] The client will now receive all logging from the daemon (pid: 4539). The daemon log file: /home/adolfo/Proyectos_Android_Studio/vaczine/daemon/7.5/daemon-4539.out.log
2023-12-05T18:25:35.964-0300 [INFO] [org.gradle.launcher.daemon.server.exec.LogAndCheckHealth] Starting 3rd build in daemon [uptime: 4 mins 40.098 secs, performance: 99%]
2023-12-05T18:25:35.965-0300 [DEBUG] [org.gradle.launcher.daemon.server.exec.ExecuteBuild] The daemon has started executing the build.
2023-12-05T18:25:35.965-0300 [INFO] [org.gradle.launcher.daemon.server.exec.ForwardClientInput] Closing daemon's stdin at end of input.
2023-12-05T18:25:35.965-0300 [DEBUG] [org.gradle.launcher.daemon.server.exec.ExecuteBuild] Executing build with daemon context: DefaultDaemonContext[uid=79a136df-5241-4e96-9569-4f7a2a7235b4,javaHome=/home/adolfo/android-studio/jbr,daemonRegistryDir=/home/adolfo/Proyectos_Android_Studio/vaczine/daemon,pid=4539,idleTimeout=10800000,priority=NORMAL,daemonOpts=--add-opens,java.base/java.util=ALL-UNNAMED,--add-opens,java.base/java.lang=ALL-UNNAMED,--add-opens,java.base/java.lang.invoke=ALL-UNNAMED,--add-opens,java.base/java.util=ALL-UNNAMED,--add-opens,java.prefs/java.util.prefs=ALL-UNNAMED,--add-opens,java.prefs/java.util.prefs=ALL-UNNAMED,--add-opens,java.base/java.nio.charset=ALL-UNNAMED,--add-opens,java.base/java.net=ALL-UNNAMED,--add-opens,java.base/java.util.concurrent.atomic=ALL-UNNAMED,-Xms128m,-Xmx1500m,-Dfile.encoding=UTF-8,-Duser.country=AR,-Duser.language=es,-Duser.variant]
2023-12-05T18:25:35.965-0300 [INFO] [org.gradle.launcher.daemon.server.exec.ForwardClientInput] The daemon will no longer process any standard input.

Deprecated Gradle features were used in this build, making it incompatible with Gradle 8.0.

You can use '--warning-mode all' to show the individual deprecation warnings and determine if they come from your own scripts or plugins.

See https://docs.gradle.org/7.5/userguide/command_line_interface.html#sec:command_line_warnings

BUILD SUCCESSFUL in 4s
2023-12-05T18:25:39.206-0300 [DEBUG] [org.gradle.launcher.daemon.server.exec.ExecuteBuild] The daemon has finished executing the build.
2023-12-05T18:25:39.208-0300 [DEBUG] [org.gradle.launcher.daemon.server.DaemonStateCoordinator] daemon is running. Sleeping until state changes.
2023-12-05T18:25:39.208-0300 [DEBUG] [org.gradle.launcher.daemon.server.DaemonStateCoordinator] Command execution: finished waiting for DaemonCommandExecution[command = Build{id=d895de44-df79-4da2-930c-53be63e4dad3, currentDir=/home/adolfo/Proyectos_Android_Studio/vaczine}, connection = DefaultDaemonConnection: socket connection from /127.0.0.1:36339 to /127.0.0.1:41484]. Result org.gradle.launcher.daemon.server.DaemonStateCoordinator@3900b5e3 with state Busy
2023-12-05T18:25:39.208-0300 [DEBUG] [org.gradle.launcher.daemon.server.DaemonStateCoordinator] Command execution: completed DaemonCommandExecution[command = Build{id=d895de44-df79-4da2-930c-53be63e4dad3, currentDir=/home/adolfo/Proyectos_Android_Studio/vaczine}, connection = DefaultDaemonConnection: socket connection from /127.0.0.1:36339 to /127.0.0.1:41484]
2023-12-05T18:25:39.208-0300 [DEBUG] [org.gradle.launcher.daemon.server.DaemonStateCoordinator] resetting idle timer
2023-12-05T18:25:39.208-0300 [INFO] [org.gradle.launcher.daemon.server.DaemonRegistryUpdater] Marking the daemon as idle, address: [41147574-e2cc-465f-9f44-dd33a4300a24 port:36339, addresses:[localhost/127.0.0.1]]
2023-12-05T18:25:39.208-0300 [DEBUG] [org.gradle.launcher.daemon.registry.PersistentDaemonRegistry] Marking busy by address: [41147574-e2cc-465f-9f44-dd33a4300a24 port:36339, addresses:[localhost/127.0.0.1]]
2023-12-05T18:25:39.209-0300 [DEBUG] [org.gradle.cache.internal.DefaultFileLockManager] Waiting to acquire exclusive lock on daemon addresses registry.
2023-12-05T18:25:39.209-0300 [DEBUG] [org.gradle.cache.internal.DefaultFileLockManager] Lock acquired on daemon addresses registry.
2023-12-05T18:25:39.209-0300 [DEBUG] [org.gradle.cache.internal.DefaultFileLockManager] Releasing lock on daemon addresses registry.
2023-12-05T18:25:39.210-0300 [DEBUG] [org.gradle.launcher.daemon.server.exec.ReturnResult] Daemon is dispatching the build result: Success[value=org.gradle.launcher.exec.BuildActionResult@1b23f1aa]
2023-12-05T18:25:39.210-0300 [DEBUG] [org.gradle.launcher.daemon.server.DaemonStateCoordinator] daemon is running. Sleeping until state changes.
2023-12-05T18:25:39.210-0300 [DEBUG] [org.gradle.launcher.daemon.server.SynchronizedDispatchConnection] thread 332: dispatching Success[value=org.gradle.launcher.exec.BuildActionResult@1b23f1aa]
2023-12-05T18:25:39.210-0300 [DEBUG] [org.gradle.launcher.daemon.server.DefaultIncomingConnectionHandler] Finishing executing command: Build{id=d895de44-df79-4da2-930c-53be63e4dad3, currentDir=/home/adolfo/Proyectos_Android_Studio/vaczine}
2023-12-05T18:25:39.266-0300 [DEBUG] [org.gradle.launcher.daemon.server.SynchronizedDispatchConnection] thread 333: received class org.gradle.launcher.daemon.protocol.Finished
2023-12-05T18:25:39.266-0300 [DEBUG] [org.gradle.launcher.daemon.server.DefaultDaemonConnection] thread 333: Received non-IO message from client: org.gradle.launcher.daemon.protocol.Finished@2f2fc37
2023-12-05T18:25:39.266-0300 [DEBUG] [org.gradle.launcher.daemon.server.DefaultIncomingConnectionHandler] Received finished message: org.gradle.launcher.daemon.protocol.Finished@2f2fc37
2023-12-05T18:25:39.266-0300 [DEBUG] [org.gradle.internal.remote.internal.inet.SocketConnection] Discarding EOFException: java.io.EOFException
2023-12-05T18:25:39.267-0300 [DEBUG] [org.gradle.launcher.daemon.server.SynchronizedDispatchConnection] thread 332: stopping connection
2023-12-05T18:25:39.267-0300 [DEBUG] [org.gradle.launcher.daemon.server.SynchronizedDispatchConnection] thread 333: received null
2023-12-05T18:25:39.267-0300 [DEBUG] [org.gradle.launcher.daemon.server.DefaultDaemonConnection] thread 333: Received end-of-input from client.
2023-12-05T18:25:39.267-0300 [DEBUG] [org.gradle.launcher.daemon.server.SynchronizedDispatchConnection] thread 332: stopping connection
2023-12-05T18:25:44.748-0300 [DEBUG] [org.gradle.internal.remote.internal.inet.TcpIncomingConnector] Accepted connection from /127.0.0.1:52072 to /127.0.0.1:36339.
2023-12-05T18:25:44.750-0300 [DEBUG] [org.gradle.launcher.daemon.server.SynchronizedDispatchConnection] thread 479: received class org.gradle.launcher.daemon.protocol.Build
2023-12-05T18:25:44.750-0300 [DEBUG] [org.gradle.launcher.daemon.server.DefaultDaemonConnection] thread 479: Received non-IO message from client: Build{id=c901307c-a609-4294-9328-224b6f49357e, currentDir=/home/adolfo/Proyectos_Android_Studio/vaczine}
2023-12-05T18:25:44.751-0300 [INFO] [org.gradle.launcher.daemon.server.DefaultIncomingConnectionHandler] Received command: Build{id=c901307c-a609-4294-9328-224b6f49357e, currentDir=/home/adolfo/Proyectos_Android_Studio/vaczine}.
2023-12-05T18:25:44.751-0300 [DEBUG] [org.gradle.launcher.daemon.server.DefaultIncomingConnectionHandler] Starting executing command: Build{id=c901307c-a609-4294-9328-224b6f49357e, currentDir=/home/adolfo/Proyectos_Android_Studio/vaczine} with connection: socket connection from /127.0.0.1:36339 to /127.0.0.1:52072.
2023-12-05T18:25:44.751-0300 [DEBUG] [org.gradle.launcher.daemon.server.DaemonStateCoordinator] Command execution: started DaemonCommandExecution[command = Build{id=c901307c-a609-4294-9328-224b6f49357e, currentDir=/home/adolfo/Proyectos_Android_Studio/vaczine}, connection = DefaultDaemonConnection: socket connection from /127.0.0.1:36339 to /127.0.0.1:52072] after 0.0 minutes of idle
2023-12-05T18:25:44.751-0300 [INFO] [org.gradle.launcher.daemon.server.DaemonRegistryUpdater] Marking the daemon as busy, address: [41147574-e2cc-465f-9f44-dd33a4300a24 port:36339, addresses:[localhost/127.0.0.1]]
2023-12-05T18:25:44.752-0300 [DEBUG] [org.gradle.launcher.daemon.registry.PersistentDaemonRegistry] Marking busy by address: [41147574-e2cc-465f-9f44-dd33a4300a24 port:36339, addresses:[localhost/127.0.0.1]]
2023-12-05T18:25:44.752-0300 [DEBUG] [org.gradle.cache.internal.DefaultFileLockManager] Waiting to acquire exclusive lock on daemon addresses registry.
2023-12-05T18:25:44.752-0300 [DEBUG] [org.gradle.cache.internal.DefaultFileLockManager] Lock acquired on daemon addresses registry.
2023-12-05T18:25:44.753-0300 [DEBUG] [org.gradle.cache.internal.DefaultFileLockManager] Releasing lock on daemon addresses registry.
2023-12-05T18:25:44.753-0300 [DEBUG] [org.gradle.launcher.daemon.server.DaemonStateCoordinator] resetting idle timer
2023-12-05T18:25:44.753-0300 [DEBUG] [org.gradle.launcher.daemon.server.DaemonStateCoordinator] daemon is running. Sleeping until state changes.
2023-12-05T18:25:44.753-0300 [INFO] [org.gradle.launcher.daemon.server.exec.StartBuildOrRespondWithBusy] Daemon is about to start building Build{id=c901307c-a609-4294-9328-224b6f49357e, currentDir=/home/adolfo/Proyectos_Android_Studio/vaczine}. Dispatching build started information...
2023-12-05T18:25:44.753-0300 [DEBUG] [org.gradle.launcher.daemon.server.SynchronizedDispatchConnection] thread 335: dispatching org.gradle.launcher.daemon.protocol.BuildStarted@428af82
2023-12-05T18:25:44.754-0300 [DEBUG] [org.gradle.launcher.daemon.server.exec.EstablishBuildEnvironment] Configuring env variables: [PATH, INVOCATION_ID, XAUTHORITY, XMODIFIERS, GDMSESSION, XDG_DATA_DIRS, QT_IM_MODULE, XDG_CONFIG_DIRS, LANG, DBUS_SESSION_BUS_ADDRESS, XDG_SESSION_TYPE, XDG_CURRENT_DESKTOP, JOURNAL_STREAM, DISPLAY, WAYLAND_DISPLAY, USERNAME, SESSION_MANAGER, LOGNAME, PWD, MANAGERPID, IM_CONFIG_PHASE, _, XDG_SESSION_CLASS, LANGUAGE, GJS_DEBUG_TOPICS, SHELL, GIO_LAUNCHED_DESKTOP_FILE, DESKTOP_SESSION, USER, XDG_MENU_PREFIX, GIO_LAUNCHED_DESKTOP_FILE_PID, QT_ACCESSIBILITY, GJS_DEBUG_OUTPUT, GNOME_DESKTOP_SESSION_ID, GTK_MODULES, SSH_AUTH_SOCK, GNOME_SHELL_SESSION_MODE, SYSTEMD_EXEC_PID, XDG_RUNTIME_DIR, GNOME_SETUP_DISPLAY, XDG_SESSION_DESKTOP, SSH_AGENT_LAUNCHER, SHLVL, HOME]
2023-12-05T18:25:44.755-0300 [DEBUG] [org.gradle.launcher.daemon.server.SynchronizedDispatchConnection] thread 479: received class org.gradle.launcher.daemon.protocol.CloseInput
2023-12-05T18:25:44.755-0300 [DEBUG] [org.gradle.launcher.daemon.server.exec.LogToClient] About to start relaying all logs to the client via the connection.
2023-12-05T18:25:44.755-0300 [DEBUG] [org.gradle.launcher.daemon.server.DefaultDaemonConnection] thread 479: Received IO message from client: org.gradle.launcher.daemon.protocol.CloseInput@45176181
2023-12-05T18:25:44.755-0300 [INFO] [org.gradle.launcher.daemon.server.exec.LogToClient] The client will now receive all logging from the daemon (pid: 4539). The daemon log file: /home/adolfo/Proyectos_Android_Studio/vaczine/daemon/7.5/daemon-4539.out.log
2023-12-05T18:25:44.756-0300 [INFO] [org.gradle.launcher.daemon.server.exec.LogAndCheckHealth] Starting 4th build in daemon [uptime: 4 mins 48.889 secs, performance: 99%]
2023-12-05T18:25:44.756-0300 [DEBUG] [org.gradle.launcher.daemon.server.exec.ExecuteBuild] The daemon has started executing the build.
2023-12-05T18:25:44.756-0300 [INFO] [org.gradle.launcher.daemon.server.exec.ForwardClientInput] Closing daemon's stdin at end of input.
2023-12-05T18:25:44.756-0300 [INFO] [org.gradle.launcher.daemon.server.exec.ForwardClientInput] The daemon will no longer process any standard input.
2023-12-05T18:25:44.756-0300 [DEBUG] [org.gradle.launcher.daemon.server.exec.ExecuteBuild] Executing build with daemon context: DefaultDaemonContext[uid=79a136df-5241-4e96-9569-4f7a2a7235b4,javaHome=/home/adolfo/android-studio/jbr,daemonRegistryDir=/home/adolfo/Proyectos_Android_Studio/vaczine/daemon,pid=4539,idleTimeout=10800000,priority=NORMAL,daemonOpts=--add-opens,java.base/java.util=ALL-UNNAMED,--add-opens,java.base/java.lang=ALL-UNNAMED,--add-opens,java.base/java.lang.invoke=ALL-UNNAMED,--add-opens,java.base/java.util=ALL-UNNAMED,--add-opens,java.prefs/java.util.prefs=ALL-UNNAMED,--add-opens,java.prefs/java.util.prefs=ALL-UNNAMED,--add-opens,java.base/java.nio.charset=ALL-UNNAMED,--add-opens,java.base/java.net=ALL-UNNAMED,--add-opens,java.base/java.util.concurrent.atomic=ALL-UNNAMED,-Xms128m,-Xmx1500m,-Dfile.encoding=UTF-8,-Duser.country=AR,-Duser.language=es,-Duser.variant]

Deprecated Gradle features were used in this build, making it incompatible with Gradle 8.0.

You can use '--warning-mode all' to show the individual deprecation warnings and determine if they come from your own scripts or plugins.

See https://docs.gradle.org/7.5/userguide/command_line_interface.html#sec:command_line_warnings

BUILD SUCCESSFUL in 745ms
35 actionable tasks: 1 executed, 34 up-to-date
2023-12-05T18:25:45.519-0300 [DEBUG] [org.gradle.launcher.daemon.server.exec.ExecuteBuild] The daemon has finished executing the build.
2023-12-05T18:25:45.530-0300 [DEBUG] [org.gradle.launcher.daemon.server.DaemonStateCoordinator] daemon is running. Sleeping until state changes.
2023-12-05T18:25:45.531-0300 [DEBUG] [org.gradle.launcher.daemon.server.DaemonStateCoordinator] Command execution: finished waiting for DaemonCommandExecution[command = Build{id=c901307c-a609-4294-9328-224b6f49357e, currentDir=/home/adolfo/Proyectos_Android_Studio/vaczine}, connection = DefaultDaemonConnection: socket connection from /127.0.0.1:36339 to /127.0.0.1:52072]. Result org.gradle.launcher.daemon.server.DaemonStateCoordinator@3900b5e3 with state Busy
2023-12-05T18:25:45.531-0300 [DEBUG] [org.gradle.launcher.daemon.server.DaemonStateCoordinator] Command execution: completed DaemonCommandExecution[command = Build{id=c901307c-a609-4294-9328-224b6f49357e, currentDir=/home/adolfo/Proyectos_Android_Studio/vaczine}, connection = DefaultDaemonConnection: socket connection from /127.0.0.1:36339 to /127.0.0.1:52072]
2023-12-05T18:25:45.531-0300 [DEBUG] [org.gradle.launcher.daemon.server.DaemonStateCoordinator] resetting idle timer
2023-12-05T18:25:45.531-0300 [INFO] [org.gradle.launcher.daemon.server.DaemonRegistryUpdater] Marking the daemon as idle, address: [41147574-e2cc-465f-9f44-dd33a4300a24 port:36339, addresses:[localhost/127.0.0.1]]
2023-12-05T18:25:45.531-0300 [DEBUG] [org.gradle.launcher.daemon.registry.PersistentDaemonRegistry] Marking busy by address: [41147574-e2cc-465f-9f44-dd33a4300a24 port:36339, addresses:[localhost/127.0.0.1]]
2023-12-05T18:25:45.531-0300 [DEBUG] [org.gradle.cache.internal.DefaultFileLockManager] Waiting to acquire exclusive lock on daemon addresses registry.
2023-12-05T18:25:45.531-0300 [DEBUG] [org.gradle.cache.internal.DefaultFileLockManager] Lock acquired on daemon addresses registry.
2023-12-05T18:25:45.532-0300 [DEBUG] [org.gradle.cache.internal.DefaultFileLockManager] Releasing lock on daemon addresses registry.
2023-12-05T18:25:45.532-0300 [DEBUG] [org.gradle.launcher.daemon.server.exec.ReturnResult] Daemon is dispatching the build result: Success[value=org.gradle.launcher.exec.BuildActionResult@39aadba6]
2023-12-05T18:25:45.532-0300 [DEBUG] [org.gradle.launcher.daemon.server.SynchronizedDispatchConnection] thread 332: dispatching Success[value=org.gradle.launcher.exec.BuildActionResult@39aadba6]
2023-12-05T18:25:45.532-0300 [DEBUG] [org.gradle.launcher.daemon.server.DaemonStateCoordinator] daemon is running. Sleeping until state changes.
2023-12-05T18:25:45.532-0300 [DEBUG] [org.gradle.launcher.daemon.server.DefaultIncomingConnectionHandler] Finishing executing command: Build{id=c901307c-a609-4294-9328-224b6f49357e, currentDir=/home/adolfo/Proyectos_Android_Studio/vaczine}
2023-12-05T18:25:45.533-0300 [DEBUG] [org.gradle.launcher.daemon.server.SynchronizedDispatchConnection] thread 479: received class org.gradle.launcher.daemon.protocol.Finished
2023-12-05T18:25:45.533-0300 [DEBUG] [org.gradle.launcher.daemon.server.DefaultDaemonConnection] thread 479: Received non-IO message from client: org.gradle.launcher.daemon.protocol.Finished@4bd08753
2023-12-05T18:25:45.533-0300 [DEBUG] [org.gradle.launcher.daemon.server.DefaultIncomingConnectionHandler] Received finished message: org.gradle.launcher.daemon.protocol.Finished@4bd08753
2023-12-05T18:25:45.533-0300 [DEBUG] [org.gradle.launcher.daemon.server.SynchronizedDispatchConnection] thread 332: stopping connection
2023-12-05T18:25:45.533-0300 [DEBUG] [org.gradle.internal.remote.internal.inet.SocketConnection] Discarding EOFException: java.io.EOFException
2023-12-05T18:25:45.533-0300 [DEBUG] [org.gradle.launcher.daemon.server.SynchronizedDispatchConnection] thread 479: received null
2023-12-05T18:25:45.533-0300 [DEBUG] [org.gradle.launcher.daemon.server.DefaultDaemonConnection] thread 479: Received end-of-input from client.
2023-12-05T18:25:45.533-0300 [DEBUG] [org.gradle.launcher.daemon.server.SynchronizedDispatchConnection] thread 332: stopping connection
2023-12-05T18:25:46.040-0300 [DEBUG] [org.gradle.cache.internal.DefaultFileLockManager] Waiting to acquire shared lock on daemon addresses registry.
2023-12-05T18:25:46.040-0300 [DEBUG] [org.gradle.cache.internal.DefaultFileLockManager] Lock acquired on daemon addresses registry.
2023-12-05T18:25:46.040-0300 [DEBUG] [org.gradle.cache.internal.DefaultFileLockManager] Releasing lock on daemon addresses registry.
2023-12-05T18:25:46.040-0300 [DEBUG] [org.gradle.cache.internal.DefaultFileLockManager] Waiting to acquire shared lock on daemon addresses registry.
2023-12-05T18:25:46.040-0300 [DEBUG] [org.gradle.cache.internal.DefaultFileLockManager] Lock acquired on daemon addresses registry.
2023-12-05T18:25:46.040-0300 [DEBUG] [org.gradle.cache.internal.DefaultFileLockManager] Releasing lock on daemon addresses registry.
2023-12-05T18:25:56.040-0300 [DEBUG] [org.gradle.cache.internal.DefaultFileLockManager] Waiting to acquire shared lock on daemon addresses registry.
2023-12-05T18:25:56.040-0300 [DEBUG] [org.gradle.cache.internal.DefaultFileLockManager] Lock acquired on daemon addresses registry.
2023-12-05T18:25:56.040-0300 [DEBUG] [org.gradle.cache.internal.DefaultFileLockManager] Releasing lock on daemon addresses registry.
2023-12-05T18:25:56.041-0300 [DEBUG] [org.gradle.cache.internal.DefaultFileLockManager] Waiting to acquire shared lock on daemon addresses registry.
2023-12-05T18:25:56.041-0300 [DEBUG] [org.gradle.cache.internal.DefaultFileLockManager] Lock acquired on daemon addresses registry.
2023-12-05T18:25:56.041-0300 [DEBUG] [org.gradle.cache.internal.DefaultFileLockManager] Releasing lock on daemon addresses registry.
2023-12-05T18:25:56.041-0300 [DEBUG] [org.gradle.cache.internal.DefaultFileLockManager] Waiting to acquire shared lock on daemon addresses registry.
2023-12-05T18:25:56.041-0300 [DEBUG] [org.gradle.cache.internal.DefaultFileLockManager] Lock acquired on daemon addresses registry.
2023-12-05T18:25:56.042-0300 [DEBUG] [org.gradle.cache.internal.DefaultFileLockManager] Releasing lock on daemon addresses registry.
2023-12-05T18:26:06.040-0300 [DEBUG] [org.gradle.cache.internal.DefaultFileLockManager] Waiting to acquire shared lock on daemon addresses registry.
2023-12-05T18:26:06.040-0300 [DEBUG] [org.gradle.cache.internal.DefaultFileLockManager] Lock acquired on daemon addresses registry.
2023-12-05T18:26:06.041-0300 [DEBUG] [org.gradle.cache.internal.DefaultFileLockManager] Releasing lock on daemon addresses registry.
2023-12-05T18:26:06.041-0300 [DEBUG] [org.gradle.cache.internal.DefaultFileLockManager] Waiting to acquire shared lock on daemon addresses registry.
2023-12-05T18:26:06.041-0300 [DEBUG] [org.gradle.cache.internal.DefaultFileLockManager] Lock acquired on daemon addresses registry.
2023-12-05T18:26:06.042-0300 [DEBUG] [org.gradle.cache.internal.DefaultFileLockManager] Releasing lock on daemon addresses registry.
2023-12-05T18:26:06.042-0300 [DEBUG] [org.gradle.cache.internal.DefaultFileLockManager] Waiting to acquire shared lock on daemon addresses registry.
2023-12-05T18:26:06.042-0300 [DEBUG] [org.gradle.cache.internal.DefaultFileLockManager] Lock acquired on daemon addresses registry.
2023-12-05T18:26:06.043-0300 [DEBUG] [org.gradle.cache.internal.DefaultFileLockManager] Releasing lock on daemon addresses registry.
2023-12-05T18:26:16.040-0300 [DEBUG] [org.gradle.cache.internal.DefaultFileLockManager] Waiting to acquire shared lock on daemon addresses registry.
2023-12-05T18:26:16.040-0300 [DEBUG] [org.gradle.cache.internal.DefaultFileLockManager] Lock acquired on daemon addresses registry.
2023-12-05T18:26:16.040-0300 [DEBUG] [org.gradle.cache.internal.DefaultFileLockManager] Releasing lock on daemon addresses registry.
2023-12-05T18:26:16.041-0300 [DEBUG] [org.gradle.cache.internal.DefaultFileLockManager] Waiting to acquire shared lock on daemon addresses registry.
2023-12-05T18:26:16.041-0300 [DEBUG] [org.gradle.cache.internal.DefaultFileLockManager] Lock acquired on daemon addresses registry.
2023-12-05T18:26:16.041-0300 [DEBUG] [org.gradle.cache.internal.DefaultFileLockManager] Releasing lock on daemon addresses registry.
2023-12-05T18:26:16.041-0300 [DEBUG] [org.gradle.cache.internal.DefaultFileLockManager] Waiting to acquire shared lock on daemon addresses registry.
2023-12-05T18:26:16.041-0300 [DEBUG] [org.gradle.cache.internal.DefaultFileLockManager] Lock acquired on daemon addresses registry.
2023-12-05T18:26:16.042-0300 [DEBUG] [org.gradle.cache.internal.DefaultFileLockManager] Releasing lock on daemon addresses registry.
2023-12-05T18:26:26.040-0300 [DEBUG] [org.gradle.cache.internal.DefaultFileLockManager] Waiting to acquire shared lock on daemon addresses registry.
2023-12-05T18:26:26.040-0300 [DEBUG] [org.gradle.cache.internal.DefaultFileLockManager] Lock acquired on daemon addresses registry.
2023-12-05T18:26:26.040-0300 [DEBUG] [org.gradle.cache.internal.DefaultFileLockManager] Releasing lock on daemon addresses registry.
2023-12-05T18:26:26.041-0300 [DEBUG] [org.gradle.cache.internal.DefaultFileLockManager] Waiting to acquire shared lock on daemon addresses registry.
2023-12-05T18:26:26.041-0300 [DEBUG] [org.gradle.cache.internal.DefaultFileLockManager] Lock acquired on daemon addresses registry.
2023-12-05T18:26:26.041-0300 [DEBUG] [org.gradle.cache.internal.DefaultFileLockManager] Releasing lock on daemon addresses registry.
2023-12-05T18:26:26.042-0300 [DEBUG] [org.gradle.cache.internal.DefaultFileLockManager] Waiting to acquire shared lock on daemon addresses registry.
2023-12-05T18:26:26.042-0300 [DEBUG] [org.gradle.cache.internal.DefaultFileLockManager] Lock acquired on daemon addresses registry.
2023-12-05T18:26:26.042-0300 [DEBUG] [org.gradle.cache.internal.DefaultFileLockManager] Releasing lock on daemon addresses registry.
2023-12-05T18:26:36.040-0300 [DEBUG] [org.gradle.cache.internal.DefaultFileLockManager] Waiting to acquire shared lock on daemon addresses registry.
2023-12-05T18:26:36.040-0300 [DEBUG] [org.gradle.cache.internal.DefaultFileLockManager] Lock acquired on daemon addresses registry.
2023-12-05T18:26:36.040-0300 [DEBUG] [org.gradle.cache.internal.DefaultFileLockManager] Releasing lock on daemon addresses registry.
2023-12-05T18:26:36.041-0300 [DEBUG] [org.gradle.cache.internal.DefaultFileLockManager] Waiting to acquire shared lock on daemon addresses registry.
2023-12-05T18:26:36.041-0300 [DEBUG] [org.gradle.cache.internal.DefaultFileLockManager] Lock acquired on daemon addresses registry.
2023-12-05T18:26:36.041-0300 [DEBUG] [org.gradle.cache.internal.DefaultFileLockManager] Releasing lock on daemon addresses registry.
2023-12-05T18:26:36.042-0300 [DEBUG] [org.gradle.cache.internal.DefaultFileLockManager] Waiting to acquire shared lock on daemon addresses registry.
2023-12-05T18:26:36.042-0300 [DEBUG] [org.gradle.cache.internal.DefaultFileLockManager] Lock acquired on daemon addresses registry.
2023-12-05T18:26:36.043-0300 [DEBUG] [org.gradle.cache.internal.DefaultFileLockManager] Releasing lock on daemon addresses registry.
2023-12-05T18:26:46.040-0300 [DEBUG] [org.gradle.cache.internal.DefaultFileLockManager] Waiting to acquire shared lock on daemon addresses registry.
2023-12-05T18:26:46.040-0300 [DEBUG] [org.gradle.cache.internal.DefaultFileLockManager] Lock acquired on daemon addresses registry.
2023-12-05T18:26:46.040-0300 [DEBUG] [org.gradle.cache.internal.DefaultFileLockManager] Releasing lock on daemon addresses registry.
2023-12-05T18:26:46.041-0300 [DEBUG] [org.gradle.cache.internal.DefaultFileLockManager] Waiting to acquire shared lock on daemon addresses registry.
2023-12-05T18:26:46.041-0300 [DEBUG] [org.gradle.cache.internal.DefaultFileLockManager] Lock acquired on daemon addresses registry.
2023-12-05T18:26:46.041-0300 [DEBUG] [org.gradle.cache.internal.DefaultFileLockManager] Releasing lock on daemon addresses registry.
2023-12-05T18:26:46.042-0300 [DEBUG] [org.gradle.cache.internal.DefaultFileLockManager] Waiting to acquire shared lock on daemon addresses registry.
2023-12-05T18:26:46.042-0300 [DEBUG] [org.gradle.cache.internal.DefaultFileLockManager] Lock acquired on daemon addresses registry.
2023-12-05T18:26:46.042-0300 [DEBUG] [org.gradle.cache.internal.DefaultFileLockManager] Releasing lock on daemon addresses registry.
2023-12-05T18:26:56.040-0300 [DEBUG] [org.gradle.cache.internal.DefaultFileLockManager] Waiting to acquire shared lock on daemon addresses registry.
2023-12-05T18:26:56.040-0300 [DEBUG] [org.gradle.cache.internal.DefaultFileLockManager] Lock acquired on daemon addresses registry.
2023-12-05T18:26:56.040-0300 [DEBUG] [org.gradle.cache.internal.DefaultFileLockManager] Releasing lock on daemon addresses registry.
2023-12-05T18:26:56.041-0300 [DEBUG] [org.gradle.cache.internal.DefaultFileLockManager] Waiting to acquire shared lock on daemon addresses registry.
2023-12-05T18:26:56.041-0300 [DEBUG] [org.gradle.cache.internal.DefaultFileLockManager] Lock acquired on daemon addresses registry.
2023-12-05T18:26:56.041-0300 [DEBUG] [org.gradle.cache.internal.DefaultFileLockManager] Releasing lock on daemon addresses registry.
2023-12-05T18:26:56.041-0300 [DEBUG] [org.gradle.cache.internal.DefaultFileLockManager] Waiting to acquire shared lock on daemon addresses registry.
2023-12-05T18:26:56.041-0300 [DEBUG] [org.gradle.cache.internal.DefaultFileLockManager] Lock acquired on daemon addresses registry.
2023-12-05T18:26:56.041-0300 [DEBUG] [org.gradle.cache.internal.DefaultFileLockManager] Releasing lock on daemon addresses registry.
2023-12-05T18:27:06.040-0300 [DEBUG] [org.gradle.cache.internal.DefaultFileLockManager] Waiting to acquire shared lock on daemon addresses registry.
2023-12-05T18:27:06.040-0300 [DEBUG] [org.gradle.cache.internal.DefaultFileLockManager] Lock acquired on daemon addresses registry.
2023-12-05T18:27:06.040-0300 [DEBUG] [org.gradle.cache.internal.DefaultFileLockManager] Releasing lock on daemon addresses registry.
2023-12-05T18:27:06.040-0300 [DEBUG] [org.gradle.cache.internal.DefaultFileLockManager] Waiting to acquire shared lock on daemon addresses registry.
2023-12-05T18:27:06.041-0300 [DEBUG] [org.gradle.cache.internal.DefaultFileLockManager] Lock acquired on daemon addresses registry.
2023-12-05T18:27:06.041-0300 [DEBUG] [org.gradle.cache.internal.DefaultFileLockManager] Releasing lock on daemon addresses registry.
2023-12-05T18:27:06.041-0300 [DEBUG] [org.gradle.cache.internal.DefaultFileLockManager] Waiting to acquire shared lock on daemon addresses registry.
2023-12-05T18:27:06.041-0300 [DEBUG] [org.gradle.cache.internal.DefaultFileLockManager] Lock acquired on daemon addresses registry.
2023-12-05T18:27:06.042-0300 [DEBUG] [org.gradle.cache.internal.DefaultFileLockManager] Releasing lock on daemon addresses registry.
2023-12-05T18:27:16.039-0300 [DEBUG] [org.gradle.cache.internal.DefaultFileLockManager] Waiting to acquire shared lock on daemon addresses registry.
2023-12-05T18:27:16.040-0300 [DEBUG] [org.gradle.cache.internal.DefaultFileLockManager] Lock acquired on daemon addresses registry.
2023-12-05T18:27:16.040-0300 [DEBUG] [org.gradle.cache.internal.DefaultFileLockManager] Releasing lock on daemon addresses registry.
2023-12-05T18:27:16.040-0300 [DEBUG] [org.gradle.cache.internal.DefaultFileLockManager] Waiting to acquire shared lock on daemon addresses registry.
2023-12-05T18:27:16.040-0300 [DEBUG] [org.gradle.cache.internal.DefaultFileLockManager] Lock acquired on daemon addresses registry.
2023-12-05T18:27:16.040-0300 [DEBUG] [org.gradle.cache.internal.DefaultFileLockManager] Releasing lock on daemon addresses registry.
2023-12-05T18:27:16.040-0300 [DEBUG] [org.gradle.cache.internal.DefaultFileLockManager] Waiting to acquire shared lock on daemon addresses registry.
2023-12-05T18:27:16.041-0300 [DEBUG] [org.gradle.cache.internal.DefaultFileLockManager] Lock acquired on daemon addresses registry.
2023-12-05T18:27:16.041-0300 [DEBUG] [org.gradle.cache.internal.DefaultFileLockManager] Releasing lock on daemon addresses registry.
2023-12-05T18:27:25.686-0300 [DEBUG] [org.gradle.internal.remote.internal.inet.TcpIncomingConnector] Accepted connection from /127.0.0.1:52844 to /127.0.0.1:36339.
2023-12-05T18:27:25.690-0300 [DEBUG] [org.gradle.launcher.daemon.server.SynchronizedDispatchConnection] thread 625: received class org.gradle.launcher.daemon.protocol.StopWhenIdle
2023-12-05T18:27:25.691-0300 [DEBUG] [org.gradle.launcher.daemon.server.DefaultDaemonConnection] thread 625: Received non-IO message from client: StopWhenIdle[id=5a8a6bef-ec99-4cdb-87b3-e75048407774]
2023-12-05T18:27:25.691-0300 [INFO] [org.gradle.launcher.daemon.server.DefaultIncomingConnectionHandler] Received command: StopWhenIdle[id=5a8a6bef-ec99-4cdb-87b3-e75048407774].
2023-12-05T18:27:25.691-0300 [DEBUG] [org.gradle.launcher.daemon.server.DefaultIncomingConnectionHandler] Starting executing command: StopWhenIdle[id=5a8a6bef-ec99-4cdb-87b3-e75048407774] with connection: socket connection from /127.0.0.1:36339 to /127.0.0.1:52844.
2023-12-05T18:27:25.691-0300 [DEBUG] [org.gradle.launcher.daemon.server.DaemonRegistryUpdater] Storing daemon stop event: stop command received
2023-12-05T18:27:25.691-0300 [DEBUG] [org.gradle.launcher.daemon.registry.PersistentDaemonRegistry] Storing daemon stop event with timestamp 1701811645692
2023-12-05T18:27:25.692-0300 [DEBUG] [org.gradle.cache.internal.DefaultFileLockManager] Waiting to acquire exclusive lock on daemon addresses registry.
2023-12-05T18:27:25.693-0300 [DEBUG] [org.gradle.cache.internal.DefaultFileLockManager] Lock acquired on daemon addresses registry.
2023-12-05T18:27:25.693-0300 [DEBUG] [org.gradle.cache.internal.DefaultFileLockManager] Releasing lock on daemon addresses registry.
2023-12-05T18:27:25.694-0300 [LIFECYCLE] [org.gradle.launcher.daemon.server.DaemonStateCoordinator] Daemon will be stopped at the end of the build stop command received
2023-12-05T18:27:25.694-0300 [DEBUG] [org.gradle.launcher.daemon.server.DaemonStateCoordinator] Marking daemon stopped due to stop command received. The daemon is running a build: false
2023-12-05T18:27:25.694-0300 [DEBUG] [org.gradle.launcher.daemon.server.SynchronizedDispatchConnection] thread 624: dispatching Success[value=null]
2023-12-05T18:27:25.694-0300 [DEBUG] [org.gradle.launcher.daemon.server.DaemonStateCoordinator] daemon has stopped.
2023-12-05T18:27:25.694-0300 [DEBUG] [org.gradle.launcher.daemon.server.DefaultIncomingConnectionHandler] Finishing executing command: StopWhenIdle[id=5a8a6bef-ec99-4cdb-87b3-e75048407774]
2023-12-05T18:27:25.694-0300 [DEBUG] [org.gradle.launcher.daemon.server.Daemon] stop() called on daemon
2023-12-05T18:27:25.694-0300 [INFO] [org.gradle.launcher.daemon.server.Daemon] Stop requested. Daemon is removing its presence from the registry...
2023-12-05T18:27:25.695-0300 [DEBUG] [org.gradle.launcher.daemon.server.DaemonRegistryUpdater] Removing our presence to clients, eg. removing this address from the registry: [41147574-e2cc-465f-9f44-dd33a4300a24 port:36339, addresses:[localhost/127.0.0.1]]
2023-12-05T18:27:25.695-0300 [DEBUG] [org.gradle.launcher.daemon.registry.PersistentDaemonRegistry] Removing daemon address: [41147574-e2cc-465f-9f44-dd33a4300a24 port:36339, addresses:[localhost/127.0.0.1]]
2023-12-05T18:27:25.695-0300 [DEBUG] [org.gradle.launcher.daemon.server.SynchronizedDispatchConnection] thread 625: received class org.gradle.launcher.daemon.protocol.Finished
2023-12-05T18:27:25.695-0300 [DEBUG] [org.gradle.launcher.daemon.server.DefaultDaemonConnection] thread 625: Received non-IO message from client: org.gradle.launcher.daemon.protocol.Finished@12bfcc83
2023-12-05T18:27:25.696-0300 [DEBUG] [org.gradle.internal.remote.internal.inet.SocketConnection] Discarding EOFException: java.io.EOFException
2023-12-05T18:27:25.696-0300 [DEBUG] [org.gradle.launcher.daemon.server.SynchronizedDispatchConnection] thread 625: received null
2023-12-05T18:27:25.696-0300 [DEBUG] [org.gradle.launcher.daemon.server.DefaultDaemonConnection] thread 625: Received end-of-input from client.
2023-12-05T18:27:25.696-0300 [DEBUG] [org.gradle.launcher.daemon.server.DefaultIncomingConnectionHandler] Received finished message: org.gradle.launcher.daemon.protocol.Finished@12bfcc83
2023-12-05T18:27:25.696-0300 [DEBUG] [org.gradle.cache.internal.DefaultFileLockManager] Waiting to acquire exclusive lock on daemon addresses registry.
2023-12-05T18:27:25.696-0300 [DEBUG] [org.gradle.launcher.daemon.server.SynchronizedDispatchConnection] thread 624: stopping connection
2023-12-05T18:27:25.697-0300 [DEBUG] [org.gradle.cache.internal.DefaultFileLockManager] Lock acquired on daemon addresses registry.
2023-12-05T18:27:25.697-0300 [DEBUG] [org.gradle.launcher.daemon.server.SynchronizedDispatchConnection] thread 624: stopping connection
2023-12-05T18:27:25.697-0300 [DEBUG] [org.gradle.cache.internal.DefaultFileLockManager] Releasing lock on daemon addresses registry.
2023-12-05T18:27:25.698-0300 [DEBUG] [org.gradle.launcher.daemon.server.DaemonRegistryUpdater] Address removed from registry.
2023-12-05T18:27:25.699-0300 [DEBUG] [org.gradle.cache.internal.LockOnDemandCrossProcessCacheAccess] Releasing file lock for jars (/home/adolfo/Proyectos_Android_Studio/vaczine/caches/jars-9)
2023-12-05T18:27:25.699-0300 [DEBUG] [org.gradle.cache.internal.DefaultFileLockManager] Releasing lock on jars (/home/adolfo/Proyectos_Android_Studio/vaczine/caches/jars-9).
2023-12-05T18:27:25.700-0300 [DEBUG] [org.gradle.cache.internal.DefaultPersistentDirectoryStore] jars (/home/adolfo/Proyectos_Android_Studio/vaczine/caches/jars-9) has last been fully cleaned up 0 hours ago
2023-12-05T18:27:25.700-0300 [DEBUG] [org.gradle.cache.internal.LockOnDemandCrossProcessCacheAccess] Releasing file lock for Artifact transforms cache (/home/adolfo/Proyectos_Android_Studio/vaczine/caches/transforms-3)
2023-12-05T18:27:25.700-0300 [DEBUG] [org.gradle.cache.internal.DefaultFileLockManager] Releasing lock on Artifact transforms cache (/home/adolfo/Proyectos_Android_Studio/vaczine/caches/transforms-3).
2023-12-05T18:27:25.702-0300 [DEBUG] [org.gradle.cache.internal.DefaultPersistentDirectoryStore] Artifact transforms cache (/home/adolfo/Proyectos_Android_Studio/vaczine/caches/transforms-3) has last been fully cleaned up 0 hours ago
2023-12-05T18:27:25.703-0300 [DEBUG] [org.gradle.cache.internal.LockOnDemandCrossProcessCacheAccess] Releasing file lock for file content cache (/home/adolfo/Proyectos_Android_Studio/vaczine/caches/7.5/fileContent)
2023-12-05T18:27:25.703-0300 [DEBUG] [org.gradle.cache.internal.DefaultFileLockManager] Releasing lock on file content cache (/home/adolfo/Proyectos_Android_Studio/vaczine/caches/7.5/fileContent).
2023-12-05T18:27:25.704-0300 [DEBUG] [org.gradle.internal.watch.vfs.impl.WatchingVirtualFileSystem] Closing VFS, dropping state
2023-12-05T18:27:25.739-0300 [DEBUG] [org.gradle.cache.internal.DefaultCacheAccess] Cache Generated Gradle JARs cache (/home/adolfo/Proyectos_Android_Studio/vaczine/caches/7.5/generated-gradle-jars) was closed 0 times.
2023-12-05T18:27:25.739-0300 [DEBUG] [org.gradle.internal.watch.registry.impl.DefaultFileWatcherRegistry] Finished listening to file system change events
2023-12-05T18:27:25.739-0300 [DEBUG] [org.gradle.cache.internal.LockOnDemandCrossProcessCacheAccess] Releasing file lock for artifact cache (/home/adolfo/Proyectos_Android_Studio/vaczine/caches/modules-2)
2023-12-05T18:27:25.739-0300 [DEBUG] [org.gradle.cache.internal.btree.BTreePersistentIndexedCache] Closing cache module-metadata.bin (/home/adolfo/Proyectos_Android_Studio/vaczine/caches/modules-2/metadata-2.99/module-metadata.bin)
2023-12-05T18:27:25.739-0300 [DEBUG] [org.gradle.cache.internal.btree.BTreePersistentIndexedCache] Closing cache module-artifacts.bin (/home/adolfo/Proyectos_Android_Studio/vaczine/caches/modules-2/metadata-2.99/module-artifacts.bin)
2023-12-05T18:27:25.739-0300 [DEBUG] [org.gradle.cache.internal.btree.BTreePersistentIndexedCache] Closing cache module-artifact.bin (/home/adolfo/Proyectos_Android_Studio/vaczine/caches/modules-2/metadata-2.99/module-artifact.bin)
2023-12-05T18:27:25.739-0300 [DEBUG] [org.gradle.cache.internal.DefaultFileLockManager] Releasing lock on artifact cache (/home/adolfo/Proyectos_Android_Studio/vaczine/caches/modules-2).
2023-12-05T18:27:25.740-0300 [DEBUG] [org.gradle.cache.internal.DefaultPersistentDirectoryStore] artifact cache (/home/adolfo/Proyectos_Android_Studio/vaczine/caches/modules-2) has last been fully cleaned up 0 hours ago
2023-12-05T18:27:25.740-0300 [DEBUG] [org.gradle.cache.internal.LockOnDemandCrossProcessCacheAccess] Releasing file lock for journal cache (/home/adolfo/Proyectos_Android_Studio/vaczine/caches/journal-1)
2023-12-05T18:27:25.740-0300 [DEBUG] [org.gradle.cache.internal.btree.BTreePersistentIndexedCache] Closing cache file-access.bin (/home/adolfo/Proyectos_Android_Studio/vaczine/caches/journal-1/file-access.bin)
2023-12-05T18:27:25.740-0300 [DEBUG] [org.gradle.cache.internal.DefaultFileLockManager] Releasing lock on journal cache (/home/adolfo/Proyectos_Android_Studio/vaczine/caches/journal-1).
2023-12-05T18:27:25.740-0300 [DEBUG] [org.gradle.cache.internal.LockOnDemandCrossProcessCacheAccess] Releasing file lock for file hash cache (/home/adolfo/Proyectos_Android_Studio/vaczine/caches/7.5/fileHashes)
2023-12-05T18:27:25.741-0300 [DEBUG] [org.gradle.cache.internal.btree.BTreePersistentIndexedCache] Closing cache fileHashes.bin (/home/adolfo/Proyectos_Android_Studio/vaczine/caches/7.5/fileHashes/fileHashes.bin)
2023-12-05T18:27:25.741-0300 [DEBUG] [org.gradle.cache.internal.btree.BTreePersistentIndexedCache] Closing cache resourceHashesCache.bin (/home/adolfo/Proyectos_Android_Studio/vaczine/caches/7.5/fileHashes/resourceHashesCache.bin)
2023-12-05T18:27:25.741-0300 [DEBUG] [org.gradle.cache.internal.DefaultFileLockManager] Releasing lock on file hash cache (/home/adolfo/Proyectos_Android_Studio/vaczine/caches/7.5/fileHashes).
2023-12-05T18:27:25.741-0300 [DEBUG] [org.gradle.cache.internal.LockOnDemandCrossProcessCacheAccess] Releasing file lock for execution history cache (/home/adolfo/Proyectos_Android_Studio/vaczine/caches/7.5/executionHistory)
2023-12-05T18:27:25.741-0300 [DEBUG] [org.gradle.cache.internal.btree.BTreePersistentIndexedCache] Closing cache executionHistory.bin (/home/adolfo/Proyectos_Android_Studio/vaczine/caches/7.5/executionHistory/executionHistory.bin)
2023-12-05T18:27:25.742-0300 [DEBUG] [org.gradle.cache.internal.DefaultFileLockManager] Releasing lock on execution history cache (/home/adolfo/Proyectos_Android_Studio/vaczine/caches/7.5/executionHistory).
Daemon vm is shutting down... The daemon has exited normally or was terminated in response to a user interrupt.
2023-12-05T18:27:25.743-0300 [DEBUG] [org.gradle.launcher.daemon.registry.PersistentDaemonRegistry] Removing daemon address: [41147574-e2cc-465f-9f44-dd33a4300a24 port:36339, addresses:[localhost/127.0.0.1]]
2023-12-05T18:27:25.743-0300 [DEBUG] [org.gradle.cache.internal.DefaultFileLockManager] Waiting to acquire exclusive lock on daemon addresses registry.
2023-12-05T18:27:25.744-0300 [DEBUG] [org.gradle.cache.internal.DefaultFileLockManager] Lock acquired on daemon addresses registry.
2023-12-05T18:27:25.744-0300 [DEBUG] [org.gradle.cache.internal.DefaultFileLockManager] Releasing lock on daemon addresses registry.
